id,seq,t,clock,period,minute,type,team,player_id,x,y,end_x,end_y,outcome,receiver_id,under_pressure,possession,ball_speed_kmh,player_speed_kmh,distance_m,body_part,xg
SYN-00005-00001,1,0,0,1,1,kickoff,home,H10,52.5,34,,,,,0,1,,,,,
SYN-00005-00002,2,1,1,1,1,pass,home,H10,52.5,34,37.4,60.3,complete,H05,0,1,68.1,,30.4,right_foot,
SYN-00005-00003,3,4,4,1,1,carry,home,H05,37.4,60.3,40.1,51.4,complete,,0,1,,15.2,9.3,,
SYN-00005-00004,4,6.2,6.2,1,1,pressure,away,A10,40.1,51.4,,,,,0,1,,,,,
SYN-00005-00005,5,6.2,6.2,1,1,pass,home,H05,40.1,51.4,50.8,24,complete,H07,1,1,69.2,,29.5,right_foot,
SYN-00005-00006,6,8.8,8.8,1,1,pressure,away,A10,50.8,24,,,,,0,1,,,,,
SYN-00005-00007,7,8.8,8.8,1,1,pass,home,H07,50.8,24,15,24.8,complete,H03,1,1,72.4,,35.8,right_foot,
SYN-00005-00008,8,12.7,12.7,1,1,carry,home,H03,15,24.8,22.7,26.4,complete,,0,1,,21,7.9,,
SYN-00005-00009,9,14.1,14.1,1,1,pass,home,H03,22.7,26.4,6.7,33.8,complete,H01,0,1,47.3,,17.6,right_foot,
SYN-00005-00010,10,17.3,17.3,1,1,pass,home,H01,6.7,33.8,5,25.6,complete,H03,0,1,36.3,,8.3,left_foot,
SYN-00005-00011,11,19.8,19.8,1,1,pass,home,H03,5,25.6,1.5,4.6,complete,H02,0,1,44.8,,21.3,right_foot,
SYN-00005-00012,12,23.4,23.4,1,1,pass,home,H02,1.5,4.6,1.2,40.1,complete,H04,0,1,75.9,,35.5,right_foot,
SYN-00005-00013,13,26.7,26.7,1,1,pass,home,H04,1.2,40.1,14.2,59.4,complete,H05,0,1,52.4,,23.3,left_foot,
SYN-00005-00014,14,29.6,29.6,1,1,pass,home,H05,14.2,59.4,4.6,29.2,complete,H03,0,1,60.2,,31.7,right_foot,
SYN-00005-00015,15,33.5,33.5,1,1,pass,home,H03,4.6,29.2,14.2,7.3,complete,H02,0,1,62.2,,23.8,right_foot,
SYN-00005-00016,16,37,37,1,1,pass,home,H02,14.2,7.3,8,14.5,intercepted,H03,0,1,44,,16.4,left_foot,
SYN-00005-00017,17,37.8,37.8,1,1,interception,away,A10,8,14.5,,,won,,0,1,,,,,
SYN-00005-00018,18,37.8,37.8,1,1,possession_change,away,A10,8,14.5,,,interception,,0,2,,,,,
SYN-00005-00019,19,39.1,39.1,1,1,pass,away,A10,8,14.5,48.3,28,incomplete,A06,0,2,79.9,,39.5,right_foot,
SYN-00005-00020,20,42,42,1,1,possession_change,home,H10,48.3,28,,,recovery,,0,3,,,,,
SYN-00005-00021,21,42,42,1,1,pass,home,H10,48.3,28,43.4,36.4,complete,H06,0,3,35.2,,9.7,right_foot,
SYN-00005-00022,22,44.1,44.1,1,1,pass,home,H06,43.4,36.4,32,60.8,complete,H05,0,3,69.1,,27,right_foot,
SYN-00005-00023,23,48.2,48.2,1,1,pass,home,H05,32,60.8,32.7,32.6,complete,H06,0,3,65.1,,28.2,left_foot,
SYN-00005-00024,24,51.2,51.2,1,1,carry,home,H06,32.7,32.6,35.3,29.3,complete,,0,3,,22.6,4.2,,
SYN-00005-00025,25,51.9,51.9,1,1,pass,home,H06,35.3,29.3,26.6,61.5,complete,H05,0,3,71.5,,33.3,head,
SYN-00005-00026,26,54.6,54.6,1,1,pass,home,H05,26.6,61.5,43.4,54.6,complete,H08,0,3,58.6,,18.1,left_foot,
SYN-00005-00027,27,57.6,57.6,1,1,pass,home,H08,43.4,54.6,38.2,41,complete,H06,0,3,37.2,,14.5,right_foot,
SYN-00005-00028,28,61.9,61.9,1,2,pass,home,H06,38.2,41,47,22.2,complete,H07,0,3,54.3,,20.9,right_foot,
SYN-00005-00029,29,65.9,65.9,1,2,carry,home,H07,47,22.2,52.4,20.1,complete,,0,3,,21.3,5.7,,
SYN-00005-00030,30,66.8,66.8,1,2,pass,home,H07,52.4,20.1,24.3,21.8,complete,H03,0,3,53.9,,28.1,right_foot,
SYN-00005-00031,31,71.3,71.3,1,2,pressure,away,A10,24.3,21.8,,,,,0,3,,,,,
SYN-00005-00032,32,71.3,71.3,1,2,carry,home,H03,24.3,21.8,39.4,27,complete,,1,3,,24.2,16,,
SYN-00005-00033,33,73.6,73.6,1,2,pass,home,H03,39.4,27,24.9,10.5,complete,H02,0,3,64.3,,22,left_foot,
SYN-00005-00034,34,76.6,76.6,1,2,pass,home,H02,24.9,10.5,15.4,18,complete,H03,0,3,48.4,,12.1,right_foot,
SYN-00005-00035,35,78.6,78.6,1,2,pass,home,H03,15.4,18,30.5,24.6,complete,H06,0,3,48.8,,16.4,right_foot,
SYN-00005-00036,36,82.8,82.8,1,2,pass,home,H06,30.5,24.6,11,22.7,complete,H03,0,3,49.7,,19.6,right_foot,
SYN-00005-00037,37,86.8,86.8,1,2,pass,home,H03,11,22.7,9.9,31.9,complete,H01,0,3,52.2,,9.2,right_foot,
SYN-00005-00038,38,89.3,89.3,1,2,pass,home,H01,9.9,31.9,16.6,51.9,complete,H05,0,3,54.9,,21.1,right_foot,
SYN-00005-00039,39,93.6,93.6,1,2,pass,home,H05,16.6,51.9,43.5,28,complete,H07,0,3,78.3,,35.9,right_foot,
SYN-00005-00040,40,97.7,97.7,1,2,pass,home,H07,43.5,28,85.4,35.4,complete,H10,0,3,86.5,,42.6,right_foot,
SYN-00005-00041,41,101.1,101.1,1,2,pass,home,H10,85.4,35.4,93.7,14.1,complete,H09,0,3,48.6,,22.9,right_foot,
SYN-00005-00042,42,104.5,104.5,1,2,pass,home,H09,93.7,14.1,104,28.7,complete,H10,0,3,51.5,,17.9,right_foot,
SYN-00005-00043,43,108.4,108.4,1,2,pass,home,H10,104,28.7,100.5,52.5,complete,H11,0,3,59.8,,24.1,right_foot,
SYN-00005-00044,44,111.6,111.6,1,2,pass,home,H11,100.5,52.5,76.6,52.5,complete,H08,0,3,60.6,,23.9,right_foot,
SYN-00005-00045,45,114.7,114.7,1,2,pass,home,H08,76.6,52.5,84.1,52,incomplete,H11,0,3,48.2,,12.9,right_foot,
SYN-00005-00046,46,117.4,117.4,1,2,possession_change,away,A07,84.1,52,,,recovery,,0,4,,,,,
SYN-00005-00047,47,117.4,117.4,1,2,pass,away,A07,84.1,52,78,46,incomplete,A06,0,4,45.3,,12,left_foot,
SYN-00005-00048,48,119.6,119.6,1,2,possession_change,home,H10,78,46,,,recovery,,0,5,,,,,
SYN-00005-00049,49,119.6,119.6,1,2,carry,home,H10,78,46,90.5,51.1,complete,,0,5,,21.3,13.5,,
SYN-00005-00050,50,121.9,121.9,1,3,pass,home,H10,90.5,51.1,96.6,58.1,complete,H11,0,5,42.3,,9.3,left_foot,
SYN-00005-00051,51,125.3,125.3,1,3,carry,home,H11,96.6,58.1,98.9,52.2,complete,,0,5,,21.1,6.3,,
SYN-00005-00052,52,126.4,126.4,1,3,shot,home,H11,98.9,52.2,105,36.9,saved,,0,5,89.6,,19.2,foot,0.061
SYN-00005-00053,53,127.7,127.7,1,3,possession_change,away,A01,99,34,,,goalkeeper_save,,0,6,,,,,
SYN-00005-00054,54,132.1,132.1,1,3,pass,away,A01,99,34,81.5,32.8,complete,A06,0,6,54.3,,17.5,left_foot,
SYN-00005-00055,55,135,135,1,3,pass,away,A06,81.5,32.8,66,45.6,incomplete,A07,0,6,56.8,,24.5,right_foot,
SYN-00005-00056,56,137.7,137.7,1,3,possession_change,home,H10,66,45.6,,,recovery,,0,7,,,,,
SYN-00005-00057,57,137.7,137.7,1,3,pass,home,H10,66,45.6,71.2,23.1,complete,H07,0,7,50.7,,23.1,right_foot,
SYN-00005-00058,58,141.5,141.5,1,3,pass,home,H07,71.2,23.1,62.4,40.2,complete,H08,0,7,53.5,,19.2,right_foot,
SYN-00005-00059,59,144.3,144.3,1,3,pass,home,H08,62.4,40.2,46.4,36.2,complete,H06,0,7,59,,16.5,right_foot,
SYN-00005-00060,60,147.9,147.9,1,3,carry,home,H06,46.4,36.2,50.6,33.8,complete,,0,7,,18.7,4.8,,
SYN-00005-00061,61,148.8,148.8,1,3,pass,home,H06,50.6,33.8,23.4,22.2,complete,H03,0,7,61.6,,29.5,left_foot,
SYN-00005-00062,62,152.2,152.2,1,3,pass,home,H03,23.4,22.2,23.9,8.2,complete,H02,0,7,47.2,,14,right_foot,
SYN-00005-00063,63,156.2,156.2,1,3,pass,home,H02,23.9,8.2,5.8,18.5,complete,H03,0,7,45.9,,20.8,left_foot,
SYN-00005-00064,64,159.1,159.1,1,3,pass,home,H03,5.8,18.5,1,28.4,complete,H01,0,7,42.4,,11,right_foot,
SYN-00005-00065,65,162.7,162.7,1,3,pass,home,H01,1,28.4,11.8,14.9,complete,H02,0,7,55,,17.3,right_foot,
SYN-00005-00066,66,165.3,165.3,1,3,pass,home,H02,11.8,14.9,21.1,29.1,complete,H06,0,7,50.5,,16.9,left_foot,
SYN-00005-00067,67,168.9,168.9,1,3,pass,home,H06,21.1,29.1,11.2,23.3,complete,H03,0,7,35,,11.5,left_foot,
SYN-00005-00068,68,171.5,171.5,1,3,pressure,away,A10,11.2,23.3,,,,,0,7,,,,,
SYN-00005-00069,69,171.5,171.5,1,3,pass,home,H03,11.2,23.3,4.4,38.2,complete,H04,1,7,51.1,,16.4,right_foot,
SYN-00005-00070,70,173.8,173.8,1,3,pressure,away,A10,4.4,38.2,,,,,0,7,,,,,
SYN-00005-00071,71,173.8,173.8,1,3,pass,home,H04,4.4,38.2,6.7,16.3,complete,H02,1,7,52.6,,22.1,left_foot,
SYN-00005-00072,72,178.1,178.1,1,3,pass,home,H02,6.7,16.3,4,17.5,complete,H03,0,7,41.3,,2.9,right_foot,
SYN-00005-00073,73,179.7,179.7,1,3,pass,home,H03,4,17.5,5.1,36.6,complete,H04,0,7,51.8,,19.1,right_foot,
SYN-00005-00074,74,182.8,182.8,1,4,pass,home,H04,5.1,36.6,3.6,26.9,complete,H03,0,7,31.8,,9.8,head,
SYN-00005-00075,75,186.8,186.8,1,4,pass,home,H03,3.6,26.9,20.9,36,complete,H06,0,7,55,,19.6,left_foot,
SYN-00005-00076,76,189.7,189.7,1,4,carry,home,H06,20.9,36,30.8,36.9,complete,,0,7,,20,9.9,,
SYN-00005-00077,77,191.5,191.5,1,4,carry,home,H06,30.8,36.9,38.2,38.3,complete,,0,7,,17.8,7.6,,
SYN-00005-00078,78,193,193,1,4,pass,home,H06,38.2,38.3,49.7,20.2,complete,H07,0,7,62.9,,21.4,right_foot,
SYN-00005-00079,79,195.4,195.4,1,4,pass,home,H07,49.7,20.2,33.5,5.7,complete,H02,0,7,48.9,,21.7,right_foot,
SYN-00005-00080,80,199.5,199.5,1,4,pass,home,H02,33.5,5.7,28.3,51.6,complete,H05,0,7,90.4,,46.1,right_foot,
SYN-00005-00081,81,203.8,203.8,1,4,pass,home,H05,28.3,51.6,38.9,21.4,complete,H07,0,7,79.5,,32,left_foot,
SYN-00005-00082,82,206.3,206.3,1,4,sprint,away,A10,43.9,29,,,,,0,7,,27.7,37.6,,
SYN-00005-00083,83,206.3,206.3,1,4,pass,home,H07,38.9,21.4,31.3,5.6,complete,H02,0,7,50.4,,17.6,right_foot,
SYN-00005-00084,84,209.1,209.1,1,4,pass,home,H02,31.3,5.6,36.2,23.3,complete,H06,0,7,55.1,,18.4,head,
SYN-00005-00085,85,212.6,212.6,1,4,pass,home,H06,36.2,23.3,48.9,20.6,complete,H07,0,7,45.2,,12.9,head,
SYN-00005-00086,86,214.8,214.8,1,4,pass,home,H07,48.9,20.6,37.5,33,complete,H06,0,7,46,,16.9,left_foot,
SYN-00005-00087,87,219,219,1,4,pass,home,H06,37.5,33,44.8,20.8,complete,H07,0,7,48.4,,14.3,right_foot,
SYN-00005-00088,88,221.6,221.6,1,4,pass,home,H07,44.8,20.8,17.9,37.6,complete,H04,0,7,69,,31.7,right_foot,
SYN-00005-00089,89,225.7,225.7,1,4,carry,home,H04,17.9,37.6,27.6,43.5,complete,,0,7,,22.2,11.4,,
SYN-00005-00090,90,227.5,227.5,1,4,pass,home,H04,27.6,43.5,26.5,61.4,complete,H05,0,7,48.9,,18,left_foot,
SYN-00005-00091,91,231.5,231.5,1,4,pressure,away,A09,26.5,61.4,,,,,0,7,,,,,
SYN-00005-00092,92,231.5,231.5,1,4,pass,home,H05,26.5,61.4,10.4,44,complete,H04,1,7,66.6,,23.7,left_foot,
SYN-00005-00093,93,235.7,235.7,1,4,pressure,away,A10,10.4,44,,,,,0,7,,,,,
SYN-00005-00094,94,235.7,235.7,1,4,pass,home,H04,10.4,44,38.2,46.7,complete,H08,1,7,73,,27.9,head,
SYN-00005-00095,95,240,240,1,5,pass,home,H08,38.2,46.7,38.1,39.1,complete,H06,0,7,43.1,,7.6,left_foot,
SYN-00005-00096,96,241.7,241.7,1,5,pass,home,H06,38.1,39.1,24.5,58.9,complete,H05,0,7,55.1,,24.1,left_foot,
SYN-00005-00097,97,245.3,245.3,1,5,pass,home,H05,24.5,58.9,38.7,50.2,complete,H08,0,7,48.4,,16.7,right_foot,
SYN-00005-00098,98,249.1,249.1,1,5,pressure,away,A10,38.7,50.2,,,,,0,7,,,,,
SYN-00005-00099,99,249.1,249.1,1,5,carry,home,H08,38.7,50.2,44.3,40.9,complete,,1,7,,25.4,10.8,,
SYN-00005-00100,100,250.6,250.6,1,5,pass,home,H08,44.3,40.9,21.1,45.6,complete,H04,0,7,55.1,,23.6,right_foot,
SYN-00005-00101,101,254.9,254.9,1,5,pass,home,H04,21.1,45.6,42.2,47.3,complete,H08,0,7,56.5,,21.1,right_foot,
SYN-00005-00102,102,258,258,1,5,pressure,away,A10,42.2,47.3,,,,,0,7,,,,,
SYN-00005-00103,103,258,258,1,5,pass,home,H08,42.2,47.3,26,60.1,complete,H05,1,7,59.8,,20.6,right_foot,
SYN-00005-00104,104,260.6,260.6,1,5,pass,home,H05,26,60.1,4.2,39.9,complete,H01,0,7,64.1,,29.8,right_foot,
SYN-00005-00105,105,264.7,264.7,1,5,pass,home,H01,4.2,39.9,20,34.6,complete,H06,0,7,49.8,,16.7,right_foot,
SYN-00005-00106,106,267.1,267.1,1,5,pass,home,H06,20,34.6,18.9,9.2,complete,H02,0,7,61.3,,25.4,left_foot,
SYN-00005-00107,107,269.6,269.6,1,5,pass,home,H02,18.9,9.2,32.4,30.3,complete,H06,0,7,60.9,,25,head,
SYN-00005-00108,108,273.2,273.2,1,5,pass,home,H06,32.4,30.3,48.4,22.2,complete,H07,0,7,50.6,,17.9,left_foot,
SYN-00005-00109,109,277.4,277.4,1,5,pass,home,H07,48.4,22.2,24.3,23.7,complete,H03,0,7,51.7,,24.1,right_foot,
SYN-00005-00110,110,280.4,280.4,1,5,pressure,away,A10,24.3,23.7,,,,,0,7,,,,,
SYN-00005-00111,111,280.4,280.4,1,5,pass,home,H03,24.3,23.7,42.7,18.8,complete,H07,1,7,52.1,,19,right_foot,
SYN-00005-00112,112,283.1,283.1,1,5,carry,home,H07,42.7,18.8,54.7,19.9,complete,,0,7,,19.5,12,,
SYN-00005-00113,113,285.3,285.3,1,5,sprint,home,H03,24.4,21.5,,,,,0,7,,26.1,32.4,,
SYN-00005-00114,114,285.3,285.3,1,5,pass,home,H07,54.7,19.9,26,16.1,complete,H03,0,7,59.9,,28.9,right_foot,
SYN-00005-00115,115,288.6,288.6,1,5,pressure,away,A10,26,16.1,,,,,0,7,,,,,
SYN-00005-00116,116,288.6,288.6,1,5,pass,home,H03,26,16.1,40.4,15.1,complete,H07,1,7,44.5,,14.4,left_foot,
SYN-00005-00117,117,291.2,291.2,1,5,pass,home,H07,40.4,15.1,36.2,28.7,complete,H06,0,7,46.3,,14.2,right_foot,
SYN-00005-00118,118,293.4,293.4,1,5,pass,home,H06,36.2,28.7,51.9,45.8,complete,H08,0,7,60.9,,23.2,left_foot,
SYN-00005-00119,119,296,296,1,5,pass,home,H08,51.9,45.8,91.8,62.4,incomplete,H11,0,7,74.4,,37.6,left_foot,
SYN-00005-00120,120,299.5,299.5,1,5,possession_change,away,A02,91.8,62.4,,,recovery,,0,8,,,,,
SYN-00005-00121,121,299.5,299.5,1,5,pass,away,A02,91.8,62.4,98.4,51.5,complete,A03,0,8,44.5,,12.7,right_foot,
SYN-00005-00122,122,301.5,301.5,1,6,pass,away,A03,98.4,51.5,104,33.3,complete,A04,0,8,55,,19,right_foot,
SYN-00005-00123,123,305.7,305.7,1,6,pass,away,A04,104,33.3,90.9,33.2,intercepted,A06,0,8,62.4,,24.1,right_foot,
SYN-00005-00124,124,306.5,306.5,1,6,interception,home,H10,90.9,33.2,,,won,,0,8,,,,,
SYN-00005-00125,125,306.5,306.5,1,6,possession_change,home,H10,90.9,33.2,,,interception,,0,9,,,,,
SYN-00005-00126,126,307.8,307.8,1,6,pass,home,H10,90.9,33.2,99.7,0,out,H09,0,9,63.8,,25.1,left_foot,
SYN-00005-00127,127,309.3,309.3,1,6,possession_change,away,A05,99.7,1,,,out_of_play,,0,10,,,,,
SYN-00005-00128,128,322.1,322.1,1,6,pass,away,A05,99.7,1,102.3,13.3,complete,A04,0,10,49,,12.6,left_foot,
SYN-00005-00129,129,325.2,325.2,1,6,carry,away,A04,102.3,13.3,94.6,8.1,complete,,0,10,,14.8,9.2,,
SYN-00005-00130,130,327.4,327.4,1,6,pressure,home,H10,94.6,8.1,,,,,0,10,,,,,
SYN-00005-00131,131,327.4,327.4,1,6,pass,away,A04,94.6,8.1,99.3,36.1,complete,A03,1,10,67.2,,28.4,right_foot,
SYN-00005-00132,132,330.1,330.1,1,6,pass,away,A03,99.3,36.1,100.6,25.3,complete,A04,0,10,36.3,,10.9,right_foot,
SYN-00005-00133,133,334,334,1,6,pressure,home,H10,100.6,25.3,,,,,0,10,,,,,
SYN-00005-00134,134,334,334,1,6,pass,away,A04,100.6,25.3,104,34.2,complete,A01,1,10,39.5,,9.6,right_foot,
SYN-00005-00135,135,336,336,1,6,pressure,home,H10,104,34.2,,,,,0,10,,,,,
SYN-00005-00136,136,336,336,1,6,pass,away,A01,104,34.2,72.7,23.1,complete,A08,1,10,72.9,,33.2,right_foot,
SYN-00005-00137,137,339.7,339.7,1,6,pressure,home,H10,72.7,23.1,,,,,0,10,,,,,
SYN-00005-00138,138,339.7,339.7,1,6,carry,away,A08,72.7,23.1,60.7,20,complete,,1,10,,21.3,12.4,,
SYN-00005-00139,139,341.8,341.8,1,6,pass,away,A08,60.7,20,70,30.6,complete,A06,0,10,44.9,,14.1,right_foot,
SYN-00005-00140,140,345.3,345.3,1,6,pass,away,A06,70,30.6,53.9,43.2,incomplete,A07,0,10,63.6,,22.9,left_foot,
SYN-00005-00141,141,348.4,348.4,1,6,possession_change,home,H08,53.9,43.2,,,recovery,,0,11,,,,,
SYN-00005-00142,142,348.4,348.4,1,6,pass,home,H08,53.9,43.2,60.1,26.3,complete,H07,0,11,48.1,,18,right_foot,
SYN-00005-00143,143,351.5,351.5,1,6,carry,home,H07,60.1,26.3,70.2,15,complete,,0,11,,21.8,15.1,,
SYN-00005-00144,144,354,354,1,6,pass,home,H07,70.2,15,85.6,5.1,complete,H09,0,11,51.3,,18.3,right_foot,
SYN-00005-00145,145,357,357,1,6,pass,home,H09,85.6,5.1,51.4,1.2,complete,H02,0,11,69.6,,34.4,right_foot,
SYN-00005-00146,146,360,360,1,7,pass,home,H02,51.4,1.2,56.6,16.1,complete,H07,0,11,50.5,,15.8,left_foot,
SYN-00005-00147,147,362.4,362.4,1,7,pass,home,H07,56.6,16.1,46.9,37.6,complete,H06,0,11,54.2,,23.6,left_foot,
SYN-00005-00148,148,366.7,366.7,1,7,pass,home,H06,46.9,37.6,28.7,60.8,complete,H05,0,11,61,,29.6,right_foot,
SYN-00005-00149,149,370.1,370.1,1,7,pass,home,H05,28.7,60.8,11.5,43.1,complete,H04,0,11,60.2,,24.6,left_foot,
SYN-00005-00150,150,373.8,373.8,1,7,carry,home,H04,11.5,43.1,20.4,49.6,complete,,0,11,,24.6,11,,
SYN-00005-00151,151,375.4,375.4,1,7,pass,home,H04,20.4,49.6,30.7,39.5,complete,H06,0,11,41.5,,14.4,right_foot,
SYN-00005-00152,152,378,378,1,7,carry,home,H06,30.7,39.5,35.4,41.8,complete,,0,11,,22.5,5.2,,
SYN-00005-00153,153,378.9,378.9,1,7,pass,home,H06,35.4,41.8,50.1,48.5,complete,H08,0,11,44.8,,16.1,right_foot,
SYN-00005-00154,154,382.1,382.1,1,7,pass,home,H08,50.1,48.5,42.6,45.9,incomplete,H06,0,11,51.4,,13.4,right_foot,
SYN-00005-00155,155,385,385,1,7,possession_change,away,A10,42.6,45.9,,,recovery,,0,12,,,,,
SYN-00005-00156,156,385,385,1,7,pass,away,A10,42.6,45.9,42.5,44.9,complete,A07,0,12,38.6,,1.1,left_foot,
SYN-00005-00157,157,387.7,387.7,1,7,pass,away,A07,42.5,44.9,23.6,55.1,complete,A09,0,12,50.6,,21.5,right_foot,
SYN-00005-00158,158,392.1,392.1,1,7,pass,away,A09,23.6,55.1,3.8,40.2,complete,A10,0,12,53.8,,24.7,right_foot,
SYN-00005-00159,159,396.6,396.6,1,7,shot,away,A10,3.8,40.2,1.8,40.2,blocked,,0,12,51.2,,7.3,head,0.191
SYN-00005-00160,160,398.6,398.6,1,7,pass,away,A10,10.7,40.2,9.7,14.8,complete,A11,0,12,59.6,,25.5,right_foot,
SYN-00005-00161,161,401.8,401.8,1,7,shot,away,A11,9.7,14.8,0,34.7,saved,,0,12,85.9,,21.6,foot,0.047
SYN-00005-00162,162,403.2,403.2,1,7,possession_change,home,H01,6,34,,,goalkeeper_save,,0,13,,,,,
SYN-00005-00163,163,407.2,407.2,1,7,pressure,away,A10,6,34,,,,,0,13,,,,,
SYN-00005-00164,164,407.2,407.2,1,7,pass,home,H01,6,34,5.5,23.3,complete,H03,1,13,40.5,,10.7,right_foot,
SYN-00005-00165,165,410.2,410.2,1,7,pass,home,H03,5.5,23.3,6,41,complete,H04,0,13,52.5,,17.7,left_foot,
SYN-00005-00166,166,414.3,414.3,1,7,carry,home,H04,6,41,10.5,41,complete,,0,13,,21.1,4.5,,
SYN-00005-00167,167,415.1,415.1,1,7,pressure,away,A10,10.5,41,,,,,0,13,,,,,
SYN-00005-00168,168,415.1,415.1,1,7,pass,home,H04,10.5,41,25,36.8,complete,H06,1,13,44.4,,15.1,right_foot,
SYN-00005-00169,169,417.4,417.4,1,7,pressure,away,A10,25,36.8,,,,,0,13,,,,,
SYN-00005-00170,170,417.4,417.4,1,7,pass,home,H06,25,36.8,10,27.4,complete,H03,1,13,56.5,,17.6,right_foot,
SYN-00005-00171,171,420.5,420.5,1,8,pass,home,H03,10,27.4,3.9,36.6,complete,H04,0,13,35.1,,11.1,right_foot,
SYN-00005-00172,172,424.2,424.2,1,8,pass,home,H04,3.9,36.6,14.8,10.9,complete,H02,0,13,73.4,,27.9,head,
SYN-00005-00173,173,427.7,427.7,1,8,pass,home,H02,14.8,10.9,1,27.9,complete,H01,0,13,56.5,,21.9,left_foot,
SYN-00005-00174,174,431.8,431.8,1,8,pass,home,H01,1,27.9,1.2,41.6,complete,H04,0,13,45.6,,13.6,right_foot,
SYN-00005-00175,175,435.6,435.6,1,8,carry,home,H04,1.2,41.6,4.9,45.8,complete,,0,13,,16.6,5.7,,
SYN-00005-00176,176,436.8,436.8,1,8,pass,home,H04,4.9,45.8,17.9,36.3,complete,H06,0,13,45.6,,16.1,left_foot,
SYN-00005-00177,177,440.8,440.8,1,8,carry,home,H06,17.9,36.3,22.9,40.6,complete,,0,13,,15.2,6.6,,
SYN-00005-00178,178,442.4,442.4,1,8,pass,home,H06,22.9,40.6,10.3,38.5,complete,H04,0,13,53.2,,12.7,right_foot,
SYN-00005-00179,179,446.2,446.2,1,8,pass,home,H04,10.3,38.5,1,29.1,complete,H03,0,13,42.6,,13.2,right_foot,
SYN-00005-00180,180,448.9,448.9,1,8,pass,home,H03,1,29.1,16.4,33.2,complete,H06,0,13,44.4,,16,left_foot,
SYN-00005-00181,181,452.4,452.4,1,8,pass,home,H06,16.4,33.2,3.6,33,complete,H01,0,13,46.4,,12.8,right_foot,
SYN-00005-00182,182,456.3,456.3,1,8,pass,home,H01,3.6,33,11.4,60.8,complete,H05,0,13,57.7,,28.9,left_foot,
SYN-00005-00183,183,460.9,460.9,1,8,pressure,away,A10,11.4,60.8,,,,,0,13,,,,,
SYN-00005-00184,184,460.9,460.9,1,8,carry,home,H05,11.4,60.8,14.3,67,complete,,1,13,,14.3,7.8,,
SYN-00005-00185,185,462.8,462.8,1,8,pass,home,H05,14.3,67,27.2,41.1,complete,H06,0,13,62.1,,28.9,left_foot,
SYN-00005-00186,186,465.9,465.9,1,8,pass,home,H06,27.2,41.1,6.5,49.7,complete,H04,0,13,60.8,,22.4,right_foot,
SYN-00005-00187,187,468.3,468.3,1,8,carry,home,H04,6.5,49.7,15.6,42.5,complete,,0,13,,21.6,11.6,,
SYN-00005-00188,188,470.2,470.2,1,8,pass,home,H04,15.6,42.5,7.7,36.7,complete,H01,0,13,49.7,,9.8,left_foot,
SYN-00005-00189,189,472.3,472.3,1,8,pressure,away,A10,7.7,36.7,,,,,0,13,,,,,
SYN-00005-00190,190,472.3,472.3,1,8,pass,home,H01,7.7,36.7,23.1,36.9,complete,H06,1,13,55.8,,15.4,right_foot,
SYN-00005-00191,191,475.6,475.6,1,8,pressure,away,A10,23.1,36.9,,,,,0,13,,,,,
SYN-00005-00192,192,475.6,475.6,1,8,pass,home,H06,23.1,36.9,44.7,25.4,complete,H07,1,13,57.8,,24.4,right_foot,
SYN-00005-00193,193,479.1,479.1,1,8,pass,home,H07,44.7,25.4,39.3,34.4,complete,H06,0,13,41.9,,10.5,right_foot,
SYN-00005-00194,194,482.4,482.4,1,9,pass,home,H06,39.3,34.4,48.2,24,complete,H07,0,13,38,,13.7,left_foot,
SYN-00005-00195,195,485.9,485.9,1,9,pass,home,H07,48.2,24,29.3,4.6,complete,H02,0,13,71.9,,27.1,right_foot,
SYN-00005-00196,196,488.5,488.5,1,9,pass,home,H02,29.3,4.6,7.8,18.7,complete,H03,0,13,61.5,,25.7,right_foot,
SYN-00005-00197,197,492.4,492.4,1,9,pressure,away,A10,7.8,18.7,,,,,0,13,,,,,
SYN-00005-00198,198,492.4,492.4,1,9,carry,home,H03,7.8,18.7,13.5,20.9,complete,,1,13,,15.3,6.1,,
SYN-00005-00199,199,493.8,493.8,1,9,pass,home,H03,13.5,20.9,36,16.9,complete,H07,0,13,45.3,,22.9,right_foot,
SYN-00005-00200,200,497.1,497.1,1,9,pressure,away,A10,36,16.9,,,,,0,13,,,,,
SYN-00005-00201,201,497.1,497.1,1,9,pass,home,H07,36,16.9,22.6,14.8,complete,H02,1,13,48.2,,13.6,right_foot,
SYN-00005-00202,202,500.5,500.5,1,9,pass,home,H02,22.6,14.8,11.5,38,complete,H04,0,13,58,,25.8,right_foot,
SYN-00005-00203,203,504.3,504.3,1,9,pass,home,H04,11.5,38,15.4,54.6,complete,H05,0,13,46.9,,17,right_foot,
SYN-00005-00204,204,507.9,507.9,1,9,pass,home,H05,15.4,54.6,7.4,53.2,complete,H04,0,13,39,,8.1,left_foot,
SYN-00005-00205,205,511.2,511.2,1,9,pass,home,H04,7.4,53.2,17.6,57,incomplete,H05,0,13,38.2,,14.1,right_foot,
SYN-00005-00206,206,513.8,513.8,1,9,possession_change,away,A10,17.6,57,,,recovery,,0,14,,,,,
SYN-00005-00207,207,513.8,513.8,1,9,pressure,home,H08,17.6,57,,,,,0,14,,,,,
SYN-00005-00208,208,513.8,513.8,1,9,pass,away,A10,17.6,57,37.5,54.4,incomplete,A07,1,14,57.4,,20,left_foot,
SYN-00005-00209,209,516.6,516.6,1,9,possession_change,home,H11,37.5,54.4,,,recovery,,0,15,,,,,
SYN-00005-00210,210,516.6,516.6,1,9,pass,home,H11,37.5,54.4,48.1,46.3,complete,H08,0,15,38.3,,13.3,left_foot,
SYN-00005-00211,211,519.4,519.4,1,9,carry,home,H08,48.1,46.3,53.4,50.3,complete,,0,15,,19,6.6,,
SYN-00005-00212,212,520.6,520.6,1,9,pass,home,H08,53.4,50.3,44.9,44.1,complete,H06,0,15,41.7,,10.5,right_foot,
SYN-00005-00213,213,523.3,523.3,1,9,pass,home,H06,44.9,44.1,79.1,8,complete,H09,0,15,96.9,,49.7,left_foot,
SYN-00005-00214,214,527.7,527.7,1,9,pass,home,H09,79.1,8,66,15.6,complete,H07,0,15,50,,15.2,left_foot,
SYN-00005-00215,215,529.9,529.9,1,9,pass,home,H07,66,15.6,35.5,9.7,complete,H02,0,15,69.6,,31,right_foot,
SYN-00005-00216,216,532.9,532.9,1,9,carry,home,H02,35.5,9.7,40,5.6,complete,,0,15,,14.5,6.1,,
SYN-00005-00217,217,534.5,534.5,1,9,sprint,home,H09,73.8,2.9,,,,,0,15,,31.1,37.8,,
SYN-00005-00218,218,534.5,534.5,1,9,pass,home,H02,40,5.6,51.2,38.5,complete,H08,0,15,73.6,,34.8,right_foot,
SYN-00005-00219,219,538.8,538.8,1,9,pass,home,H08,51.2,38.5,17,43.1,complete,H04,0,15,73.7,,34.5,right_foot,
SYN-00005-00220,220,541.8,541.8,1,10,pass,home,H04,17,43.1,22.1,35,complete,H06,0,15,39.4,,9.5,right_foot,
SYN-00005-00221,221,544.1,544.1,1,10,pass,home,H06,22.1,35,23,55.3,complete,H05,0,15,59.1,,20.3,right_foot,
SYN-00005-00222,222,547.8,547.8,1,10,carry,home,H05,23,55.3,28.9,58.1,complete,,0,15,,20.4,6.5,,
SYN-00005-00223,223,549,549,1,10,pass,home,H05,28.9,58.1,41.3,25.2,complete,H07,0,15,79.7,,35.1,right_foot,
SYN-00005-00224,224,551.8,551.8,1,10,carry,home,H07,41.3,25.2,48.4,28,complete,,0,15,,25.2,7.6,,
SYN-00005-00225,225,552.9,552.9,1,10,sprint,home,H04,21.5,41.5,,,,,0,15,,24,26.9,,
SYN-00005-00226,226,552.9,552.9,1,10,pass,home,H07,48.4,28,29.9,6.5,complete,H02,0,15,61.1,,28.3,right_foot,
SYN-00005-00227,227,556.7,556.7,1,10,pass,home,H02,29.9,6.5,42.6,14.1,complete,H07,0,15,48.3,,14.8,right_foot,
SYN-00005-00228,228,560.5,560.5,1,10,pass,home,H07,42.6,14.1,26.7,5.8,complete,H02,0,15,48.7,,18,left_foot,
SYN-00005-00229,229,563.7,563.7,1,10,pass,home,H02,26.7,5.8,34,23.7,complete,H06,0,15,51.5,,19.3,right_foot,
SYN-00005-00230,230,566.5,566.5,1,10,carry,home,H06,34,23.7,39.2,16.3,complete,,0,15,,23.3,9,,
SYN-00005-00231,231,567.9,567.9,1,10,carry,home,H06,39.2,16.3,44.4,20.9,complete,,0,15,,15.9,6.9,,
SYN-00005-00232,232,569.4,569.4,1,10,pass,home,H06,44.4,20.9,24.4,20.5,complete,H03,0,15,52.7,,20,right_foot,
SYN-00005-00233,233,573,573,1,10,pass,home,H03,24.4,20.5,40,37,complete,H08,0,15,64.8,,22.7,left_foot,
SYN-00005-00234,234,576.1,576.1,1,10,pressure,away,A10,40,37,,,,,0,15,,,,,
SYN-00005-00235,235,576.1,576.1,1,10,carry,home,H08,40,37,44.8,36.7,complete,,1,15,,19.9,4.8,,
SYN-00005-00236,236,577,577,1,10,pass,home,H08,44.8,36.7,40.1,32.6,complete,H06,0,15,40.9,,6.2,left_foot,
SYN-00005-00237,237,578.7,578.7,1,10,pass,home,H06,40.1,32.6,16.5,42.4,complete,H04,0,15,57.1,,25.6,right_foot,
SYN-00005-00238,238,581.6,581.6,1,10,pass,home,H04,16.5,42.4,1,32.6,complete,H01,0,15,50.4,,18.3,left_foot,
SYN-00005-00239,239,584,584,1,10,pressure,away,A10,1,32.6,,,,,0,15,,,,,
SYN-00005-00240,240,584,584,1,10,pass,home,H01,1,32.6,21.2,31.9,complete,H06,1,15,52.9,,20.2,right_foot,
SYN-00005-00241,241,586.5,586.5,1,10,pass,home,H06,21.2,31.9,41,68,out,H08,0,15,59.7,,27,right_foot,
SYN-00005-00242,242,588.1,588.1,1,10,possession_change,away,A09,41,67,,,out_of_play,,0,16,,,,,
SYN-00005-00243,243,603.1,603.1,1,11,pass,away,A09,41,67,41.3,58,complete,A07,0,16,35.3,,9,right_foot,
SYN-00005-00244,244,605,605,1,11,carry,away,A07,41.3,58,40.8,47.4,complete,,0,16,,16.3,10.6,,
SYN-00005-00245,245,607.3,607.3,1,11,pass,away,A07,40.8,47.4,16.9,60.1,complete,A09,0,16,65.4,,27.1,left_foot,
SYN-00005-00246,246,611.8,611.8,1,11,pass,away,A09,16.9,60.1,1.5,35.2,incomplete,A10,0,16,56.8,,25.3,right_foot,
SYN-00005-00247,247,615.6,615.6,1,11,possession_change,home,H03,1.5,35.2,,,recovery,,0,17,,,,,
SYN-00005-00248,248,615.6,615.6,1,11,pressure,away,A10,1.5,35.2,,,,,0,17,,,,,
SYN-00005-00249,249,615.6,615.6,1,11,carry,home,H03,1.5,35.2,5.6,32.6,complete,,1,17,,18.7,4.8,,
SYN-00005-00250,250,616.5,616.5,1,11,pass,home,H03,5.6,32.6,36.3,45.9,complete,H08,0,17,64.3,,33.5,right_foot,
SYN-00005-00251,251,620.2,620.2,1,11,sprint,home,H05,26.1,61,,,,,0,17,,33.4,42.3,,
SYN-00005-00252,252,620.2,620.2,1,11,pass,home,H08,36.3,45.9,18.3,63.2,complete,H05,0,17,62.7,,24.9,left_foot,
SYN-00005-00253,253,624.5,624.5,1,11,carry,home,H05,18.3,63.2,26.2,59.3,complete,,0,17,,15,8.7,,
SYN-00005-00254,254,626.6,626.6,1,11,pass,home,H05,26.2,59.3,47.2,58.5,incomplete,H08,0,17,49.4,,24.5,right_foot,
SYN-00005-00255,255,630,630,1,11,possession_change,away,A09,47.2,58.5,,,recovery,,0,18,,,,,
SYN-00005-00256,256,630,630,1,11,pass,away,A09,47.2,58.5,71.9,68,out,A02,0,18,47.2,,18.9,left_foot,
SYN-00005-00257,257,631.5,631.5,1,11,possession_change,home,H11,71.9,67,,,out_of_play,,0,19,,,,,
SYN-00005-00258,258,650,650,1,11,pass,home,H11,71.9,67,67.6,31.8,complete,H07,0,19,73.1,,35.5,left_foot,
SYN-00005-00259,259,653.9,653.9,1,11,pass,home,H07,67.6,31.8,44.5,59.2,complete,H05,0,19,67,,35.9,left_foot,
SYN-00005-00260,260,657,657,1,11,pressure,away,A09,44.5,59.2,,,,,0,19,,,,,
SYN-00005-00261,261,657,657,1,11,pass,home,H05,44.5,59.2,40.4,41.4,complete,H06,1,19,53.5,,18.3,right_foot,
SYN-00005-00262,262,659.5,659.5,1,11,pass,home,H06,40.4,41.4,50.3,46.1,complete,H08,0,19,40.6,,11,right_foot,
SYN-00005-00263,263,662.2,662.2,1,12,pressure,away,A10,50.3,46.1,,,,,0,19,,,,,
SYN-00005-00264,264,662.2,662.2,1,12,pass,home,H08,50.3,46.1,27.1,47,complete,H04,1,19,58.1,,23.3,right_foot,
SYN-00005-00265,265,665.3,665.3,1,12,pass,home,H04,27.1,47,48.3,26.1,complete,H07,0,19,64.1,,29.8,right_foot,
SYN-00005-00266,266,669,669,1,12,pass,home,H07,48.3,26.1,21.7,41.3,complete,H04,0,19,71.6,,30.6,right_foot,
SYN-00005-00267,267,672.4,672.4,1,12,carry,home,H04,21.7,41.3,35.4,35.4,complete,,0,19,,15.7,14.9,,
SYN-00005-00268,268,675.8,675.8,1,12,carry,home,H04,35.4,35.4,44.3,47.8,complete,,0,19,,21.3,15.3,,
SYN-00005-00269,269,678.4,678.4,1,12,pass,home,H04,44.3,47.8,50.3,49.3,complete,H08,0,19,39.3,,6.1,right_foot,
SYN-00005-00270,270,682,682,1,12,pass,home,H08,50.3,49.3,48,38.6,complete,H06,0,19,45.9,,10.9,left_foot,
SYN-00005-00271,271,684,684,1,12,carry,home,H06,48,38.6,53,39,complete,,0,19,,24.7,5,,
SYN-00005-00272,272,684.7,684.7,1,12,sprint,home,H11,79.6,59.2,,,,,0,19,,30.5,37,,
SYN-00005-00273,273,684.7,684.7,1,12,pass,home,H06,53,39,55.9,43.8,complete,H08,0,19,32.9,,5.6,right_foot,
SYN-00005-00274,274,688,688,1,12,carry,home,H08,55.9,43.8,57.5,39.6,complete,,0,19,,21.7,4.5,,
SYN-00005-00275,275,688.8,688.8,1,12,pass,home,H08,57.5,39.6,58.2,24.7,complete,H07,0,19,47,,14.9,right_foot,
SYN-00005-00276,276,691,691,1,12,pass,home,H07,58.2,24.7,63.9,41.4,complete,H08,0,19,51.5,,17.6,left_foot,
SYN-00005-00277,277,693.8,693.8,1,12,pass,home,H08,63.9,41.4,51.1,33.7,complete,H06,0,19,40.9,,14.9,right_foot,
SYN-00005-00278,278,696.3,696.3,1,12,pass,home,H06,51.1,33.7,29.4,9.5,complete,H02,0,19,69.7,,32.6,right_foot,
SYN-00005-00279,279,699.8,699.8,1,12,pass,home,H02,29.4,9.5,49.5,18.8,complete,H07,0,19,55.2,,22.2,left_foot,
SYN-00005-00280,280,702.7,702.7,1,12,carry,home,H07,49.5,18.8,55.2,15.4,complete,,0,19,,24,6.6,,
SYN-00005-00281,281,703.7,703.7,1,12,pressure,away,A11,55.2,15.4,,,,,0,19,,,,,
SYN-00005-00282,282,703.7,703.7,1,12,pass,home,H07,55.2,15.4,53.5,45.1,incomplete,H08,1,19,72.8,,29.4,left_foot,
SYN-00005-00283,283,706.3,706.3,1,12,possession_change,away,A09,53.5,45.1,,,recovery,,0,20,,,,,
SYN-00005-00284,284,706.3,706.3,1,12,pass,away,A09,53.5,45.1,69.8,65.3,complete,A02,0,20,64.8,,25.9,right_foot,
SYN-00005-00285,285,710.4,710.4,1,12,pressure,home,H11,69.8,65.3,,,,,0,20,,,,,
SYN-00005-00286,286,710.4,710.4,1,12,pass,away,A02,69.8,65.3,76.6,44.3,complete,A06,1,20,58.3,,22.1,right_foot,
SYN-00005-00287,287,714.6,714.6,1,12,pass,away,A06,76.6,44.3,63.3,45.4,complete,A07,0,20,48.1,,13.3,right_foot,
SYN-00005-00288,288,717.2,717.2,1,12,pass,away,A07,63.3,45.4,76.7,59.3,complete,A02,0,20,54.1,,19.3,left_foot,
SYN-00005-00289,289,721.1,721.1,1,13,pass,away,A02,76.7,59.3,72.2,46.9,intercepted,A06,0,20,49.8,,18,head,
SYN-00005-00290,290,722,722,1,13,interception,home,H10,72.2,46.9,,,won,,0,20,,,,,
SYN-00005-00291,291,722,722,1,13,possession_change,home,H10,72.2,46.9,,,interception,,0,21,,,,,
SYN-00005-00292,292,723.2,723.2,1,13,pass,home,H10,72.2,46.9,58.8,39.7,intercepted,H06,0,21,60.3,,23.9,right_foot,
SYN-00005-00293,293,724.1,724.1,1,13,interception,away,A10,58.8,39.7,,,won,,0,21,,,,,
SYN-00005-00294,294,724.1,724.1,1,13,possession_change,away,A10,58.8,39.7,,,interception,,0,22,,,,,
SYN-00005-00295,295,725.3,725.3,1,13,pressure,home,H10,58.8,39.7,,,,,0,22,,,,,
SYN-00005-00296,296,725.3,725.3,1,13,pass,away,A10,58.8,39.7,61.6,68,out,A07,1,22,35.5,,9.3,right_foot,
SYN-00005-00297,297,726.3,726.3,1,13,possession_change,home,H11,61.6,67,,,out_of_play,,0,23,,,,,
SYN-00005-00298,298,744.5,744.5,1,13,pass,home,H11,61.6,67,58.6,52.7,complete,H08,0,23,54.9,,14.6,right_foot,
SYN-00005-00299,299,747.1,747.1,1,13,pass,home,H08,58.6,52.7,33.6,62.2,complete,H05,0,23,67.7,,26.7,right_foot,
SYN-00005-00300,300,750.8,750.8,1,13,pass,home,H05,33.6,62.2,34.4,42.8,complete,H06,0,23,48.4,,19.5,right_foot,
SYN-00005-00301,301,753.5,753.5,1,13,sprint,home,H02,25.2,12.2,,,,,0,23,,29.6,36.9,,
SYN-00005-00302,302,753.5,753.5,1,13,pass,home,H06,34.4,42.8,17.8,39.9,complete,H04,0,23,47,,16.9,right_foot,
SYN-00005-00303,303,757.1,757.1,1,13,pass,home,H04,17.8,39.9,29.5,29.9,complete,H06,0,23,44.2,,15.4,right_foot,
SYN-00005-00304,304,759.5,759.5,1,13,pass,home,H06,29.5,29.9,43.6,40.6,complete,H08,0,23,55.3,,17.8,right_foot,
SYN-00005-00305,305,762.2,762.2,1,13,pass,home,H08,43.6,40.6,30.2,16.3,complete,H02,0,23,58.8,,27.8,right_foot,
SYN-00005-00306,306,766.6,766.6,1,13,pass,home,H02,30.2,16.3,29.8,30.6,complete,H06,0,23,55.3,,14.3,right_foot,
SYN-00005-00307,307,769.9,769.9,1,13,pressure,away,A10,29.8,30.6,,,,,0,23,,,,,
SYN-00005-00308,308,769.9,769.9,1,13,pass,home,H06,29.8,30.6,68.7,3.1,complete,H09,1,23,95.8,,47.7,right_foot,
SYN-00005-00309,309,773.4,773.4,1,13,pass,home,H09,68.7,3.1,52.6,31.8,complete,H06,0,23,68.5,,33,right_foot,
SYN-00005-00310,310,776.4,776.4,1,13,pass,home,H06,52.6,31.8,58.3,44.4,complete,H08,0,23,55.2,,13.8,left_foot,
SYN-00005-00311,311,779.3,779.3,1,13,carry,home,H08,58.3,44.4,69.9,43.8,complete,,0,23,,25.8,11.5,,
SYN-00005-00312,312,781,781,1,14,pass,home,H08,69.9,43.8,96.4,36.4,incomplete,H10,0,23,69.5,,32,left_foot,
SYN-00005-00313,313,785.1,785.1,1,14,possession_change,away,A01,96.4,36.4,,,recovery,,0,24,,,,,
SYN-00005-00314,314,785.1,785.1,1,14,pass,away,A01,96.4,36.4,89.7,56.8,complete,A02,0,24,52.9,,21.4,left_foot,
SYN-00005-00315,315,788.6,788.6,1,14,pass,away,A02,89.7,56.8,101.6,27.1,complete,A04,0,24,69.3,,31.9,right_foot,
SYN-00005-00316,316,791.6,791.6,1,14,pressure,home,H10,101.6,27.1,,,,,0,24,,,,,
SYN-00005-00317,317,791.6,791.6,1,14,pass,away,A04,101.6,27.1,87,29.5,complete,A06,1,24,46,,14.8,right_foot,
SYN-00005-00318,318,794.5,794.5,1,14,pass,away,A06,87,29.5,101.9,44.6,complete,A03,0,24,56,,21.2,right_foot,
SYN-00005-00319,319,798.6,798.6,1,14,pass,away,A03,101.9,44.6,104,33.6,complete,A01,0,24,39.6,,11.2,left_foot,
SYN-00005-00320,320,801,801,1,14,pass,away,A01,104,33.6,69.2,45.1,complete,A07,0,24,69.6,,36.6,head,
SYN-00005-00321,321,805.3,805.3,1,14,pass,away,A07,69.2,45.1,60.6,26.1,complete,A08,0,24,57.4,,20.9,right_foot,
SYN-00005-00322,322,809.5,809.5,1,14,pressure,home,H10,60.6,26.1,,,,,0,24,,,,,
SYN-00005-00323,323,809.5,809.5,1,14,carry,away,A08,60.6,26.1,56.8,26.8,dispossessed,,1,24,,17.8,3.9,,
SYN-00005-00324,324,810.3,810.3,1,14,tackle,home,H10,56.8,26.8,,,won,,0,24,,,,,
SYN-00005-00325,325,810.3,810.3,1,14,possession_change,home,H10,56.8,26.8,,,tackle,,0,25,,,,,
SYN-00005-00326,326,810.8,810.8,1,14,pass,home,H10,56.8,26.8,83.5,55.8,complete,H11,0,25,81.1,,39.5,right_foot,
SYN-00005-00327,327,814.9,814.9,1,14,pass,home,H11,83.5,55.8,99.3,42.8,intercepted,H10,0,25,61.8,,26.6,right_foot,
SYN-00005-00328,328,816.1,816.1,1,14,interception,away,A01,99.3,42.8,,,won,,0,25,,,,,
SYN-00005-00329,329,816.1,816.1,1,14,possession_change,away,A01,99.3,42.8,,,interception,,0,26,,,,,
SYN-00005-00330,330,817.5,817.5,1,14,pass,away,A01,99.3,42.8,84.4,30.5,incomplete,A06,0,26,39.6,,17.2,right_foot,
SYN-00005-00331,331,820.5,820.5,1,14,possession_change,home,H10,84.4,30.5,,,recovery,,0,27,,,,,
SYN-00005-00332,332,820.5,820.5,1,14,pressure,away,A06,84.4,30.5,,,,,0,27,,,,,
SYN-00005-00333,333,820.5,820.5,1,14,carry,home,H10,84.4,30.5,91.2,30.8,dispossessed,,1,27,,16.4,6.9,,
SYN-00005-00334,334,822,822,1,14,foul,away,A06,91.2,30.8,,,free_kick,,0,27,,,,,
SYN-00005-00335,335,842.2,842.2,1,15,pass,home,H10,91.2,30.8,70.8,19.7,complete,H07,0,28,58.3,,23.3,left_foot,
SYN-00005-00336,336,846.4,846.4,1,15,carry,home,H07,70.8,19.7,77.7,20.9,complete,,0,28,,21.1,7,,
SYN-00005-00337,337,847.6,847.6,1,15,pass,home,H07,77.7,20.9,104,26.7,complete,H10,0,28,60.5,,27,left_foot,
SYN-00005-00338,338,852,852,1,15,carry,home,H10,104,26.7,104,37,complete,,0,28,,21,12.4,,
SYN-00005-00339,339,854.1,854.1,1,15,sprint,home,H09,102,10.8,,,,,0,28,,31.6,41.9,,
SYN-00005-00340,340,854.1,854.1,1,15,pass,home,H10,104,37,101.8,6.9,incomplete,H09,0,28,71.7,,30.2,right_foot,
SYN-00005-00341,341,857.4,857.4,1,15,possession_change,away,A05,101.8,6.9,,,recovery,,0,29,,,,,
SYN-00005-00342,342,857.4,857.4,1,15,pass,away,A05,101.8,6.9,103.3,20.6,complete,A04,0,29,44,,13.8,right_foot,
SYN-00005-00343,343,860.2,860.2,1,15,pass,away,A04,103.3,20.6,94.5,3.8,complete,A05,0,29,50.5,,19,right_foot,
SYN-00005-00344,344,863.6,863.6,1,15,pressure,home,H10,94.5,3.8,,,,,0,29,,,,,
SYN-00005-00345,345,863.6,863.6,1,15,pass,away,A05,94.5,3.8,100.8,16.6,complete,A04,1,29,35.5,,14.3,right_foot,
SYN-00005-00346,346,866.2,866.2,1,15,carry,away,A04,100.8,16.6,87.4,10.4,complete,,0,29,,17.7,14.7,,
SYN-00005-00347,347,869.2,869.2,1,15,pass,away,A04,87.4,10.4,97.9,34.9,complete,A01,0,29,67.7,,26.7,right_foot,
SYN-00005-00348,348,872.3,872.3,1,15,pressure,home,H10,97.9,34.9,,,,,0,29,,,,,
SYN-00005-00349,349,872.3,872.3,1,15,pass,away,A01,97.9,34.9,101.6,25.5,complete,A04,1,29,45.5,,10.1,right_foot,
SYN-00005-00350,350,874.6,874.6,1,15,pressure,home,H10,101.6,25.5,,,,,0,29,,,,,
SYN-00005-00351,351,874.6,874.6,1,15,pass,away,A04,101.6,25.5,101.3,7.8,complete,A05,1,29,56.9,,17.7,left_foot,
SYN-00005-00352,352,877.7,877.7,1,15,pressure,home,H10,101.3,7.8,,,,,0,29,,,,,
SYN-00005-00353,353,877.7,877.7,1,15,pass,away,A05,101.3,7.8,70.3,15.8,incomplete,A08,1,29,68.6,,30.8,left_foot,
SYN-00005-00354,354,881.7,881.7,1,15,possession_change,home,H10,70.3,15.8,,,recovery,,0,30,,,,,
SYN-00005-00355,355,881.7,881.7,1,15,pass,home,H10,70.3,15.8,84.1,6.3,complete,H09,0,30,51,,16.8,right_foot,
SYN-00005-00356,356,883.9,883.9,1,15,sprint,home,H05,47.6,51.1,,,,,0,30,,30.6,39.8,,
SYN-00005-00357,357,883.9,883.9,1,15,carry,home,H09,84.1,6.3,97.3,2.1,complete,,0,30,,21.3,13.9,,
SYN-00005-00358,358,886.2,886.2,1,15,pass,home,H09,97.3,2.1,69.4,20.8,complete,H06,0,30,63.7,,33.6,left_foot,
SYN-00005-00359,359,890.7,890.7,1,15,carry,home,H06,69.4,20.8,76.6,19.3,complete,,0,30,,16.8,7.3,,
SYN-00005-00360,360,892.2,892.2,1,15,pass,home,H06,76.6,19.3,94,29.4,intercepted,H10,0,30,63.2,,26.1,left_foot,
SYN-00005-00361,361,893.4,893.4,1,15,interception,away,A01,94,29.4,,,won,,0,30,,,,,
SYN-00005-00362,362,893.4,893.4,1,15,possession_change,away,A01,94,29.4,,,interception,,0,31,,,,,
SYN-00005-00363,363,894.1,894.1,1,15,pass,away,A01,94,29.4,83.7,32.5,complete,A06,0,31,47.6,,10.8,right_foot,
SYN-00005-00364,364,896.6,896.6,1,15,pressure,home,H10,83.7,32.5,,,,,0,31,,,,,
SYN-00005-00365,365,896.6,896.6,1,15,pass,away,A06,83.7,32.5,104,34.9,complete,A01,1,31,49.2,,20.5,right_foot,
SYN-00005-00366,366,899.8,899.8,1,15,pressure,home,H10,104,34.9,,,,,0,31,,,,,
SYN-00005-00367,367,899.8,899.8,1,15,pass,away,A01,104,34.9,70.4,18.7,incomplete,A08,1,31,72.9,,35.2,right_foot,
SYN-00005-00368,368,902.6,902.6,1,16,possession_change,home,H09,70.4,18.7,,,recovery,,0,32,,,,,
SYN-00005-00369,369,902.6,902.6,1,16,carry,home,H09,70.4,18.7,75.6,20.7,dispossessed,,0,32,,19.8,5.6,,
SYN-00005-00370,370,903.6,903.6,1,16,tackle,away,A08,75.6,20.7,,,won,,0,32,,,,,
SYN-00005-00371,371,903.6,903.6,1,16,possession_change,away,A08,75.6,20.7,,,tackle,,0,33,,,,,
SYN-00005-00372,372,905,905,1,16,pass,away,A08,75.6,20.7,96.8,23.9,complete,A04,0,33,54.5,,21.4,right_foot,
SYN-00005-00373,373,909,909,1,16,pass,away,A04,96.8,23.9,78.9,32.4,complete,A06,0,33,56.5,,19.8,right_foot,
SYN-00005-00374,374,912.4,912.4,1,16,pass,away,A06,78.9,32.4,85.1,54.5,complete,A02,0,33,59.2,,23,head,
SYN-00005-00375,375,915.4,915.4,1,16,pass,away,A02,85.1,54.5,100.2,32.1,complete,A01,0,33,68.9,,27.1,head,
SYN-00005-00376,376,918.4,918.4,1,16,pass,away,A01,100.2,32.1,81.7,31.3,complete,A06,0,33,58.2,,18.6,right_foot,
SYN-00005-00377,377,922.5,922.5,1,16,pass,away,A06,81.7,31.3,104,32.4,complete,A01,0,33,59.7,,22.4,right_foot,
SYN-00005-00378,378,925,925,1,16,pass,away,A01,104,32.4,86.1,34,complete,A06,0,33,52.5,,17.9,right_foot,
SYN-00005-00379,379,929,929,1,16,pressure,home,H10,86.1,34,,,,,0,33,,,,,
SYN-00005-00380,380,929,929,1,16,pass,away,A06,86.1,34,82.5,59.2,complete,A02,1,33,67.9,,25.5,right_foot,
SYN-00005-00381,381,931.4,931.4,1,16,pass,away,A02,82.5,59.2,97,41.8,complete,A01,0,33,60,,22.7,left_foot,
SYN-00005-00382,382,934.8,934.8,1,16,carry,away,A01,97,41.8,88.3,45.5,complete,,0,33,,24.9,9.4,,
SYN-00005-00383,383,936.1,936.1,1,16,pressure,home,H10,88.3,45.5,,,,,0,33,,,,,
SYN-00005-00384,384,936.1,936.1,1,16,pass,away,A01,88.3,45.5,79.6,0,out,A05,1,33,60.9,,32.7,right_foot,
SYN-00005-00385,385,938.1,938.1,1,16,possession_change,home,H09,79.6,1,,,out_of_play,,0,34,,,,,
SYN-00005-00386,386,957.2,957.2,1,16,sprint,away,A05,90.8,2,,,,,0,34,,32,36.2,,
SYN-00005-00387,387,957.2,957.2,1,16,pass,home,H09,79.6,1,63.1,19.4,complete,H07,0,34,57.6,,24.7,left_foot,
SYN-00005-00388,388,960.4,960.4,1,17,sprint,home,H02,38.1,6.3,,,,,0,34,,33.5,46.5,,
SYN-00005-00389,389,960.4,960.4,1,17,pass,home,H07,63.1,19.4,62.7,37.3,complete,H08,0,34,42.6,,17.9,right_foot,
SYN-00005-00390,390,964.8,964.8,1,17,pass,home,H08,62.7,37.3,95,34.4,complete,H10,0,34,76.2,,32.4,head,
SYN-00005-00391,391,967.4,967.4,1,17,carry,home,H10,95,34.4,103.1,38.6,complete,,0,34,,20.1,9.1,,
SYN-00005-00392,392,969,969,1,17,sprint,away,A08,84.2,23.8,,,,,0,34,,26.9,22.5,,
SYN-00005-00393,393,969,969,1,17,pressure,away,A01,103.1,38.6,,,,,0,34,,,,,
SYN-00005-00394,394,969,969,1,17,pass,home,H10,103.1,38.6,77.7,52.5,incomplete,H08,1,34,61.9,,30.4,right_foot,
SYN-00005-00395,395,972.1,972.1,1,17,possession_change,away,A07,77.7,52.5,,,recovery,,0,35,,,,,
SYN-00005-00396,396,972.1,972.1,1,17,pass,away,A07,77.7,52.5,103.3,32.4,complete,A01,0,35,66.5,,32.5,right_foot,
SYN-00005-00397,397,976.5,976.5,1,17,pressure,home,H10,103.3,32.4,,,,,0,35,,,,,
SYN-00005-00398,398,976.5,976.5,1,17,pass,away,A01,103.3,32.4,95.8,68,out,A03,1,35,40.8,,14.3,right_foot,
SYN-00005-00399,399,977.8,977.8,1,17,possession_change,home,H11,95.8,67,,,out_of_play,,0,36,,,,,
SYN-00005-00400,400,990.5,990.5,1,17,pass,home,H11,95.8,67,77.4,54.1,complete,H08,0,36,54.6,,22.5,right_foot,
SYN-00005-00401,401,994.5,994.5,1,17,pressure,away,A07,77.4,54.1,,,,,0,36,,,,,
SYN-00005-00402,402,994.5,994.5,1,17,shot,home,H08,77.4,54.1,105,34.6,saved,,1,36,91.3,,34.2,foot,0.006
SYN-00005-00403,403,996.3,996.3,1,17,possession_change,away,A01,99,34,,,goalkeeper_save,,0,37,,,,,
SYN-00005-00404,404,1002.6,1002.6,1,17,pressure,home,H10,99,34,,,,,0,37,,,,,
SYN-00005-00405,405,1002.6,1002.6,1,17,pass,away,A01,99,34,101.6,25.3,complete,A04,1,37,44.2,,9,right_foot,
SYN-00005-00406,406,1004.4,1004.4,1,17,pass,away,A04,101.6,25.3,94.1,10.4,complete,A05,0,37,52.7,,16.7,head,
SYN-00005-00407,407,1008.2,1008.2,1,17,pass,away,A05,94.1,10.4,97.9,39.7,incomplete,A03,0,37,54.2,,26.4,left_foot,
SYN-00005-00408,408,1012,1012,1,17,possession_change,home,H10,97.9,39.7,,,recovery,,0,38,,,,,
SYN-00005-00409,409,1012,1012,1,17,pass,home,H10,97.9,39.7,103.8,62,complete,H11,0,38,59.6,,23.1,right_foot,
SYN-00005-00410,410,1015,1015,1,17,pass,home,H11,103.8,62,57.5,65.8,complete,H05,0,38,94.8,,46.4,right_foot,
SYN-00005-00411,411,1018.7,1018.7,1,17,pass,home,H05,57.5,65.8,84.6,56.4,incomplete,H11,0,38,62.4,,23.3,left_foot,
SYN-00005-00412,412,1022.5,1022.5,1,18,possession_change,away,A03,84.6,56.4,,,recovery,,0,39,,,,,
SYN-00005-00413,413,1022.5,1022.5,1,18,sprint,home,H11,60.5,66,,,,,0,39,,30.8,44.1,,
SYN-00005-00414,414,1022.5,1022.5,1,18,pressure,home,H10,84.6,56.4,,,,,0,39,,,,,
SYN-00005-00415,415,1022.5,1022.5,1,18,pass,away,A03,84.6,56.4,73.4,43.5,complete,A06,1,39,52.6,,17.1,right_foot,
SYN-00005-00416,416,1026.1,1026.1,1,18,pass,away,A06,73.4,43.5,95.9,48.4,complete,A03,0,39,55.5,,23,left_foot,
SYN-00005-00417,417,1030.4,1030.4,1,18,carry,away,A03,95.9,48.4,84.2,39,complete,,0,39,,15.6,15,,
SYN-00005-00418,418,1033.9,1033.9,1,18,pass,away,A03,84.2,39,89.9,56.5,complete,A02,0,39,53.4,,18.4,right_foot,
SYN-00005-00419,419,1036.6,1036.6,1,18,pass,away,A02,89.9,56.5,100,53.6,complete,A03,0,39,41.8,,10.5,right_foot,
SYN-00005-00420,420,1040.1,1040.1,1,18,carry,away,A03,100,53.6,94.8,50.5,dispossessed,,0,39,,15.1,6.1,,
SYN-00005-00421,421,1041.6,1041.6,1,18,foul,home,H10,94.8,50.5,,,free_kick,,0,39,,,,,
SYN-00005-00422,422,1072.1,1072.1,1,18,pass,away,A03,94.8,50.5,98.6,28.1,complete,A04,0,40,52.8,,22.7,right_foot,
SYN-00005-00423,423,1076.3,1076.3,1,18,sprint,away,A11,46.4,8.5,,,,,0,40,,35.5,25.1,,
SYN-00005-00424,424,1076.3,1076.3,1,18,carry,away,A04,98.6,28.1,87.1,26.6,complete,,0,40,,18.1,11.6,,
SYN-00005-00425,425,1078.6,1078.6,1,18,pressure,home,H10,87.1,26.6,,,,,0,40,,,,,
SYN-00005-00426,426,1078.6,1078.6,1,18,pass,away,A04,87.1,26.6,98.3,42.4,complete,A03,1,40,50.1,,19.3,right_foot,
SYN-00005-00427,427,1082.5,1082.5,1,19,pass,away,A03,98.3,42.4,89.7,62.9,complete,A02,0,40,58.5,,22.2,right_foot,
SYN-00005-00428,428,1086.9,1086.9,1,19,pass,away,A02,89.7,62.9,67.6,56.7,complete,A07,0,40,58.4,,23,head,
SYN-00005-00429,429,1089.7,1089.7,1,19,sprint,away,A07,56.4,51.7,,,,,0,40,,27.3,31.5,,
SYN-00005-00430,430,1089.7,1089.7,1,19,pressure,home,H10,67.6,56.7,,,,,0,40,,,,,
SYN-00005-00431,431,1089.7,1089.7,1,19,pass,away,A07,67.6,56.7,62,43.5,complete,A06,1,40,39.9,,14.3,left_foot,
SYN-00005-00432,432,1092.8,1092.8,1,19,pass,away,A06,62,43.5,55.5,49.8,complete,A07,0,40,38.7,,9.1,right_foot,
SYN-00005-00433,433,1095.1,1095.1,1,19,pressure,home,H10,55.5,49.8,,,,,0,40,,,,,
SYN-00005-00434,434,1095.1,1095.1,1,19,pass,away,A07,55.5,49.8,53.8,21.9,complete,A08,1,40,56.5,,28,right_foot,
SYN-00005-00435,435,1098,1098,1,19,pressure,home,H10,53.8,21.9,,,,,0,40,,,,,
SYN-00005-00436,436,1098,1098,1,19,pass,away,A08,53.8,21.9,27.4,49.8,incomplete,A09,1,40,85.3,,41.2,right_foot,
SYN-00005-00437,437,1101.6,1101.6,1,19,possession_change,home,H05,27.4,49.8,,,recovery,,0,41,,,,,
SYN-00005-00438,438,1101.6,1101.6,1,19,pressure,away,A10,27.4,49.8,,,,,0,41,,,,,
SYN-00005-00439,439,1101.6,1101.6,1,19,pass,home,H05,27.4,49.8,33.8,39.2,incomplete,H06,1,41,56.4,,13.8,right_foot,
SYN-00005-00440,440,1103.5,1103.5,1,19,possession_change,away,A10,33.8,39.2,,,recovery,,0,42,,,,,
SYN-00005-00441,441,1103.5,1103.5,1,19,pass,away,A10,33.8,39.2,44.3,42.4,complete,A07,0,42,42.7,,11,left_foot,
SYN-00005-00442,442,1105.5,1105.5,1,19,carry,away,A07,44.3,42.4,38.5,43.2,complete,,0,42,,19.7,5.8,,
SYN-00005-00443,443,1106.6,1106.6,1,19,carry,away,A07,38.5,43.2,24.4,47.6,complete,,0,42,,22.5,14.8,,
SYN-00005-00444,444,1108.9,1108.9,1,19,pass,away,A07,24.4,47.6,7.4,63,incomplete,A09,0,42,60.3,,23.5,left_foot,
SYN-00005-00445,445,1111.9,1111.9,1,19,possession_change,home,H05,7.4,63,,,recovery,,0,43,,,,,
SYN-00005-00446,446,1111.9,1111.9,1,19,pass,home,H05,7.4,63,33.3,28.6,complete,H07,0,43,91.7,,43.1,left_foot,
SYN-00005-00447,447,1116.2,1116.2,1,19,pass,home,H07,33.3,28.6,14.4,18.7,complete,H03,0,43,57.6,,21.3,right_foot,
SYN-00005-00448,448,1119.2,1119.2,1,19,pass,home,H03,14.4,18.7,42.1,17.8,complete,H07,0,43,62.9,,27.7,right_foot,
SYN-00005-00449,449,1122.6,1122.6,1,19,carry,home,H07,42.1,17.8,51.2,21.9,complete,,0,43,,16.9,10,,
SYN-00005-00450,450,1124.8,1124.8,1,19,pass,home,H07,51.2,21.9,24.9,26.8,complete,H03,0,43,61.7,,26.8,left_foot,
SYN-00005-00451,451,1128.9,1128.9,1,19,pass,home,H03,24.9,26.8,13,42.7,complete,H04,0,43,55,,19.9,right_foot,
SYN-00005-00452,452,1131.3,1131.3,1,19,sprint,home,H04,5.6,45.2,,,,,0,43,,32.7,28.7,,
SYN-00005-00453,453,1131.3,1131.3,1,19,pass,home,H04,13,42.7,36,45.3,complete,H08,0,43,51.6,,23.2,left_foot,
SYN-00005-00454,454,1135.8,1135.8,1,19,pass,home,H08,36,45.3,28.1,55.7,complete,H05,0,43,43.8,,13,left_foot,
SYN-00005-00455,455,1139.1,1139.1,1,19,pass,home,H05,28.1,55.7,35.1,37.9,complete,H06,0,43,57.6,,19.1,right_foot,
SYN-00005-00456,456,1141.3,1141.3,1,20,pass,home,H06,35.1,37.9,49.5,46.4,incomplete,H08,0,43,44.2,,14.5,right_foot,
SYN-00005-00457,457,1144.7,1144.7,1,20,possession_change,away,A10,49.5,46.4,,,recovery,,0,44,,,,,
SYN-00005-00458,458,1144.7,1144.7,1,20,carry,away,A10,49.5,46.4,35.5,47.2,complete,,0,44,,14.3,14,,
SYN-00005-00459,459,1148.3,1148.3,1,20,pass,away,A10,35.5,47.2,47.3,52.1,complete,A07,0,44,42.2,,12.7,right_foot,
SYN-00005-00460,460,1151.9,1151.9,1,20,pass,away,A07,47.3,52.1,45.8,24.2,complete,A08,0,44,66.5,,27.9,right_foot,
SYN-00005-00461,461,1154.8,1154.8,1,20,pass,away,A08,45.8,24.2,26.2,68,out,A09,0,44,72.6,,36.4,right_foot,
SYN-00005-00462,462,1156.6,1156.6,1,20,possession_change,home,H05,26.2,67,,,out_of_play,,0,45,,,,,
SYN-00005-00463,463,1175.1,1175.1,1,20,pressure,away,A09,26.2,67,,,,,0,45,,,,,
SYN-00005-00464,464,1175.1,1175.1,1,20,pass,home,H05,26.2,67,0.8,68,out,H01,1,45,65.5,,35.4,right_foot,
SYN-00005-00465,465,1177.1,1177.1,1,20,possession_change,away,A10,1,67,,,out_of_play,,0,46,,,,,
SYN-00005-00466,466,1188.9,1188.9,1,20,pass,away,A10,1,67,26.6,53.7,complete,A07,0,46,66,,28.9,left_foot,
SYN-00005-00467,467,1191.7,1191.7,1,20,carry,away,A07,26.6,53.7,13,51.8,complete,,0,46,,23.3,13.7,,
SYN-00005-00468,468,1193.9,1193.9,1,20,pass,away,A07,13,51.8,28.2,45.3,intercepted,A06,0,46,78.3,,33.2,head,
SYN-00005-00469,469,1194.6,1194.6,1,20,interception,home,H08,28.2,45.3,,,won,,0,46,,,,,
SYN-00005-00470,470,1194.6,1194.6,1,20,possession_change,home,H08,28.2,45.3,,,interception,,0,47,,,,,
SYN-00005-00471,471,1195.6,1195.6,1,20,pass,home,H08,28.2,45.3,22.1,13.2,complete,H02,0,47,70.6,,32.7,right_foot,
SYN-00005-00472,472,1200,1200,1,21,pass,home,H02,22.1,13.2,34.8,35,intercepted,H08,0,47,69.5,,30.6,right_foot,
SYN-00005-00473,473,1201.3,1201.3,1,21,interception,away,A10,34.8,35,,,won,,0,47,,,,,
SYN-00005-00474,474,1201.3,1201.3,1,21,possession_change,away,A10,34.8,35,,,interception,,0,48,,,,,
SYN-00005-00475,475,1202.5,1202.5,1,21,pass,away,A10,34.8,35,44.1,48.9,complete,A07,0,48,47.2,,16.6,left_foot,
SYN-00005-00476,476,1204.8,1204.8,1,21,pressure,home,H08,44.1,48.9,,,,,0,48,,,,,
SYN-00005-00477,477,1204.8,1204.8,1,21,pass,away,A07,44.1,48.9,48.2,23.6,complete,A08,1,48,63.2,,25.6,right_foot,
SYN-00005-00478,478,1208.9,1208.9,1,21,pass,away,A08,48.2,23.6,19.9,56.9,complete,A09,0,48,83.3,,43.7,right_foot,
SYN-00005-00479,479,1213.8,1213.8,1,21,pass,away,A09,19.9,56.9,37.2,61.9,incomplete,A07,0,48,54.1,,17.4,left_foot,
SYN-00005-00480,480,1216.3,1216.3,1,21,possession_change,home,H11,37.2,61.9,,,recovery,,0,49,,,,,
SYN-00005-00481,481,1216.3,1216.3,1,21,pass,home,H11,37.2,61.9,50.5,52.6,complete,H08,0,49,57.2,,16.2,right_foot,
SYN-00005-00482,482,1219.5,1219.5,1,21,pass,home,H08,50.5,52.6,33.2,66.3,complete,H05,0,49,54.2,,22.1,right_foot,
SYN-00005-00483,483,1222.3,1222.3,1,21,pass,home,H05,33.2,66.3,21.4,47.3,incomplete,H04,0,49,52.1,,20.6,left_foot,
SYN-00005-00484,484,1225,1225,1,21,possession_change,away,A10,21.4,47.3,,,recovery,,0,50,,,,,
SYN-00005-00485,485,1225,1225,1,21,pass,away,A10,21.4,47.3,39.8,49,complete,A07,0,50,51,,18.5,left_foot,
SYN-00005-00486,486,1228,1228,1,21,pass,away,A07,39.8,49,37.8,23.5,complete,A08,0,50,57.3,,25.5,right_foot,
SYN-00005-00487,487,1232.5,1232.5,1,21,pass,away,A08,37.8,23.5,10.7,39,incomplete,A10,0,50,59.5,,30.7,right_foot,
SYN-00005-00488,488,1236.5,1236.5,1,21,possession_change,home,H04,10.7,39,,,recovery,,0,51,,,,,
SYN-00005-00489,489,1236.5,1236.5,1,21,pass,home,H04,10.7,39,34.4,27,complete,H07,0,51,73.3,,26.5,right_foot,
SYN-00005-00490,490,1239.9,1239.9,1,21,pass,home,H07,34.4,27,17,45.4,complete,H04,0,51,66.7,,25.2,left_foot,
SYN-00005-00491,491,1244.2,1244.2,1,21,pass,home,H04,17,45.4,3.7,41.6,complete,H01,0,51,46.3,,13.9,right_foot,
SYN-00005-00492,492,1246.8,1246.8,1,21,pass,home,H01,3.7,41.6,19.8,31,complete,H06,0,51,50,,19.3,right_foot,
SYN-00005-00493,493,1250.4,1250.4,1,21,carry,home,H06,19.8,31,31.4,33.8,complete,,0,51,,17.7,12,,
SYN-00005-00494,494,1252.8,1252.8,1,21,pass,home,H06,31.4,33.8,45.5,20.5,complete,H07,0,51,57.3,,19.3,right_foot,
SYN-00005-00495,495,1255.9,1255.9,1,21,pass,home,H07,45.5,20.5,40.9,28.1,complete,H06,0,51,36.7,,8.8,left_foot,
SYN-00005-00496,496,1258.1,1258.1,1,21,sprint,away,A11,50.7,7.6,,,,,0,51,,29.8,35.2,,
SYN-00005-00497,497,1258.1,1258.1,1,21,pass,home,H06,40.9,28.1,30,10.9,complete,H02,0,51,65.3,,20.3,right_foot,
SYN-00005-00498,498,1260.9,1260.9,1,22,pass,home,H02,30,10.9,30.7,27.1,complete,H06,0,51,52.7,,16.2,left_foot,
SYN-00005-00499,499,1263.9,1263.9,1,22,pressure,away,A10,30.7,27.1,,,,,0,51,,,,,
SYN-00005-00500,500,1263.9,1263.9,1,22,pass,home,H06,30.7,27.1,14.9,39.1,complete,H04,1,51,56.8,,19.8,left_foot,
SYN-00005-00501,501,1267,1267,1,22,pass,home,H04,14.9,39.1,21.7,51.5,complete,H05,0,51,49.2,,14.2,right_foot,
SYN-00005-00502,502,1269.8,1269.8,1,22,sprint,home,H08,41.5,50.4,,,,,0,51,,27.6,47.6,,
SYN-00005-00503,503,1269.8,1269.8,1,22,pass,home,H05,21.7,51.5,40.5,56.1,complete,H08,0,51,49.9,,19.3,left_foot,
SYN-00005-00504,504,1273.4,1273.4,1,22,carry,home,H08,40.5,56.1,44.5,55,complete,,0,51,,17.8,4.2,,
SYN-00005-00505,505,1274.3,1274.3,1,22,pass,home,H08,44.5,55,27.7,62.9,complete,H05,0,51,49.5,,18.6,right_foot,
SYN-00005-00506,506,1278.5,1278.5,1,22,pass,home,H05,27.7,62.9,68.7,68,out,H11,0,51,77.1,,42.7,left_foot,
SYN-00005-00507,507,1280.5,1280.5,1,22,possession_change,away,A02,68.7,67,,,out_of_play,,0,52,,,,,
SYN-00005-00508,508,1300.1,1300.1,1,22,pressure,home,H11,68.7,67,,,,,0,52,,,,,
SYN-00005-00509,509,1300.1,1300.1,1,22,pass,away,A02,68.7,67,85.1,52,complete,A03,1,52,49.4,,22.2,right_foot,
SYN-00005-00510,510,1303.3,1303.3,1,22,pass,away,A03,85.1,52,84.9,63.9,complete,A02,0,52,34.8,,11.9,left_foot,
SYN-00005-00511,511,1306.4,1306.4,1,22,pressure,home,H11,84.9,63.9,,,,,0,52,,,,,
SYN-00005-00512,512,1306.4,1306.4,1,22,pass,away,A02,84.9,63.9,104,42.4,complete,A01,1,52,67.9,,28.7,right_foot,
SYN-00005-00513,513,1310.5,1310.5,1,22,pass,away,A01,104,42.4,76.8,22.5,complete,A08,0,52,74.1,,33.7,left_foot,
SYN-00005-00514,514,1313.2,1313.2,1,22,pass,away,A08,76.8,22.5,96.6,19.9,complete,A04,0,52,55.1,,19.9,right_foot,
SYN-00005-00515,515,1315.7,1315.7,1,22,pass,away,A04,96.6,19.9,72.6,39.3,complete,A07,0,52,65.6,,30.9,right_foot,
SYN-00005-00516,516,1318.4,1318.4,1,22,carry,away,A07,72.6,39.3,70.9,45.7,complete,,0,52,,16.2,6.6,,
SYN-00005-00517,517,1319.9,1319.9,1,22,pass,away,A07,70.9,45.7,74.9,68,out,A02,0,52,47.3,,15.7,head,
SYN-00005-00518,518,1321.1,1321.1,1,23,possession_change,home,H11,74.9,67,,,out_of_play,,0,53,,,,,
SYN-00005-00519,519,1338.3,1338.3,1,23,sprint,away,A07,75.7,59.2,,,,,0,53,,26.5,20.5,,
SYN-00005-00520,520,1338.3,1338.3,1,23,pass,home,H11,74.9,67,40.7,67,complete,H05,0,53,80.9,,34.2,right_foot,
SYN-00005-00521,521,1342.7,1342.7,1,23,pass,home,H05,40.7,67,49.3,58.6,complete,H08,0,53,47.8,,12,right_foot,
SYN-00005-00522,522,1344.7,1344.7,1,23,pass,home,H08,49.3,58.6,32.6,63.2,complete,H05,0,53,52.3,,17.3,right_foot,
SYN-00005-00523,523,1348.5,1348.5,1,23,pass,home,H05,32.6,63.2,45.5,51.9,complete,H08,0,53,50.7,,17.2,right_foot,
SYN-00005-00524,524,1351.6,1351.6,1,23,pass,home,H08,45.5,51.9,36.3,35.6,complete,H06,0,53,41.3,,18.6,head,
SYN-00005-00525,525,1355.2,1355.2,1,23,pass,home,H06,36.3,35.6,15.9,40.3,complete,H04,0,53,53.4,,21,right_foot,
SYN-00005-00526,526,1358.1,1358.1,1,23,pressure,away,A10,15.9,40.3,,,,,0,53,,,,,
SYN-00005-00527,527,1358.1,1358.1,1,23,pass,home,H04,15.9,40.3,25.2,39.2,complete,H06,1,53,29.7,,9.4,right_foot,
SYN-00005-00528,528,1360.4,1360.4,1,23,pressure,away,A10,25.2,39.2,,,,,0,53,,,,,
SYN-00005-00529,529,1360.4,1360.4,1,23,pass,home,H06,25.2,39.2,43.6,68,out,H08,1,53,63.3,,21.8,right_foot,
SYN-00005-00530,530,1361.6,1361.6,1,23,possession_change,away,A09,43.6,67,,,out_of_play,,0,54,,,,,
SYN-00005-00531,531,1370.3,1370.3,1,23,pass,away,A09,43.6,67,71.4,65.3,complete,A02,0,54,64.8,,27.9,left_foot,
SYN-00005-00532,532,1373,1373,1,23,pass,away,A02,71.4,65.3,60.6,68,out,A06,0,54,63.6,,26.4,left_foot,
SYN-00005-00533,533,1374.5,1374.5,1,23,possession_change,home,H11,60.6,67,,,out_of_play,,0,55,,,,,
SYN-00005-00534,534,1390.3,1390.3,1,24,pass,home,H11,60.6,67,48.1,46.3,complete,H06,0,55,57.8,,24.2,right_foot,
SYN-00005-00535,535,1393.8,1393.8,1,24,pass,home,H06,48.1,46.3,56.2,23.5,complete,H07,0,55,53.9,,24.3,right_foot,
SYN-00005-00536,536,1397,1397,1,24,carry,home,H07,56.2,23.5,68,21.5,complete,,0,55,,20.5,12,,
SYN-00005-00537,537,1399.1,1399.1,1,24,carry,home,H07,68,21.5,78.3,19.5,complete,,0,55,,25.5,10.4,,
SYN-00005-00538,538,1400.6,1400.6,1,24,pass,home,H07,78.3,19.5,94.2,34.5,incomplete,H10,0,55,64,,27,left_foot,
SYN-00005-00539,539,1403.8,1403.8,1,24,possession_change,away,A03,94.2,34.5,,,recovery,,0,56,,,,,
SYN-00005-00540,540,1403.8,1403.8,1,24,pass,away,A03,94.2,34.5,70.1,20.6,complete,A08,0,56,66.3,,27.8,right_foot,
SYN-00005-00541,541,1406.9,1406.9,1,24,sprint,home,H11,56.2,52.6,,,,,0,56,,27.4,30.9,,
SYN-00005-00542,542,1406.9,1406.9,1,24,pass,away,A08,70.1,20.6,70,27.3,intercepted,A06,0,56,44.4,,12.1,right_foot,
SYN-00005-00543,543,1407.5,1407.5,1,24,interception,home,H10,70,27.3,,,won,,0,56,,,,,
SYN-00005-00544,544,1407.5,1407.5,1,24,possession_change,home,H10,70,27.3,,,interception,,0,57,,,,,
SYN-00005-00545,545,1408.4,1408.4,1,24,pass,home,H10,70,27.3,84.4,52,complete,H11,0,57,65.6,,28.6,right_foot,
SYN-00005-00546,546,1412.4,1412.4,1,24,pressure,away,A07,84.4,52,,,,,0,57,,,,,
SYN-00005-00547,547,1412.4,1412.4,1,24,pass,home,H11,84.4,52,89.8,17.1,complete,H09,1,57,69.5,,35.4,right_foot,
SYN-00005-00548,548,1416.4,1416.4,1,24,pass,home,H09,89.8,17.1,96.9,54.6,complete,H11,0,57,71.3,,38.2,right_foot,
SYN-00005-00549,549,1419.6,1419.6,1,24,pressure,away,A03,96.9,54.6,,,,,0,57,,,,,
SYN-00005-00550,550,1419.6,1419.6,1,24,pass,home,H11,96.9,54.6,90.2,39.6,incomplete,H10,1,57,46.7,,14.6,right_foot,
SYN-00005-00551,551,1421.8,1421.8,1,24,possession_change,away,A06,90.2,39.6,,,recovery,,0,58,,,,,
SYN-00005-00552,552,1421.8,1421.8,1,24,pass,away,A06,90.2,39.6,97.2,27,complete,A04,0,58,52.7,,14.4,right_foot,
SYN-00005-00553,553,1425.4,1425.4,1,24,pressure,home,H10,97.2,27,,,,,0,58,,,,,
SYN-00005-00554,554,1425.4,1425.4,1,24,pass,away,A04,97.2,27,80.5,34.1,complete,A06,1,58,62.9,,18.1,right_foot,
SYN-00005-00555,555,1429.3,1429.3,1,24,pass,away,A06,80.5,34.1,94.1,21.9,complete,A04,0,58,58.4,,18.3,left_foot,
SYN-00005-00556,556,1432.7,1432.7,1,24,pass,away,A04,94.1,21.9,98.7,40.2,complete,A03,0,58,56,,18.9,right_foot,
SYN-00005-00557,557,1436.6,1436.6,1,24,pressure,home,H10,98.7,40.2,,,,,0,58,,,,,
SYN-00005-00558,558,1436.6,1436.6,1,24,pass,away,A03,98.7,40.2,104,25.9,incomplete,A04,1,58,54.6,,20,right_foot,
SYN-00005-00559,559,1439.8,1439.8,1,24,possession_change,home,H10,104,25.9,,,recovery,,0,59,,,,,
SYN-00005-00560,560,1439.8,1439.8,1,24,pass,home,H10,104,25.9,104,50.6,incomplete,H11,0,59,66.7,,24.2,right_foot,
SYN-00005-00561,561,1442.5,1442.5,1,25,possession_change,away,A02,104,50.6,,,recovery,,0,60,,,,,
SYN-00005-00562,562,1442.5,1442.5,1,25,pressure,home,H10,104,50.6,,,,,0,60,,,,,
SYN-00005-00563,563,1442.5,1442.5,1,25,pass,away,A02,104,50.6,99,41.5,complete,A01,1,60,45.5,,10.4,right_foot,
SYN-00005-00564,564,1444.5,1444.5,1,25,pass,away,A01,99,41.5,102.7,0,out,A04,0,60,43.6,,15.1,left_foot,
SYN-00005-00565,565,1445.8,1445.8,1,25,possession_change,home,H09,102.7,1,,,out_of_play,,0,61,,,,,
SYN-00005-00566,566,1455.8,1455.8,1,25,pass,home,H09,102.7,1,84,12,complete,H07,0,61,62.5,,21.7,left_foot,
SYN-00005-00567,567,1459.6,1459.6,1,25,pass,home,H07,84,12,94.3,4.6,complete,H09,0,61,49.3,,12.7,right_foot,
SYN-00005-00568,568,1462.7,1462.7,1,25,pressure,away,A05,94.3,4.6,,,,,0,61,,,,,
SYN-00005-00569,569,1462.7,1462.7,1,25,pass,home,H09,94.3,4.6,76,15.7,complete,H07,1,61,52.5,,21.4,right_foot,
SYN-00005-00570,570,1466.6,1466.6,1,25,pass,home,H07,76,15.7,63.5,41.9,complete,H08,0,61,70.3,,29,left_foot,
SYN-00005-00571,571,1469.4,1469.4,1,25,pass,home,H08,63.5,41.9,51.6,33.7,complete,H06,0,61,53.4,,14.4,left_foot,
SYN-00005-00572,572,1473.2,1473.2,1,25,pass,home,H06,51.6,33.7,52.6,47.8,complete,H08,0,61,50.9,,14.1,right_foot,
SYN-00005-00573,573,1476.6,1476.6,1,25,carry,home,H08,52.6,47.8,58.7,50,complete,,0,61,,25.6,6.5,,
SYN-00005-00574,574,1477.5,1477.5,1,25,carry,home,H08,58.7,50,67.4,43.8,complete,,0,61,,17.2,10.6,,
SYN-00005-00575,575,1479.8,1479.8,1,25,pass,home,H08,67.4,43.8,53.7,33.3,complete,H06,0,61,52,,17.2,right_foot,
SYN-00005-00576,576,1483.2,1483.2,1,25,pressure,away,A10,53.7,33.3,,,,,0,61,,,,,
SYN-00005-00577,577,1483.2,1483.2,1,25,pass,home,H06,53.7,33.3,52.7,28.8,complete,H07,1,61,33.3,,4.7,right_foot,
SYN-00005-00578,578,1484.9,1484.9,1,25,pressure,away,A10,52.7,28.8,,,,,0,61,,,,,
SYN-00005-00579,579,1484.9,1484.9,1,25,pass,home,H07,52.7,28.8,43.2,32.5,complete,H06,1,61,42.8,,10.2,right_foot,
SYN-00005-00580,580,1487.4,1487.4,1,25,pass,home,H06,43.2,32.5,22.2,43.8,complete,H04,0,61,62.1,,23.8,left_foot,
SYN-00005-00581,581,1490.5,1490.5,1,25,pass,home,H04,22.2,43.8,41.8,45.3,complete,H08,0,61,54.9,,19.7,right_foot,
SYN-00005-00582,582,1494.1,1494.1,1,25,pass,home,H08,41.8,45.3,26.5,14.1,complete,H02,0,61,73.9,,34.8,left_foot,
SYN-00005-00583,583,1498.5,1498.5,1,25,carry,home,H02,26.5,14.1,37.6,23.3,complete,,0,61,,17,14.4,,
SYN-00005-00584,584,1501.5,1501.5,1,26,pass,home,H02,37.6,23.3,8.7,68,out,H04,0,61,70.4,,31.1,left_foot,
SYN-00005-00585,585,1503.1,1503.1,1,26,possession_change,away,A09,8.7,67,,,out_of_play,,0,62,,,,,
SYN-00005-00586,586,1519.6,1519.6,1,26,pressure,home,H05,8.7,67,,,,,0,62,,,,,
SYN-00005-00587,587,1519.6,1519.6,1,26,carry,away,A09,8.7,67,4.8,67,dispossessed,,1,62,,17.5,7.4,,
SYN-00005-00588,588,1521.1,1521.1,1,26,tackle,home,H05,4.8,67,,,won,,0,62,,,,,
SYN-00005-00589,589,1521.1,1521.1,1,26,possession_change,home,H05,4.8,67,,,tackle,,0,63,,,,,
SYN-00005-00590,590,1522.3,1522.3,1,26,pass,home,H05,4.8,67,4.7,33.8,complete,H03,0,63,67.8,,33.3,right_foot,
SYN-00005-00591,591,1526,1526,1,26,pass,home,H03,4.7,33.8,31.1,46.1,complete,H08,0,63,62.5,,29.1,right_foot,
SYN-00005-00592,592,1530.6,1530.6,1,26,pass,home,H08,31.1,46.1,24.8,18.7,complete,H02,0,63,60.1,,28.1,right_foot,
SYN-00005-00593,593,1533.5,1533.5,1,26,pass,home,H02,24.8,18.7,42.9,14,complete,H07,0,63,49.2,,18.7,right_foot,
SYN-00005-00594,594,1536,1536,1,26,pass,home,H07,42.9,14,39.7,28.6,complete,H06,0,63,55.3,,14.9,right_foot,
SYN-00005-00595,595,1538.2,1538.2,1,26,pass,home,H06,39.7,28.6,49.7,45.5,complete,H08,0,63,56.4,,19.7,right_foot,
SYN-00005-00596,596,1540.9,1540.9,1,26,pass,home,H08,49.7,45.5,23.2,44.9,complete,H04,0,63,66.9,,26.5,left_foot,
SYN-00005-00597,597,1545.2,1545.2,1,26,pass,home,H04,23.2,44.9,29.9,37.5,complete,H06,0,63,33.9,,10,left_foot,
SYN-00005-00598,598,1549.1,1549.1,1,26,pass,home,H06,29.9,37.5,48.4,52.4,complete,H08,0,63,54.5,,23.8,right_foot,
SYN-00005-00599,599,1553.6,1553.6,1,26,pressure,away,A10,48.4,52.4,,,,,0,63,,,,,
SYN-00005-00600,600,1553.6,1553.6,1,26,carry,home,H08,48.4,52.4,60.2,53.4,complete,,1,63,,21.9,11.8,,
SYN-00005-00601,601,1555.5,1555.5,1,26,carry,home,H08,60.2,53.4,66.8,47.5,complete,,0,63,,18.4,8.9,,
SYN-00005-00602,602,1557.3,1557.3,1,26,pass,home,H08,66.8,47.5,41.6,58.9,complete,H05,0,63,72.2,,27.6,left_foot,
SYN-00005-00603,603,1561,1561,1,27,pass,home,H05,41.6,58.9,49.7,53.5,complete,H08,0,63,46.1,,9.7,right_foot,
SYN-00005-00604,604,1563.4,1563.4,1,27,carry,home,H08,49.7,53.5,56.7,51.4,complete,,0,63,,18.8,7.3,,
SYN-00005-00605,605,1564.8,1564.8,1,27,pass,home,H08,56.7,51.4,78.1,11.3,complete,H09,0,63,86.5,,45.4,left_foot,
SYN-00005-00606,606,1568.5,1568.5,1,27,carry,home,H09,78.1,11.3,85.4,11.5,complete,,0,63,,20.2,7.3,,
SYN-00005-00607,607,1569.8,1569.8,1,27,sprint,home,H08,70.2,40.4,,,,,0,63,,27,49.7,,
SYN-00005-00608,608,1569.8,1569.8,1,27,pressure,away,A08,85.4,11.5,,,,,0,63,,,,,
SYN-00005-00609,609,1569.8,1569.8,1,27,carry,home,H09,85.4,11.5,87.4,6.5,dispossessed,,1,63,,16.6,5.4,,
SYN-00005-00610,610,1571,1571,1,27,tackle,away,A05,87.4,6.5,,,won,,0,63,,,,,
SYN-00005-00611,611,1571,1571,1,27,possession_change,away,A05,87.4,6.5,,,tackle,,0,64,,,,,
SYN-00005-00612,612,1572,1572,1,27,pass,away,A05,87.4,6.5,72.3,0,out,A06,0,64,58.3,,20.3,left_foot,
SYN-00005-00613,613,1573.2,1573.2,1,27,possession_change,home,H09,72.3,1,,,out_of_play,,0,65,,,,,
SYN-00005-00614,614,1588.6,1588.6,1,27,pass,home,H09,72.3,1,52,27.2,complete,H06,0,65,59.3,,33.2,right_foot,
SYN-00005-00615,615,1593.5,1593.5,1,27,pass,home,H06,52,27.2,51.2,23.6,complete,H07,0,65,23.3,,3.7,right_foot,
SYN-00005-00616,616,1596.3,1596.3,1,27,pass,home,H07,51.2,23.6,55.3,40.6,complete,H08,0,65,50.1,,17.6,right_foot,
SYN-00005-00617,617,1600,1600,1,27,pass,home,H08,55.3,40.6,32.3,59.3,complete,H05,0,65,70,,29.7,right_foot,
SYN-00005-00618,618,1602.8,1602.8,1,27,pass,home,H05,32.3,59.3,13.1,33.5,complete,H03,0,65,78.9,,32.2,head,
SYN-00005-00619,619,1606.1,1606.1,1,27,pressure,away,A10,13.1,33.5,,,,,0,65,,,,,
SYN-00005-00620,620,1606.1,1606.1,1,27,pass,home,H03,13.1,33.5,12.3,54.2,complete,H05,1,65,57.6,,20.8,right_foot,
SYN-00005-00621,621,1609.5,1609.5,1,27,pressure,away,A10,12.3,54.2,,,,,0,65,,,,,
SYN-00005-00622,622,1609.5,1609.5,1,27,pass,home,H05,12.3,54.2,23.3,44.3,complete,H06,1,65,48.9,,14.8,right_foot,
SYN-00005-00623,623,1613.3,1613.3,1,27,pass,home,H06,23.3,44.3,1.8,33.6,complete,H01,0,65,66.4,,24,right_foot,
SYN-00005-00624,624,1617.3,1617.3,1,27,pass,home,H01,1.8,33.6,15.4,35.9,incomplete,H06,0,65,46,,17.4,right_foot,
SYN-00005-00625,625,1619.9,1619.9,1,27,possession_change,away,A10,15.4,35.9,,,recovery,,0,66,,,,,
SYN-00005-00626,626,1619.9,1619.9,1,27,pass,away,A10,15.4,35.9,41.8,34.2,complete,A06,0,66,63.2,,26.4,right_foot,
SYN-00005-00627,627,1624.1,1624.1,1,28,pass,away,A06,41.8,34.2,20.8,0,out,A11,0,66,64.9,,33.9,left_foot,
SYN-00005-00628,628,1625.9,1625.9,1,28,possession_change,home,H02,20.8,1,,,out_of_play,,0,67,,,,,
SYN-00005-00629,629,1637.6,1637.6,1,28,pass,home,H02,20.8,1,3.6,24.2,complete,H01,0,67,65.2,,28.9,left_foot,
SYN-00005-00630,630,1641.4,1641.4,1,28,pass,home,H01,3.6,24.2,13.6,8.7,incomplete,H02,0,67,56.9,,20.8,left_foot,
SYN-00005-00631,631,1644.3,1644.3,1,28,possession_change,away,A11,13.6,8.7,,,recovery,,0,68,,,,,
SYN-00005-00632,632,1644.3,1644.3,1,28,pressure,home,H02,13.6,8.7,,,,,0,68,,,,,
SYN-00005-00633,633,1644.3,1644.3,1,28,carry,away,A11,13.6,8.7,8.2,11.9,complete,,1,68,,14.1,6.3,,
SYN-00005-00634,634,1645.9,1645.9,1,28,carry,away,A11,8.2,11.9,1,4.9,complete,,0,68,,23.7,14.9,,
SYN-00005-00635,635,1648.2,1648.2,1,28,pass,away,A11,1,4.9,23.1,14.9,complete,A08,0,68,63.9,,24.2,right_foot,
SYN-00005-00636,636,1651.7,1651.7,1,28,pass,away,A08,23.1,14.9,38.4,42.2,complete,A07,0,68,66.2,,31.2,right_foot,
SYN-00005-00637,637,1656,1656,1,28,pass,away,A07,38.4,42.2,61.1,56.5,complete,A02,0,68,64,,26.8,right_foot,
SYN-00005-00638,638,1659.7,1659.7,1,28,pass,away,A02,61.1,56.5,64.7,39.6,complete,A06,0,68,46.1,,17.3,right_foot,
SYN-00005-00639,639,1662.7,1662.7,1,28,pressure,home,H10,64.7,39.6,,,,,0,68,,,,,
SYN-00005-00640,640,1662.7,1662.7,1,28,pass,away,A06,64.7,39.6,74.9,59.7,complete,A02,1,68,56.8,,22.5,right_foot,
SYN-00005-00641,641,1666.1,1666.1,1,28,pass,away,A02,74.9,59.7,94.5,27.6,complete,A04,0,68,79,,37.6,right_foot,
SYN-00005-00642,642,1668.8,1668.8,1,28,pressure,home,H10,94.5,27.6,,,,,0,68,,,,,
SYN-00005-00643,643,1668.8,1668.8,1,28,pass,away,A04,94.5,27.6,80.2,18.3,incomplete,A06,1,68,40.4,,11.1,right_foot,
SYN-00005-00644,644,1671,1671,1,28,possession_change,home,H10,80.2,18.3,,,recovery,,0,69,,,,,
SYN-00005-00645,645,1671,1671,1,28,pressure,away,A08,80.2,18.3,,,,,0,69,,,,,
SYN-00005-00646,646,1671,1671,1,28,pass,home,H10,80.2,18.3,69.6,46.9,complete,H08,1,69,64.9,,30.6,left_foot,
SYN-00005-00647,647,1674.4,1674.4,1,28,pass,home,H08,69.6,46.9,37.8,63.7,complete,H05,0,69,77.7,,36,right_foot,
SYN-00005-00648,648,1678.7,1678.7,1,28,pass,home,H05,37.8,63.7,44.7,60.4,incomplete,H08,0,69,52.2,,10.1,left_foot,
SYN-00005-00649,649,1681.5,1681.5,1,29,possession_change,away,A09,44.7,60.4,,,recovery,,0,70,,,,,
SYN-00005-00650,650,1681.5,1681.5,1,29,pass,away,A09,44.7,60.4,63.2,68,out,A06,0,70,57.6,,25,left_foot,
SYN-00005-00651,651,1683,1683,1,29,possession_change,home,H11,63.2,67,,,out_of_play,,0,71,,,,,
SYN-00005-00652,652,1694.5,1694.5,1,29,pass,home,H11,63.2,67,60.7,54.5,complete,H08,0,71,43.5,,12.8,left_foot,
SYN-00005-00653,653,1697.8,1697.8,1,29,pass,home,H08,60.7,54.5,37.6,64.8,complete,H05,0,71,47.2,,25.3,right_foot,
SYN-00005-00654,654,1700.9,1700.9,1,29,pressure,away,A09,37.6,64.8,,,,,0,71,,,,,
SYN-00005-00655,655,1700.9,1700.9,1,29,pass,home,H05,37.6,64.8,44.5,53.3,complete,H08,1,71,42.8,,13.4,right_foot,
SYN-00005-00656,656,1705,1705,1,29,pass,home,H08,44.5,53.3,33.1,64.5,complete,H05,0,71,42.2,,16,right_foot,
SYN-00005-00657,657,1708.3,1708.3,1,29,pass,home,H05,33.1,64.5,13.3,48.8,complete,H04,0,71,58.3,,25.3,right_foot,
SYN-00005-00658,658,1712.1,1712.1,1,29,pass,home,H04,13.3,48.8,27.6,44.2,complete,H06,0,71,46.9,,15.1,right_foot,
SYN-00005-00659,659,1715.3,1715.3,1,29,pass,home,H06,27.6,44.2,26.2,52.7,complete,H05,0,71,34.8,,8.6,right_foot,
SYN-00005-00660,660,1718.7,1718.7,1,29,pass,home,H05,26.2,52.7,44.4,54,complete,H08,0,71,58.3,,18.3,right_foot,
SYN-00005-00661,661,1721.4,1721.4,1,29,pass,home,H08,44.4,54,77.5,60.6,complete,H11,0,71,62.9,,33.7,right_foot,
SYN-00005-00662,662,1724.8,1724.8,1,29,pass,home,H11,77.5,60.6,70.2,53.7,complete,H08,0,71,49.1,,10,right_foot,
SYN-00005-00663,663,1728.4,1728.4,1,29,pass,home,H08,70.2,53.7,78.5,60.4,complete,H11,0,71,41.3,,10.7,right_foot,
SYN-00005-00664,664,1731.1,1731.1,1,29,pass,home,H11,78.5,60.4,65.8,46.6,complete,H08,0,71,51.7,,18.8,left_foot,
SYN-00005-00665,665,1735.3,1735.3,1,29,pass,home,H08,65.8,46.6,60.9,27.1,complete,H07,0,71,47.3,,20.1,right_foot,
SYN-00005-00666,666,1737.9,1737.9,1,29,sprint,home,H08,59.2,44.3,,,,,0,71,,28.7,37.5,,
SYN-00005-00667,667,1737.9,1737.9,1,29,pass,home,H07,60.9,27.1,49.6,31,complete,H06,0,71,41.3,,12,right_foot,
SYN-00005-00668,668,1740.6,1740.6,1,30,pass,home,H06,49.6,31,52.6,37.2,complete,H08,0,71,43,,6.9,right_foot,
SYN-00005-00669,669,1744.1,1744.1,1,30,pass,home,H08,52.6,37.2,80.5,63.8,complete,H11,0,71,79.4,,38.6,right_foot,
SYN-00005-00670,670,1747.7,1747.7,1,30,pass,home,H11,80.5,63.8,100.5,48.6,intercepted,H10,0,71,66.3,,29.4,left_foot,
SYN-00005-00671,671,1749,1749,1,30,interception,away,A01,100.5,48.6,,,won,,0,71,,,,,
SYN-00005-00672,672,1749,1749,1,30,possession_change,away,A01,100.5,48.6,,,interception,,0,72,,,,,
SYN-00005-00673,673,1749.9,1749.9,1,30,pass,away,A01,100.5,48.6,93.5,60.3,complete,A02,0,72,43.8,,13.6,right_foot,
SYN-00005-00674,674,1752.4,1752.4,1,30,pressure,home,H10,93.5,60.3,,,,,0,72,,,,,
SYN-00005-00675,675,1752.4,1752.4,1,30,pass,away,A02,93.5,60.3,69.8,53.1,complete,A07,1,72,55.3,,24.8,right_foot,
SYN-00005-00676,676,1755.1,1755.1,1,30,pressure,home,H10,69.8,53.1,,,,,0,72,,,,,
SYN-00005-00677,677,1755.1,1755.1,1,30,pass,away,A07,69.8,53.1,79,62.7,incomplete,A02,1,72,39.8,,11.4,left_foot,
SYN-00005-00678,678,1757.4,1757.4,1,30,possession_change,home,H11,79,62.7,,,recovery,,0,73,,,,,
SYN-00005-00679,679,1757.4,1757.4,1,30,sprint,away,A07,77,57.5,,,,,0,73,,26.9,15.3,,
SYN-00005-00680,680,1757.4,1757.4,1,30,pass,home,H11,79,62.7,67.8,54.3,complete,H08,0,73,39.1,,14,left_foot,
SYN-00005-00681,681,1760.2,1760.2,1,30,pass,home,H08,67.8,54.3,97.9,38.5,intercepted,H10,0,73,66.7,,40.5,right_foot,
SYN-00005-00682,682,1762,1762,1,30,interception,away,A01,97.9,38.5,,,won,,0,73,,,,,
SYN-00005-00683,683,1762,1762,1,30,possession_change,away,A01,97.9,38.5,,,interception,,0,74,,,,,
SYN-00005-00684,684,1763.3,1763.3,1,30,pass,away,A01,97.9,38.5,100.9,24.9,complete,A04,0,74,37.3,,14,right_foot,
SYN-00005-00685,685,1767.3,1767.3,1,30,carry,away,A04,100.9,24.9,88,30.1,complete,,0,74,,21.5,13.9,,
SYN-00005-00686,686,1769.7,1769.7,1,30,carry,away,A04,88,30.1,77.5,23.9,complete,,0,74,,16.1,12.2,,
SYN-00005-00687,687,1772.4,1772.4,1,30,pass,away,A04,77.5,23.9,94.8,42.4,complete,A03,0,74,64.3,,25.3,left_foot,
SYN-00005-00688,688,1775.3,1775.3,1,30,pass,away,A03,94.8,42.4,84.7,62,complete,A02,0,74,56.8,,22.1,right_foot,
SYN-00005-00689,689,1778,1778,1,30,pass,away,A02,84.7,62,93.1,34.3,complete,A04,0,74,57.9,,29,right_foot,
SYN-00005-00690,690,1782.7,1782.7,1,30,pressure,home,H10,93.1,34.3,,,,,0,74,,,,,
SYN-00005-00691,691,1782.7,1782.7,1,30,pass,away,A04,93.1,34.3,79.6,38.1,complete,A06,1,74,38.9,,14.1,right_foot,
SYN-00005-00692,692,1786.5,1786.5,1,30,pass,away,A06,79.6,38.1,64.2,21.1,complete,A08,0,74,58.1,,22.9,right_foot,
SYN-00005-00693,693,1790.3,1790.3,1,30,pressure,home,H10,64.2,21.1,,,,,0,74,,,,,
SYN-00005-00694,694,1790.3,1790.3,1,30,pass,away,A08,64.2,21.1,57.1,43.9,complete,A07,1,74,53.4,,23.8,right_foot,
SYN-00005-00695,695,1794.8,1794.8,1,30,pass,away,A07,57.1,43.9,51.3,22.6,complete,A08,0,74,62.3,,22.1,left_foot,
SYN-00005-00696,696,1797.8,1797.8,1,30,carry,away,A08,51.3,22.6,48.9,21.1,dispossessed,,0,74,,16,2.8,,
SYN-00005-00697,697,1798.4,1798.4,1,30,tackle,home,H10,48.9,21.1,,,won,,0,74,,,,,
SYN-00005-00698,698,1798.4,1798.4,1,30,possession_change,home,H10,48.9,21.1,,,tackle,,0,75,,,,,
SYN-00005-00699,699,1799.5,1799.5,1,30,pass,home,H10,48.9,21.1,44.5,29,complete,H06,0,75,37.9,,9,left_foot,
SYN-00005-00700,700,1803.3,1803.3,1,31,carry,home,H06,44.5,29,59.2,23.7,complete,,0,75,,14.1,15.5,,
SYN-00005-00701,701,1807.3,1807.3,1,31,carry,home,H06,59.2,23.7,66.2,22.9,complete,,0,75,,14.9,7.1,,
SYN-00005-00702,702,1809,1809,1,31,pass,home,H06,66.2,22.9,59.2,43.9,complete,H08,0,75,60.8,,22.2,left_foot,
SYN-00005-00703,703,1813,1813,1,31,pass,home,H08,59.2,43.9,52.9,30,complete,H06,0,75,46.1,,15.3,right_foot,
SYN-00005-00704,704,1816.8,1816.8,1,31,pass,home,H06,52.9,30,22.2,29.3,complete,H03,0,75,68.5,,30.7,head,
SYN-00005-00705,705,1820,1820,1,31,sprint,away,A07,59.9,44.1,,,,,0,75,,32.3,39.2,,
SYN-00005-00706,706,1820,1820,1,31,pressure,away,A10,22.2,29.3,,,,,0,75,,,,,
SYN-00005-00707,707,1820,1820,1,31,pass,home,H03,22.2,29.3,40.9,43.5,complete,H08,1,75,64.4,,23.5,right_foot,
SYN-00005-00708,708,1824.3,1824.3,1,31,pass,home,H08,40.9,43.5,48.3,21,complete,H07,0,75,58.1,,23.7,right_foot,
SYN-00005-00709,709,1828.6,1828.6,1,31,carry,home,H07,48.3,21,58.2,17.4,complete,,0,75,,17.9,10.5,,
SYN-00005-00710,710,1830.7,1830.7,1,31,carry,home,H07,58.2,17.4,59.2,9.9,complete,,0,75,,17.8,7.6,,
SYN-00005-00711,711,1832.2,1832.2,1,31,pass,home,H07,59.2,9.9,45.4,23.6,complete,H06,0,75,50.4,,19.5,right_foot,
SYN-00005-00712,712,1836.1,1836.1,1,31,pass,home,H06,45.4,23.6,74.9,8.7,complete,H09,0,75,72.8,,33.1,left_foot,
SYN-00005-00713,713,1839,1839,1,31,pass,home,H09,74.9,8.7,96.4,25.8,complete,H10,0,75,65.9,,27.5,right_foot,
SYN-00005-00714,714,1841.5,1841.5,1,31,pass,home,H10,96.4,25.8,72,17,complete,H07,0,75,65.6,,26,right_foot,
SYN-00005-00715,715,1844.2,1844.2,1,31,pass,home,H07,72,17,86.2,4.5,incomplete,H09,0,75,56.2,,21.2,right_foot,
SYN-00005-00716,716,1847.2,1847.2,1,31,possession_change,away,A05,86.2,4.5,,,recovery,,0,76,,,,,
SYN-00005-00717,717,1847.2,1847.2,1,31,pressure,home,H09,86.2,4.5,,,,,0,76,,,,,
SYN-00005-00718,718,1847.2,1847.2,1,31,pass,away,A05,86.2,4.5,74.9,22.9,complete,A06,1,76,54.6,,21.6,left_foot,
SYN-00005-00719,719,1850.5,1850.5,1,31,pass,away,A06,74.9,22.9,86.5,39,complete,A03,0,76,58.5,,19.9,head,
SYN-00005-00720,720,1853,1853,1,31,pass,away,A03,86.5,39,90.8,12.6,incomplete,A05,0,76,63,,27.1,right_foot,
SYN-00005-00721,721,1856.8,1856.8,1,31,possession_change,home,H09,90.8,12.6,,,recovery,,0,77,,,,,
SYN-00005-00722,722,1856.8,1856.8,1,31,pass,home,H09,90.8,12.6,56.6,29.2,complete,H06,0,77,75.8,,38.1,left_foot,
SYN-00005-00723,723,1861.5,1861.5,1,32,pass,home,H06,56.6,29.2,39.7,4.7,complete,H02,0,77,66.2,,29.8,right_foot,
SYN-00005-00724,724,1865.4,1865.4,1,32,pass,home,H02,39.7,4.7,36.3,25.9,complete,H06,0,77,59.2,,21.4,right_foot,
SYN-00005-00725,725,1868.1,1868.1,1,32,carry,home,H06,36.3,25.9,42.4,26.8,dispossessed,,0,77,,18,6.1,,
SYN-00005-00726,726,1869.3,1869.3,1,32,tackle,away,A10,42.4,26.8,,,won,,0,77,,,,,
SYN-00005-00727,727,1869.3,1869.3,1,32,possession_change,away,A10,42.4,26.8,,,tackle,,0,78,,,,,
SYN-00005-00728,728,1870.1,1870.1,1,32,pass,away,A10,42.4,26.8,56.1,30.3,complete,A06,0,78,41.2,,14.2,right_foot,
SYN-00005-00729,729,1872.7,1872.7,1,32,pressure,home,H10,56.1,30.3,,,,,0,78,,,,,
SYN-00005-00730,730,1872.7,1872.7,1,32,carry,away,A06,56.1,30.3,44.8,20.9,complete,,1,78,,15.7,14.7,,
SYN-00005-00731,731,1876.1,1876.1,1,32,carry,away,A06,44.8,20.9,39.8,21.1,complete,,0,78,,20.3,5,,
SYN-00005-00732,732,1877,1877,1,32,pressure,home,H07,39.8,21.1,,,,,0,78,,,,,
SYN-00005-00733,733,1877,1877,1,32,pass,away,A06,39.8,21.1,64.1,5.8,complete,A05,1,78,68.6,,28.8,right_foot,
SYN-00005-00734,734,1881.4,1881.4,1,32,carry,away,A05,64.1,5.8,51.7,4.9,complete,,0,78,,23.3,12.5,,
SYN-00005-00735,735,1883.3,1883.3,1,32,pass,away,A05,51.7,4.9,23.2,5.1,complete,A11,0,78,65.8,,28.5,right_foot,
SYN-00005-00736,736,1886.1,1886.1,1,32,pass,away,A11,23.2,5.1,23.8,0,out,A08,0,78,50.7,,14.4,right_foot,
SYN-00005-00737,737,1887.2,1887.2,1,32,possession_change,home,H02,23.8,1,,,out_of_play,,0,79,,,,,
SYN-00005-00738,738,1905,1905,1,32,pressure,away,A11,23.8,1,,,,,0,79,,,,,
SYN-00005-00739,739,1905,1905,1,32,pass,home,H02,23.8,1,12.1,20.8,intercepted,H03,1,79,63.7,,25.9,left_foot,
SYN-00005-00740,740,1906.3,1906.3,1,32,interception,away,A10,12.1,20.8,,,won,,0,79,,,,,
SYN-00005-00741,741,1906.3,1906.3,1,32,possession_change,away,A10,12.1,20.8,,,interception,,0,80,,,,,
SYN-00005-00742,742,1906.9,1906.9,1,32,shot,away,A10,12.1,20.8,0,29,off_target,,0,80,65.3,,17.9,foot,0.083
SYN-00005-00743,743,1908.4,1908.4,1,32,possession_change,home,H01,6,34,,,goal_kick,,0,81,,,,,
SYN-00005-00744,744,1927.8,1927.8,1,33,pressure,away,A10,6,34,,,,,0,81,,,,,
SYN-00005-00745,745,1927.8,1927.8,1,33,pass,home,H01,6,34,8.1,0,out,H03,1,81,25.7,,4.3,right_foot,
SYN-00005-00746,746,1928.4,1928.4,1,33,possession_change,away,A11,8.1,1,,,out_of_play,,0,82,,,,,
SYN-00005-00747,747,1944.8,1944.8,1,33,pressure,home,H02,8.1,1,,,,,0,82,,,,,
SYN-00005-00748,748,1944.8,1944.8,1,33,pass,away,A11,8.1,1,6.6,27.4,intercepted,A10,1,82,72.8,,31.2,right_foot,
SYN-00005-00749,749,1946.1,1946.1,1,33,interception,home,H04,6.6,27.4,,,won,,0,82,,,,,
SYN-00005-00750,750,1946.1,1946.1,1,33,possession_change,home,H04,6.6,27.4,,,interception,,0,83,,,,,
SYN-00005-00751,751,1946.8,1946.8,1,33,pressure,away,A10,6.6,27.4,,,,,0,83,,,,,
SYN-00005-00752,752,1946.8,1946.8,1,33,pass,home,H04,6.6,27.4,15.8,58.6,complete,H05,1,83,64.5,,32.5,right_foot,
SYN-00005-00753,753,1950.2,1950.2,1,33,pass,home,H05,15.8,58.6,7.9,49.2,complete,H04,0,83,50,,12.3,right_foot,
SYN-00005-00754,754,1952.6,1952.6,1,33,pass,home,H04,7.9,49.2,21.6,37.8,complete,H06,0,83,47.3,,17.8,right_foot,
SYN-00005-00755,755,1956.8,1956.8,1,33,pass,home,H06,21.6,37.8,18,57.1,complete,H05,0,83,43.3,,19.5,head,
SYN-00005-00756,756,1959.8,1959.8,1,33,pressure,away,A10,18,57.1,,,,,0,83,,,,,
SYN-00005-00757,757,1959.8,1959.8,1,33,pass,home,H05,18,57.1,6.5,38.9,complete,H01,1,83,55.1,,21.5,left_foot,
SYN-00005-00758,758,1963.9,1963.9,1,33,carry,home,H01,6.5,38.9,13.1,44.5,complete,,0,83,,19.6,8.7,,
SYN-00005-00759,759,1965.5,1965.5,1,33,pass,home,H01,13.1,44.5,37.2,47.8,complete,H08,0,83,61.2,,24.3,right_foot,
SYN-00005-00760,760,1968.5,1968.5,1,33,pass,home,H08,37.2,47.8,14.3,47.3,complete,H04,0,83,60.6,,22.9,left_foot,
SYN-00005-00761,761,1971.7,1971.7,1,33,pass,home,H04,14.3,47.3,23.2,32.5,complete,H06,0,83,52.7,,17.3,right_foot,
SYN-00005-00762,762,1974.7,1974.7,1,33,pressure,away,A10,23.2,32.5,,,,,0,83,,,,,
SYN-00005-00763,763,1974.7,1974.7,1,33,pass,home,H06,23.2,32.5,25.1,58.4,incomplete,H05,1,83,52.1,,22,left_foot,
SYN-00005-00764,764,1978.6,1978.6,1,33,possession_change,away,A09,25.1,58.4,,,recovery,,0,84,,,,,
SYN-00005-00765,765,1978.6,1978.6,1,33,pass,away,A09,25.1,58.4,12.2,12.5,complete,A11,0,84,94,,47.7,right_foot,
SYN-00005-00766,766,1983.4,1983.4,1,34,pass,away,A11,12.2,12.5,6.5,49.6,complete,A09,0,84,80.2,,37.5,right_foot,
SYN-00005-00767,767,1986.3,1986.3,1,34,pass,away,A09,6.5,49.6,1,31.9,complete,A10,0,84,47.9,,18.5,right_foot,
SYN-00005-00768,768,1990.7,1990.7,1,34,pressure,home,H01,1,31.9,,,,,0,84,,,,,
SYN-00005-00769,769,1990.7,1990.7,1,34,carry,away,A10,1,31.9,1,38,complete,,1,84,,17.3,7.4,,
SYN-00005-00770,770,1992.2,1992.2,1,34,pass,away,A10,1,38,1,11.6,complete,A11,0,84,53,,26.4,right_foot,
SYN-00005-00771,771,1996,1996,1,34,pass,away,A11,1,11.6,25.8,15.3,complete,A08,0,84,69.4,,25.1,head,
SYN-00005-00772,772,1999.3,1999.3,1,34,pass,away,A08,25.8,15.3,34.9,39.3,complete,A07,0,84,60.6,,25.7,right_foot,
SYN-00005-00773,773,2002,2002,1,34,sprint,away,A07,41.7,47.3,,,,,0,84,,30.2,30.9,,
SYN-00005-00774,774,2002,2002,1,34,pass,away,A07,34.9,39.3,10.8,33.4,complete,A10,0,84,65.1,,24.8,left_foot,
SYN-00005-00775,775,2005.5,2005.5,1,34,shot,away,A10,10.8,33.4,8.8,33.4,blocked,,0,84,77.7,,10.8,foot,0.256
SYN-00005-00776,776,2007.5,2007.5,1,34,pass,away,A10,18.7,33.4,12.6,53.1,complete,A09,0,84,56.9,,20.6,left_foot,
SYN-00005-00777,777,2010,2010,1,34,pass,away,A09,12.6,53.1,5.7,18.9,complete,A11,0,84,74.4,,34.9,right_foot,
SYN-00005-00778,778,2014.3,2014.3,1,34,pass,away,A11,5.7,18.9,4.2,0,out,A10,0,84,35.3,,10.9,right_foot,
SYN-00005-00779,779,2015.4,2015.4,1,34,possession_change,home,H02,4.2,1,,,out_of_play,,0,85,,,,,
SYN-00005-00780,780,2030.4,2030.4,1,34,carry,home,H02,4.2,1,10.1,1,complete,,0,85,,22.4,6.8,,
SYN-00005-00781,781,2031.5,2031.5,1,34,pressure,away,A11,10.1,1,,,,,0,85,,,,,
SYN-00005-00782,782,2031.5,2031.5,1,34,carry,home,H02,10.1,1,14.3,3.5,complete,,1,85,,25.5,5,,
SYN-00005-00783,783,2032.2,2032.2,1,34,sprint,home,H09,62.2,2.4,,,,,0,85,,28,26.8,,
SYN-00005-00784,784,2032.2,2032.2,1,34,pressure,away,A11,14.3,3.5,,,,,0,85,,,,,
SYN-00005-00785,785,2032.2,2032.2,1,34,pass,home,H02,14.3,3.5,25.7,23.7,complete,H06,1,85,52.3,,23.1,right_foot,
SYN-00005-00786,786,2034.8,2034.8,1,34,carry,home,H06,25.7,23.7,29.1,18.3,complete,,0,85,,22,6.3,,
SYN-00005-00787,787,2035.8,2035.8,1,34,pass,home,H06,29.1,18.3,69.4,5.7,complete,H09,0,85,85.9,,42.3,left_foot,
SYN-00005-00788,788,2039.5,2039.5,1,34,sprint,away,A08,74.1,10.7,,,,,0,85,,29.5,43.9,,
SYN-00005-00789,789,2039.5,2039.5,1,34,carry,home,H09,69.4,5.7,72.4,7.8,dispossessed,,0,85,,16,3.7,,
SYN-00005-00790,790,2040.3,2040.3,1,35,tackle,away,A08,72.4,7.8,,,won,,0,85,,,,,
SYN-00005-00791,791,2040.3,2040.3,1,35,possession_change,away,A08,72.4,7.8,,,tackle,,0,86,,,,,
SYN-00005-00792,792,2041.1,2041.1,1,35,pass,away,A08,72.4,7.8,68.2,26.9,complete,A06,0,86,52.8,,19.6,left_foot,
SYN-00005-00793,793,2044.7,2044.7,1,35,pressure,home,H10,68.2,26.9,,,,,0,86,,,,,
SYN-00005-00794,794,2044.7,2044.7,1,35,pass,away,A06,68.2,26.9,59.3,43.9,complete,A07,1,86,54.4,,19.1,right_foot,
SYN-00005-00795,795,2048.2,2048.2,1,35,carry,away,A07,59.3,43.9,54.9,43.7,complete,,0,86,,19,4.4,,
SYN-00005-00796,796,2049,2049,1,35,pass,away,A07,54.9,43.7,73.7,63.5,complete,A02,0,86,70.2,,27.3,right_foot,
SYN-00005-00797,797,2051.7,2051.7,1,35,sprint,home,H11,57.2,66,,,,,0,86,,32.7,26.2,,
SYN-00005-00798,798,2051.7,2051.7,1,35,pass,away,A02,73.7,63.5,72.6,41.9,complete,A06,0,86,50,,21.6,right_foot,
SYN-00005-00799,799,2055,2055,1,35,pass,away,A06,72.6,41.9,58.1,45,complete,A07,0,86,42.3,,14.8,right_foot,
SYN-00005-00800,800,2057.7,2057.7,1,35,pass,away,A07,58.1,45,75.3,64,complete,A02,0,86,62.6,,25.7,left_foot,
SYN-00005-00801,801,2061.8,2061.8,1,35,pass,away,A02,75.3,64,91.1,50.2,complete,A03,0,86,56.6,,21,right_foot,
SYN-00005-00802,802,2065.4,2065.4,1,35,pass,away,A03,91.1,50.2,88.2,17,complete,A05,0,86,72.6,,33.3,right_foot,
SYN-00005-00803,803,2068.9,2068.9,1,35,carry,away,A05,88.2,17,83.1,16.7,complete,,0,86,,24.9,5.2,,
SYN-00005-00804,804,2069.7,2069.7,1,35,pressure,home,H10,83.1,16.7,,,,,0,86,,,,,
SYN-00005-00805,805,2069.7,2069.7,1,35,pass,away,A05,83.1,16.7,67.1,40.2,complete,A07,1,86,59.9,,28.4,right_foot,
SYN-00005-00806,806,2073.9,2073.9,1,35,pass,away,A07,67.1,40.2,62,21.2,complete,A08,0,86,55.4,,19.7,left_foot,
SYN-00005-00807,807,2077.1,2077.1,1,35,pass,away,A08,62,21.2,53.4,41.4,complete,A07,0,86,45.5,,21.9,right_foot,
SYN-00005-00808,808,2080.3,2080.3,1,35,pass,away,A07,53.4,41.4,60,39.4,complete,A06,0,86,38,,6.8,right_foot,
SYN-00005-00809,809,2083.5,2083.5,1,35,pass,away,A06,60,39.4,73.7,10.6,incomplete,A05,0,86,67.6,,35.7,right_foot,
SYN-00005-00810,810,2087.6,2087.6,1,35,possession_change,home,H09,73.7,10.6,,,recovery,,0,87,,,,,
SYN-00005-00811,811,2087.6,2087.6,1,35,pass,home,H09,73.7,10.6,68.2,35.1,incomplete,H08,0,87,64.5,,29.2,right_foot,
SYN-00005-00812,812,2090.6,2090.6,1,35,possession_change,away,A07,68.2,35.1,,,recovery,,0,88,,,,,
SYN-00005-00813,813,2090.6,2090.6,1,35,pass,away,A07,68.2,35.1,87.8,27.7,complete,A04,0,88,58.9,,21,right_foot,
SYN-00005-00814,814,2093.9,2093.9,1,35,pressure,home,H10,87.8,27.7,,,,,0,88,,,,,
SYN-00005-00815,815,2093.9,2093.9,1,35,carry,away,A04,87.8,27.7,85.8,30.9,dispossessed,,1,88,,15.1,3.8,,
SYN-00005-00816,816,2094.8,2094.8,1,35,tackle,home,H10,85.8,30.9,,,won,,0,88,,,,,
SYN-00005-00817,817,2094.8,2094.8,1,35,possession_change,home,H10,85.8,30.9,,,tackle,,0,89,,,,,
SYN-00005-00818,818,2096,2096,1,35,pass,home,H10,85.8,30.9,67.9,42.2,complete,H08,0,89,46.6,,21.2,left_foot,
SYN-00005-00819,819,2099.4,2099.4,1,35,pass,home,H08,67.9,42.2,97.4,28.3,incomplete,H10,0,89,71.9,,32.7,left_foot,
SYN-00005-00820,820,2102.5,2102.5,1,36,possession_change,away,A04,97.4,28.3,,,recovery,,0,90,,,,,
SYN-00005-00821,821,2102.5,2102.5,1,36,pressure,home,H10,97.4,28.3,,,,,0,90,,,,,
SYN-00005-00822,822,2102.5,2102.5,1,36,pass,away,A04,97.4,28.3,71.2,17.7,complete,A08,1,90,70.7,,28.3,right_foot,
SYN-00005-00823,823,2106.9,2106.9,1,36,carry,away,A08,71.2,17.7,56.5,14.5,complete,,0,90,,23.7,15,,
SYN-00005-00824,824,2109.2,2109.2,1,36,sprint,away,A02,73.4,53.1,,,,,0,90,,28,46.4,,
SYN-00005-00825,825,2109.2,2109.2,1,36,carry,away,A08,56.5,14.5,51,16.4,complete,,0,90,,23.4,5.8,,
SYN-00005-00826,826,2110.1,2110.1,1,36,pass,away,A08,51,16.4,49.6,40.7,incomplete,A07,0,90,60.1,,26.5,right_foot,
SYN-00005-00827,827,2112.7,2112.7,1,36,possession_change,home,H11,49.6,40.7,,,recovery,,0,91,,,,,
SYN-00005-00828,828,2112.7,2112.7,1,36,pass,home,H11,49.6,40.7,56.7,0,out,H07,0,91,53.3,,19.2,right_foot,
SYN-00005-00829,829,2114,2114,1,36,possession_change,away,A11,56.7,1,,,out_of_play,,0,92,,,,,
SYN-00005-00830,830,2128.8,2128.8,1,36,pass,away,A11,56.7,1,46.8,13.3,complete,A08,0,92,56.1,,15.9,right_foot,
SYN-00005-00831,831,2131.9,2131.9,1,36,pressure,home,H09,46.8,13.3,,,,,0,92,,,,,
SYN-00005-00832,832,2131.9,2131.9,1,36,pass,away,A08,46.8,13.3,19.2,4,complete,A11,1,92,57.3,,29.1,right_foot,
SYN-00005-00833,833,2135.5,2135.5,1,36,carry,away,A11,19.2,4,3.6,2.2,complete,,0,92,,17.2,15.7,,
SYN-00005-00834,834,2138.8,2138.8,1,36,pass,away,A11,3.6,2.2,1,25,complete,A10,0,92,52.4,,22.9,right_foot,
SYN-00005-00835,835,2143.3,2143.3,1,36,pass,away,A10,1,25,31.7,25,complete,A08,0,92,63.7,,30.7,left_foot,
SYN-00005-00836,836,2146,2146,1,36,pressure,home,H07,31.7,25,,,,,0,92,,,,,
SYN-00005-00837,837,2146,2146,1,36,pass,away,A08,31.7,25,0,0,out,A10,1,92,67.1,,28.4,right_foot,
SYN-00005-00838,838,2147.5,2147.5,1,36,possession_change,home,H02,1,1,,,out_of_play,,0,93,,,,,
SYN-00005-00839,839,2163.1,2163.1,1,37,pass,home,H02,1,1,4.1,23.5,complete,H01,0,93,57.8,,22.7,right_foot,
SYN-00005-00840,840,2166.1,2166.1,1,37,carry,home,H01,4.1,23.5,8.5,19.6,complete,,0,93,,14.8,5.9,,
SYN-00005-00841,841,2167.5,2167.5,1,37,pressure,away,A10,8.5,19.6,,,,,0,93,,,,,
SYN-00005-00842,842,2167.5,2167.5,1,37,pass,home,H01,8.5,19.6,17.9,4.6,complete,H02,1,93,48.9,,17.7,right_foot,
SYN-00005-00843,843,2171.7,2171.7,1,37,carry,home,H02,17.9,4.6,23.8,4.8,dispossessed,,0,93,,21.9,6,,
SYN-00005-00844,844,2172.7,2172.7,1,37,tackle,away,A11,23.8,4.8,,,won,,0,93,,,,,
SYN-00005-00845,845,2172.7,2172.7,1,37,possession_change,away,A11,23.8,4.8,,,tackle,,0,94,,,,,
SYN-00005-00846,846,2173.4,2173.4,1,37,pass,away,A11,23.8,4.8,1,27.2,incomplete,A10,0,94,64.4,,31.1,right_foot,
SYN-00005-00847,847,2176.8,2176.8,1,37,possession_change,home,H01,1,27.2,,,recovery,,0,95,,,,,
SYN-00005-00848,848,2176.8,2176.8,1,37,pass,home,H01,1,27.2,10.4,7.6,complete,H02,0,95,54.7,,21.8,right_foot,
SYN-00005-00849,849,2180.2,2180.2,1,37,pass,home,H02,10.4,7.6,3,10.3,complete,H03,0,95,33,,8,right_foot,
SYN-00005-00850,850,2183.3,2183.3,1,37,pass,home,H03,3,10.3,23.8,30.6,complete,H06,0,95,68.4,,29.1,right_foot,
SYN-00005-00851,851,2186.9,2186.9,1,37,pass,home,H06,23.8,30.6,8.9,41.6,complete,H04,0,95,54.2,,18.5,right_foot,
SYN-00005-00852,852,2189.6,2189.6,1,37,pass,home,H04,8.9,41.6,43.2,50.5,complete,H08,0,95,77.7,,35.4,left_foot,
SYN-00005-00853,853,2192.8,2192.8,1,37,pass,home,H08,43.2,50.5,22.5,53.4,complete,H04,0,95,56.9,,20.9,right_foot,
SYN-00005-00854,854,2196.5,2196.5,1,37,pass,home,H04,22.5,53.4,38.8,47.8,complete,H08,0,95,48.4,,17.2,left_foot,
SYN-00005-00855,855,2199.9,2199.9,1,37,pass,home,H08,38.8,47.8,39.2,38,complete,H06,0,95,46.2,,9.8,right_foot,
SYN-00005-00856,856,2203.7,2203.7,1,37,carry,home,H06,39.2,38,49.9,39.3,complete,,0,95,,19.6,10.8,,
SYN-00005-00857,857,2205.7,2205.7,1,37,pass,home,H06,49.9,39.3,57.9,52.8,complete,H08,0,95,35.8,,15.7,right_foot,
SYN-00005-00858,858,2210,2210,1,37,pass,home,H08,57.9,52.8,37.1,60.8,complete,H05,0,95,56.5,,22.3,right_foot,
SYN-00005-00859,859,2214.1,2214.1,1,37,pass,home,H05,37.1,60.8,48.5,52.1,complete,H08,0,95,48.4,,14.3,left_foot,
SYN-00005-00860,860,2217.5,2217.5,1,37,pressure,away,A10,48.5,52.1,,,,,0,95,,,,,
SYN-00005-00861,861,2217.5,2217.5,1,37,pass,home,H08,48.5,52.1,44.7,45.4,complete,H06,1,95,40,,7.6,right_foot,
SYN-00005-00862,862,2220.6,2220.6,1,38,pass,home,H06,44.7,45.4,16.2,45.4,complete,H04,0,95,66.5,,28.5,right_foot,
SYN-00005-00863,863,2224.1,2224.1,1,38,carry,home,H04,16.2,45.4,19.3,40.7,complete,,0,95,,16.8,5.6,,
SYN-00005-00864,864,2225.3,2225.3,1,38,pass,home,H04,19.3,40.7,18.3,59.4,complete,H05,0,95,55.4,,18.7,left_foot,
SYN-00005-00865,865,2227.8,2227.8,1,38,pass,home,H05,18.3,59.4,9,50.5,complete,H04,0,95,40.6,,12.9,left_foot,
SYN-00005-00866,866,2231.2,2231.2,1,38,pass,home,H04,9,50.5,35,0,out,H07,0,95,83.7,,41.3,left_foot,
SYN-00005-00867,867,2233,2233,1,38,possession_change,away,A11,35,1,,,out_of_play,,0,96,,,,,
SYN-00005-00868,868,2252.9,2252.9,1,38,pass,away,A11,35,1,45.2,18.6,complete,A08,0,96,59.7,,20.4,right_foot,
SYN-00005-00869,869,2256.1,2256.1,1,38,carry,away,A08,45.2,18.6,34.9,24.3,complete,,0,96,,23.1,11.8,,
SYN-00005-00870,870,2257.9,2257.9,1,38,pressure,home,H07,34.9,24.3,,,,,0,96,,,,,
SYN-00005-00871,871,2257.9,2257.9,1,38,pass,away,A08,34.9,24.3,5.2,31.8,incomplete,A10,1,96,63.1,,27.6,right_foot,
SYN-00005-00872,872,2260.8,2260.8,1,38,possession_change,home,H01,5.2,31.8,,,recovery,,0,97,,,,,
SYN-00005-00873,873,2260.8,2260.8,1,38,pass,home,H01,5.2,31.8,20.1,40.8,complete,H06,0,97,42.2,,17.4,left_foot,
SYN-00005-00874,874,2264.4,2264.4,1,38,pressure,away,A10,20.1,40.8,,,,,0,97,,,,,
SYN-00005-00875,875,2264.4,2264.4,1,38,carry,home,H06,20.1,40.8,23.3,44.2,dispossessed,,1,97,,15.1,4.7,,
SYN-00005-00876,876,2265.5,2265.5,1,38,foul,away,A10,23.3,44.2,,,free_kick,,0,97,,,,,
SYN-00005-00877,877,2287.4,2287.4,1,39,pass,home,H06,23.3,44.2,43.5,50.9,complete,H08,0,98,56.4,,21.3,left_foot,
SYN-00005-00878,878,2290.2,2290.2,1,39,pass,home,H08,43.5,50.9,39.4,37.7,complete,H06,0,98,48.6,,13.9,right_foot,
SYN-00005-00879,879,2292.5,2292.5,1,39,pass,home,H06,39.4,37.7,47.9,20,complete,H07,0,98,61.7,,19.7,right_foot,
SYN-00005-00880,880,2296,2296,1,39,carry,home,H07,47.9,20,53.6,20.8,complete,,0,98,,24,5.8,,
SYN-00005-00881,881,2296.9,2296.9,1,39,pass,home,H07,53.6,20.8,35.6,1.2,complete,H02,0,98,66.4,,26.6,right_foot,
SYN-00005-00882,882,2299.5,2299.5,1,39,pressure,away,A11,35.6,1.2,,,,,0,98,,,,,
SYN-00005-00883,883,2299.5,2299.5,1,39,pass,home,H02,35.6,1.2,15.1,11.5,complete,H03,1,98,59.8,,22.9,left_foot,
SYN-00005-00884,884,2303.1,2303.1,1,39,pass,home,H03,15.1,11.5,8.5,27.4,complete,H01,0,98,53.6,,17.2,left_foot,
SYN-00005-00885,885,2306.6,2306.6,1,39,carry,home,H01,8.5,27.4,20,26.3,complete,,0,98,,20,11.5,,
SYN-00005-00886,886,2308.7,2308.7,1,39,pass,home,H01,20,26.3,8.8,22.5,complete,H03,0,98,42.8,,11.9,right_foot,
SYN-00005-00887,887,2312.5,2312.5,1,39,carry,home,H03,8.8,22.5,9.6,26.8,complete,,0,98,,18,4.4,,
SYN-00005-00888,888,2313.4,2313.4,1,39,pass,home,H03,9.6,26.8,13.9,54.5,complete,H05,0,98,75.7,,28,left_foot,
SYN-00005-00889,889,2316.9,2316.9,1,39,carry,home,H05,13.9,54.5,27.5,57.1,complete,,0,98,,24.6,13.9,,
SYN-00005-00890,890,2319,2319,1,39,pass,home,H05,27.5,57.1,45.8,52.8,complete,H08,0,98,50.1,,18.8,right_foot,
SYN-00005-00891,891,2322.1,2322.1,1,39,pass,home,H08,45.8,52.8,17.3,47.3,complete,H04,0,98,62.5,,29,right_foot,
SYN-00005-00892,892,2325.1,2325.1,1,39,pass,home,H04,17.3,47.3,23.9,65.4,complete,H05,0,98,52.7,,19.3,left_foot,
SYN-00005-00893,893,2328.1,2328.1,1,39,pass,home,H05,23.9,65.4,42.3,52.9,complete,H08,0,98,52.1,,22.2,right_foot,
SYN-00005-00894,894,2331.8,2331.8,1,39,pass,home,H08,42.3,52.9,50,24.2,complete,H07,0,98,60.2,,29.8,right_foot,
SYN-00005-00895,895,2334.7,2334.7,1,39,pass,home,H07,50,24.2,36.9,32.2,complete,H06,0,98,53.4,,15.4,right_foot,
SYN-00005-00896,896,2337.9,2337.9,1,39,sprint,home,H07,48.4,21.6,,,,,0,98,,27.4,47.8,,
SYN-00005-00897,897,2337.9,2337.9,1,39,pass,home,H06,36.9,32.2,48.3,20.4,complete,H07,0,98,46.3,,16.4,right_foot,
SYN-00005-00898,898,2341.6,2341.6,1,40,carry,home,H07,48.3,20.4,56.1,23.4,complete,,0,98,,18.4,8.3,,
SYN-00005-00899,899,2343.2,2343.2,1,40,carry,home,H07,56.1,23.4,69.7,17.1,complete,,0,98,,17.2,15,,
SYN-00005-00900,900,2346.3,2346.3,1,40,pressure,away,A08,69.7,17.1,,,,,0,98,,,,,
SYN-00005-00901,901,2346.3,2346.3,1,40,pass,home,H07,69.7,17.1,42,51.2,complete,H05,1,98,83.7,,43.9,head,
SYN-00005-00902,902,2349.6,2349.6,1,40,carry,home,H05,42,51.2,45.6,45.9,complete,,0,98,,16,6.4,,
SYN-00005-00903,903,2351,2351,1,40,pass,home,H05,45.6,45.9,55.8,46,complete,H08,0,98,35.8,,10.3,right_foot,
SYN-00005-00904,904,2354.7,2354.7,1,40,sprint,away,A10,48.9,38.8,,,,,0,98,,33,26.2,,
SYN-00005-00905,905,2354.7,2354.7,1,40,pass,home,H08,55.8,46,34.4,65.6,complete,H05,0,98,68.9,,29.1,left_foot,
SYN-00005-00906,906,2358.8,2358.8,1,40,pass,home,H05,34.4,65.6,35.4,35.4,incomplete,H06,0,98,66,,31.8,right_foot,
SYN-00005-00907,907,2361.8,2361.8,1,40,possession_change,away,A10,35.4,35.4,,,recovery,,0,99,,,,,
SYN-00005-00908,908,2361.8,2361.8,1,40,carry,away,A10,35.4,35.4,26.7,27.9,complete,,0,99,,15.3,11.5,,
SYN-00005-00909,909,2364.5,2364.5,1,40,pass,away,A10,26.7,27.9,35.7,42.8,complete,A07,0,99,47,,17.4,right_foot,
SYN-00005-00910,910,2367.6,2367.6,1,40,pass,away,A07,35.7,42.8,41.8,24.3,complete,A08,0,99,63.9,,19.5,left_foot,
SYN-00005-00911,911,2370.3,2370.3,1,40,pressure,home,H07,41.8,24.3,,,,,0,99,,,,,
SYN-00005-00912,912,2370.3,2370.3,1,40,pass,away,A08,41.8,24.3,15.5,50.9,complete,A09,1,99,76.4,,37.4,right_foot,
SYN-00005-00913,913,2374.7,2374.7,1,40,pass,away,A09,15.5,50.9,26.7,47.5,intercepted,A07,0,99,50,,19.1,right_foot,
SYN-00005-00914,914,2375.6,2375.6,1,40,interception,home,H08,26.7,47.5,,,won,,0,99,,,,,
SYN-00005-00915,915,2375.6,2375.6,1,40,possession_change,home,H08,26.7,47.5,,,interception,,0,100,,,,,
SYN-00005-00916,916,2376.1,2376.1,1,40,carry,home,H08,26.7,47.5,32,46.4,complete,,0,100,,25.5,5.3,,
SYN-00005-00917,917,2376.8,2376.8,1,40,pass,home,H08,32,46.4,6.2,48.9,complete,H04,0,100,58,,25.9,left_foot,
SYN-00005-00918,918,2380.7,2380.7,1,40,pressure,away,A10,6.2,48.9,,,,,0,100,,,,,
SYN-00005-00919,919,2380.7,2380.7,1,40,carry,home,H04,6.2,48.9,12.2,50.9,dispossessed,,1,100,,20.4,6.3,,
SYN-00005-00920,920,2381.9,2381.9,1,40,foul,away,A10,12.2,50.9,,,free_kick,,0,100,,,,,
SYN-00005-00921,921,2406.3,2406.3,1,41,pass,home,H04,12.2,50.9,31.5,54.4,complete,H08,0,101,51,,19.6,right_foot,
SYN-00005-00922,922,2410.6,2410.6,1,41,pass,home,H08,31.5,54.4,17.6,27.1,complete,H03,0,101,75,,30.6,right_foot,
SYN-00005-00923,923,2413.4,2413.4,1,41,pass,home,H03,17.6,27.1,16.8,9.9,complete,H02,0,101,43.7,,17.3,head,
SYN-00005-00924,924,2417.4,2417.4,1,41,pressure,away,A10,16.8,9.9,,,,,0,101,,,,,
SYN-00005-00925,925,2417.4,2417.4,1,41,pass,home,H02,16.8,9.9,10.1,37.7,complete,H04,1,101,62.8,,28.7,left_foot,
SYN-00005-00926,926,2420.7,2420.7,1,41,carry,home,H04,10.1,37.7,21,44.7,complete,,0,101,,20.5,12.9,,
SYN-00005-00927,927,2422.9,2422.9,1,41,pass,home,H04,21,44.7,8.5,26.8,complete,H03,0,101,54.8,,21.8,right_foot,
SYN-00005-00928,928,2426.2,2426.2,1,41,pass,home,H03,8.5,26.8,12.2,10.6,complete,H02,0,101,50.5,,16.6,right_foot,
SYN-00005-00929,929,2428.5,2428.5,1,41,pass,home,H02,12.2,10.6,21.6,31.2,complete,H06,0,101,59.5,,22.6,head,
SYN-00005-00930,930,2432.5,2432.5,1,41,pressure,away,A10,21.6,31.2,,,,,0,101,,,,,
SYN-00005-00931,931,2432.5,2432.5,1,41,pass,home,H06,21.6,31.2,4.5,45,complete,H04,1,101,50.1,,21.9,right_foot,
SYN-00005-00932,932,2436.5,2436.5,1,41,pass,home,H04,4.5,45,7,62.2,complete,H05,0,101,49.7,,17.5,left_foot,
SYN-00005-00933,933,2438.9,2438.9,1,41,carry,home,H05,7,62.2,12.5,60.8,complete,,0,101,,20.3,5.7,,
SYN-00005-00934,934,2439.9,2439.9,1,41,pressure,away,A10,12.5,60.8,,,,,0,101,,,,,
SYN-00005-00935,935,2439.9,2439.9,1,41,pass,home,H05,12.5,60.8,40.9,52.3,complete,H08,1,101,64.2,,29.6,right_foot,
SYN-00005-00936,936,2443.8,2443.8,1,41,pressure,away,A10,40.9,52.3,,,,,0,101,,,,,
SYN-00005-00937,937,2443.8,2443.8,1,41,pass,home,H08,40.9,52.3,39.6,37.9,complete,H06,1,101,42.1,,14.5,head,
SYN-00005-00938,938,2447.8,2447.8,1,41,pass,home,H06,39.6,37.9,19.3,44.1,complete,H04,0,101,63.4,,21.3,right_foot,
SYN-00005-00939,939,2450.2,2450.2,1,41,pressure,away,A10,19.3,44.1,,,,,0,101,,,,,
SYN-00005-00940,940,2450.2,2450.2,1,41,pass,home,H04,19.3,44.1,19.4,13.3,complete,H02,1,101,72.2,,30.8,right_foot,
SYN-00005-00941,941,2454.3,2454.3,1,41,pass,home,H02,19.4,13.3,7.9,34.2,complete,H04,0,101,62.7,,23.8,right_foot,
SYN-00005-00942,942,2457.8,2457.8,1,41,pressure,away,A10,7.9,34.2,,,,,0,101,,,,,
SYN-00005-00943,943,2457.8,2457.8,1,41,pass,home,H04,7.9,34.2,13.5,0,out,H02,1,101,63.6,,23.7,right_foot,
SYN-00005-00944,944,2459.1,2459.1,1,41,possession_change,away,A11,13.5,1,,,out_of_play,,0,102,,,,,
SYN-00005-00945,945,2472.7,2472.7,1,42,pressure,home,H02,13.5,1,,,,,0,102,,,,,
SYN-00005-00946,946,2472.7,2472.7,1,42,pass,away,A11,13.5,1,7.5,25.7,incomplete,A10,1,102,58.9,,24.5,right_foot,
SYN-00005-00947,947,2475.6,2475.6,1,42,possession_change,home,H04,7.5,25.7,,,recovery,,0,103,,,,,
SYN-00005-00948,948,2475.6,2475.6,1,42,pass,home,H04,7.5,25.7,4,16.6,complete,H03,0,103,37.9,,9.7,left_foot,
SYN-00005-00949,949,2479,2479,1,42,pressure,away,A10,4,16.6,,,,,0,103,,,,,
SYN-00005-00950,950,2479,2479,1,42,pass,home,H03,4,16.6,1.9,37.3,complete,H04,1,103,62.3,,20.9,left_foot,
SYN-00005-00951,951,2482.5,2482.5,1,42,pass,home,H04,1.9,37.3,17.9,36.8,complete,H06,0,103,42.7,,16,left_foot,
SYN-00005-00952,952,2485.8,2485.8,1,42,pass,home,H06,17.9,36.8,3.4,39.1,complete,H01,0,103,43.4,,14.7,right_foot,
SYN-00005-00953,953,2489,2489,1,42,pressure,away,A10,3.4,39.1,,,,,0,103,,,,,
SYN-00005-00954,954,2489,2489,1,42,pass,home,H01,3.4,39.1,0,68,out,H05,1,103,57.9,,21.2,right_foot,
SYN-00005-00955,955,2490.3,2490.3,1,42,possession_change,away,A09,1,67,,,out_of_play,,0,104,,,,,
SYN-00005-00956,956,2506.7,2506.7,1,42,pass,away,A09,1,67,9,68,out,A10,0,104,52.8,,20.2,right_foot,
SYN-00005-00957,957,2508.1,2508.1,1,42,possession_change,home,H05,9,67,,,out_of_play,,0,105,,,,,
SYN-00005-00958,958,2524.4,2524.4,1,43,sprint,home,H11,59.8,66,,,,,0,105,,33.6,48.3,,
SYN-00005-00959,959,2524.4,2524.4,1,43,pass,home,H05,9,67,19.8,43.2,complete,H06,0,105,65.9,,26.2,right_foot,
SYN-00005-00960,960,2527.2,2527.2,1,43,pressure,away,A10,19.8,43.2,,,,,0,105,,,,,
SYN-00005-00961,961,2527.2,2527.2,1,43,carry,home,H06,19.8,43.2,20.7,38.8,complete,,1,105,,23.9,4.5,,
SYN-00005-00962,962,2527.8,2527.8,1,43,pass,home,H06,20.7,38.8,3,34.7,complete,H01,0,105,53.9,,18.2,left_foot,
SYN-00005-00963,963,2530.8,2530.8,1,43,pressure,away,A10,3,34.7,,,,,0,105,,,,,
SYN-00005-00964,964,2530.8,2530.8,1,43,pass,home,H01,3,34.7,16.5,11.3,complete,H02,1,105,63.6,,27,right_foot,
SYN-00005-00965,965,2534.2,2534.2,1,43,carry,home,H02,16.5,11.3,27.2,10.9,complete,,0,105,,23.1,10.7,,
SYN-00005-00966,966,2535.8,2535.8,1,43,pressure,away,A10,27.2,10.9,,,,,0,105,,,,,
SYN-00005-00967,967,2535.8,2535.8,1,43,pass,home,H02,27.2,10.9,39.9,28.9,incomplete,H06,1,105,58,,22.5,right_foot,
SYN-00005-00968,968,2538.7,2538.7,1,43,possession_change,away,A10,39.9,28.9,,,recovery,,0,106,,,,,
SYN-00005-00969,969,2538.7,2538.7,1,43,sprint,away,A02,66,56.7,,,,,0,106,,29.1,16,,
SYN-00005-00970,970,2538.7,2538.7,1,43,carry,away,A10,39.9,28.9,34.3,18.4,complete,,0,106,,22.9,11.9,,
SYN-00005-00971,971,2540.6,2540.6,1,43,sprint,away,A08,41.5,18.1,,,,,0,106,,30.6,16.6,,
SYN-00005-00972,972,2540.6,2540.6,1,43,pass,away,A10,34.3,18.4,50.2,26.3,complete,A06,0,106,53.1,,17.8,right_foot,
SYN-00005-00973,973,2543.6,2543.6,1,43,carry,away,A06,50.2,26.3,44.6,29.4,complete,,0,106,,15.4,6.5,,
SYN-00005-00974,974,2545.1,2545.1,1,43,pass,away,A06,44.6,29.4,47.9,38.8,complete,A07,0,106,38.9,,9.9,left_foot,
SYN-00005-00975,975,2548,2548,1,43,pass,away,A07,47.9,38.8,63.4,39.3,complete,A06,0,106,46,,15.6,right_foot,
SYN-00005-00976,976,2551.9,2551.9,1,43,pass,away,A06,63.4,39.3,32,8.4,complete,A11,0,106,87.7,,44.1,head,
SYN-00005-00977,977,2556.3,2556.3,1,43,pass,away,A11,32,8.4,38.5,39.4,complete,A07,0,106,69.3,,31.6,right_foot,
SYN-00005-00978,978,2560.3,2560.3,1,43,carry,away,A07,38.5,39.4,32.9,37.6,complete,,0,106,,15.7,5.9,,
SYN-00005-00979,979,2561.7,2561.7,1,43,pass,away,A07,32.9,37.6,42.3,22.7,complete,A08,0,106,46.6,,17.6,right_foot,
SYN-00005-00980,980,2565.3,2565.3,1,43,sprint,home,H08,32.9,41.5,,,,,0,106,,28,38.2,,
SYN-00005-00981,981,2565.3,2565.3,1,43,pressure,home,H07,42.3,22.7,,,,,0,106,,,,,
SYN-00005-00982,982,2565.3,2565.3,1,43,pass,away,A08,42.3,22.7,60.8,32.6,complete,A06,1,106,56.5,,20.9,left_foot,
SYN-00005-00983,983,2568.6,2568.6,1,43,pass,away,A06,60.8,32.6,52.8,50.8,complete,A07,0,106,60.7,,19.9,right_foot,
SYN-00005-00984,984,2571.6,2571.6,1,43,sprint,away,A10,15.8,38.2,,,,,0,106,,29.1,32.1,,
SYN-00005-00985,985,2571.6,2571.6,1,43,pass,away,A07,52.8,50.8,26.9,63.3,complete,A09,0,106,61.9,,28.7,right_foot,
SYN-00005-00986,986,2575.5,2575.5,1,43,shot,away,A09,26.9,63.3,24.9,63.3,blocked,,0,106,103,,39.8,foot,0.004
SYN-00005-00987,987,2577.4,2577.4,1,43,possession_change,home,H08,26.9,63.3,,,blocked_shot,,0,107,,,,,
SYN-00005-00988,988,2578.4,2578.4,1,43,pass,home,H08,26.9,63.3,11.3,47.3,complete,H04,0,107,47,,22.3,right_foot,
SYN-00005-00989,989,2581.8,2581.8,1,44,sprint,home,H09,60.8,13.3,,,,,0,107,,30.7,45.6,,
SYN-00005-00990,990,2581.8,2581.8,1,44,pass,home,H04,11.3,47.3,33.2,42.6,complete,H06,0,107,57.7,,22.4,right_foot,
SYN-00005-00991,991,2584.9,2584.9,1,44,pass,home,H06,33.2,42.6,13.3,49.1,complete,H04,0,107,51.2,,20.9,left_foot,
SYN-00005-00992,992,2588,2588,1,44,pass,home,H04,13.3,49.1,7.1,27.6,complete,H03,0,107,58.8,,22.3,left_foot,
SYN-00005-00993,993,2591.6,2591.6,1,44,pass,home,H03,7.1,27.6,3.2,40.1,complete,H04,0,107,50.4,,13.2,right_foot,
SYN-00005-00994,994,2594.1,2594.1,1,44,pass,home,H04,3.2,40.1,16.8,33,complete,H06,0,107,48.4,,15.4,right_foot,
SYN-00005-00995,995,2597.6,2597.6,1,44,pressure,away,A10,16.8,33,,,,,0,107,,,,,
SYN-00005-00996,996,2597.6,2597.6,1,44,pass,home,H06,16.8,33,13.6,46.1,incomplete,H04,1,107,50.2,,16.3,right_foot,
SYN-00005-00997,997,2600.6,2600.6,1,44,possession_change,away,A10,13.6,46.1,,,recovery,,0,108,,,,,
SYN-00005-00998,998,2600.6,2600.6,1,44,pass,away,A10,13.6,46.1,0,0,out,A11,0,108,75.8,,38.3,left_foot,
SYN-00005-00999,999,2602.4,2602.4,1,44,possession_change,home,H02,1,1,,,out_of_play,,0,109,,,,,
SYN-00005-01000,1000,2617.5,2617.5,1,44,pass,home,H02,1,1,6.8,24.5,complete,H01,0,109,64,,24.2,right_foot,
SYN-00005-01001,1001,2620.3,2620.3,1,44,pressure,away,A10,6.8,24.5,,,,,0,109,,,,,
SYN-00005-01002,1002,2620.3,2620.3,1,44,pass,home,H01,6.8,24.5,4.4,41.7,complete,H04,1,109,45.9,,17.4,right_foot,
SYN-00005-01003,1003,2624.7,2624.7,1,44,pressure,away,A10,4.4,41.7,,,,,0,109,,,,,
SYN-00005-01004,1004,2624.7,2624.7,1,44,pass,home,H04,4.4,41.7,3.4,39,intercepted,H01,1,109,36.9,,5.4,right_foot,
SYN-00005-01005,1005,2624.9,2624.9,1,44,interception,away,A10,3.4,39,,,won,,0,109,,,,,
SYN-00005-01006,1006,2624.9,2624.9,1,44,possession_change,away,A10,3.4,39,,,interception,,0,110,,,,,
SYN-00005-01007,1007,2625.9,2625.9,1,44,pass,away,A10,3.4,39,3.2,55,complete,A09,0,110,56.6,,16.1,right_foot,
SYN-00005-01008,1008,2629.5,2629.5,1,44,pass,away,A09,3.2,55,32.1,50.8,complete,A07,0,110,57.8,,29.1,left_foot,
SYN-00005-01009,1009,2632.5,2632.5,1,44,pass,away,A07,32.1,50.8,61.6,61,complete,A02,0,110,68.9,,31.3,left_foot,
SYN-00005-01010,1010,2636.6,2636.6,1,44,pressure,home,H11,61.6,61,,,,,0,110,,,,,
SYN-00005-01011,1011,2636.6,2636.6,1,44,pass,away,A02,61.6,61,85.1,49.5,complete,A03,1,110,59,,26.1,right_foot,
SYN-00005-01012,1012,2639.4,2639.4,1,44,pass,away,A03,85.1,49.5,80.7,36.1,complete,A06,0,110,41.4,,14.2,right_foot,
SYN-00005-01013,1013,2642.7,2642.7,1,45,pressure,home,H10,80.7,36.1,,,,,0,110,,,,,
SYN-00005-01014,1014,2642.7,2642.7,1,45,carry,away,A06,80.7,36.1,68.1,32.9,complete,,1,110,,24.1,13.1,,
SYN-00005-01015,1015,2644.6,2644.6,1,45,pass,away,A06,68.1,32.9,82.8,25.8,complete,A04,0,110,46,,16.4,right_foot,
SYN-00005-01016,1016,2648.2,2648.2,1,45,pass,away,A04,82.8,25.8,60.5,23.2,complete,A08,0,110,54.8,,22.4,left_foot,
SYN-00005-01017,1017,2652.5,2652.5,1,45,pressure,home,H10,60.5,23.2,,,,,0,110,,,,,
SYN-00005-01018,1018,2652.5,2652.5,1,45,pass,away,A08,60.5,23.2,61.8,30.9,complete,A06,1,110,32.1,,7.8,left_foot,
SYN-00005-01019,1019,2655.6,2655.6,1,45,pass,away,A06,61.8,30.9,51,44.5,complete,A07,0,110,54,,17.4,right_foot,
SYN-00005-01020,1020,2658.6,2658.6,1,45,pass,away,A07,51,44.5,71.2,61.2,complete,A02,0,110,52.9,,26.2,head,
SYN-00005-01021,1021,2662.9,2662.9,1,45,sprint,away,A10,24.1,40.8,,,,,0,110,,33.2,29.4,,
SYN-00005-01022,1022,2662.9,2662.9,1,45,pass,away,A02,71.2,61.2,58.8,53.4,complete,A07,0,110,48.1,,14.7,right_foot,
SYN-00005-01023,1023,2666.9,2666.9,1,45,pass,away,A07,58.8,53.4,75.1,64.1,complete,A02,0,110,52.2,,19.6,left_foot,
SYN-00005-01024,1024,2670.8,2670.8,1,45,pass,away,A02,75.1,64.1,95.6,51.8,complete,A03,0,110,58.4,,23.8,right_foot,
SYN-00005-01025,1025,2675,2675,1,45,pass,away,A03,95.6,51.8,60.4,55.1,complete,A07,0,110,77.1,,35.3,left_foot,
SYN-00005-01026,1026,2678,2678,1,45,pressure,home,H10,60.4,55.1,,,,,0,110,,,,,
SYN-00005-01027,1027,2678,2678,1,45,pass,away,A07,60.4,55.1,78.3,60.2,complete,A02,1,110,52.8,,18.6,left_foot,
SYN-00005-01028,1028,2680.7,2680.7,1,45,pass,away,A02,78.3,60.2,103.9,40.6,complete,A01,0,110,69.5,,32.2,right_foot,
SYN-00005-01029,1029,2684.9,2684.9,1,45,pass,away,A01,103.9,40.6,101.3,21.6,complete,A04,0,110,54.9,,19.2,left_foot,
SYN-00005-01030,1030,2688.1,2688.1,1,45,pass,away,A04,101.3,21.6,94.1,49.8,complete,A02,0,110,60.5,,29.1,left_foot,
SYN-00005-01031,1031,2692.2,2692.2,1,45,pressure,home,H10,94.1,49.8,,,,,0,110,,,,,
SYN-00005-01032,1032,2692.2,2692.2,1,45,pass,away,A02,94.1,49.8,99.3,54.4,incomplete,A03,1,110,33.1,,2.8,right_foot,
SYN-00005-01033,1033,2694.5,2694.5,1,45,possession_change,home,H10,99.3,54.4,,,recovery,,0,111,,,,,
SYN-00005-01034,1034,2694.5,2694.5,1,45,pass,home,H10,99.3,54.4,100.1,62.7,complete,H11,0,111,33.5,,8.3,right_foot,
SYN-00005-01035,1035,2698.1,2698.1,1,45,pass,home,H11,100.1,62.7,104,39.8,complete,H10,0,111,64.7,,23.2,right_foot,
SYN-00005-01036,1036,2701.5,2701.5,1,46,carry,home,H10,104,39.8,104,47.6,complete,,0,111,,16.8,11.6,,
SYN-00005-01037,1037,2704,2704,1,46,carry,home,H10,104,47.6,104,51.4,complete,,0,111,,19.2,5.6,,
SYN-00005-01038,1038,2705,2705,1,46,pass,home,H10,104,51.4,73.4,55.9,complete,H08,0,111,72.1,,30.9,right_foot,
SYN-00005-01039,1039,2709,2709,1,46,pass,home,H08,73.4,55.9,71.3,24.2,complete,H07,0,111,79.4,,31.8,left_foot,
SYN-00005-01040,1040,2712.3,2712.3,1,46,pass,home,H07,71.3,24.2,103.1,34.3,complete,H10,0,111,67.2,,33.3,right_foot,
SYN-00005-01041,1041,2715.7,2715.7,1,46,carry,home,H10,103.1,34.3,104,29.1,complete,,0,111,,18.9,8.2,,
SYN-00005-01042,1042,2717.3,2717.3,1,46,carry,home,H10,104,29.1,104,25.5,complete,,0,111,,15.9,15.8,,
SYN-00005-01043,1043,2720.9,2720.9,1,46,pass,home,H10,104,25.5,104,58.6,complete,H11,0,111,70.8,,33.2,right_foot,
SYN-00005-01044,1044,2725,2725,1,46,pass,home,H11,104,58.6,80.8,26,complete,H07,0,111,72.6,,40,left_foot,
SYN-00005-01045,1045,2729.4,2729.4,1,46,pass,home,H07,80.8,26,91.3,6.2,complete,H09,0,111,58.4,,22.4,left_foot,
SYN-00005-01046,1046,2732.3,2732.3,1,46,shot,home,H09,91.3,6.2,105,28,off_target,,0,111,108.5,,31,foot,0.013
SYN-00005-01047,1047,2733.9,2733.9,1,46,possession_change,away,A01,99,34,,,goal_kick,,0,112,,,,,
SYN-00005-01048,1048,2758.6,2758.6,1,46,pressure,home,H10,99,34,,,,,0,112,,,,,
SYN-00005-01049,1049,2758.6,2758.6,1,46,pass,away,A01,99,34,81,34.8,complete,A06,1,112,50.7,,18,left_foot,
SYN-00005-01050,1050,2761.6,2761.6,1,47,pass,away,A06,81,34.8,60.6,21.4,complete,A08,0,112,55.9,,24.4,right_foot,
SYN-00005-01051,1051,2764.6,2764.6,1,47,period_end,home,,,,,,end_of_period_1,,0,112,,,,,
SYN-00005-01052,1052,2765.6,2700,2,46,kickoff,away,A10,52.5,34,,,,,0,113,,,,,
SYN-00005-01053,1053,2766.6,2701,2,46,pass,away,A10,52.5,34,54.9,20.6,complete,A08,0,113,37.2,,13.6,head,
SYN-00005-01054,1054,2770.7,2705.1,2,46,pass,away,A08,54.9,20.6,61.3,28.7,complete,A06,0,113,33.4,,10.3,right_foot,
SYN-00005-01055,1055,2774.2,2708.6,2,46,pressure,home,H10,61.3,28.7,,,,,0,113,,,,,
SYN-00005-01056,1056,2774.2,2708.6,2,46,pass,away,A06,61.3,28.7,90.3,25.7,complete,A04,1,113,62.4,,29.1,right_foot,
SYN-00005-01057,1057,2777.3,2711.7,2,46,pass,away,A04,90.3,25.7,87.2,8.2,complete,A05,0,113,43.3,,17.8,right_foot,
SYN-00005-01058,1058,2779.9,2714.3,2,46,pass,away,A05,87.2,8.2,99.8,27.3,complete,A01,0,113,64.4,,22.9,right_foot,
SYN-00005-01059,1059,2782.7,2717.1,2,46,pressure,home,H10,99.8,27.3,,,,,0,113,,,,,
SYN-00005-01060,1060,2782.7,2717.1,2,46,pass,away,A01,99.8,27.3,103.8,21.4,complete,A04,1,113,33,,7.1,head,
SYN-00005-01061,1061,2786.4,2720.8,2,46,pass,away,A04,103.8,21.4,71.4,20.1,incomplete,A08,0,113,70.7,,30.8,right_foot,
SYN-00005-01062,1062,2789.8,2724.2,2,46,possession_change,home,H10,71.4,20.1,,,recovery,,0,114,,,,,
SYN-00005-01063,1063,2789.8,2724.2,2,46,pass,home,H10,71.4,20.1,56.7,31.1,complete,H06,0,114,52.1,,18.4,right_foot,
SYN-00005-01064,1064,2793.6,2728,2,46,carry,home,H06,56.7,31.1,58,35.5,complete,,0,114,,18.1,4.6,,
SYN-00005-01065,1065,2794.5,2728.9,2,46,carry,home,H06,58,35.5,71.5,38.3,complete,,0,114,,24.9,13.7,,
SYN-00005-01066,1066,2796.5,2730.9,2,46,pass,home,H06,71.5,38.3,59.3,42.9,complete,H08,0,114,43.5,,13,left_foot,
SYN-00005-01067,1067,2799.7,2734.1,2,46,pass,home,H08,59.3,42.9,27,42.1,complete,H04,0,114,71.8,,32.3,right_foot,
SYN-00005-01068,1068,2803.4,2737.8,2,46,pass,home,H04,27,42.1,46,22.7,complete,H07,0,114,67.3,,27.1,right_foot,
SYN-00005-01069,1069,2806.9,2741.3,2,46,pass,home,H07,46,22.7,21.7,26.1,complete,H03,0,114,70.2,,24.5,right_foot,
SYN-00005-01070,1070,2810.8,2745.2,2,46,sprint,away,A09,44.9,54.9,,,,,0,114,,30.5,35,,
SYN-00005-01071,1071,2810.8,2745.2,2,46,carry,home,H03,21.7,26.1,31.8,31.4,complete,,0,114,,14.2,11.4,,
SYN-00005-01072,1072,2813.7,2748.1,2,46,pass,home,H03,31.8,31.4,19.6,11.5,complete,H02,0,114,54.6,,23.3,right_foot,
SYN-00005-01073,1073,2818.2,2752.6,2,46,pass,home,H02,19.6,11.5,40.2,43.6,complete,H08,0,114,75.6,,38.1,right_foot,
SYN-00005-01074,1074,2822,2756.4,2,46,pass,home,H08,40.2,43.6,27.5,60.1,complete,H05,0,114,55.9,,20.8,right_foot,
SYN-00005-01075,1075,2826,2760.4,2,47,pressure,away,A09,27.5,60.1,,,,,0,114,,,,,
SYN-00005-01076,1076,2826,2760.4,2,47,pass,home,H05,27.5,60.1,10.6,48.4,complete,H04,1,114,59.5,,20.6,right_foot,
SYN-00005-01077,1077,2828.7,2763.1,2,47,pressure,away,A10,10.6,48.4,,,,,0,114,,,,,
SYN-00005-01078,1078,2828.7,2763.1,2,47,pass,home,H04,10.6,48.4,4.5,29.5,incomplete,H03,1,114,56.9,,23.2,right_foot,
SYN-00005-01079,1079,2831.5,2765.9,2,47,possession_change,away,A10,4.5,29.5,,,recovery,,0,115,,,,,
SYN-00005-01080,1080,2831.5,2765.9,2,47,pass,away,A10,4.5,29.5,0.3,68,out,A09,0,115,67.4,,28.5,right_foot,
SYN-00005-01081,1081,2833,2767.4,2,47,possession_change,home,H05,1,67,,,out_of_play,,0,116,,,,,
SYN-00005-01082,1082,2845.2,2779.5,2,47,pressure,away,A09,1,67,,,,,0,116,,,,,
SYN-00005-01083,1083,2845.2,2779.5,2,47,pass,home,H05,1,67,1,51.6,intercepted,H01,1,116,66.4,,28.1,right_foot,
SYN-00005-01084,1084,2846,2780.4,2,47,interception,away,A10,1,51.6,,,won,,0,116,,,,,
SYN-00005-01085,1085,2846,2780.4,2,47,possession_change,away,A10,1,51.6,,,interception,,0,117,,,,,
SYN-00005-01086,1086,2846.8,2781.2,2,47,pass,away,A10,1,51.6,29.5,46.9,complete,A07,0,117,52.4,,28.9,right_foot,
SYN-00005-01087,1087,2850.3,2784.7,2,47,pass,away,A07,29.5,46.9,9,40,intercepted,A10,0,117,61.4,,23.7,head,
SYN-00005-01088,1088,2851.6,2786,2,47,interception,home,H01,9,40,,,won,,0,117,,,,,
SYN-00005-01089,1089,2851.6,2786,2,47,possession_change,home,H01,9,40,,,interception,,0,118,,,,,
SYN-00005-01090,1090,2852.7,2787.1,2,47,carry,home,H01,9,40,14.1,42.1,complete,,0,118,,16,5.5,,
SYN-00005-01091,1091,2853.9,2788.3,2,47,pressure,away,A10,14.1,42.1,,,,,0,118,,,,,
SYN-00005-01092,1092,2853.9,2788.3,2,47,pass,home,H01,14.1,42.1,44.7,52.2,complete,H08,1,118,62.8,,32.3,head,
SYN-00005-01093,1093,2858.2,2792.6,2,47,pass,home,H08,44.7,52.2,25.6,45.6,incomplete,H04,0,118,57.6,,22.7,right_foot,
SYN-00005-01094,1094,2861.4,2795.8,2,47,possession_change,away,A10,25.6,45.6,,,recovery,,0,119,,,,,
SYN-00005-01095,1095,2861.4,2795.8,2,47,carry,away,A10,25.6,45.6,10.3,49.6,complete,,0,119,,20.8,15.8,,
SYN-00005-01096,1096,2864.1,2798.5,2,47,pass,away,A10,10.3,49.6,7.7,68,out,A09,0,119,40.9,,13.1,left_foot,
SYN-00005-01097,1097,2865.3,2799.6,2,47,possession_change,home,H05,7.7,67,,,out_of_play,,0,120,,,,,
SYN-00005-01098,1098,2878.9,2813.3,2,47,pressure,away,A09,7.7,67,,,,,0,120,,,,,
SYN-00005-01099,1099,2878.9,2813.3,2,47,pass,home,H05,7.7,67,37.1,68,out,H08,1,120,70.8,,35.2,right_foot,
SYN-00005-01100,1100,2880.7,2815.1,2,47,possession_change,away,A09,37.1,67,,,out_of_play,,0,121,,,,,
SYN-00005-01101,1101,2891.2,2825.6,2,48,pass,away,A09,37.1,67,42.4,52.4,complete,A07,0,121,43.9,,15.6,right_foot,
SYN-00005-01102,1102,2893.6,2828,2,48,pass,away,A07,42.4,52.4,48.8,26,complete,A08,0,121,67.8,,27.1,left_foot,
SYN-00005-01103,1103,2897.6,2832,2,48,pass,away,A08,48.8,26,58.4,31.5,complete,A06,0,121,42.1,,11.1,right_foot,
SYN-00005-01104,1104,2901.1,2835.5,2,48,carry,away,A06,58.4,31.5,53.5,35.4,complete,,0,121,,18.1,6.3,,
SYN-00005-01105,1105,2902.4,2836.8,2,48,pressure,home,H10,53.5,35.4,,,,,0,121,,,,,
SYN-00005-01106,1106,2902.4,2836.8,2,48,pass,away,A06,53.5,35.4,70.9,59.3,complete,A02,1,121,70.9,,29.6,left_foot,
SYN-00005-01107,1107,2905.9,2840.3,2,48,pass,away,A02,70.9,59.3,32.4,60.4,complete,A09,0,121,85.4,,38.5,right_foot,
SYN-00005-01108,1108,2909.4,2843.8,2,48,pressure,home,H08,32.4,60.4,,,,,0,121,,,,,
SYN-00005-01109,1109,2909.4,2843.8,2,48,carry,away,A09,32.4,60.4,30.3,61.1,dispossessed,,1,121,,14.6,2.2,,
SYN-00005-01110,1110,2910,2844.4,2,48,tackle,home,H08,30.3,61.1,,,won,,0,121,,,,,
SYN-00005-01111,1111,2910,2844.4,2,48,possession_change,home,H08,30.3,61.1,,,tackle,,0,122,,,,,
SYN-00005-01112,1112,2910.6,2845,2,48,pressure,away,A09,30.3,61.1,,,,,0,122,,,,,
SYN-00005-01113,1113,2910.6,2845,2,48,pass,home,H08,30.3,61.1,11.2,47.8,complete,H04,1,122,55.7,,23.2,right_foot,
SYN-00005-01114,1114,2914.9,2849.3,2,48,pass,home,H04,11.2,47.8,1.6,36.7,complete,H01,0,122,50.3,,14.7,right_foot,
SYN-00005-01115,1115,2917,2851.4,2,48,carry,home,H01,1.6,36.7,6.2,47.8,complete,,0,122,,20.7,12.1,,
SYN-00005-01116,1116,2919.1,2853.5,2,48,pass,home,H01,6.2,47.8,1.2,24.1,complete,H03,0,122,65.3,,24.2,right_foot,
SYN-00005-01117,1117,2922.6,2857,2,48,pass,home,H03,1.2,24.1,11.8,44,complete,H04,0,122,57.1,,22.5,left_foot,
SYN-00005-01118,1118,2926.4,2860.8,2,48,pass,home,H04,11.8,44,15.7,58,complete,H05,0,122,49.1,,14.5,right_foot,
SYN-00005-01119,1119,2928.8,2863.2,2,48,carry,home,H05,15.7,58,27.9,54.8,complete,,0,122,,14.5,12.5,,
SYN-00005-01120,1120,2931.9,2866.3,2,48,pass,home,H05,27.9,54.8,44.6,51.9,complete,H08,0,122,51,,17,left_foot,
SYN-00005-01121,1121,2936.1,2870.5,2,48,pass,home,H08,44.6,51.9,36.9,34,complete,H06,0,122,52.9,,19.5,head,
SYN-00005-01122,1122,2938.9,2873.3,2,48,pressure,away,A10,36.9,34,,,,,0,122,,,,,
SYN-00005-01123,1123,2938.9,2873.3,2,48,pass,home,H06,36.9,34,26.4,9.8,complete,H02,1,122,63.2,,26.4,right_foot,
SYN-00005-01124,1124,2942.5,2876.9,2,48,pass,home,H02,26.4,9.8,33.6,25.6,complete,H06,0,122,43.2,,17.4,right_foot,
SYN-00005-01125,1125,2945.4,2879.8,2,48,pass,home,H06,33.6,25.6,26.4,56.8,complete,H05,0,122,67.9,,32,right_foot,
SYN-00005-01126,1126,2949.7,2884.1,2,49,pass,home,H05,26.4,56.8,15.5,44.3,complete,H04,0,122,46.7,,16.6,right_foot,
SYN-00005-01127,1127,2952.6,2887,2,49,pressure,away,A10,15.5,44.3,,,,,0,122,,,,,
SYN-00005-01128,1128,2952.6,2887,2,49,pass,home,H04,15.5,44.3,38.1,44.8,complete,H08,1,122,62.7,,22.7,left_foot,
SYN-00005-01129,1129,2956.6,2890.9,2,49,pass,home,H08,38.1,44.8,34.2,37.5,complete,H06,0,122,39.8,,8.3,right_foot,
SYN-00005-01130,1130,2960.1,2894.5,2,49,pressure,away,A10,34.2,37.5,,,,,0,122,,,,,
SYN-00005-01131,1131,2960.1,2894.5,2,49,pass,home,H06,34.2,37.5,46.3,45.8,complete,H08,1,122,55.3,,14.7,right_foot,
SYN-00005-01132,1132,2962.2,2896.6,2,49,pass,home,H08,46.3,45.8,21.9,23.3,complete,H03,0,122,76.7,,33.2,right_foot,
SYN-00005-01133,1133,2965.3,2899.7,2,49,carry,home,H03,21.9,23.3,31.4,26.5,complete,,0,122,,22.2,9.9,,
SYN-00005-01134,1134,2966.9,2901.3,2,49,pass,home,H03,31.4,26.5,49.6,18.5,complete,H07,0,122,52,,19.9,left_foot,
SYN-00005-01135,1135,2970,2904.4,2,49,pass,home,H07,49.6,18.5,40.3,26.8,complete,H06,0,122,46.2,,12.5,left_foot,
SYN-00005-01136,1136,2972.4,2906.8,2,49,pressure,away,A10,40.3,26.8,,,,,0,122,,,,,
SYN-00005-01137,1137,2972.4,2906.8,2,49,pass,home,H06,40.3,26.8,26.1,53.1,complete,H05,1,122,62.2,,29.9,right_foot,
SYN-00005-01138,1138,2976.8,2911.2,2,49,carry,home,H05,26.1,53.1,29,56.5,complete,,0,122,,21.2,4.4,,
SYN-00005-01139,1139,2977.6,2912,2,49,pass,home,H05,29,56.5,15.1,53.2,complete,H04,0,122,46.4,,14.3,right_foot,
SYN-00005-01140,1140,2981.2,2915.6,2,49,pass,home,H04,15.1,53.2,7.7,29.3,complete,H03,0,122,58.6,,25,left_foot,
SYN-00005-01141,1141,2984.6,2919,2,49,pass,home,H03,7.7,29.3,2.7,35.6,complete,H01,0,122,33.4,,8.1,right_foot,
SYN-00005-01142,1142,2987.4,2921.8,2,49,pass,home,H01,2.7,35.6,7.4,26.2,complete,H03,0,122,36.7,,10.6,right_foot,
SYN-00005-01143,1143,2989.4,2923.8,2,49,carry,home,H03,7.4,26.2,20.1,30.3,complete,,0,122,,15.2,13.4,,
SYN-00005-01144,1144,2992.6,2927,2,49,pass,home,H03,20.1,30.3,30.2,34.3,complete,H06,0,122,39,,10.9,right_foot,
SYN-00005-01145,1145,2996.6,2931,2,49,pass,home,H06,30.2,34.3,45.7,16.3,complete,H07,0,122,59.5,,23.7,left_foot,
SYN-00005-01146,1146,2999.4,2933.8,2,49,pass,home,H07,45.7,16.3,33.9,1,incomplete,H02,0,122,50.4,,21.1,right_foot,
SYN-00005-01147,1147,3002,2936.4,2,49,possession_change,away,A11,33.9,1,,,recovery,,0,123,,,,,
SYN-00005-01148,1148,3002,2936.4,2,49,pass,away,A11,33.9,1,39.6,10.7,complete,A08,0,123,33.7,,11.3,left_foot,
SYN-00005-01149,1149,3005.7,2940.1,2,50,pass,away,A08,39.6,10.7,56.9,31.8,complete,A06,0,123,58.4,,27.2,left_foot,
SYN-00005-01150,1150,3009.8,2944.2,2,50,pass,away,A06,56.9,31.8,57.1,50.5,incomplete,A07,0,123,49.4,,16.1,head,
SYN-00005-01151,1151,3013.5,2947.9,2,50,possession_change,home,H11,57.1,50.5,,,recovery,,0,124,,,,,
SYN-00005-01152,1152,3013.5,2947.9,2,50,carry,home,H11,57.1,50.5,61.2,53,complete,,0,124,,16.5,4.8,,
SYN-00005-01153,1153,3014.5,2948.9,2,50,pass,home,H11,61.2,53,27.5,40.1,incomplete,H04,0,124,71.4,,34.3,head,
SYN-00005-01154,1154,3018.2,2952.6,2,50,possession_change,away,A10,27.5,40.1,,,recovery,,0,125,,,,,
SYN-00005-01155,1155,3018.2,2952.6,2,50,shot,away,A10,27.5,40.1,0,29.1,off_target,,0,125,100.6,,28.2,foot,0.022
SYN-00005-01156,1156,3019.7,2954.1,2,50,possession_change,home,H01,6,34,,,goal_kick,,0,126,,,,,
SYN-00005-01157,1157,3045.8,2980.2,2,50,pass,home,H01,6,34,1,42.1,complete,H04,0,126,42.1,,9.5,right_foot,
SYN-00005-01158,1158,3049.1,2983.5,2,50,pass,home,H04,1,42.1,30.6,50.1,complete,H08,0,126,62.4,,30.7,right_foot,
SYN-00005-01159,1159,3053.4,2987.8,2,50,pass,home,H08,30.6,50.1,17.8,31.4,complete,H03,0,126,58.6,,22.7,head,
SYN-00005-01160,1160,3056.5,2990.9,2,50,pressure,away,A10,17.8,31.4,,,,,0,126,,,,,
SYN-00005-01161,1161,3056.5,2990.9,2,50,pass,home,H03,17.8,31.4,27.7,40.7,incomplete,H06,1,126,40.4,,9.5,right_foot,
SYN-00005-01162,1162,3058.6,2993,2,50,possession_change,away,A10,27.7,40.7,,,recovery,,0,127,,,,,
SYN-00005-01163,1163,3058.6,2993,2,50,pass,away,A10,27.7,40.7,14.1,11,complete,A11,0,127,68.2,,32.7,left_foot,
SYN-00005-01164,1164,3062.4,2996.8,2,50,pressure,home,H02,14.1,11,,,,,0,127,,,,,
SYN-00005-01165,1165,3062.4,2996.8,2,50,pass,away,A11,14.1,11,1,19.5,incomplete,A10,1,127,56.7,,21.2,right_foot,
SYN-00005-01166,1166,3065.8,3000.2,2,51,possession_change,home,H03,1,19.5,,,recovery,,0,128,,,,,
SYN-00005-01167,1167,3065.8,3000.2,2,51,pressure,away,A10,1,19.5,,,,,0,128,,,,,
SYN-00005-01168,1168,3065.8,3000.2,2,51,pass,home,H03,1,19.5,31.6,0,out,H07,1,128,72.5,,30.9,right_foot,
SYN-00005-01169,1169,3067.3,3001.7,2,51,possession_change,away,A11,31.6,1,,,out_of_play,,0,129,,,,,
SYN-00005-01170,1170,3076.1,3010.5,2,51,pass,away,A11,31.6,1,52.7,25.6,complete,A06,0,129,74.6,,32.4,right_foot,
SYN-00005-01171,1171,3080,3014.4,2,51,pressure,home,H10,52.7,25.6,,,,,0,129,,,,,
SYN-00005-01172,1172,3080,3014.4,2,51,pass,away,A06,52.7,25.6,79.6,23.3,complete,A04,1,129,59,,27,right_foot,
SYN-00005-01173,1173,3083.7,3018.1,2,51,carry,away,A04,79.6,23.3,73.8,26.9,complete,,0,129,,16.1,6.8,,
SYN-00005-01174,1174,3085.3,3019.7,2,51,pressure,home,H10,73.8,26.9,,,,,0,129,,,,,
SYN-00005-01175,1175,3085.3,3019.7,2,51,carry,away,A04,73.8,26.9,61.3,30.6,complete,,1,129,,17.8,13.1,,
SYN-00005-01176,1176,3087.9,3022.3,2,51,pressure,home,H10,61.3,30.6,,,,,0,129,,,,,
SYN-00005-01177,1177,3087.9,3022.3,2,51,pass,away,A04,61.3,30.6,80.5,60,complete,A02,1,129,70.3,,35.1,right_foot,
SYN-00005-01178,1178,3091.7,3026.1,2,51,sprint,away,A11,38.2,16.5,,,,,0,129,,29,39.8,,
SYN-00005-01179,1179,3091.7,3026.1,2,51,pass,away,A02,80.5,60,73.7,38.3,complete,A06,0,129,55.9,,22.7,right_foot,
SYN-00005-01180,1180,3095.6,3030,2,51,pressure,home,H10,73.7,38.3,,,,,0,129,,,,,
SYN-00005-01181,1181,3095.6,3030,2,51,pass,away,A06,73.7,38.3,58,46,complete,A07,1,129,43.6,,17.5,left_foot,
SYN-00005-01182,1182,3098.6,3033,2,51,pressure,home,H10,58,46,,,,,0,129,,,,,
SYN-00005-01183,1183,3098.6,3033,2,51,pass,away,A07,58,46,86.7,29,complete,A04,1,129,70.5,,33.3,right_foot,
SYN-00005-01184,1184,3101.5,3035.9,2,51,pressure,home,H10,86.7,29,,,,,0,129,,,,,
SYN-00005-01185,1185,3101.5,3035.9,2,51,pass,away,A04,86.7,29,63.8,19.5,complete,A08,1,129,62.6,,24.7,left_foot,
SYN-00005-01186,1186,3104.6,3039,2,51,pressure,home,H10,63.8,19.5,,,,,0,129,,,,,
SYN-00005-01187,1187,3104.6,3039,2,51,pass,away,A08,63.8,19.5,68.2,27.8,complete,A06,1,129,35.4,,9.4,left_foot,
SYN-00005-01188,1188,3107.1,3041.5,2,51,carry,away,A06,68.2,27.8,64.2,27.3,complete,,0,129,,14.2,4,,
SYN-00005-01189,1189,3108.1,3042.5,2,51,carry,away,A06,64.2,27.3,51.2,25.2,complete,,0,129,,15.2,13.2,,
SYN-00005-01190,1190,3111.3,3045.7,2,51,pass,away,A06,51.2,25.2,74.1,5.4,complete,A05,0,129,72.2,,30.3,left_foot,
SYN-00005-01191,1191,3114.9,3049.3,2,51,pass,away,A05,74.1,5.4,66.3,31.2,complete,A06,0,129,63.9,,27,left_foot,
SYN-00005-01192,1192,3117.7,3052.1,2,51,carry,away,A06,66.3,31.2,60.1,28.9,complete,,0,129,,16.8,6.6,,
SYN-00005-01193,1193,3119.1,3053.5,2,51,pass,away,A06,60.1,28.9,85,44.1,complete,A03,0,129,62.1,,29.2,head,
SYN-00005-01194,1194,3123.3,3057.7,2,51,pass,away,A03,85,44.1,65.2,54.1,complete,A07,0,129,47.5,,22.1,left_foot,
SYN-00005-01195,1195,3127.3,3061.7,2,52,pass,away,A07,65.2,54.1,65,37.4,complete,A06,0,129,62.5,,16.7,right_foot,
SYN-00005-01196,1196,3130.1,3064.5,2,52,pass,away,A06,65,37.4,83.9,27.3,complete,A04,0,129,62.5,,21.4,right_foot,
SYN-00005-01197,1197,3132.4,3066.8,2,52,pressure,home,H10,83.9,27.3,,,,,0,129,,,,,
SYN-00005-01198,1198,3132.4,3066.8,2,52,pass,away,A04,83.9,27.3,67.1,45.7,complete,A07,1,129,51.2,,25,right_foot,
SYN-00005-01199,1199,3136.9,3071.3,2,52,pass,away,A07,67.1,45.7,76.4,60.7,complete,A02,0,129,47.7,,17.7,left_foot,
SYN-00005-01200,1200,3140.1,3074.5,2,52,pressure,home,H11,76.4,60.7,,,,,0,129,,,,,
SYN-00005-01201,1201,3140.1,3074.5,2,52,pass,away,A02,76.4,60.7,95.5,48.9,complete,A03,1,129,67,,22.4,right_foot,
SYN-00005-01202,1202,3143.2,3077.6,2,52,pressure,home,H10,95.5,48.9,,,,,0,129,,,,,
SYN-00005-01203,1203,3143.2,3077.6,2,52,carry,away,A03,95.5,48.9,89.6,48.9,complete,,1,129,,15.6,5.9,,
SYN-00005-01204,1204,3144.5,3078.9,2,52,carry,away,A03,89.6,48.9,78.8,49.5,complete,,0,129,,23.3,10.9,,
SYN-00005-01205,1205,3146.2,3080.6,2,52,carry,away,A03,78.8,49.5,69.1,50.6,complete,,0,129,,25.3,9.8,,
SYN-00005-01206,1206,3147.6,3082,2,52,pass,away,A03,69.1,50.6,69,39.7,complete,A06,0,129,32,,10.9,right_foot,
SYN-00005-01207,1207,3150.7,3085.1,2,52,pass,away,A06,69,39.7,83,46,complete,A03,0,129,61.3,,15.3,right_foot,
SYN-00005-01208,1208,3153.3,3087.7,2,52,carry,away,A03,83,46,77.6,49.5,complete,,0,129,,14.4,6.4,,
SYN-00005-01209,1209,3154.9,3089.3,2,52,pass,away,A03,77.6,49.5,58.6,46.9,complete,A07,0,129,49.4,,19.2,right_foot,
SYN-00005-01210,1210,3157.6,3092,2,52,pass,away,A07,58.6,46.9,73,65,complete,A02,0,129,53.3,,23.2,right_foot,
SYN-00005-01211,1211,3161.3,3095.6,2,52,pass,away,A02,73,65,74.5,41.6,complete,A06,0,129,47,,23.5,left_foot,
SYN-00005-01212,1212,3164.8,3099.2,2,52,pass,away,A06,74.5,41.6,84,57.2,complete,A02,0,129,51.1,,18.2,left_foot,
SYN-00005-01213,1213,3167.5,3101.9,2,52,pass,away,A02,84,57.2,75.3,40.9,complete,A06,0,129,61.6,,18.4,right_foot,
SYN-00005-01214,1214,3169.8,3104.2,2,52,carry,away,A06,75.3,40.9,61.6,39.9,complete,,0,129,,17.9,13.8,,
SYN-00005-01215,1215,3172.6,3107,2,52,pass,away,A06,61.6,39.9,47,46.8,complete,A07,0,129,41.5,,16.1,right_foot,
SYN-00005-01216,1216,3175.8,3110.2,2,52,pass,away,A07,47,46.8,49,23.6,complete,A08,0,129,61.7,,23.3,left_foot,
SYN-00005-01217,1217,3178.9,3113.3,2,52,pressure,home,H10,49,23.6,,,,,0,129,,,,,
SYN-00005-01218,1218,3178.9,3113.3,2,52,pass,away,A08,49,23.6,62.3,27.1,complete,A06,1,129,50.8,,13.7,left_foot,
SYN-00005-01219,1219,3181.7,3116.1,2,52,pass,away,A06,62.3,27.1,50.4,22.4,complete,A08,0,129,46.6,,12.8,right_foot,
SYN-00005-01220,1220,3185.1,3119.5,2,52,pressure,home,H10,50.4,22.4,,,,,0,129,,,,,
SYN-00005-01221,1221,3185.1,3119.5,2,52,pass,away,A08,50.4,22.4,57,29.3,complete,A06,1,129,37.1,,9.5,right_foot,
SYN-00005-01222,1222,3188.9,3123.2,2,53,pass,away,A06,57,29.3,73.5,5.4,complete,A05,0,129,63.5,,29,right_foot,
SYN-00005-01223,1223,3193.3,3127.7,2,53,pass,away,A05,73.5,5.4,90.1,18.7,complete,A04,0,129,53.3,,21.2,right_foot,
SYN-00005-01224,1224,3195.8,3130.2,2,53,pressure,home,H10,90.1,18.7,,,,,0,129,,,,,
SYN-00005-01225,1225,3195.8,3130.2,2,53,carry,away,A04,90.1,18.7,76.4,16.9,complete,,1,129,,21.9,13.8,,
SYN-00005-01226,1226,3198,3132.4,2,53,pass,away,A04,76.4,16.9,61.2,41.6,complete,A07,0,129,66.6,,29,left_foot,
SYN-00005-01227,1227,3201.5,3135.9,2,53,pass,away,A07,61.2,41.6,64,40.4,incomplete,A06,0,129,41.8,,6.5,left_foot,
SYN-00005-01228,1228,3203.3,3137.7,2,53,possession_change,home,H10,64,40.4,,,recovery,,0,130,,,,,
SYN-00005-01229,1229,3203.3,3137.7,2,53,pressure,away,A07,64,40.4,,,,,0,130,,,,,
SYN-00005-01230,1230,3203.3,3137.7,2,53,pass,home,H10,64,40.4,49.3,38.6,complete,H06,1,130,45.7,,14.9,left_foot,
SYN-00005-01231,1231,3206.2,3140.6,2,53,pass,home,H06,49.3,38.6,46.3,48.1,complete,H08,0,130,36.8,,9.9,right_foot,
SYN-00005-01232,1232,3208.3,3142.7,2,53,pressure,away,A10,46.3,48.1,,,,,0,130,,,,,
SYN-00005-01233,1233,3208.3,3142.7,2,53,pass,home,H08,46.3,48.1,52.8,30.5,complete,H07,1,130,56.6,,18.7,right_foot,
SYN-00005-01234,1234,3212,3146.4,2,53,pass,home,H07,52.8,30.5,79.1,9.3,complete,H09,0,130,80.5,,33.7,right_foot,
SYN-00005-01235,1235,3214.7,3149.1,2,53,pressure,away,A08,79.1,9.3,,,,,0,130,,,,,
SYN-00005-01236,1236,3214.7,3149.1,2,53,pass,home,H09,79.1,9.3,98.7,0,out,H10,1,130,65.1,,27,right_foot,
SYN-00005-01237,1237,3216.2,3150.6,2,53,possession_change,away,A05,98.7,1,,,out_of_play,,0,131,,,,,
SYN-00005-01238,1238,3232.2,3166.6,2,53,pass,away,A05,98.7,1,70.3,6.7,complete,A08,0,131,77.4,,29,left_foot,
SYN-00005-01239,1239,3235.9,3170.3,2,53,sprint,away,A07,57.6,39.2,,,,,0,131,,27.8,38,,
SYN-00005-01240,1240,3235.9,3170.3,2,53,pass,away,A08,70.3,6.7,69.6,27.2,complete,A06,0,131,52.6,,20.5,left_foot,
SYN-00005-01241,1241,3239.8,3174.2,2,53,pass,away,A06,69.6,27.2,93.8,24.2,complete,A04,0,131,70.4,,24.4,left_foot,
SYN-00005-01242,1242,3243.3,3177.7,2,53,pressure,home,H10,93.8,24.2,,,,,0,131,,,,,
SYN-00005-01243,1243,3243.3,3177.7,2,53,pass,away,A04,93.8,24.2,83.7,33.1,complete,A06,1,131,46.5,,13.5,left_foot,
SYN-00005-01244,1244,3247.3,3181.6,2,54,pressure,home,H10,83.7,33.1,,,,,0,131,,,,,
SYN-00005-01245,1245,3247.3,3181.6,2,54,pass,away,A06,83.7,33.1,58.4,47.2,complete,A07,1,131,73.8,,28.9,left_foot,
SYN-00005-01246,1246,3250.6,3185,2,54,pass,away,A07,58.4,47.2,55.6,26,complete,A08,0,131,60,,21.4,right_foot,
SYN-00005-01247,1247,3254.4,3188.8,2,54,pass,away,A08,55.6,26,87.4,20.1,complete,A04,0,131,68.3,,32.3,right_foot,
SYN-00005-01248,1248,3258.1,3192.5,2,54,pass,away,A04,87.4,20.1,71.6,28.5,complete,A06,0,131,50,,17.8,right_foot,
SYN-00005-01249,1249,3260.6,3195,2,54,pressure,home,H10,71.6,28.5,,,,,0,131,,,,,
SYN-00005-01250,1250,3260.6,3195,2,54,pass,away,A06,71.6,28.5,76.3,68,out,A02,1,131,61.3,,25.8,right_foot,
SYN-00005-01251,1251,3262.1,3196.5,2,54,possession_change,home,H11,76.3,67,,,out_of_play,,0,132,,,,,
SYN-00005-01252,1252,3271.1,3205.5,2,54,pass,home,H11,76.3,67,54.7,42.9,complete,H06,0,132,68.1,,32.4,right_foot,
SYN-00005-01253,1253,3275.4,3209.8,2,54,carry,home,H06,54.7,42.9,60.8,45.2,complete,,0,132,,20.4,6.6,,
SYN-00005-01254,1254,3276.5,3210.9,2,54,pass,home,H06,60.8,45.2,56,51,complete,H08,0,132,49.5,,7.6,right_foot,
SYN-00005-01255,1255,3279.6,3214,2,54,pass,home,H08,56,51,74.9,68,out,H11,0,132,64.6,,27,right_foot,
SYN-00005-01256,1256,3281.1,3215.5,2,54,possession_change,away,A02,74.9,67,,,out_of_play,,0,133,,,,,
SYN-00005-01257,1257,3296.2,3230.6,2,54,pressure,home,H11,74.9,67,,,,,0,133,,,,,
SYN-00005-01258,1258,3296.2,3230.6,2,54,pass,away,A02,74.9,67,31.2,61.9,complete,A09,1,133,82.5,,43.9,right_foot,
SYN-00005-01259,1259,3299.6,3234,2,54,carry,away,A09,31.2,61.9,19.5,59.2,complete,,0,133,,15.5,12,,
SYN-00005-01260,1260,3302.4,3236.8,2,54,pass,away,A09,19.5,59.2,55,61.7,incomplete,A02,0,133,63.3,,35.5,right_foot,
SYN-00005-01261,1261,3305.8,3240.2,2,55,possession_change,home,H11,55,61.7,,,recovery,,0,134,,,,,
SYN-00005-01262,1262,3305.8,3240.2,2,55,pass,home,H11,55,61.7,55,30.6,complete,H07,0,134,73,,31,right_foot,
SYN-00005-01263,1263,3310.2,3244.6,2,55,pass,home,H07,55,30.6,58.3,54.8,complete,H08,0,134,53.2,,24.4,right_foot,
SYN-00005-01264,1264,3313.4,3247.8,2,55,pressure,away,A09,58.3,54.8,,,,,0,134,,,,,
SYN-00005-01265,1265,3313.4,3247.8,2,55,pass,home,H08,58.3,54.8,58.5,32.5,complete,H07,1,134,58.3,,22.3,left_foot,
SYN-00005-01266,1266,3316.7,3251.1,2,55,pass,home,H07,58.5,32.5,28.2,28.5,complete,H03,0,134,68.6,,30.6,right_foot,
SYN-00005-01267,1267,3319.9,3254.3,2,55,sprint,home,H08,44.4,44.6,,,,,0,134,,28.8,27.4,,
SYN-00005-01268,1268,3319.9,3254.3,2,55,pass,home,H03,28.2,28.5,15.1,51.4,incomplete,H05,0,134,69.9,,29,right_foot,
SYN-00005-01269,1269,3322.6,3257,2,55,possession_change,away,A09,15.1,51.4,,,recovery,,0,135,,,,,
SYN-00005-01270,1270,3322.6,3257,2,55,sprint,home,H02,11.1,17,,,,,0,135,,28,32.4,,
SYN-00005-01271,1271,3322.6,3257,2,55,pressure,home,H08,15.1,51.4,,,,,0,135,,,,,
SYN-00005-01272,1272,3322.6,3257,2,55,pass,away,A09,15.1,51.4,1,39.1,complete,A10,1,135,49.9,,18.7,right_foot,
SYN-00005-01273,1273,3326.2,3260.6,2,55,carry,away,A10,1,39.1,1,41.9,complete,,0,135,,25.9,13.2,,
SYN-00005-01274,1274,3328.1,3262.5,2,55,pressure,home,H04,1,41.9,,,,,0,135,,,,,
SYN-00005-01275,1275,3328.1,3262.5,2,55,pass,away,A10,1,41.9,1,0,out,A11,1,135,71.4,,33.4,right_foot,
SYN-00005-01276,1276,3329.7,3264.1,2,55,possession_change,home,H02,1,1,,,out_of_play,,0,136,,,,,
SYN-00005-01277,1277,3340.4,3274.8,2,55,pass,home,H02,1,1,5.1,16.2,complete,H03,0,136,50,,15.8,right_foot,
SYN-00005-01278,1278,3343,3277.4,2,55,pass,home,H03,5.1,16.2,8.7,5.3,complete,H02,0,136,48.5,,11.5,right_foot,
SYN-00005-01279,1279,3346.4,3280.8,2,55,pressure,away,A10,8.7,5.3,,,,,0,136,,,,,
SYN-00005-01280,1280,3346.4,3280.8,2,55,pass,home,H02,8.7,5.3,3.6,40.2,complete,H04,1,136,65.8,,35.3,right_foot,
SYN-00005-01281,1281,3349.5,3283.9,2,55,carry,home,H04,3.6,40.2,17.7,38.3,complete,,0,136,,25.1,14.3,,
SYN-00005-01282,1282,3351.5,3285.9,2,55,pass,home,H04,17.7,38.3,13.4,62.5,complete,H05,0,136,60.3,,24.6,right_foot,
SYN-00005-01283,1283,3355.9,3290.3,2,55,pass,home,H05,13.4,62.5,45.2,32.7,complete,H07,0,136,89.3,,43.5,right_foot,
SYN-00005-01284,1284,3359,3293.4,2,55,pass,home,H07,45.2,32.7,52.3,43.1,complete,H08,0,136,43.7,,12.6,right_foot,
SYN-00005-01285,1285,3362.6,3297,2,55,pass,home,H08,52.3,43.1,26.2,45.8,complete,H04,0,136,63.6,,26.2,right_foot,
SYN-00005-01286,1286,3367,3301.4,2,56,pass,home,H04,26.2,45.8,10.7,37.1,incomplete,H01,0,136,61.8,,27.4,left_foot,
SYN-00005-01287,1287,3370.6,3305,2,56,possession_change,away,A10,10.7,37.1,,,recovery,,0,137,,,,,
SYN-00005-01288,1288,3370.6,3305,2,56,pressure,home,H06,10.7,37.1,,,,,0,137,,,,,
SYN-00005-01289,1289,3370.6,3305,2,56,pass,away,A10,10.7,37.1,3.8,58.4,complete,A09,1,137,67.8,,22.4,left_foot,
SYN-00005-01290,1290,3373.7,3308.1,2,56,carry,away,A09,3.8,58.4,1,54.3,complete,,0,137,,14.6,12.3,,
SYN-00005-01291,1291,3376.7,3311.1,2,56,pass,away,A09,1,54.3,1,36.4,incomplete,A10,0,137,45,,15.2,left_foot,
SYN-00005-01292,1292,3380,3314.4,2,56,possession_change,home,H03,1,36.4,,,recovery,,0,138,,,,,
SYN-00005-01293,1293,3380,3314.4,2,56,pass,home,H03,1,36.4,7.9,54.9,intercepted,H05,0,138,60,,24.1,left_foot,
SYN-00005-01294,1294,3381.2,3315.6,2,56,interception,away,A09,7.9,54.9,,,won,,0,138,,,,,
SYN-00005-01295,1295,3381.2,3315.6,2,56,possession_change,away,A09,7.9,54.9,,,interception,,0,139,,,,,
SYN-00005-01296,1296,3381.8,3316.1,2,56,pass,away,A09,7.9,54.9,0,68,out,A10,0,139,48.5,,20.2,right_foot,
SYN-00005-01297,1297,3383.2,3317.6,2,56,possession_change,home,H05,1,67,,,out_of_play,,0,140,,,,,
SYN-00005-01298,1298,3396.8,3331.2,2,56,pass,home,H05,1,67,2.9,40.7,complete,H01,0,140,60.9,,26.4,right_foot,
SYN-00005-01299,1299,3400.5,3334.9,2,56,pass,home,H01,2.9,40.7,11.2,62.6,complete,H05,0,140,58.5,,23.4,right_foot,
SYN-00005-01300,1300,3403.5,3337.9,2,56,pass,home,H05,11.2,62.6,1,40,complete,H01,0,140,65.4,,24.7,right_foot,
SYN-00005-01301,1301,3407.3,3341.6,2,56,pass,home,H01,1,40,1.6,46.3,complete,H04,0,140,42.2,,6.3,right_foot,
SYN-00005-01302,1302,3409.5,3343.9,2,56,pass,home,H04,1.6,46.3,4.3,63.1,complete,H05,0,140,51.1,,17,right_foot,
SYN-00005-01303,1303,3413,3347.4,2,56,pressure,away,A10,4.3,63.1,,,,,0,140,,,,,
SYN-00005-01304,1304,3413,3347.4,2,56,pass,home,H05,4.3,63.1,6.2,54.1,complete,H04,1,140,43,,9.2,right_foot,
SYN-00005-01305,1305,3415.4,3349.8,2,56,pressure,away,A10,6.2,54.1,,,,,0,140,,,,,
SYN-00005-01306,1306,3415.4,3349.8,2,56,pass,home,H04,6.2,54.1,12.2,62.5,complete,H05,1,140,48.8,,10.3,right_foot,
SYN-00005-01307,1307,3417.7,3352.1,2,56,pass,home,H05,12.2,62.5,3.2,44.6,complete,H01,0,140,48.5,,20,left_foot,
SYN-00005-01308,1308,3422.1,3356.5,2,56,pass,home,H01,3.2,44.6,14.2,57.2,complete,H05,0,140,47.1,,16.8,left_foot,
SYN-00005-01309,1309,3426.1,3360.4,2,57,pass,home,H05,14.2,57.2,4.4,42.3,complete,H01,0,140,56.2,,17.9,right_foot,
SYN-00005-01310,1310,3430,3364.4,2,57,pass,home,H01,4.4,42.3,17.9,7.1,complete,H02,0,140,75.1,,37.6,right_foot,
SYN-00005-01311,1311,3434,3368.4,2,57,pass,home,H02,17.9,7.1,20.5,53.7,complete,H05,0,140,90.5,,46.7,left_foot,
SYN-00005-01312,1312,3437.5,3371.9,2,57,sprint,home,H09,65,14.9,,,,,0,140,,27.3,22.6,,
SYN-00005-01313,1313,3437.5,3371.9,2,57,pass,home,H05,20.5,53.7,9.1,43.9,complete,H04,0,140,50.4,,15,right_foot,
SYN-00005-01314,1314,3440.7,3375.1,2,57,pressure,away,A10,9.1,43.9,,,,,0,140,,,,,
SYN-00005-01315,1315,3440.7,3375.1,2,57,pass,home,H04,9.1,43.9,9,24.3,complete,H03,1,140,58.8,,19.6,right_foot,
SYN-00005-01316,1316,3444.6,3379,2,57,pass,home,H03,9,24.3,5.3,5,complete,H02,0,140,57.1,,19.7,left_foot,
SYN-00005-01317,1317,3447.8,3382.2,2,57,pressure,away,A10,5.3,5,,,,,0,140,,,,,
SYN-00005-01318,1318,3447.8,3382.2,2,57,pass,home,H02,5.3,5,1,21.7,complete,H03,1,140,50,,17.2,left_foot,
SYN-00005-01319,1319,3450.8,3385.2,2,57,pressure,away,A10,1,21.7,,,,,0,140,,,,,
SYN-00005-01320,1320,3450.8,3385.2,2,57,pass,home,H03,1,21.7,10.9,54.6,complete,H05,1,140,81.1,,34.3,left_foot,
SYN-00005-01321,1321,3453.7,3388,2,57,carry,home,H05,10.9,54.6,14.4,51.6,complete,,0,140,,18,4.6,,
SYN-00005-01322,1322,3454.6,3389,2,57,pressure,away,A10,14.4,51.6,,,,,0,140,,,,,
SYN-00005-01323,1323,3454.6,3389,2,57,carry,home,H05,14.4,51.6,18.2,48.7,complete,,1,140,,22.2,4.8,,
SYN-00005-01324,1324,3455.3,3389.7,2,57,pressure,away,A10,18.2,48.7,,,,,0,140,,,,,
SYN-00005-01325,1325,3455.3,3389.7,2,57,pass,home,H05,18.2,48.7,3.8,25.6,complete,H03,1,140,70.1,,27.2,right_foot,
SYN-00005-01326,1326,3459.4,3393.8,2,57,substitution,away,A13,,,,,substitution,,0,140,,,,,
SYN-00005-01327,1327,3459.4,3393.8,2,57,pressure,away,A10,3.8,25.6,,,,,0,140,,,,,
SYN-00005-01328,1328,3459.4,3393.8,2,57,pass,home,H03,3.8,25.6,33.1,37.6,complete,H08,1,140,70.5,,31.7,left_foot,
SYN-00005-01329,1329,3462.8,3397.2,2,57,carry,home,H08,33.1,37.6,43.8,30.7,complete,,0,140,,14.2,12.7,,
SYN-00005-01330,1330,3466,3400.4,2,57,pass,home,H08,43.8,30.7,49.2,20.6,complete,H07,0,140,41.9,,11.4,right_foot,
SYN-00005-01331,1331,3468.9,3403.3,2,57,carry,home,H07,49.2,20.6,60.2,26.5,complete,,0,140,,14,12.5,,
SYN-00005-01332,1332,3472.1,3406.5,2,57,pass,home,H07,60.2,26.5,56.3,41.2,complete,H08,0,140,48.4,,15.2,right_foot,
SYN-00005-01333,1333,3474.3,3408.7,2,57,pass,home,H08,56.3,41.2,45.8,38.4,complete,H06,0,140,39.2,,10.9,right_foot,
SYN-00005-01334,1334,3478.2,3412.6,2,57,pass,home,H06,45.8,38.4,56.6,45.6,complete,H08,0,140,37.1,,13,right_foot,
SYN-00005-01335,1335,3480.6,3415,2,57,pass,home,H08,56.6,45.6,46.6,34.5,complete,H06,0,140,57.8,,14.9,right_foot,
SYN-00005-01336,1336,3483.5,3417.9,2,57,carry,home,H06,46.6,34.5,55.7,39.7,complete,,0,140,,19.6,10.5,,
SYN-00005-01337,1337,3485.5,3419.9,2,57,pass,home,H06,55.7,39.7,54.4,48,complete,H08,0,140,39.1,,8.4,right_foot,
SYN-00005-01338,1338,3488.4,3422.8,2,58,pressure,away,A10,54.4,48,,,,,0,140,,,,,
SYN-00005-01339,1339,3488.4,3422.8,2,58,pass,home,H08,54.4,48,83.8,61.2,complete,H11,1,140,68.9,,32.2,left_foot,
SYN-00005-01340,1340,3492.5,3426.9,2,58,pass,home,H11,83.8,61.2,104,45.5,incomplete,H10,0,140,69.4,,24.8,right_foot,
SYN-00005-01341,1341,3495.3,3429.7,2,58,possession_change,away,A01,104,45.5,,,recovery,,0,141,,,,,
SYN-00005-01342,1342,3495.3,3429.7,2,58,pass,away,A01,104,45.5,82.2,35.2,complete,A06,0,141,56.9,,24.1,right_foot,
SYN-00005-01343,1343,3498,3432.4,2,58,pass,away,A06,82.2,35.2,59.1,13.5,complete,A13,0,141,70.9,,31.7,head,
SYN-00005-01344,1344,3501.1,3435.5,2,58,pass,away,A13,59.1,13.5,61,26.8,complete,A06,0,141,44.3,,13.5,right_foot,
SYN-00005-01345,1345,3503.2,3437.6,2,58,sprint,away,A13,53.4,20.2,,,,,0,141,,33,28,,
SYN-00005-01346,1346,3503.2,3437.6,2,58,pressure,home,H10,61,26.8,,,,,0,141,,,,,
SYN-00005-01347,1347,3503.2,3437.6,2,58,carry,away,A06,61,26.8,54.5,27.6,dispossessed,,1,141,,21.6,6.5,,
SYN-00005-01348,1348,3504.3,3438.7,2,58,foul,home,H10,54.5,27.6,,,free_kick,,0,141,,,,,
SYN-00005-01349,1349,3531.8,3466.2,2,58,pass,away,A06,54.5,27.6,57,22.9,complete,A13,0,142,34.5,,5.3,left_foot,
SYN-00005-01350,1350,3534.6,3469,2,58,pass,away,A13,57,22.9,85.9,21.4,complete,A04,0,142,69.3,,29,head,
SYN-00005-01351,1351,3537.3,3471.7,2,58,pass,away,A04,85.9,21.4,87.9,57,complete,A02,0,142,82.5,,35.6,right_foot,
SYN-00005-01352,1352,3541.6,3476,2,58,pressure,home,H10,87.9,57,,,,,0,142,,,,,
SYN-00005-01353,1353,3541.6,3476,2,58,pass,away,A02,87.9,57,76.7,40.2,complete,A06,1,142,62.3,,20.2,left_foot,
SYN-00005-01354,1354,3544.4,3478.8,2,58,pass,away,A06,76.7,40.2,90.1,22.9,complete,A04,0,142,62,,21.9,right_foot,
SYN-00005-01355,1355,3548.2,3482.5,2,59,carry,away,A04,90.1,22.9,90.7,27.8,complete,,0,142,,15,4.9,,
SYN-00005-01356,1356,3549.3,3483.7,2,59,pass,away,A04,90.7,27.8,100.5,40.1,complete,A03,0,142,46,,15.8,right_foot,
SYN-00005-01357,1357,3553.5,3487.9,2,59,pressure,home,H10,100.5,40.1,,,,,0,142,,,,,
SYN-00005-01358,1358,3553.5,3487.9,2,59,pass,away,A03,100.5,40.1,95,0,out,A05,1,142,72.1,,33.1,left_foot,
SYN-00005-01359,1359,3555.2,3489.6,2,59,possession_change,home,H09,95,1,,,out_of_play,,0,143,,,,,
SYN-00005-01360,1360,3574.9,3509.3,2,59,pressure,away,A05,95,1,,,,,0,143,,,,,
SYN-00005-01361,1361,3574.9,3509.3,2,59,pass,home,H09,95,1,104,28,complete,H10,1,143,66,,28.5,left_foot,
SYN-00005-01362,1362,3579.2,3513.6,2,59,pressure,away,A01,104,28,,,,,0,143,,,,,
SYN-00005-01363,1363,3579.2,3513.6,2,59,pass,home,H10,104,28,79.1,13.2,complete,H07,1,143,72.9,,28.9,left_foot,
SYN-00005-01364,1364,3583.3,3517.7,2,59,pass,home,H07,79.1,13.2,54.2,27.2,complete,H06,0,143,56.3,,28.6,right_foot,
SYN-00005-01365,1365,3586.3,3520.7,2,59,pass,home,H06,54.2,27.2,36.5,8.9,complete,H02,0,143,53.9,,25.4,left_foot,
SYN-00005-01366,1366,3590.8,3525.2,2,59,pressure,away,A11,36.5,8.9,,,,,0,143,,,,,
SYN-00005-01367,1367,3590.8,3525.2,2,59,pass,home,H02,36.5,8.9,35.7,23.5,complete,H06,1,143,41.7,,14.6,right_foot,
SYN-00005-01368,1368,3593.6,3528,2,59,pass,home,H06,35.7,23.5,39.5,20.2,complete,H07,0,143,28.1,,5,right_foot,
SYN-00005-01369,1369,3596.7,3531.1,2,59,pressure,away,A10,39.5,20.2,,,,,0,143,,,,,
SYN-00005-01370,1370,3596.7,3531.1,2,59,pass,home,H07,39.5,20.2,53.5,39.2,complete,H08,1,143,61.5,,23.6,right_foot,
SYN-00005-01371,1371,3599.2,3533.5,2,59,pass,home,H08,53.5,39.2,19.5,26.7,complete,H03,0,143,73.4,,36.3,right_foot,
SYN-00005-01372,1372,3602.6,3537,2,59,pass,home,H03,19.5,26.7,9.5,40.6,complete,H04,0,143,58.4,,17.1,right_foot,
SYN-00005-01373,1373,3605.6,3540,2,60,pass,home,H04,9.5,40.6,36.5,47.3,complete,H08,0,143,62.8,,27.9,right_foot,
SYN-00005-01374,1374,3609.9,3544.3,2,60,pass,home,H08,36.5,47.3,26.3,64.9,complete,H05,0,143,57.2,,20.4,right_foot,
SYN-00005-01375,1375,3612.4,3546.8,2,60,pressure,away,A09,26.3,64.9,,,,,0,143,,,,,
SYN-00005-01376,1376,3612.4,3546.8,2,60,pass,home,H05,26.3,64.9,11.1,33.5,incomplete,H03,1,143,82,,39.2,right_foot,
SYN-00005-01377,1377,3615.6,3550,2,60,possession_change,away,A10,11.1,33.5,,,recovery,,0,144,,,,,
SYN-00005-01378,1378,3615.6,3550,2,60,pass,away,A10,11.1,33.5,26,21.6,complete,A13,0,144,49.4,,19,right_foot,
SYN-00005-01379,1379,3618.7,3553.1,2,60,shot,away,A13,26,21.6,0,26,off_target,,0,144,93.2,,28.8,foot,0.02
SYN-00005-01380,1380,3620.3,3554.7,2,60,possession_change,home,H01,6,34,,,goal_kick,,0,145,,,,,
SYN-00005-01381,1381,3646.6,3581,2,60,pressure,away,A10,6,34,,,,,0,145,,,,,
SYN-00005-01382,1382,3646.6,3581,2,60,pass,home,H01,6,34,11.6,11.4,complete,H02,1,145,53.3,,23.3,right_foot,
SYN-00005-01383,1383,3650.1,3584.5,2,60,pass,home,H02,11.6,11.4,1.7,29.1,complete,H01,0,145,54.1,,20.3,right_foot,
SYN-00005-01384,1384,3654.5,3588.9,2,60,sprint,home,H11,56.5,56.8,,,,,0,145,,28.7,25.3,,
SYN-00005-01385,1385,3654.5,3588.9,2,60,pass,home,H01,1.7,29.1,1.7,43.6,complete,H04,0,145,51.5,,14.5,right_foot,
SYN-00005-01386,1386,3656.9,3591.3,2,60,pass,home,H04,1.7,43.6,3.7,27.6,complete,H03,0,145,46.3,,16.2,right_foot,
SYN-00005-01387,1387,3659.7,3594.1,2,60,pass,home,H03,3.7,27.6,12.4,5.8,complete,H02,0,145,59.4,,23.5,head,
SYN-00005-01388,1388,3663.7,3598.1,2,60,pass,home,H02,12.4,5.8,7.5,33.6,complete,H04,0,145,60.6,,28.3,right_foot,
SYN-00005-01389,1389,3668.3,3602.7,2,61,pass,home,H04,7.5,33.6,13.7,9.1,complete,H02,0,145,59.8,,25.3,left_foot,
SYN-00005-01390,1390,3671.5,3605.9,2,61,pass,home,H02,13.7,9.1,39.3,13.6,complete,H07,0,145,61.9,,26,right_foot,
SYN-00005-01391,1391,3675,3609.4,2,61,pass,home,H07,39.3,13.6,23.3,19.2,complete,H03,0,145,56,,16.9,right_foot,
SYN-00005-01392,1392,3678.9,3613.3,2,61,carry,home,H03,23.3,19.2,31.6,6.2,complete,,0,145,,19.6,15.4,,
SYN-00005-01393,1393,3681.8,3616.1,2,61,pass,home,H03,31.6,6.2,35.1,24,complete,H06,0,145,48.8,,18.2,left_foot,
SYN-00005-01394,1394,3685,3619.4,2,61,pass,home,H06,35.1,24,30,7.5,complete,H02,0,145,52.4,,17.3,right_foot,
SYN-00005-01395,1395,3688,3622.4,2,61,pass,home,H02,30,7.5,42.3,38.8,complete,H08,0,145,76,,33.6,right_foot,
SYN-00005-01396,1396,3691.3,3625.7,2,61,pass,home,H08,42.3,38.8,37.8,35.4,complete,H06,0,145,35.8,,5.6,left_foot,
SYN-00005-01397,1397,3693.2,3627.6,2,61,pass,home,H06,37.8,35.4,74.7,58.1,complete,H11,0,145,92.4,,43.3,right_foot,
SYN-00005-01398,1398,3696.9,3631.3,2,61,shot,home,H11,74.7,58.1,105,41.6,off_target,,0,145,93.9,,38.7,foot,0.005
SYN-00005-01399,1399,3698.9,3633.3,2,61,possession_change,away,A01,99,34,,,goal_kick,,0,146,,,,,
SYN-00005-01400,1400,3715.6,3650,2,61,pressure,home,H10,99,34,,,,,0,146,,,,,
SYN-00005-01401,1401,3715.6,3650,2,61,pass,away,A01,99,34,68,22.1,complete,A13,1,146,66.5,,33.2,right_foot,
SYN-00005-01402,1402,3718.7,3653.1,2,61,pass,away,A13,68,22.1,59.9,31.4,intercepted,A07,0,146,58.6,,21,left_foot,
SYN-00005-01403,1403,3719.5,3653.9,2,61,interception,home,H10,59.9,31.4,,,won,,0,146,,,,,
SYN-00005-01404,1404,3719.5,3653.9,2,61,possession_change,home,H10,59.9,31.4,,,interception,,0,147,,,,,
SYN-00005-01405,1405,3720.7,3655.1,2,61,pass,home,H10,59.9,31.4,62,24.5,complete,H07,0,147,41.2,,7.2,right_foot,
SYN-00005-01406,1406,3722.7,3657.1,2,61,pass,home,H07,62,24.5,38,11.3,complete,H02,0,147,68.2,,27.4,right_foot,
SYN-00005-01407,1407,3725.8,3660.2,2,62,pass,home,H02,38,11.3,16.9,38.2,complete,H04,0,147,82.2,,34.1,right_foot,
SYN-00005-01408,1408,3729.5,3663.9,2,62,pass,home,H04,16.9,38.2,9.1,21.1,incomplete,H03,0,147,57.3,,17,right_foot,
SYN-00005-01409,1409,3733,3667.4,2,62,possession_change,away,A10,9.1,21.1,,,recovery,,0,148,,,,,
SYN-00005-01410,1410,3733,3667.4,2,62,pass,away,A10,9.1,21.1,1,0,out,A11,0,148,45.9,,15.1,right_foot,
SYN-00005-01411,1411,3734.2,3668.6,2,62,possession_change,home,H02,1,1,,,out_of_play,,0,149,,,,,
SYN-00005-01412,1412,3752.6,3687,2,62,pressure,away,A11,1,1,,,,,0,149,,,,,
SYN-00005-01413,1413,3752.6,3687,2,62,pass,home,H02,1,1,5.3,24.1,complete,H01,1,149,64.5,,23.5,right_foot,
SYN-00005-01414,1414,3755.2,3689.6,2,62,carry,home,H01,5.3,24.1,19.6,30.8,complete,,0,149,,25.6,15.8,,
SYN-00005-01415,1415,3757.5,3691.9,2,62,pass,home,H01,19.6,30.8,7.2,37.9,complete,H04,0,149,43.6,,14.3,left_foot,
SYN-00005-01416,1416,3761.3,3695.7,2,62,pressure,away,A10,7.2,37.9,,,,,0,149,,,,,
SYN-00005-01417,1417,3761.3,3695.7,2,62,pass,home,H04,7.2,37.9,21.2,33.9,complete,H06,1,149,50.4,,14.5,right_foot,
SYN-00005-01418,1418,3763.6,3698,2,62,pass,home,H06,21.2,33.9,17.3,58.8,complete,H05,0,149,62.9,,25.2,right_foot,
SYN-00005-01419,1419,3767.7,3702.1,2,62,carry,home,H05,17.3,58.8,25.5,63.9,complete,,0,149,,18.3,9.7,,
SYN-00005-01420,1420,3769.6,3704,2,62,pressure,away,A09,25.5,63.9,,,,,0,149,,,,,
SYN-00005-01421,1421,3769.6,3704,2,62,pass,home,H05,25.5,63.9,27.9,37.4,complete,H06,1,149,59.2,,26.6,right_foot,
SYN-00005-01422,1422,3772.5,3706.9,2,62,pass,home,H06,27.9,37.4,4,42.5,complete,H04,0,149,54.2,,24.4,right_foot,
SYN-00005-01423,1423,3776.2,3710.6,2,62,pass,home,H04,4,42.5,26,37.9,complete,H06,0,149,58.9,,22.5,left_foot,
SYN-00005-01424,1424,3779.5,3713.9,2,62,pressure,away,A10,26,37.9,,,,,0,149,,,,,
SYN-00005-01425,1425,3779.5,3713.9,2,62,pass,home,H06,26,37.9,14.5,68,out,H05,1,149,51.5,,23.4,right_foot,
SYN-00005-01426,1426,3781.2,3715.6,2,62,possession_change,away,A09,14.5,67,,,out_of_play,,0,150,,,,,
SYN-00005-01427,1427,3794.7,3729.1,2,63,carry,away,A09,14.5,67,10,67,complete,,0,150,,15.4,4.6,,
SYN-00005-01428,1428,3795.8,3730.2,2,63,pass,away,A09,10,67,3,35,incomplete,A10,0,150,57.6,,26.4,left_foot,
SYN-00005-01429,1429,3799.8,3734.2,2,63,possession_change,home,H03,3,35,,,recovery,,0,151,,,,,
SYN-00005-01430,1430,3799.8,3734.2,2,63,pressure,away,A10,3,35,,,,,0,151,,,,,
SYN-00005-01431,1431,3799.8,3734.2,2,63,pass,home,H03,3,35,1,35.1,complete,H01,1,151,24.8,,2,right_foot,
SYN-00005-01432,1432,3801.8,3736.2,2,63,pass,home,H01,1,35.1,35.2,24.8,complete,H07,0,151,76.4,,35.7,right_foot,
SYN-00005-01433,1433,3804.8,3739.2,2,63,sprint,home,H09,71.6,7.7,,,,,0,151,,27.3,40.2,,
SYN-00005-01434,1434,3804.8,3739.2,2,63,carry,home,H07,35.2,24.8,40,23.3,complete,,0,151,,20,5,,
SYN-00005-01435,1435,3805.7,3740.1,2,63,pass,home,H07,40,23.3,31.2,7.6,complete,H02,0,151,50.7,,18,right_foot,
SYN-00005-01436,1436,3809.7,3744.1,2,63,pass,home,H02,31.2,7.6,10.4,21.4,complete,H03,0,151,75.7,,25,right_foot,
SYN-00005-01437,1437,3812.9,3747.3,2,63,pressure,away,A10,10.4,21.4,,,,,0,151,,,,,
SYN-00005-01438,1438,3812.9,3747.3,2,63,pass,home,H03,10.4,21.4,2,43.9,incomplete,H04,1,151,53.8,,21,left_foot,
SYN-00005-01439,1439,3816.4,3750.8,2,63,possession_change,away,A10,2,43.9,,,recovery,,0,152,,,,,
SYN-00005-01440,1440,3816.4,3750.8,2,63,pass,away,A10,2,43.9,1.2,55.2,complete,A09,0,152,44.1,,11.3,right_foot,
SYN-00005-01441,1441,3820,3754.4,2,63,pressure,home,H04,1.2,55.2,,,,,0,152,,,,,
SYN-00005-01442,1442,3820,3754.4,2,63,carry,away,A09,1.2,55.2,1.1,57,dispossessed,,1,152,,16.3,2.9,,
SYN-00005-01443,1443,3820.7,3755.1,2,63,tackle,home,H04,1.1,57,,,won,,0,152,,,,,
SYN-00005-01444,1444,3820.7,3755.1,2,63,possession_change,home,H04,1.1,57,,,tackle,,0,153,,,,,
SYN-00005-01445,1445,3822,3756.4,2,63,pass,home,H04,1.1,57,6.6,60.9,complete,H05,0,153,40.5,,6.7,right_foot,
SYN-00005-01446,1446,3824.8,3759.2,2,63,pass,home,H05,6.6,60.9,1.7,47.8,complete,H04,0,153,46.5,,14,right_foot,
SYN-00005-01447,1447,3828.5,3762.9,2,63,pass,home,H04,1.7,47.8,21.8,33.5,complete,H06,0,153,60.5,,24.7,right_foot,
SYN-00005-01448,1448,3832.6,3767,2,63,pass,home,H06,21.8,33.5,43.4,32,complete,H07,0,153,44.9,,21.7,right_foot,
SYN-00005-01449,1449,3836.1,3770.5,2,63,pressure,away,A10,43.4,32,,,,,0,153,,,,,
SYN-00005-01450,1450,3836.1,3770.5,2,63,pass,home,H07,43.4,32,35.2,32.3,complete,H06,1,153,31.8,,8.2,right_foot,
SYN-00005-01451,1451,3838.1,3772.5,2,63,pass,home,H06,35.2,32.3,21.6,58.2,complete,H05,0,153,67,,29.2,left_foot,
SYN-00005-01452,1452,3841.5,3775.9,2,63,pass,home,H05,21.6,58.2,29,38.3,complete,H06,0,153,44.9,,21.2,right_foot,
SYN-00005-01453,1453,3845.6,3780,2,64,pass,home,H06,29,38.3,41.3,18.3,complete,H07,0,153,65.6,,23.5,left_foot,
SYN-00005-01454,1454,3849.3,3783.7,2,64,pass,home,H07,41.3,18.3,72.7,8.8,incomplete,H09,0,153,76.6,,35.2,right_foot,
SYN-00005-01455,1455,3852.2,3786.6,2,64,possession_change,away,A05,72.7,8.8,,,recovery,,0,154,,,,,
SYN-00005-01456,1456,3852.2,3786.6,2,64,pressure,home,H09,72.7,8.8,,,,,0,154,,,,,
SYN-00005-01457,1457,3852.2,3786.6,2,64,pass,away,A05,72.7,8.8,67.9,0,out,A06,1,154,53.5,,20.3,left_foot,
SYN-00005-01458,1458,3853.6,3788,2,64,possession_change,home,H09,67.9,1,,,out_of_play,,0,155,,,,,
SYN-00005-01459,1459,3867.4,3801.8,2,64,substitution,home,H13,,,,,substitution,,0,155,,,,,
SYN-00005-01460,1460,3867.4,3801.8,2,64,pass,home,H09,67.9,1,30,0,out,H13,0,155,63.7,,30.1,right_foot,
SYN-00005-01461,1461,3869.1,3803.5,2,64,possession_change,away,A11,30,1,,,out_of_play,,0,156,,,,,
SYN-00005-01462,1462,3878.9,3813.3,2,64,shot,away,A11,30,1,28,1,blocked,,0,156,104.8,,44.6,foot,0.002
SYN-00005-01463,1463,3880.9,3815.3,2,64,possession_change,home,H07,30,1,,,blocked_shot,,0,157,,,,,
SYN-00005-01464,1464,3881.9,3816.3,2,64,pass,home,H07,30,1,23.6,4.6,complete,H13,0,157,36.3,,7.4,right_foot,
SYN-00005-01465,1465,3885.4,3819.8,2,64,carry,home,H13,23.6,4.6,33.5,3.3,complete,,0,157,,19.5,10,,
SYN-00005-01466,1466,3887.2,3821.6,2,64,carry,home,H13,33.5,3.3,48.1,1,complete,,0,157,,25.5,15,,
SYN-00005-01467,1467,3889.4,3823.8,2,64,carry,home,H13,48.1,1,53.7,2.5,complete,,0,157,,19.1,5.8,,
SYN-00005-01468,1468,3890.4,3824.8,2,64,pass,home,H13,53.7,2.5,40.8,27,complete,H06,0,157,70.7,,27.8,left_foot,
SYN-00005-01469,1469,3893.2,3827.6,2,64,carry,home,H06,40.8,27,45.8,25.2,complete,,0,157,,25.3,5.3,,
SYN-00005-01470,1470,3894,3828.4,2,64,pressure,away,A10,45.8,25.2,,,,,0,157,,,,,
SYN-00005-01471,1471,3894,3828.4,2,64,pass,home,H06,45.8,25.2,14.8,0,out,H03,1,157,67.1,,29.6,right_foot,
SYN-00005-01472,1472,3895.6,3830,2,64,possession_change,away,A11,14.8,1,,,out_of_play,,0,158,,,,,
SYN-00005-01473,1473,3912.1,3846.5,2,65,carry,away,A11,14.8,1,7.7,1,complete,,0,158,,14.3,7.4,,
SYN-00005-01474,1474,3913.9,3848.3,2,65,pass,away,A11,7.7,1,6.9,27.4,complete,A10,0,158,61.7,,26.5,left_foot,
SYN-00005-01475,1475,3916.8,3851.2,2,65,carry,away,A10,6.9,27.4,1,26.4,complete,,0,158,,20.1,8.8,,
SYN-00005-01476,1476,3918.4,3852.8,2,65,pass,away,A10,1,26.4,6.7,9.9,complete,A11,0,158,50.6,,17.4,right_foot,
SYN-00005-01477,1477,3920.8,3855.2,2,65,pressure,home,H03,6.7,9.9,,,,,0,158,,,,,
SYN-00005-01478,1478,3920.8,3855.2,2,65,pass,away,A11,6.7,9.9,1,27.7,complete,A10,1,158,62,,18.7,right_foot,
SYN-00005-01479,1479,3924.8,3859.2,2,65,shot,away,A10,1,27.7,0,33.3,goal,,0,158,76.4,,6.4,foot,0.285
SYN-00005-01480,1480,3984.3,3918.7,2,66,kickoff,home,H10,52.5,34,,,,,0,159,,,,,
SYN-00005-01481,1481,3985.3,3919.7,2,66,pass,home,H10,52.5,34,42.4,30.9,complete,H06,0,159,45.9,,10.6,right_foot,
SYN-00005-01482,1482,3989,3923.3,2,66,pass,home,H06,42.4,30.9,18.8,22.2,complete,H03,0,159,62.9,,25.1,right_foot,
SYN-00005-01483,1483,3992,3926.4,2,66,pass,home,H03,18.8,22.2,44.9,19.1,complete,H07,0,159,67.2,,26.3,right_foot,
SYN-00005-01484,1484,3996,3930.4,2,66,pass,home,H07,44.9,19.1,77.7,1.2,complete,H09,0,159,78.4,,37.4,right_foot,
SYN-00005-01485,1485,4000,3934.4,2,66,pass,home,H09,77.7,1.2,52,19.8,complete,H06,0,159,72.6,,31.6,left_foot,
SYN-00005-01486,1486,4002.9,3937.3,2,66,pass,home,H06,52,19.8,37.6,8.7,complete,H13,0,159,51.1,,18.2,left_foot,
SYN-00005-01487,1487,4006.5,3940.9,2,66,pass,home,H13,37.6,8.7,35.9,19.4,complete,H06,0,159,39.6,,10.8,right_foot,
SYN-00005-01488,1488,4010.3,3944.7,2,66,pass,home,H06,35.9,19.4,46.1,43.1,complete,H08,0,159,61.5,,25.8,right_foot,
SYN-00005-01489,1489,4014.5,3948.9,2,66,pass,home,H08,46.1,43.1,21.5,21.3,complete,H03,0,159,70.3,,32.9,right_foot,
SYN-00005-01490,1490,4017.4,3951.8,2,66,pass,home,H03,21.5,21.3,37,44.8,complete,H08,0,159,61.8,,28.2,right_foot,
SYN-00005-01491,1491,4021.8,3956.2,2,66,pass,home,H08,37,44.8,23.7,46.4,intercepted,H04,0,159,57.5,,16.4,left_foot,
SYN-00005-01492,1492,4022.7,3957.1,2,66,interception,away,A10,23.7,46.4,,,won,,0,159,,,,,
SYN-00005-01493,1493,4022.7,3957.1,2,66,possession_change,away,A10,23.7,46.4,,,interception,,0,160,,,,,
SYN-00005-01494,1494,4023.7,3958.1,2,66,pass,away,A10,23.7,46.4,41,22.2,complete,A13,0,160,58.8,,29.8,right_foot,
SYN-00005-01495,1495,4027.3,3961.7,2,67,pass,away,A13,41,22.2,28.6,11.2,incomplete,A11,0,160,47.6,,22.1,right_foot,
SYN-00005-01496,1496,4030.2,3964.5,2,67,possession_change,home,H07,28.6,11.2,,,recovery,,0,161,,,,,
SYN-00005-01497,1497,4030.2,3964.5,2,67,carry,home,H07,28.6,11.2,37.7,8.5,complete,,0,161,,15,9.5,,
SYN-00005-01498,1498,4032.4,3966.8,2,67,pass,home,H07,37.7,8.5,40.1,21,complete,H06,0,161,41.1,,12.7,right_foot,
SYN-00005-01499,1499,4036.4,3970.8,2,67,pass,home,H06,40.1,21,18.7,35.8,complete,H04,0,161,50.4,,26,right_foot,
SYN-00005-01500,1500,4040,3974.4,2,67,pass,home,H04,18.7,35.8,1,33.5,complete,H01,0,161,43.9,,17.8,right_foot,
SYN-00005-01501,1501,4043.3,3977.7,2,67,pressure,away,A10,1,33.5,,,,,0,161,,,,,
SYN-00005-01502,1502,4043.3,3977.7,2,67,pass,home,H01,1,33.5,1,41.3,complete,H04,1,161,34.2,,7.8,right_foot,
SYN-00005-01503,1503,4047,3981.4,2,67,pass,home,H04,1,41.3,15.6,32.2,complete,H06,0,161,56.7,,17.3,left_foot,
SYN-00005-01504,1504,4050.1,3984.5,2,67,pass,home,H06,15.6,32.2,2.5,32.8,complete,H01,0,161,49.6,,13.2,right_foot,
SYN-00005-01505,1505,4052.9,3987.3,2,67,pass,home,H01,2.5,32.8,30.6,15.6,complete,H07,0,161,69.5,,33,right_foot,
SYN-00005-01506,1506,4056.8,3991.2,2,67,carry,home,H07,30.6,15.6,40.6,12.6,complete,,0,161,,23.3,10.4,,
SYN-00005-01507,1507,4058.4,3992.8,2,67,pass,home,H07,40.6,12.6,73.9,4.7,complete,H09,0,161,71.9,,34.2,right_foot,
SYN-00005-01508,1508,4061.3,3995.7,2,67,pass,home,H09,73.9,4.7,62,14.8,complete,H07,0,161,52.2,,15.6,right_foot,
SYN-00005-01509,1509,4064.1,3998.5,2,67,pass,home,H07,62,14.8,81.7,7.4,incomplete,H09,0,161,50.9,,24.2,right_foot,
SYN-00005-01510,1510,4067.2,4001.6,2,67,possession_change,away,A05,81.7,7.4,,,recovery,,0,162,,,,,
SYN-00005-01511,1511,4067.2,4001.6,2,67,pass,away,A05,81.7,7.4,63.5,15.2,complete,A13,0,162,59.8,,19.8,right_foot,
SYN-00005-01512,1512,4070.4,4004.8,2,67,pressure,home,H10,63.5,15.2,,,,,0,162,,,,,
SYN-00005-01513,1513,4070.4,4004.8,2,67,pass,away,A13,63.5,15.2,91.1,34.1,complete,A03,1,162,65.9,,33.4,right_foot,
SYN-00005-01514,1514,4073.5,4007.9,2,67,pressure,home,H10,91.1,34.1,,,,,0,162,,,,,
SYN-00005-01515,1515,4073.5,4007.9,2,67,pass,away,A03,91.1,34.1,86.1,60.6,incomplete,A02,1,162,59.8,,25.4,right_foot,
SYN-00005-01516,1516,4077.2,4011.6,2,67,possession_change,home,H11,86.1,60.6,,,recovery,,0,163,,,,,
SYN-00005-01517,1517,4077.2,4011.6,2,67,pass,home,H11,86.1,60.6,72.7,49.2,complete,H08,0,163,42.1,,17.6,left_foot,
SYN-00005-01518,1518,4080.6,4015,2,67,carry,home,H08,72.7,49.2,77.2,48.9,complete,,0,163,,16.9,4.5,,
SYN-00005-01519,1519,4081.6,4016,2,67,pressure,away,A07,77.2,48.9,,,,,0,163,,,,,
SYN-00005-01520,1520,4081.6,4016,2,67,pass,home,H08,77.2,48.9,104.8,0,out,H10,1,163,64.5,,31,left_foot,
SYN-00005-01521,1521,4083.3,4017.7,2,67,possession_change,away,A05,104,1,,,out_of_play,,0,164,,,,,
SYN-00005-01522,1522,4094.2,4028.6,2,68,pressure,home,H09,104,1,,,,,0,164,,,,,
SYN-00005-01523,1523,4094.2,4028.6,2,68,pass,away,A05,104,1,101.2,18.5,complete,A01,1,164,54.9,,17.7,right_foot,
SYN-00005-01524,1524,4097.1,4031.5,2,68,pressure,home,H10,101.2,18.5,,,,,0,164,,,,,
SYN-00005-01525,1525,4097.1,4031.5,2,68,pass,away,A01,101.2,18.5,95.3,49.5,complete,A02,1,164,73.1,,31.5,left_foot,
SYN-00005-01526,1526,4100.5,4034.9,2,68,pass,away,A02,95.3,49.5,99.7,38.1,complete,A01,0,164,38.3,,12.2,right_foot,
SYN-00005-01527,1527,4104.6,4039,2,68,pass,away,A01,99.7,38.1,74.8,39.3,complete,A06,0,164,57.4,,25,right_foot,
SYN-00005-01528,1528,4108.5,4042.9,2,68,pressure,home,H10,74.8,39.3,,,,,0,164,,,,,
SYN-00005-01529,1529,4108.5,4042.9,2,68,pass,away,A06,74.8,39.3,64.4,68,out,A07,1,164,59,,22.8,left_foot,
SYN-00005-01530,1530,4109.9,4044.3,2,68,possession_change,home,H11,64.4,67,,,out_of_play,,0,165,,,,,
SYN-00005-01531,1531,4129.1,4063.5,2,68,pass,home,H11,64.4,67,44.2,40.9,complete,H06,0,165,69.8,,33.1,right_foot,
SYN-00005-01532,1532,4132.2,4066.6,2,68,pass,home,H06,44.2,40.9,51,47.3,complete,H08,0,165,44.1,,9.3,right_foot,
SYN-00005-01533,1533,4135,4069.4,2,68,pass,home,H08,51,47.3,54.5,27.3,complete,H07,0,165,56,,20.3,right_foot,
SYN-00005-01534,1534,4137.8,4072.2,2,68,pass,home,H07,54.5,27.3,51.1,37,complete,H06,0,165,46.7,,10.3,left_foot,
SYN-00005-01535,1535,4140.6,4075,2,68,pressure,away,A10,51.1,37,,,,,0,165,,,,,
SYN-00005-01536,1536,4140.6,4075,2,68,pass,home,H06,51.1,37,56,21.1,complete,H07,1,165,53.5,,16.6,left_foot,
SYN-00005-01537,1537,4144.5,4078.9,2,68,carry,home,H07,56,21.1,59.5,27.8,complete,,0,165,,15.6,7.5,,
SYN-00005-01538,1538,4146.2,4080.6,2,69,carry,home,H07,59.5,27.8,73.5,21.9,complete,,0,165,,22.2,15.2,,
SYN-00005-01539,1539,4148.7,4083.1,2,69,pass,home,H07,73.5,21.9,65.7,47.6,complete,H08,0,165,63.9,,26.9,left_foot,
SYN-00005-01540,1540,4152.7,4087.1,2,69,pass,home,H08,65.7,47.6,62,24.7,complete,H07,0,165,53.1,,23.2,right_foot,
SYN-00005-01541,1541,4155.3,4089.7,2,69,pass,home,H07,62,24.7,37.6,1.6,complete,H13,0,165,67.7,,33.6,right_foot,
SYN-00005-01542,1542,4158.9,4093.3,2,69,pressure,away,A11,37.6,1.6,,,,,0,165,,,,,
SYN-00005-01543,1543,4158.9,4093.3,2,69,pass,home,H13,37.6,1.6,42.5,0,out,H07,1,165,44.2,,14.9,right_foot,
SYN-00005-01544,1544,4160.1,4094.5,2,69,possession_change,away,A11,42.5,1,,,out_of_play,,0,166,,,,,
SYN-00005-01545,1545,4172.9,4107.3,2,69,pass,away,A11,42.5,1,50,14,complete,A13,0,166,58,,15,right_foot,
SYN-00005-01546,1546,4176.4,4110.8,2,69,pass,away,A13,50,14,54.5,40.4,complete,A07,0,166,63,,26.8,right_foot,
SYN-00005-01547,1547,4180.3,4114.7,2,69,pass,away,A07,54.5,40.4,71.7,10.5,complete,A05,0,166,69.8,,34.5,right_foot,
SYN-00005-01548,1548,4184.9,4119.3,2,69,pressure,home,H10,71.7,10.5,,,,,0,166,,,,,
SYN-00005-01549,1549,4184.9,4119.3,2,69,pass,away,A05,71.7,10.5,36.4,0,out,A11,1,166,86.1,,36.3,right_foot,
SYN-00005-01550,1550,4186.4,4120.8,2,69,possession_change,home,H13,36.4,1,,,out_of_play,,0,167,,,,,
SYN-00005-01551,1551,4196.1,4130.5,2,69,pressure,away,A11,36.4,1,,,,,0,167,,,,,
SYN-00005-01552,1552,4196.1,4130.5,2,69,carry,home,H13,36.4,1,49.7,5.9,complete,,1,167,,19.7,14.1,,
SYN-00005-01553,1553,4198.7,4133.1,2,69,pass,home,H13,49.7,5.9,49.4,9.6,complete,H07,0,167,37.9,,3.7,right_foot,
SYN-00005-01554,1554,4200.5,4134.9,2,69,carry,home,H07,49.4,9.6,55.1,8.3,dispossessed,,0,167,,19.2,5.9,,
SYN-00005-01555,1555,4201.6,4136,2,69,foul,away,A11,55.1,8.3,,,free_kick,,0,167,,,,,
SYN-00005-01556,1556,4226.4,4160.8,2,70,substitution,away,A14,,,,,substitution,,0,168,,,,,
SYN-00005-01557,1557,4226.4,4160.8,2,70,pass,home,H07,55.1,8.3,47.8,26.9,complete,H06,0,168,56.4,,20,right_foot,
SYN-00005-01558,1558,4229.9,4164.3,2,70,pass,home,H06,47.8,26.9,30.7,51.3,complete,H05,0,168,57.7,,29.8,right_foot,
SYN-00005-01559,1559,4233.3,4167.7,2,70,pass,home,H05,30.7,51.3,44.3,53.1,complete,H08,0,168,45.1,,13.7,left_foot,
SYN-00005-01560,1560,4235.6,4169.9,2,70,pressure,away,A10,44.3,53.1,,,,,0,168,,,,,
SYN-00005-01561,1561,4235.6,4169.9,2,70,pass,home,H08,44.3,53.1,38.3,38.8,intercepted,H06,1,168,54.1,,16.6,left_foot,
SYN-00005-01562,1562,4236.6,4171,2,70,interception,away,A10,38.3,38.8,,,won,,0,168,,,,,
SYN-00005-01563,1563,4236.6,4171,2,70,possession_change,away,A10,38.3,38.8,,,interception,,0,169,,,,,
SYN-00005-01564,1564,4237.6,4172,2,70,carry,away,A10,38.3,38.8,29.1,34,complete,,0,169,,21.9,10.3,,
SYN-00005-01565,1565,4239.3,4173.7,2,70,pass,away,A10,29.1,34,11.4,53.7,complete,A09,0,169,57.7,,26.5,right_foot,
SYN-00005-01566,1566,4242.6,4177,2,70,pass,away,A09,11.4,53.7,1,39.6,incomplete,A10,0,169,49.4,,19,right_foot,
SYN-00005-01567,1567,4245.6,4180,2,70,possession_change,home,H01,1,39.6,,,recovery,,0,170,,,,,
SYN-00005-01568,1568,4245.6,4180,2,70,pass,home,H01,1,39.6,2,22.5,complete,H03,0,170,40.6,,17.2,right_foot,
SYN-00005-01569,1569,4249.2,4183.6,2,70,pass,home,H03,2,22.5,1.8,29.9,complete,H01,0,170,37.2,,7.5,right_foot,
SYN-00005-01570,1570,4251.3,4185.7,2,70,carry,home,H01,1.8,29.9,12.4,30.4,complete,,0,170,,24,10.6,,
SYN-00005-01571,1571,4252.9,4187.3,2,70,pressure,away,A10,12.4,30.4,,,,,0,170,,,,,
SYN-00005-01572,1572,4252.9,4187.3,2,70,carry,home,H01,12.4,30.4,18.6,32,complete,,1,170,,23.7,6.4,,
SYN-00005-01573,1573,4253.9,4188.3,2,70,pass,home,H01,18.6,32,39.9,23,complete,H07,0,170,52.1,,23.2,left_foot,
SYN-00005-01574,1574,4257.4,4191.8,2,70,pass,home,H07,39.9,23,51.2,41.1,complete,H08,0,170,48.8,,21.3,right_foot,
SYN-00005-01575,1575,4261.4,4195.8,2,70,pass,home,H08,51.2,41.1,84.3,35.2,complete,H10,0,170,67.5,,33.6,left_foot,
SYN-00005-01576,1576,4264.5,4198.9,2,70,carry,home,H10,84.3,35.2,92.4,35,complete,,0,170,,24.8,8.1,,
SYN-00005-01577,1577,4265.6,4200,2,71,pass,home,H10,92.4,35,88.5,60.7,complete,H11,0,170,63.6,,26,right_foot,
SYN-00005-01578,1578,4269.9,4204.3,2,71,pressure,away,A02,88.5,60.7,,,,,0,170,,,,,
SYN-00005-01579,1579,4269.9,4204.3,2,71,pass,home,H11,88.5,60.7,61.9,40.6,complete,H06,1,170,64.1,,33.3,left_foot,
SYN-00005-01580,1580,4274.7,4209.1,2,71,pass,home,H06,61.9,40.6,80.5,57.6,complete,H11,0,170,62.3,,25.2,right_foot,
SYN-00005-01581,1581,4278.4,4212.8,2,71,pressure,away,A07,80.5,57.6,,,,,0,170,,,,,
SYN-00005-01582,1582,4278.4,4212.8,2,71,pass,home,H11,80.5,57.6,68.3,30.4,complete,H07,1,170,69.8,,29.8,left_foot,
SYN-00005-01583,1583,4281.2,4215.6,2,71,carry,home,H07,68.3,30.4,72.8,30.5,complete,,0,170,,17,4.6,,
SYN-00005-01584,1584,4282.2,4216.6,2,71,pressure,away,A06,72.8,30.5,,,,,0,170,,,,,
SYN-00005-01585,1585,4282.2,4216.6,2,71,pass,home,H07,72.8,30.5,89.9,10.6,incomplete,H09,1,170,77.7,,29.3,left_foot,
SYN-00005-01586,1586,4285,4219.4,2,71,possession_change,away,A05,89.9,10.6,,,recovery,,0,171,,,,,
SYN-00005-01587,1587,4285,4219.4,2,71,pass,away,A05,89.9,10.6,66.2,0,out,A13,0,171,62,,24.7,right_foot,
SYN-00005-01588,1588,4286.4,4220.8,2,71,possession_change,home,H09,66.2,1,,,out_of_play,,0,172,,,,,
SYN-00005-01589,1589,4301,4235.4,2,71,pass,home,H09,66.2,1,63.7,18.4,complete,H07,0,172,52,,17.6,right_foot,
SYN-00005-01590,1590,4303.4,4237.8,2,71,pressure,away,A13,63.7,18.4,,,,,0,172,,,,,
SYN-00005-01591,1591,4303.4,4237.8,2,71,pass,home,H07,63.7,18.4,96,30.9,complete,H10,1,172,78.6,,34.6,left_foot,
SYN-00005-01592,1592,4307.3,4241.7,2,71,carry,home,H10,96,30.9,102.9,18.7,complete,,0,172,,16.8,14,,
SYN-00005-01593,1593,4310.3,4244.7,2,71,sprint,home,H10,102,30.2,,,,,0,172,,30.8,49.5,,
SYN-00005-01594,1594,4310.3,4244.7,2,71,pass,home,H10,102.9,18.7,79.4,17.9,complete,H07,0,172,66.3,,23.5,right_foot,
SYN-00005-01595,1595,4312.9,4247.3,2,71,pass,home,H07,79.4,17.9,86.7,6.4,complete,H09,0,172,44,,13.5,left_foot,
SYN-00005-01596,1596,4315.3,4249.7,2,71,pressure,away,A05,86.7,6.4,,,,,0,172,,,,,
SYN-00005-01597,1597,4315.3,4249.7,2,71,carry,home,H09,86.7,6.4,88.6,5.2,dispossessed,,1,172,,26,2.3,,
SYN-00005-01598,1598,4315.6,4250,2,71,foul,away,A05,88.6,5.2,,,free_kick,,0,172,,,,,
SYN-00005-01599,1599,4344.2,4278.6,2,72,shot,home,H09,88.6,5.2,90.6,5.2,blocked,,0,173,93.6,,33.1,foot,0.01
SYN-00005-01600,1600,4346,4280.4,2,72,possession_change,away,A05,88.6,5.2,,,blocked_shot,,0,174,,,,,
SYN-00005-01601,1601,4347,4281.4,2,72,pass,away,A05,88.6,5.2,78.3,25.3,complete,A06,0,174,63.5,,22.6,right_foot,
SYN-00005-01602,1602,4349.8,4284.2,2,72,pass,away,A06,78.3,25.3,85.2,6.9,complete,A05,0,174,53.3,,19.7,head,
SYN-00005-01603,1603,4352.4,4286.8,2,72,pressure,home,H10,85.2,6.9,,,,,0,174,,,,,
SYN-00005-01604,1604,4352.4,4286.8,2,72,pass,away,A05,85.2,6.9,89.6,22.2,complete,A04,1,174,48.1,,16,right_foot,
SYN-00005-01605,1605,4355,4289.4,2,72,carry,away,A04,89.6,22.2,79.3,24.6,complete,,0,174,,24.7,10.6,,
SYN-00005-01606,1606,4356.6,4291,2,72,carry,away,A04,79.3,24.6,74.3,25.5,complete,,0,174,,20.1,5.1,,
SYN-00005-01607,1607,4357.5,4291.9,2,72,carry,away,A04,74.3,25.5,63.6,26.3,complete,,0,174,,15.6,10.8,,
SYN-00005-01608,1608,4360,4294.4,2,72,pressure,home,H10,63.6,26.3,,,,,0,174,,,,,
SYN-00005-01609,1609,4360,4294.4,2,72,pass,away,A04,63.6,26.3,64.1,46.4,incomplete,A07,1,174,47.2,,18,right_foot,
SYN-00005-01610,1610,4363.2,4297.6,2,72,possession_change,home,H11,64.1,46.4,,,recovery,,0,175,,,,,
SYN-00005-01611,1611,4363.2,4297.6,2,72,carry,home,H11,64.1,46.4,70.8,52.8,complete,,0,175,,25.6,9.2,,
SYN-00005-01612,1612,4364.5,4298.9,2,72,pass,home,H11,70.8,52.8,105,68,out,H10,0,175,63.4,,32.2,right_foot,
SYN-00005-01613,1613,4366.3,4300.7,2,72,possession_change,away,A02,104,67,,,out_of_play,,0,176,,,,,
SYN-00005-01614,1614,4376,4310.4,2,72,pressure,home,H11,104,67,,,,,0,176,,,,,
SYN-00005-01615,1615,4376,4310.4,2,72,pass,away,A02,104,67,85.1,43.5,complete,A06,1,176,68,,30.1,right_foot,
SYN-00005-01616,1616,4380,4314.4,2,72,pass,away,A06,85.1,43.5,100.4,34.4,complete,A03,0,176,59.6,,17.7,right_foot,
SYN-00005-01617,1617,4383.6,4318,2,72,pressure,home,H10,100.4,34.4,,,,,0,176,,,,,
SYN-00005-01618,1618,4383.6,4318,2,72,pass,away,A03,100.4,34.4,87.5,31.9,complete,A06,1,176,44.9,,13.1,left_foot,
SYN-00005-01619,1619,4387.5,4321.9,2,73,pass,away,A06,87.5,31.9,104,39.9,complete,A01,0,176,52.1,,18.3,right_foot,
SYN-00005-01620,1620,4390.8,4325.2,2,73,pressure,home,H10,104,39.9,,,,,0,176,,,,,
SYN-00005-01621,1621,4390.8,4325.2,2,73,pass,away,A01,104,39.9,69.1,22.2,complete,A13,1,176,79.1,,39.1,right_foot,
SYN-00005-01622,1622,4393.9,4328.3,2,73,pass,away,A13,69.1,22.2,36.9,8,complete,A14,0,176,71.7,,35.2,right_foot,
SYN-00005-01623,1623,4398.5,4332.9,2,73,pressure,home,H07,36.9,8,,,,,0,176,,,,,
SYN-00005-01624,1624,4398.5,4332.9,2,73,pass,away,A14,36.9,8,68.6,1,complete,A05,1,176,74.7,,32.5,right_foot,
SYN-00005-01625,1625,4401.8,4336.2,2,73,pass,away,A05,68.6,1,69.2,25.3,complete,A06,0,176,61,,24.3,right_foot,
SYN-00005-01626,1626,4405.3,4339.7,2,73,pass,away,A06,69.2,25.3,76.2,8.6,incomplete,A04,0,176,43.4,,14.6,right_foot,
SYN-00005-01627,1627,4407.6,4342,2,73,possession_change,home,H09,76.2,8.6,,,recovery,,0,177,,,,,
SYN-00005-01628,1628,4407.6,4342,2,73,pass,home,H09,76.2,8.6,55.5,29,complete,H06,0,177,64.1,,29.1,left_foot,
SYN-00005-01629,1629,4410.2,4344.6,2,73,pressure,away,A10,55.5,29,,,,,0,177,,,,,
SYN-00005-01630,1630,4410.2,4344.6,2,73,carry,home,H06,55.5,29,61.8,26.2,dispossessed,,1,177,,14.3,6.8,,
SYN-00005-01631,1631,4411.9,4346.3,2,73,tackle,away,A13,61.8,26.2,,,won,,0,177,,,,,
SYN-00005-01632,1632,4411.9,4346.3,2,73,possession_change,away,A13,61.8,26.2,,,tackle,,0,178,,,,,
SYN-00005-01633,1633,4412.5,4346.9,2,73,carry,away,A13,61.8,26.2,54.6,25,complete,,0,178,,25.3,7.2,,
SYN-00005-01634,1634,4413.5,4347.9,2,73,pressure,home,H10,54.6,25,,,,,0,178,,,,,
SYN-00005-01635,1635,4413.5,4347.9,2,73,pass,away,A13,54.6,25,52.2,44.1,complete,A07,1,178,55.1,,19.3,left_foot,
SYN-00005-01636,1636,4415.8,4350.2,2,73,pass,away,A07,52.2,44.1,17.2,12.9,incomplete,A14,0,178,88.2,,43.8,right_foot,
SYN-00005-01637,1637,4419.3,4353.7,2,73,possession_change,home,H13,17.2,12.9,,,recovery,,0,179,,,,,
SYN-00005-01638,1638,4419.3,4353.7,2,73,pressure,away,A10,17.2,12.9,,,,,0,179,,,,,
SYN-00005-01639,1639,4419.3,4353.7,2,73,pass,home,H13,17.2,12.9,21.9,31,complete,H06,1,179,51.8,,18.7,left_foot,
SYN-00005-01640,1640,4422.7,4357.1,2,73,pass,home,H06,21.9,31,5,44.8,complete,H04,0,179,49,,21.7,left_foot,
SYN-00005-01641,1641,4426.1,4360.5,2,73,pass,home,H04,5,44.8,33.1,26.6,complete,H07,0,179,69.7,,33.4,right_foot,
SYN-00005-01642,1642,4430.6,4365,2,73,pass,home,H07,33.1,26.6,24.9,9.7,complete,H13,0,179,47.7,,18.8,left_foot,
SYN-00005-01643,1643,4433.9,4368.3,2,73,pass,home,H13,24.9,9.7,34.3,22.3,complete,H06,0,179,53.8,,15.7,left_foot,
SYN-00005-01644,1644,4437.8,4372.2,2,73,pass,home,H06,34.3,22.3,50.4,13.6,complete,H07,0,179,53.4,,18.3,left_foot,
SYN-00005-01645,1645,4441.9,4376.3,2,73,pass,home,H07,50.4,13.6,40.4,34.9,complete,H06,0,179,62.7,,23.5,right_foot,
SYN-00005-01646,1646,4444.6,4379,2,73,pass,home,H06,40.4,34.9,46.4,47.3,complete,H08,0,179,47.6,,13.7,head,
SYN-00005-01647,1647,4447.2,4381.6,2,74,pass,home,H08,46.4,47.3,55.2,28.8,complete,H07,0,179,50.2,,20.4,right_foot,
SYN-00005-01648,1648,4451,4385.4,2,74,pass,home,H07,55.2,28.8,58.8,46.4,complete,H08,0,179,46.3,,17.9,right_foot,
SYN-00005-01649,1649,4455.2,4389.6,2,74,pass,home,H08,58.8,46.4,42.3,34,complete,H06,0,179,46.9,,20.6,left_foot,
SYN-00005-01650,1650,4459.5,4393.9,2,74,carry,home,H06,42.3,34,56.4,29.6,complete,,0,179,,16,14.7,,
SYN-00005-01651,1651,4462.8,4397.2,2,74,pass,home,H06,56.4,29.6,57.3,48.4,complete,H08,0,179,59.8,,18.7,right_foot,
SYN-00005-01652,1652,4466.1,4400.5,2,74,pass,home,H08,57.3,48.4,50.8,36.3,complete,H06,0,179,45.7,,13.7,right_foot,
SYN-00005-01653,1653,4469.9,4404.3,2,74,pass,home,H06,50.8,36.3,29.4,15.6,complete,H13,0,179,67.9,,29.9,left_foot,
SYN-00005-01654,1654,4472.9,4407.3,2,74,pass,home,H13,29.4,15.6,43.8,15.7,incomplete,H07,0,179,50.8,,17.1,right_foot,
SYN-00005-01655,1655,4475.6,4410,2,74,possession_change,away,A10,43.8,15.7,,,recovery,,0,180,,,,,
SYN-00005-01656,1656,4475.6,4410,2,74,pass,away,A10,43.8,15.7,22.6,55.7,complete,A09,0,180,85.2,,45.2,right_foot,
SYN-00005-01657,1657,4478.7,4413.1,2,74,pass,away,A09,22.6,55.7,35.5,68,out,A07,0,180,54.3,,18.1,right_foot,
SYN-00005-01658,1658,4479.9,4414.3,2,74,possession_change,home,H11,35.5,67,,,out_of_play,,0,181,,,,,
SYN-00005-01659,1659,4497.7,4432,2,74,pressure,away,A09,35.5,67,,,,,0,181,,,,,
SYN-00005-01660,1660,4497.7,4432,2,74,carry,home,H11,35.5,67,48.5,63,complete,,1,181,,15.7,13.6,,
SYN-00005-01661,1661,4500.8,4435.1,2,74,pass,home,H11,48.5,63,52.8,51.5,complete,H08,0,181,41.5,,12.2,left_foot,
SYN-00005-01662,1662,4503,4437.4,2,74,pass,home,H08,52.8,51.5,74.1,65.9,complete,H11,0,181,68,,25.7,head,
SYN-00005-01663,1663,4506.3,4440.7,2,75,substitution,home,H14,,,,,substitution,,0,181,,,,,
SYN-00005-01664,1664,4506.3,4440.7,2,75,pass,home,H11,74.1,65.9,62.5,53.1,complete,H08,0,181,54.3,,17.3,right_foot,
SYN-00005-01665,1665,4509.2,4443.6,2,75,pass,home,H08,62.5,53.1,80.8,60.2,complete,H11,0,181,51.2,,19.6,right_foot,
SYN-00005-01666,1666,4513.1,4447.5,2,75,carry,home,H11,80.8,60.2,85.6,54.5,complete,,0,181,,25.5,7.4,,
SYN-00005-01667,1667,4514.2,4448.6,2,75,pass,home,H11,85.6,54.5,96.4,19.1,incomplete,H09,0,181,74,,37.9,right_foot,
SYN-00005-01668,1668,4517.3,4451.7,2,75,possession_change,away,A05,96.4,19.1,,,recovery,,0,182,,,,,
SYN-00005-01669,1669,4517.3,4451.7,2,75,pressure,home,H10,96.4,19.1,,,,,0,182,,,,,
SYN-00005-01670,1670,4517.3,4451.7,2,75,pass,away,A05,96.4,19.1,72.7,18.8,complete,A13,1,182,65.4,,23.7,right_foot,
SYN-00005-01671,1671,4519.8,4454.2,2,75,pass,away,A13,72.7,18.8,65.8,0,out,A06,0,182,35.3,,8.8,right_foot,
SYN-00005-01672,1672,4520.7,4455.1,2,75,possession_change,home,H09,65.8,1,,,out_of_play,,0,183,,,,,
SYN-00005-01673,1673,4539.2,4473.6,2,75,carry,home,H09,65.8,1,68.9,1,dispossessed,,0,183,,23.9,3.6,,
SYN-00005-01674,1674,4539.7,4474.1,2,75,foul,away,A13,68.9,1,,,free_kick,,0,183,,,,,
SYN-00005-01675,1675,4568.1,4502.5,2,76,pressure,away,A13,68.9,1,,,,,0,184,,,,,
SYN-00005-01676,1676,4568.1,4502.5,2,76,carry,home,H09,68.9,1,75,5.2,dispossessed,,1,184,,15.9,7.4,,
SYN-00005-01677,1677,4569.7,4504.1,2,76,foul,away,A13,75,5.2,,,free_kick,,0,184,,,,,
SYN-00005-01678,1678,4593,4527.4,2,76,pass,home,H09,75,5.2,66.1,18,complete,H07,0,185,43,,15.6,right_foot,
SYN-00005-01679,1679,4595.7,4530.1,2,76,pressure,away,A13,66.1,18,,,,,0,185,,,,,
SYN-00005-01680,1680,4595.7,4530.1,2,76,pass,home,H07,66.1,18,92.5,27.1,complete,H10,1,185,66.8,,27.9,right_foot,
SYN-00005-01681,1681,4599.6,4534,2,76,pass,home,H10,92.5,27.1,72.7,18.5,complete,H07,0,185,48,,21.6,right_foot,
SYN-00005-01682,1682,4603.5,4537.9,2,76,pass,home,H07,72.7,18.5,98.8,30.1,incomplete,H10,0,185,61.9,,27.8,right_foot,
SYN-00005-01683,1683,4606.2,4540.6,2,76,possession_change,away,A01,98.8,30.1,,,recovery,,0,186,,,,,
SYN-00005-01684,1684,4606.2,4540.6,2,76,pressure,home,H10,98.8,30.1,,,,,0,186,,,,,
SYN-00005-01685,1685,4606.2,4540.6,2,76,pass,away,A01,98.8,30.1,79.6,35.8,complete,A06,1,186,52,,20,left_foot,
SYN-00005-01686,1686,4609.1,4543.5,2,76,pressure,home,H10,79.6,35.8,,,,,0,186,,,,,
SYN-00005-01687,1687,4609.1,4543.5,2,76,carry,away,A06,79.6,35.8,75.2,36.8,complete,,1,186,,16.3,4.5,,
SYN-00005-01688,1688,4610.1,4544.5,2,76,pass,away,A06,75.2,36.8,58.2,45.7,complete,A07,0,186,46.4,,19.2,right_foot,
SYN-00005-01689,1689,4613.5,4547.9,2,76,pass,away,A07,58.2,45.7,66.2,28.8,intercepted,A05,0,186,73,,36.6,left_foot,
SYN-00005-01690,1690,4614.4,4548.8,2,76,interception,home,H10,66.2,28.8,,,won,,0,186,,,,,
SYN-00005-01691,1691,4614.4,4548.8,2,76,possession_change,home,H10,66.2,28.8,,,interception,,0,187,,,,,
SYN-00005-01692,1692,4615,4549.4,2,76,pass,home,H10,66.2,28.8,90.5,0,out,H09,0,187,65.1,,29.4,right_foot,
SYN-00005-01693,1693,4616.6,4551,2,76,possession_change,away,A05,90.5,1,,,out_of_play,,0,188,,,,,
SYN-00005-01694,1694,4634.7,4569.1,2,77,pressure,home,H09,90.5,1,,,,,0,188,,,,,
SYN-00005-01695,1695,4634.7,4569.1,2,77,pass,away,A05,90.5,1,64.8,16.9,incomplete,A13,1,188,66.1,,27.5,right_foot,
SYN-00005-01696,1696,4637.3,4571.7,2,77,possession_change,home,H10,64.8,16.9,,,recovery,,0,189,,,,,
SYN-00005-01697,1697,4637.3,4571.7,2,77,pressure,away,A13,64.8,16.9,,,,,0,189,,,,,
SYN-00005-01698,1698,4637.3,4571.7,2,77,pass,home,H10,64.8,16.9,84.7,6.9,complete,H09,1,189,50.3,,22.3,right_foot,
SYN-00005-01699,1699,4640.3,4574.7,2,77,shot,home,H09,84.7,6.9,105,42,off_target,,0,189,95.1,,33.9,foot,0.009
SYN-00005-01700,1700,4642,4576.4,2,77,possession_change,away,A01,99,34,,,goal_kick,,0,190,,,,,
SYN-00005-01701,1701,4666.9,4601.3,2,77,pass,away,A01,99,34,94.5,32.5,incomplete,A04,0,190,44.9,,7.7,left_foot,
SYN-00005-01702,1702,4669.3,4603.6,2,77,possession_change,home,H10,94.5,32.5,,,recovery,,0,191,,,,,
SYN-00005-01703,1703,4669.3,4603.6,2,77,pass,home,H10,94.5,32.5,94,2.5,complete,H09,0,191,72,,29.9,head,
SYN-00005-01704,1704,4672.3,4606.7,2,77,pass,home,H09,94,2.5,71.4,13.7,complete,H07,0,191,67.7,,25.2,right_foot,
SYN-00005-01705,1705,4675.1,4609.5,2,77,pass,home,H07,71.4,13.7,42.4,1.4,complete,H13,0,191,72.7,,31.5,right_foot,
SYN-00005-01706,1706,4678,4612.4,2,77,pass,home,H13,42.4,1.4,69.1,7,complete,H09,0,191,68.6,,27.3,left_foot,
SYN-00005-01707,1707,4682.3,4616.7,2,77,pressure,away,A13,69.1,7,,,,,0,191,,,,,
SYN-00005-01708,1708,4682.3,4616.7,2,77,pass,home,H09,69.1,7,63.7,18.5,incomplete,H07,1,191,38.7,,11.7,right_foot,
SYN-00005-01709,1709,4685.7,4620.1,2,78,possession_change,away,A10,63.7,18.5,,,recovery,,0,192,,,,,
SYN-00005-01710,1710,4685.7,4620.1,2,78,pressure,home,H10,63.7,18.5,,,,,0,192,,,,,
SYN-00005-01711,1711,4685.7,4620.1,2,78,pass,away,A10,63.7,18.5,56.2,18.2,complete,A13,1,192,41.1,,7.5,left_foot,
SYN-00005-01712,1712,4688.5,4622.9,2,78,pass,away,A13,56.2,18.2,81.4,21.2,complete,A04,0,192,57.8,,25.4,left_foot,
SYN-00005-01713,1713,4693,4627.4,2,78,pass,away,A04,81.4,21.2,101.2,29.2,complete,A01,0,192,56.3,,21.4,right_foot,
SYN-00005-01714,1714,4696,4630.4,2,78,pressure,home,H10,101.2,29.2,,,,,0,192,,,,,
SYN-00005-01715,1715,4696,4630.4,2,78,pass,away,A01,101.2,29.2,102.3,26.3,intercepted,A04,1,192,40.3,,6.2,left_foot,
SYN-00005-01716,1716,4696.3,4630.7,2,78,interception,home,H10,102.3,26.3,,,won,,0,192,,,,,
SYN-00005-01717,1717,4696.3,4630.7,2,78,possession_change,home,H10,102.3,26.3,,,interception,,0,193,,,,,
SYN-00005-01718,1718,4697.3,4631.7,2,78,pass,home,H10,102.3,26.3,75.2,39.9,incomplete,H08,0,193,68.8,,31.4,right_foot,
SYN-00005-01719,1719,4700.9,4635.3,2,78,possession_change,away,A07,75.2,39.9,,,recovery,,0,194,,,,,
SYN-00005-01720,1720,4700.9,4635.3,2,78,pass,away,A07,75.2,39.9,93.3,29.8,complete,A04,0,194,51.2,,20.7,head,
SYN-00005-01721,1721,4703.8,4638.2,2,78,pressure,home,H10,93.3,29.8,,,,,0,194,,,,,
SYN-00005-01722,1722,4703.8,4638.2,2,78,carry,away,A04,93.3,29.8,90.3,28.4,dispossessed,,1,194,,17.9,3.3,,
SYN-00005-01723,1723,4704.5,4638.9,2,78,foul,home,H10,90.3,28.4,,,free_kick,,0,194,,,,,
SYN-00005-01724,1724,4730.6,4665,2,78,pass,away,A04,90.3,28.4,63.7,40.7,complete,A07,0,195,68.7,,29.3,head,
SYN-00005-01725,1725,4733.4,4667.8,2,78,pressure,home,H10,63.7,40.7,,,,,0,195,,,,,
SYN-00005-01726,1726,4733.4,4667.8,2,78,pass,away,A07,63.7,40.7,89.9,25.5,incomplete,A04,1,195,64,,27,left_foot,
SYN-00005-01727,1727,4736.6,4671,2,78,possession_change,home,H10,89.9,25.5,,,recovery,,0,196,,,,,
SYN-00005-01728,1728,4736.6,4671,2,78,pass,home,H10,89.9,25.5,96.6,56.6,complete,H11,0,196,76.6,,31.8,right_foot,
SYN-00005-01729,1729,4739.6,4674,2,78,pass,home,H11,96.6,56.6,101.5,37.2,complete,H10,0,196,61.2,,19.9,left_foot,
SYN-00005-01730,1730,4742.1,4676.5,2,78,pass,home,H10,101.5,37.2,75,47.3,complete,H08,0,196,62.1,,28.4,right_foot,
SYN-00005-01731,1731,4746.2,4680.6,2,79,pass,home,H08,75,47.3,86.3,42.6,intercepted,H10,0,196,58,,25.9,right_foot,
SYN-00005-01732,1732,4746.9,4681.3,2,79,interception,away,A06,86.3,42.6,,,won,,0,196,,,,,
SYN-00005-01733,1733,4746.9,4681.3,2,79,possession_change,away,A06,86.3,42.6,,,interception,,0,197,,,,,
SYN-00005-01734,1734,4747.5,4681.9,2,79,pressure,home,H10,86.3,42.6,,,,,0,197,,,,,
SYN-00005-01735,1735,4747.5,4681.9,2,79,pass,away,A06,86.3,42.6,81.3,68,out,A02,1,197,54.8,,19.3,right_foot,
SYN-00005-01736,1736,4748.7,4683.1,2,79,possession_change,home,H11,81.3,67,,,out_of_play,,0,198,,,,,
SYN-00005-01737,1737,4758.3,4692.7,2,79,pass,home,H11,81.3,67,67.3,59.1,complete,H08,0,198,44.5,,16,left_foot,
SYN-00005-01738,1738,4762.2,4696.6,2,79,pass,home,H08,67.3,59.1,65.9,26.4,complete,H07,0,198,75.3,,32.7,right_foot,
SYN-00005-01739,1739,4765.5,4699.9,2,79,pressure,away,A13,65.9,26.4,,,,,0,198,,,,,
SYN-00005-01740,1740,4765.5,4699.9,2,79,carry,home,H07,65.9,26.4,75,16.6,complete,,1,198,,23,13.4,,
SYN-00005-01741,1741,4767.6,4702,2,79,pass,home,H07,75,16.6,47.5,7.3,intercepted,H13,0,198,76,,36.9,left_foot,
SYN-00005-01742,1742,4769,4703.4,2,79,interception,away,A14,47.5,7.3,,,won,,0,198,,,,,
SYN-00005-01743,1743,4769,4703.4,2,79,possession_change,away,A14,47.5,7.3,,,interception,,0,199,,,,,
SYN-00005-01744,1744,4770.4,4704.8,2,79,sprint,away,A09,23.4,51.3,,,,,0,199,,30.6,24.5,,
SYN-00005-01745,1745,4770.4,4704.8,2,79,carry,away,A14,47.5,7.3,43.4,9.7,complete,,0,199,,15.7,4.8,,
SYN-00005-01746,1746,4771.5,4705.9,2,79,pass,away,A14,43.4,9.7,60.9,49.1,complete,A02,0,199,88.5,,43.2,right_foot,
SYN-00005-01747,1747,4774.6,4709,2,79,carry,away,A02,60.9,49.1,59.5,53.7,complete,,0,199,,16,4.8,,
SYN-00005-01748,1748,4775.7,4710.1,2,79,carry,away,A02,59.5,53.7,55.7,39.4,complete,,0,199,,22.4,14.8,,
SYN-00005-01749,1749,4778.1,4712.5,2,79,pressure,home,H10,55.7,39.4,,,,,0,199,,,,,
SYN-00005-01750,1750,4778.1,4712.5,2,79,pass,away,A02,55.7,39.4,59.8,35.4,intercepted,A06,1,199,45.2,,8.5,right_foot,
SYN-00005-01751,1751,4778.5,4712.9,2,79,interception,home,H10,59.8,35.4,,,won,,0,199,,,,,
SYN-00005-01752,1752,4778.5,4712.9,2,79,possession_change,home,H10,59.8,35.4,,,interception,,0,200,,,,,
SYN-00005-01753,1753,4779.2,4713.6,2,79,pass,home,H10,59.8,35.4,58.5,47.9,complete,H08,0,200,43.3,,12.6,left_foot,
SYN-00005-01754,1754,4783,4717.3,2,79,pass,home,H08,58.5,47.9,75.7,59.1,complete,H11,0,200,64.1,,20.6,left_foot,
SYN-00005-01755,1755,4785.4,4719.8,2,79,pass,home,H11,75.7,59.1,64.3,25.2,complete,H07,0,200,79.1,,35.8,right_foot,
SYN-00005-01756,1756,4788.6,4723,2,79,sprint,home,H09,84.7,7.8,,,,,0,200,,31.5,18.1,,
SYN-00005-01757,1757,4788.6,4723,2,79,carry,home,H07,64.3,25.2,69.2,24.3,complete,,0,200,,22.1,5,,
SYN-00005-01758,1758,4789.5,4723.9,2,79,pass,home,H07,69.2,24.3,51.4,32.7,complete,H14,0,200,56.1,,19.8,right_foot,
SYN-00005-01759,1759,4793.4,4727.8,2,79,pass,home,H14,51.4,32.7,59.7,43.7,complete,H08,0,200,42.3,,13.8,left_foot,
SYN-00005-01760,1760,4797.4,4731.8,2,79,pass,home,H08,59.7,43.7,80.9,17.5,complete,H09,0,200,68.9,,33.7,right_foot,
SYN-00005-01761,1761,4801.2,4735.5,2,79,pressure,away,A13,80.9,17.5,,,,,0,200,,,,,
SYN-00005-01762,1762,4801.2,4735.5,2,79,pass,home,H09,80.9,17.5,72,41.4,complete,H08,1,200,62.5,,25.6,right_foot,
SYN-00005-01763,1763,4804.7,4739.1,2,79,pass,home,H08,72,41.4,57,32.1,complete,H14,0,200,47,,17.7,left_foot,
SYN-00005-01764,1764,4807.8,4742.2,2,80,pass,home,H14,57,32.1,59.2,21.2,complete,H07,0,200,44.7,,11.1,right_foot,
SYN-00005-01765,1765,4810.8,4745.2,2,80,pass,home,H07,59.2,21.2,46,35.9,complete,H14,0,200,54.1,,19.7,left_foot,
SYN-00005-01766,1766,4813.7,4748.1,2,80,pass,home,H14,46,35.9,34.7,60.1,complete,H05,0,200,61.9,,26.8,right_foot,
SYN-00005-01767,1767,4816.7,4751.1,2,80,pass,home,H05,34.7,60.1,47.5,26.7,incomplete,H07,0,200,76.6,,37,right_foot,
SYN-00005-01768,1768,4820.6,4755,2,80,possession_change,away,A14,47.5,26.7,,,recovery,,0,201,,,,,
SYN-00005-01769,1769,4820.6,4755,2,80,pressure,home,H10,47.5,26.7,,,,,0,201,,,,,
SYN-00005-01770,1770,4820.6,4755,2,80,pass,away,A14,47.5,26.7,78,43.4,complete,A03,1,201,71,,34.7,right_foot,
SYN-00005-01771,1771,4823.9,4758.3,2,80,pass,away,A03,78,43.4,82.7,60.6,complete,A02,0,201,56.9,,17.9,right_foot,
SYN-00005-01772,1772,4827.1,4761.4,2,80,pass,away,A02,82.7,60.6,61,55.2,complete,A07,0,201,54.3,,22.4,left_foot,
SYN-00005-01773,1773,4830,4764.4,2,80,pressure,home,H10,61,55.2,,,,,0,201,,,,,
SYN-00005-01774,1774,4830,4764.4,2,80,carry,away,A07,61,55.2,50.4,59,complete,,1,201,,24.7,11.2,,
SYN-00005-01775,1775,4831.7,4766.1,2,80,pass,away,A07,50.4,59,69.9,57.9,complete,A02,0,201,54.5,,19.5,right_foot,
SYN-00005-01776,1776,4835.5,4769.9,2,80,pass,away,A02,69.9,57.9,33.8,61.8,complete,A09,0,201,68.2,,36.3,right_foot,
SYN-00005-01777,1777,4838.6,4773,2,80,pass,away,A09,33.8,61.8,20.7,46.5,intercepted,A10,0,201,68.6,,33.6,left_foot,
SYN-00005-01778,1778,4839.7,4774.1,2,80,interception,home,H14,20.7,46.5,,,won,,0,201,,,,,
SYN-00005-01779,1779,4839.7,4774.1,2,80,possession_change,home,H14,20.7,46.5,,,interception,,0,202,,,,,
SYN-00005-01780,1780,4840.7,4775.1,2,80,carry,home,H14,20.7,46.5,27.1,48.7,complete,,0,202,,17.4,6.8,,
SYN-00005-01781,1781,4842.1,4776.5,2,80,pass,home,H14,27.1,48.7,43.8,45.9,complete,H08,0,202,48.6,,16.9,left_foot,
SYN-00005-01782,1782,4845.6,4780,2,80,pressure,away,A10,43.8,45.9,,,,,0,202,,,,,
SYN-00005-01783,1783,4845.6,4780,2,80,carry,home,H08,43.8,45.9,50.6,43.8,complete,,1,202,,14.3,7.1,,
SYN-00005-01784,1784,4847.4,4781.8,2,80,carry,home,H08,50.6,43.8,57.8,44.5,dispossessed,,0,202,,16.5,7.2,,
SYN-00005-01785,1785,4849,4783.3,2,80,tackle,away,A07,57.8,44.5,,,won,,0,202,,,,,
SYN-00005-01786,1786,4849,4783.3,2,80,possession_change,away,A07,57.8,44.5,,,tackle,,0,203,,,,,
SYN-00005-01787,1787,4850.1,4784.5,2,80,pressure,home,H10,57.8,44.5,,,,,0,203,,,,,
SYN-00005-01788,1788,4850.1,4784.5,2,80,carry,away,A07,57.8,44.5,53.5,41.5,complete,,1,203,,23.9,5.2,,
SYN-00005-01789,1789,4850.9,4785.3,2,80,pass,away,A07,53.5,41.5,45.9,30.1,complete,A13,0,203,37.7,,13.7,right_foot,
SYN-00005-01790,1790,4853.4,4787.8,2,80,pressure,home,H10,45.9,30.1,,,,,0,203,,,,,
SYN-00005-01791,1791,4853.4,4787.8,2,80,pass,away,A13,45.9,30.1,50.2,42,complete,A07,1,203,40.2,,12.7,left_foot,
SYN-00005-01792,1792,4856.7,4791.1,2,80,pressure,home,H10,50.2,42,,,,,0,203,,,,,
SYN-00005-01793,1793,4856.7,4791.1,2,80,pass,away,A07,50.2,42,77.6,45.2,complete,A03,1,203,65.4,,27.5,left_foot,
SYN-00005-01794,1794,4859.7,4794.1,2,80,pressure,home,H10,77.6,45.2,,,,,0,203,,,,,
SYN-00005-01795,1795,4859.7,4794.1,2,80,carry,away,A03,77.6,45.2,70.8,39.3,complete,,1,203,,15.9,9,,
SYN-00005-01796,1796,4861.8,4796.2,2,80,pressure,home,H10,70.8,39.3,,,,,0,203,,,,,
SYN-00005-01797,1797,4861.8,4796.2,2,80,pass,away,A03,70.8,39.3,81.2,55.2,incomplete,A02,1,203,50.9,,23.3,left_foot,
SYN-00005-01798,1798,4864.6,4799,2,80,possession_change,home,H11,81.2,55.2,,,recovery,,0,204,,,,,
SYN-00005-01799,1799,4864.6,4799,2,80,pressure,away,A07,81.2,55.2,,,,,0,204,,,,,
SYN-00005-01800,1800,4864.6,4799,2,80,pass,home,H11,81.2,55.2,71,48.9,complete,H08,1,204,41.5,,12,right_foot,
SYN-00005-01801,1801,4868.6,4803,2,81,pass,home,H08,71,48.9,92.5,38.8,complete,H10,0,204,51.8,,23.8,right_foot,
SYN-00005-01802,1802,4872.7,4807.1,2,81,carry,home,H10,92.5,38.8,98.2,38.3,dispossessed,,0,204,,17.9,5.8,,
SYN-00005-01803,1803,4873.9,4808.3,2,81,tackle,away,A01,98.2,38.3,,,won,,0,204,,,,,
SYN-00005-01804,1804,4873.9,4808.3,2,81,possession_change,away,A01,98.2,38.3,,,tackle,,0,205,,,,,
SYN-00005-01805,1805,4874.7,4809.1,2,81,pass,away,A01,98.2,38.3,101.2,22.4,complete,A04,0,205,51.2,,16.1,right_foot,
SYN-00005-01806,1806,4877,4811.4,2,81,pass,away,A04,101.2,22.4,104,24.5,complete,A01,0,205,30.9,,3.4,left_foot,
SYN-00005-01807,1807,4880.3,4814.7,2,81,pressure,home,H10,104,24.5,,,,,0,205,,,,,
SYN-00005-01808,1808,4880.3,4814.7,2,81,pass,away,A01,104,24.5,71,42,complete,A07,1,205,85,,37.4,left_foot,
SYN-00005-01809,1809,4883.8,4818.2,2,81,pass,away,A07,71,42,92.4,26.4,complete,A04,0,205,63.2,,26.5,right_foot,
SYN-00005-01810,1810,4886.4,4820.8,2,81,pressure,home,H10,92.4,26.4,,,,,0,205,,,,,
SYN-00005-01811,1811,4886.4,4820.8,2,81,carry,away,A04,92.4,26.4,87.7,28.4,complete,,1,205,,15.5,5.1,,
SYN-00005-01812,1812,4887.6,4822,2,81,pressure,home,H10,87.7,28.4,,,,,0,205,,,,,
SYN-00005-01813,1813,4887.6,4822,2,81,carry,away,A04,87.7,28.4,86.9,26.2,dispossessed,,1,205,,24.3,2.4,,
SYN-00005-01814,1814,4888,4822.4,2,81,tackle,home,H10,86.9,26.2,,,won,,0,205,,,,,
SYN-00005-01815,1815,4888,4822.4,2,81,possession_change,home,H10,86.9,26.2,,,tackle,,0,206,,,,,
SYN-00005-01816,1816,4888.7,4823.1,2,81,pass,home,H10,86.9,26.2,97.5,55.3,complete,H11,0,206,75.1,,31,right_foot,
SYN-00005-01817,1817,4892.6,4827,2,81,pass,home,H11,97.5,55.3,96.9,28.7,intercepted,H09,0,206,82,,36.6,right_foot,
SYN-00005-01818,1818,4893.8,4828.2,2,81,interception,away,A04,96.9,28.7,,,won,,0,206,,,,,
SYN-00005-01819,1819,4893.8,4828.2,2,81,possession_change,away,A04,96.9,28.7,,,interception,,0,207,,,,,
SYN-00005-01820,1820,4894.3,4828.7,2,81,pressure,home,H10,96.9,28.7,,,,,0,207,,,,,
SYN-00005-01821,1821,4894.3,4828.7,2,81,carry,away,A04,96.9,28.7,84.6,37.2,complete,,1,207,,18,14.9,,
SYN-00005-01822,1822,4897.3,4831.7,2,81,pass,away,A04,84.6,37.2,90.4,60.7,complete,A02,0,207,64.4,,24.2,right_foot,
SYN-00005-01823,1823,4899.9,4834.3,2,81,pass,away,A02,90.4,60.7,81.4,48.5,intercepted,A06,0,207,72.2,,26.9,right_foot,
SYN-00005-01824,1824,4900.6,4835,2,81,interception,home,H10,81.4,48.5,,,won,,0,207,,,,,
SYN-00005-01825,1825,4900.6,4835,2,81,possession_change,home,H10,81.4,48.5,,,interception,,0,208,,,,,
SYN-00005-01826,1826,4901.6,4836,2,81,substitution,home,H15,,,,,substitution,,0,208,,,,,
SYN-00005-01827,1827,4901.6,4836,2,81,carry,home,H10,81.4,48.5,88.2,55.1,complete,,0,208,,18.9,9.6,,
SYN-00005-01828,1828,4903.4,4837.8,2,81,pass,home,H10,88.2,55.1,98.5,67,complete,H11,0,208,42.3,,15.7,right_foot,
SYN-00005-01829,1829,4906.9,4841.3,2,81,carry,home,H11,98.5,67,104,61.2,complete,,0,208,,19.8,14.5,,
SYN-00005-01830,1830,4909.6,4844,2,81,pass,home,H11,104,61.2,102.3,68,out,H10,0,208,53.7,,15.3,right_foot,
SYN-00005-01831,1831,4910.6,4845,2,81,possession_change,away,A02,102.3,67,,,out_of_play,,0,209,,,,,
SYN-00005-01832,1832,4921.1,4855.5,2,81,pressure,home,H11,102.3,67,,,,,0,209,,,,,
SYN-00005-01833,1833,4921.1,4855.5,2,81,pass,away,A02,102.3,67,104,47.9,complete,A03,1,209,51.9,,19.2,right_foot,
SYN-00005-01834,1834,4923.6,4858,2,81,pressure,home,H10,104,47.9,,,,,0,209,,,,,
SYN-00005-01835,1835,4923.6,4858,2,81,pass,away,A03,104,47.9,93.4,14,complete,A05,1,209,78.5,,35.5,right_foot,
SYN-00005-01836,1836,4927.4,4861.8,2,82,pressure,home,H10,93.4,14,,,,,0,209,,,,,
SYN-00005-01837,1837,4927.4,4861.8,2,82,pass,away,A05,93.4,14,78.5,27.9,complete,A06,1,209,54.7,,20.4,left_foot,
SYN-00005-01838,1838,4931.6,4866,2,82,pressure,home,H10,78.5,27.9,,,,,0,209,,,,,
SYN-00005-01839,1839,4931.6,4866,2,82,carry,away,A06,78.5,27.9,70.9,25.6,complete,,1,209,,15.7,8,,
SYN-00005-01840,1840,4933.4,4867.8,2,82,pass,away,A06,70.9,25.6,60.8,22.3,complete,A13,0,209,42.6,,10.6,right_foot,
SYN-00005-01841,1841,4936.5,4870.9,2,82,pass,away,A13,60.8,22.3,63.6,26.7,intercepted,A06,0,209,27.1,,6.3,right_foot,
SYN-00005-01842,1842,4937.2,4871.6,2,82,interception,home,H10,63.6,26.7,,,won,,0,209,,,,,
SYN-00005-01843,1843,4937.2,4871.6,2,82,possession_change,home,H10,63.6,26.7,,,interception,,0,210,,,,,
SYN-00005-01844,1844,4938.4,4872.8,2,82,pass,home,H10,63.6,26.7,59.9,45.9,complete,H08,0,210,51.3,,19.6,left_foot,
SYN-00005-01845,1845,4942.7,4877.1,2,82,pass,home,H08,59.9,45.9,81.9,60.6,complete,H11,0,210,59,,26.4,right_foot,
SYN-00005-01846,1846,4945.7,4880.1,2,82,pass,home,H11,81.9,60.6,46.4,65.2,complete,H05,0,210,74.4,,35.8,right_foot,
SYN-00005-01847,1847,4950.2,4884.6,2,82,pass,home,H05,46.4,65.2,58.7,53.9,complete,H08,0,210,46.2,,16.7,right_foot,
SYN-00005-01848,1848,4954.4,4888.8,2,82,pass,home,H08,58.7,53.9,84.1,61.1,complete,H11,0,210,68.8,,26.4,right_foot,
SYN-00005-01849,1849,4957.7,4892.1,2,82,pressure,away,A07,84.1,61.1,,,,,0,210,,,,,
SYN-00005-01850,1850,4957.7,4892.1,2,82,carry,home,H11,84.1,61.1,93,59,complete,,1,210,,14.1,9.2,,
SYN-00005-01851,1851,4960,4894.4,2,82,sprint,home,H08,73.6,52.3,,,,,0,210,,30.3,36,,
SYN-00005-01852,1852,4960,4894.4,2,82,pressure,away,A02,93,59,,,,,0,210,,,,,
SYN-00005-01853,1853,4960,4894.4,2,82,pass,home,H11,93,59,70.5,53.9,complete,H08,1,210,59.7,,23.1,right_foot,
SYN-00005-01854,1854,4963.5,4897.9,2,82,pass,home,H08,70.5,53.9,48.2,36.1,complete,H14,0,210,68.2,,28.5,right_foot,
SYN-00005-01855,1855,4967.6,4902,2,82,pass,home,H14,48.2,36.1,74.3,57.4,complete,H11,0,210,80.7,,33.7,left_foot,
SYN-00005-01856,1856,4972.1,4906.5,2,82,pass,home,H11,74.3,57.4,59.9,53.3,complete,H08,0,210,45,,15,right_foot,
SYN-00005-01857,1857,4975.2,4909.6,2,82,pass,home,H08,59.9,53.3,59,33.4,incomplete,H07,0,210,69.1,,27.3,right_foot,
SYN-00005-01858,1858,4978.9,4913.3,2,82,possession_change,away,A10,59,33.4,,,recovery,,0,211,,,,,
SYN-00005-01859,1859,4978.9,4913.3,2,82,pass,away,A10,59,33.4,52.2,44,complete,A07,0,211,46.4,,12.6,right_foot,
SYN-00005-01860,1860,4980.9,4915.3,2,82,pass,away,A07,52.2,44,82.1,49.6,complete,A03,0,211,62.5,,30.4,left_foot,
SYN-00005-01861,1861,4983.7,4918.1,2,82,pass,away,A03,82.1,49.6,61.9,29.7,complete,A13,0,211,60.5,,28.4,left_foot,
SYN-00005-01862,1862,4987.1,4921.5,2,83,pass,away,A13,61.9,29.7,79.8,8.3,complete,A05,0,211,62.5,,27.9,right_foot,
SYN-00005-01863,1863,4991.5,4925.9,2,83,pass,away,A05,79.8,8.3,76.4,30.2,complete,A06,0,211,57.6,,22.1,right_foot,
SYN-00005-01864,1864,4994.8,4929.2,2,83,pass,away,A06,76.4,30.2,81.5,7.2,complete,A05,0,211,59.9,,23.5,left_foot,
SYN-00005-01865,1865,4998.7,4933.1,2,83,pass,away,A05,81.5,7.2,97,25.6,complete,A04,0,211,59.6,,24,left_foot,
SYN-00005-01866,1866,5002.8,4937.2,2,83,pass,away,A04,97,25.6,86.1,6.8,complete,A05,0,211,60.2,,21.8,left_foot,
SYN-00005-01867,1867,5006.9,4941.3,2,83,pressure,home,H10,86.1,6.8,,,,,0,211,,,,,
SYN-00005-01868,1868,5006.9,4941.3,2,83,pass,away,A05,86.1,6.8,96.4,39.1,incomplete,A03,1,211,64.8,,31.6,left_foot,
SYN-00005-01869,1869,5010.4,4944.8,2,83,possession_change,home,H10,96.4,39.1,,,recovery,,0,212,,,,,
SYN-00005-01870,1870,5010.4,4944.8,2,83,pass,home,H10,96.4,39.1,75.4,48.9,complete,H08,0,212,59,,23.2,right_foot,
SYN-00005-01871,1871,5013.8,4948.2,2,83,sprint,home,H09,89.7,13.7,,,,,0,212,,30.1,46.9,,
SYN-00005-01872,1872,5013.8,4948.2,2,83,pass,home,H08,75.4,48.9,95.8,65,complete,H11,0,212,57.5,,26,right_foot,
SYN-00005-01873,1873,5017.4,4951.8,2,83,carry,home,H11,95.8,65,104,67,complete,,0,212,,25.6,14.9,,
SYN-00005-01874,1874,5019.5,4953.9,2,83,pressure,away,A02,104,67,,,,,0,212,,,,,
SYN-00005-01875,1875,5019.5,4953.9,2,83,carry,home,H11,104,67,104,61.4,complete,,1,212,,24.6,12.6,,
SYN-00005-01876,1876,5021.4,4955.8,2,83,carry,home,H11,104,61.4,104,59.9,complete,,0,212,,17.2,5.3,,
SYN-00005-01877,1877,5022.5,4956.9,2,83,pass,home,H11,104,59.9,105,68,out,H10,0,212,48.3,,18.9,left_foot,
SYN-00005-01878,1878,5023.9,4958.3,2,83,possession_change,away,A02,104,67,,,out_of_play,,0,213,,,,,
SYN-00005-01879,1879,5042,4976.4,2,83,pass,away,A02,104,67,97.2,57.2,complete,A03,0,213,44.6,,12,right_foot,
SYN-00005-01880,1880,5045.9,4980.3,2,84,pressure,home,H10,97.2,57.2,,,,,0,213,,,,,
SYN-00005-01881,1881,5045.9,4980.3,2,84,pass,away,A03,97.2,57.2,87,66.1,complete,A02,1,213,47.5,,13.6,right_foot,
SYN-00005-01882,1882,5048.3,4982.7,2,84,pressure,home,H11,87,66.1,,,,,0,213,,,,,
SYN-00005-01883,1883,5048.3,4982.7,2,84,pass,away,A02,87,66.1,98.9,50.1,incomplete,A03,1,213,52.9,,17.1,right_foot,
SYN-00005-01884,1884,5051.4,4985.8,2,84,possession_change,home,H10,98.9,50.1,,,recovery,,0,214,,,,,
SYN-00005-01885,1885,5051.4,4985.8,2,84,carry,home,H10,98.9,50.1,104,42.9,complete,,0,214,,18.4,15.3,,
SYN-00005-01886,1886,5054.4,4988.8,2,84,pass,home,H10,104,42.9,76.1,54,complete,H08,0,214,70.6,,30,right_foot,
SYN-00005-01887,1887,5058.4,4992.8,2,84,pressure,away,A07,76.1,54,,,,,0,214,,,,,
SYN-00005-01888,1888,5058.4,4992.8,2,84,pass,home,H08,76.1,54,51,37,complete,H14,1,214,69.3,,30.3,right_foot,
SYN-00005-01889,1889,5062.6,4997,2,84,pass,home,H14,51,37,55.5,52.6,complete,H08,0,214,46.4,,16.2,left_foot,
SYN-00005-01890,1890,5066.4,5000.8,2,84,pressure,away,A09,55.5,52.6,,,,,0,214,,,,,
SYN-00005-01891,1891,5066.4,5000.8,2,84,pass,home,H08,55.5,52.6,56.7,28.8,complete,H07,1,214,54.4,,23.8,right_foot,
SYN-00005-01892,1892,5070,5004.4,2,84,pass,home,H07,56.7,28.8,90.4,7.7,incomplete,H09,0,214,75.5,,30.7,right_foot,
SYN-00005-01893,1893,5073.5,5007.9,2,84,possession_change,away,A05,90.4,7.7,,,recovery,,0,215,,,,,
SYN-00005-01894,1894,5073.5,5007.9,2,84,pass,away,A05,90.4,7.7,100.3,25.8,complete,A01,0,215,61,,20.6,right_foot,
SYN-00005-01895,1895,5076.8,5011.2,2,84,carry,away,A01,100.3,25.8,89.8,29,complete,,0,215,,21,10.9,,
SYN-00005-01896,1896,5078.7,5013.1,2,84,pressure,home,H10,89.8,29,,,,,0,215,,,,,
SYN-00005-01897,1897,5078.7,5013.1,2,84,pass,away,A01,89.8,29,66.9,20.3,incomplete,A13,1,215,65.1,,21.7,right_foot,
SYN-00005-01898,1898,5080.9,5015.3,2,84,possession_change,home,H10,66.9,20.3,,,recovery,,0,216,,,,,
SYN-00005-01899,1899,5080.9,5015.3,2,84,carry,home,H10,66.9,20.3,71.1,14.4,complete,,0,216,,25.6,7.2,,
SYN-00005-01900,1900,5081.9,5016.3,2,84,pressure,away,A13,71.1,14.4,,,,,0,216,,,,,
SYN-00005-01901,1901,5081.9,5016.3,2,84,pass,home,H10,71.1,14.4,87.5,60.3,incomplete,H11,1,216,82,,41.5,left_foot,
SYN-00005-01902,1902,5084.8,5019.2,2,84,possession_change,away,A02,87.5,60.3,,,recovery,,0,217,,,,,
SYN-00005-01903,1903,5084.8,5019.2,2,84,pass,away,A02,87.5,60.3,61.6,32.9,complete,A13,0,217,78,,37.7,right_foot,
SYN-00005-01904,1904,5088.7,5023.1,2,84,pass,away,A13,61.6,32.9,83.1,45.1,complete,A03,0,217,53.6,,24.8,left_foot,
SYN-00005-01905,1905,5091.7,5026.1,2,84,pass,away,A03,83.1,45.1,104,31.6,complete,A01,0,217,58.2,,24.8,left_foot,
SYN-00005-01906,1906,5095.5,5029.9,2,84,pressure,home,H10,104,31.6,,,,,0,217,,,,,
SYN-00005-01907,1907,5095.5,5029.9,2,84,carry,away,A01,104,31.6,92.1,29.2,complete,,1,217,,18.7,12.1,,
SYN-00005-01908,1908,5097.8,5032.2,2,84,pressure,home,H10,92.1,29.2,,,,,0,217,,,,,
SYN-00005-01909,1909,5097.8,5032.2,2,84,pass,away,A01,92.1,29.2,80,24.9,intercepted,A13,1,217,63.5,,23.9,head,
SYN-00005-01910,1910,5098.6,5032.9,2,84,interception,home,H10,80,24.9,,,won,,0,217,,,,,
SYN-00005-01911,1911,5098.6,5032.9,2,84,possession_change,home,H10,80,24.9,,,interception,,0,218,,,,,
SYN-00005-01912,1912,5099.8,5034.2,2,84,pass,home,H10,80,24.9,57.1,27,complete,H14,0,218,57,,23,right_foot,
SYN-00005-01913,1913,5103.2,5037.6,2,84,pass,home,H14,57.1,27,60.9,22.5,complete,H07,0,218,38.9,,5.9,right_foot,
SYN-00005-01914,1914,5105.1,5039.5,2,84,pass,home,H07,60.9,22.5,84.7,8.3,complete,H09,0,218,58.8,,27.7,right_foot,
SYN-00005-01915,1915,5108.9,5043.3,2,85,pass,home,H09,84.7,8.3,59.5,30.2,complete,H14,0,218,71.4,,33.4,right_foot,
SYN-00005-01916,1916,5113.5,5047.9,2,85,sprint,home,H09,82.5,9.1,,,,,0,218,,35.5,31.3,,
SYN-00005-01917,1917,5113.5,5047.9,2,85,pass,home,H14,59.5,30.2,63.1,46.3,complete,H08,0,218,48.3,,16.4,right_foot,
SYN-00005-01918,1918,5116.2,5050.6,2,85,pass,home,H08,63.1,46.3,58.6,26.3,complete,H07,0,218,50.1,,20.5,left_foot,
SYN-00005-01919,1919,5119,5053.4,2,85,sprint,away,A13,70.8,18.9,,,,,0,218,,29.8,47.8,,
SYN-00005-01920,1920,5119,5053.4,2,85,carry,home,H07,58.6,26.3,67.2,32,complete,,0,218,,17.7,10.4,,
SYN-00005-01921,1921,5121.2,5055.6,2,85,pass,home,H07,67.2,32,50.9,35.6,complete,H14,0,218,44.7,,16.7,left_foot,
SYN-00005-01922,1922,5124.1,5058.5,2,85,pass,home,H14,50.9,35.6,90.8,39.9,complete,H10,0,218,82.2,,40.1,right_foot,
SYN-00005-01923,1923,5128.2,5062.5,2,85,pass,home,H10,90.8,39.9,95.3,56,incomplete,H11,0,218,52,,23.3,right_foot,
SYN-00005-01924,1924,5131.1,5065.5,2,85,possession_change,away,A02,95.3,56,,,recovery,,0,219,,,,,
SYN-00005-01925,1925,5131.1,5065.5,2,85,pass,away,A02,95.3,56,102.5,45.5,complete,A01,0,219,51.9,,12.8,right_foot,
SYN-00005-01926,1926,5133.4,5067.8,2,85,pass,away,A01,102.5,45.5,85.9,34.5,complete,A06,0,219,51,,19.9,right_foot,
SYN-00005-01927,1927,5137.1,5071.5,2,85,pass,away,A06,85.9,34.5,83.9,58.7,complete,A02,0,219,65.9,,24.3,right_foot,
SYN-00005-01928,1928,5140.2,5074.6,2,85,pass,away,A02,83.9,58.7,90.9,30.6,complete,A04,0,219,61.7,,29,right_foot,
SYN-00005-01929,1929,5144.5,5078.9,2,85,pass,away,A04,90.9,30.6,76.5,37.4,complete,A06,0,219,43.4,,15.9,left_foot,
SYN-00005-01930,1930,5148.3,5082.7,2,85,pressure,home,H10,76.5,37.4,,,,,0,219,,,,,
SYN-00005-01931,1931,5148.3,5082.7,2,85,pass,away,A06,76.5,37.4,64.7,51.3,complete,A07,1,219,54.1,,18.3,right_foot,
SYN-00005-01932,1932,5150.6,5085,2,85,pass,away,A07,64.7,51.3,67.3,41.6,complete,A06,0,219,38.7,,10,head,
SYN-00005-01933,1933,5154.2,5088.6,2,85,carry,away,A06,67.3,41.6,63.1,37.7,dispossessed,,0,219,,15.5,5.7,,
SYN-00005-01934,1934,5155.5,5089.9,2,85,foul,home,H10,63.1,37.7,,,free_kick,,0,219,,,,,
SYN-00005-01935,1935,5189.4,5123.8,2,86,pressure,home,H10,63.1,37.7,,,,,0,220,,,,,
SYN-00005-01936,1936,5189.4,5123.8,2,86,pass,away,A06,63.1,37.7,78.1,11.5,complete,A05,1,220,68.2,,30.2,right_foot,
SYN-00005-01937,1937,5193.4,5127.7,2,86,pressure,home,H10,78.1,11.5,,,,,0,220,,,,,
SYN-00005-01938,1938,5193.4,5127.7,2,86,pass,away,A05,78.1,11.5,34.6,8.2,incomplete,A14,1,220,94.3,,43.4,right_foot,
SYN-00005-01939,1939,5197.1,5131.5,2,86,possession_change,home,H15,34.6,8.2,,,recovery,,0,221,,,,,
SYN-00005-01940,1940,5197.1,5131.5,2,86,pass,home,H15,34.6,8.2,12.3,41.7,complete,H04,0,221,79.8,,40.2,right_foot,
SYN-00005-01941,1941,5200.2,5134.6,2,86,pass,home,H04,12.3,41.7,35.8,23.8,complete,H07,0,221,58.6,,29.5,left_foot,
SYN-00005-01942,1942,5204,5138.4,2,86,pressure,away,A10,35.8,23.8,,,,,0,221,,,,,
SYN-00005-01943,1943,5204,5138.4,2,86,pass,home,H07,35.8,23.8,50.6,36.9,complete,H08,1,221,51.3,,19.8,right_foot,
SYN-00005-01944,1944,5206.6,5141,2,86,pass,home,H08,50.6,36.9,50.8,22.2,complete,H07,0,221,44.3,,14.7,right_foot,
SYN-00005-01945,1945,5210.1,5144.5,2,86,pass,home,H07,50.8,22.2,18.9,39.4,complete,H04,0,221,76,,36.2,left_foot,
SYN-00005-01946,1946,5213.5,5147.9,2,86,pass,home,H04,18.9,39.4,37.5,21.6,complete,H07,0,221,64.2,,25.8,left_foot,
SYN-00005-01947,1947,5217.5,5151.9,2,86,pass,home,H07,37.5,21.6,26.8,50.9,complete,H05,0,221,69.2,,31.3,left_foot,
SYN-00005-01948,1948,5220.4,5154.8,2,86,pass,home,H05,26.8,50.9,45.7,51.2,complete,H08,0,221,55.1,,19,right_foot,
SYN-00005-01949,1949,5224,5158.4,2,86,substitution,away,A15,,,,,substitution,,0,221,,,,,
SYN-00005-01950,1950,5224,5158.4,2,86,pass,home,H08,45.7,51.2,23.5,29.6,complete,H03,0,221,62.4,,31,left_foot,
SYN-00005-01951,1951,5227.8,5162.2,2,87,pressure,away,A10,23.5,29.6,,,,,0,221,,,,,
SYN-00005-01952,1952,5227.8,5162.2,2,87,pass,home,H03,23.5,29.6,42.3,13.9,complete,H07,1,221,56.4,,24.5,right_foot,
SYN-00005-01953,1953,5232,5166.4,2,87,pass,home,H07,42.3,13.9,40,30.4,complete,H14,0,221,48,,16.7,right_foot,
SYN-00005-01954,1954,5234.7,5169.1,2,87,pass,home,H14,40,30.4,49.1,18.1,complete,H07,0,221,53.3,,15.4,head,
SYN-00005-01955,1955,5237.4,5171.8,2,87,pass,home,H07,49.1,18.1,30.9,54.4,complete,H05,0,221,78.2,,40.7,right_foot,
SYN-00005-01956,1956,5240.4,5174.8,2,87,pressure,away,A10,30.9,54.4,,,,,0,221,,,,,
SYN-00005-01957,1957,5240.4,5174.8,2,87,pass,home,H05,30.9,54.4,47.3,25.6,complete,H07,1,221,67.9,,33.2,left_foot,
SYN-00005-01958,1958,5244.9,5179.3,2,87,pressure,away,A10,47.3,25.6,,,,,0,221,,,,,
SYN-00005-01959,1959,5244.9,5179.3,2,87,pass,home,H07,47.3,25.6,24.2,18.7,complete,H03,1,221,59.9,,24.1,left_foot,
SYN-00005-01960,1960,5248.1,5182.5,2,87,pressure,away,A10,24.2,18.7,,,,,0,221,,,,,
SYN-00005-01961,1961,5248.1,5182.5,2,87,pass,home,H03,24.2,18.7,28.9,26.4,complete,H14,1,221,30.5,,9,left_foot,
SYN-00005-01962,1962,5251.1,5185.5,2,87,carry,home,H14,28.9,26.4,42.1,20.6,complete,,0,221,,21.7,14.4,,
SYN-00005-01963,1963,5253.5,5187.9,2,87,pass,home,H14,42.1,20.6,31.6,7.5,complete,H15,0,221,53.3,,16.8,left_foot,
SYN-00005-01964,1964,5256.4,5190.8,2,87,pressure,away,A15,31.6,7.5,,,,,0,221,,,,,
SYN-00005-01965,1965,5256.4,5190.8,2,87,pass,home,H15,31.6,7.5,13.3,21.9,complete,H03,1,221,59.6,,23.3,left_foot,
SYN-00005-01966,1966,5259,5193.4,2,87,pass,home,H03,13.3,21.9,9.5,41.2,complete,H04,0,221,48.1,,19.7,right_foot,
SYN-00005-01967,1967,5263.4,5197.8,2,87,pressure,away,A10,9.5,41.2,,,,,0,221,,,,,
SYN-00005-01968,1968,5263.4,5197.8,2,87,pass,home,H04,9.5,41.2,36.9,20.6,complete,H07,1,221,86.9,,34.3,left_foot,
SYN-00005-01969,1969,5266.4,5200.8,2,87,pass,home,H07,36.9,20.6,48.7,48.7,complete,H08,0,221,69.6,,30.5,right_foot,
SYN-00005-01970,1970,5269.7,5204.1,2,87,carry,home,H08,48.7,48.7,52.9,60.2,complete,,0,221,,21,12.2,,
SYN-00005-01971,1971,5271.8,5206.2,2,87,pass,home,H08,52.9,60.2,19.1,49.4,complete,H04,0,221,72.2,,35.5,right_foot,
SYN-00005-01972,1972,5275.5,5209.9,2,87,pass,home,H04,19.1,49.4,42.1,54.9,complete,H08,0,221,49.9,,23.6,right_foot,
SYN-00005-01973,1973,5279.7,5214.1,2,87,pass,home,H08,42.1,54.9,87.1,40.4,complete,H10,0,221,89.6,,47.3,head,
SYN-00005-01974,1974,5284.1,5218.5,2,87,pass,home,H10,87.1,40.4,56.1,35,complete,H14,0,221,68.5,,31.5,right_foot,
SYN-00005-01975,1975,5288.4,5222.7,2,88,pass,home,H14,56.1,35,58.7,41.5,complete,H08,0,221,38.6,,7.1,right_foot,
SYN-00005-01976,1976,5291.6,5226,2,88,pass,home,H08,58.7,41.5,94.4,34.5,incomplete,H10,0,221,72,,35.6,right_foot,
SYN-00005-01977,1977,5295.3,5229.7,2,88,possession_change,away,A01,94.4,34.5,,,recovery,,0,222,,,,,
SYN-00005-01978,1978,5295.3,5229.7,2,88,pressure,home,H10,94.4,34.5,,,,,0,222,,,,,
SYN-00005-01979,1979,5295.3,5229.7,2,88,pass,away,A01,94.4,34.5,82.5,42.5,complete,A06,1,222,47.7,,14.3,left_foot,
SYN-00005-01980,1980,5297.9,5232.3,2,88,pressure,home,H10,82.5,42.5,,,,,0,222,,,,,
SYN-00005-01981,1981,5297.9,5232.3,2,88,pass,away,A06,82.5,42.5,93.9,38.1,incomplete,A01,1,222,51.7,,19.1,right_foot,
SYN-00005-01982,1982,5300.5,5234.9,2,88,possession_change,home,H10,93.9,38.1,,,recovery,,0,223,,,,,
SYN-00005-01983,1983,5300.5,5234.9,2,88,carry,home,H10,93.9,38.1,104,43.7,complete,,0,223,,24.4,14.3,,
SYN-00005-01984,1984,5302.6,5237,2,88,pass,home,H10,104,43.7,104,60.1,complete,H11,0,223,47,,16.4,right_foot,
SYN-00005-01985,1985,5305.3,5239.7,2,88,pass,home,H11,104,60.1,75.7,49.9,complete,H08,0,223,59.2,,30,left_foot,
SYN-00005-01986,1986,5309.1,5243.5,2,88,sprint,home,H07,65.8,26,,,,,0,223,,25.3,49.7,,
SYN-00005-01987,1987,5309.1,5243.5,2,88,pass,home,H08,75.7,49.9,99.5,39.2,complete,H10,0,223,58.5,,26.1,right_foot,
SYN-00005-01988,1988,5311.9,5246.3,2,88,carry,home,H10,99.5,39.2,104,35.5,complete,,0,223,,17.8,6.1,,
SYN-00005-01989,1989,5313.2,5247.6,2,88,pass,home,H10,104,35.5,70.7,45.2,complete,H08,0,223,81.5,,34.7,left_foot,
SYN-00005-01990,1990,5316,5250.4,2,88,pass,home,H08,70.7,45.2,104,40,incomplete,H10,0,223,64.6,,30.3,left_foot,
SYN-00005-01991,1991,5319.4,5253.8,2,88,possession_change,away,A01,104,40,,,recovery,,0,224,,,,,
SYN-00005-01992,1992,5319.4,5253.8,2,88,pressure,home,H10,104,40,,,,,0,224,,,,,
SYN-00005-01993,1993,5319.4,5253.8,2,88,carry,away,A01,104,40,96.2,36,complete,,1,224,,17.7,8.8,,
SYN-00005-01994,1994,5321.2,5255.6,2,88,pressure,home,H10,96.2,36,,,,,0,224,,,,,
SYN-00005-01995,1995,5321.2,5255.6,2,88,pass,away,A01,96.2,36,75.4,41,complete,A06,1,224,58.3,,21.4,right_foot,
SYN-00005-01996,1996,5324.1,5258.5,2,88,pass,away,A06,75.4,41,58.3,17.7,complete,A13,0,224,61.9,,28.9,right_foot,
SYN-00005-01997,1997,5328.6,5263,2,88,pressure,home,H10,58.3,17.7,,,,,0,224,,,,,
SYN-00005-01998,1998,5328.6,5263,2,88,pass,away,A13,58.3,17.7,86.8,47.8,complete,A03,1,224,74.9,,41.5,right_foot,
SYN-00005-01999,1999,5333.5,5267.9,2,88,pressure,home,H10,86.8,47.8,,,,,0,224,,,,,
SYN-00005-02000,2000,5333.5,5267.9,2,88,pass,away,A03,86.8,47.8,80.3,38.4,complete,A06,1,224,41,,11.5,right_foot,
SYN-00005-02001,2001,5337.2,5271.6,2,88,pass,away,A06,80.3,38.4,98.5,23.5,complete,A04,0,224,60.2,,23.5,left_foot,
SYN-00005-02002,2002,5340.6,5275,2,88,pressure,home,H10,98.5,23.5,,,,,0,224,,,,,
SYN-00005-02003,2003,5340.6,5275,2,88,pass,away,A04,98.5,23.5,95.8,8.2,complete,A05,1,224,54,,15.5,right_foot,
SYN-00005-02004,2004,5344,5278.4,2,88,pass,away,A05,95.8,8.2,74.6,11.9,intercepted,A13,0,224,64.2,,30.4,left_foot,
SYN-00005-02005,2005,5345.3,5279.6,2,88,interception,home,H10,74.6,11.9,,,won,,0,224,,,,,
SYN-00005-02006,2006,5345.3,5279.6,2,88,possession_change,home,H10,74.6,11.9,,,interception,,0,225,,,,,
SYN-00005-02007,2007,5346.6,5281,2,89,pass,home,H10,74.6,11.9,86.7,4.7,complete,H09,0,225,50.4,,14,left_foot,
SYN-00005-02008,2008,5349.3,5283.7,2,89,pass,home,H09,86.7,4.7,99.5,27.1,incomplete,H10,0,225,63,,26,right_foot,
SYN-00005-02009,2009,5352.9,5287.3,2,89,possession_change,away,A03,99.5,27.1,,,recovery,,0,226,,,,,
SYN-00005-02010,2010,5352.9,5287.3,2,89,pressure,home,H10,99.5,27.1,,,,,0,226,,,,,
SYN-00005-02011,2011,5352.9,5287.3,2,89,pass,away,A03,99.5,27.1,87.4,34.2,complete,A06,1,226,43.9,,14.1,right_foot,
SYN-00005-02012,2012,5355.1,5289.5,2,89,pass,away,A06,87.4,34.2,64.2,49.4,complete,A07,0,226,66.5,,27.7,right_foot,
SYN-00005-02013,2013,5359.2,5293.6,2,89,pass,away,A07,64.2,49.4,72,39.4,complete,A06,0,226,49.3,,12.6,right_foot,
SYN-00005-02014,2014,5363.1,5297.5,2,89,carry,away,A06,72,39.4,59.5,31.7,complete,,0,226,,21.8,14.6,,
SYN-00005-02015,2015,5365.5,5299.9,2,89,pass,away,A06,59.5,31.7,82.3,47.8,complete,A03,0,226,62.3,,27.8,left_foot,
SYN-00005-02016,2016,5368.8,5303.2,2,89,pressure,home,H10,82.3,47.8,,,,,0,226,,,,,
SYN-00005-02017,2017,5368.8,5303.2,2,89,carry,away,A03,82.3,47.8,74.4,50.9,complete,,1,226,,21.1,8.4,,
SYN-00005-02018,2018,5370.2,5304.6,2,89,sprint,away,A09,35.5,62.2,,,,,0,226,,33.6,31.4,,
SYN-00005-02019,2019,5370.2,5304.6,2,89,pass,away,A03,74.4,50.9,30,68,out,A09,0,226,84.6,,48.5,right_foot,
SYN-00005-02020,2020,5372.3,5306.7,2,89,possession_change,home,H05,30,67,,,out_of_play,,0,227,,,,,
SYN-00005-02021,2021,5385.8,5320.2,2,89,pass,home,H05,30,67,65.2,64.6,complete,H11,0,227,67.1,,35.3,right_foot,
SYN-00005-02022,2022,5389.1,5323.5,2,89,pass,home,H11,65.2,64.6,63.4,56.4,complete,H08,0,227,36.6,,8.4,left_foot,
SYN-00005-02023,2023,5391.9,5326.3,2,89,pass,home,H08,63.4,56.4,61.8,26.1,complete,H07,0,227,67.1,,30.4,left_foot,
SYN-00005-02024,2024,5395.6,5330,2,89,pass,home,H07,61.8,26.1,48.3,30.2,complete,H14,0,227,55.1,,14.1,right_foot,
SYN-00005-02025,2025,5399.4,5333.8,2,89,carry,home,H14,48.3,30.2,52.2,32.5,dispossessed,,0,227,,23,4.6,,
SYN-00005-02026,2026,5400.1,5334.5,2,89,foul,away,A10,52.2,32.5,,,free_kick,,0,227,,,,,
SYN-00005-02027,2027,5417.2,5351.6,2,90,pass,home,H14,52.2,32.5,28.9,56.5,complete,H05,0,228,68.2,,33.4,right_foot,
SYN-00005-02028,2028,5420,5354.4,2,90,pressure,away,A10,28.9,56.5,,,,,0,228,,,,,
SYN-00005-02029,2029,5420,5354.4,2,90,pass,home,H05,28.9,56.5,10,68,out,H01,1,228,68.6,,34.1,right_foot,
SYN-00005-02030,2030,5421.8,5356.2,2,90,possession_change,away,A09,10,67,,,out_of_play,,0,229,,,,,
SYN-00005-02031,2031,5435.9,5370.3,2,90,pass,away,A09,10,67,0,68,out,A10,0,229,63.2,,31.7,right_foot,
SYN-00005-02032,2032,5437.7,5372.1,2,90,possession_change,home,H05,1,67,,,out_of_play,,0,230,,,,,
SYN-00005-02033,2033,5452.8,5387.2,2,90,carry,home,H05,1,67,9,63.5,complete,,0,230,,20,8.7,,
SYN-00005-02034,2034,5454.4,5388.8,2,90,pass,home,H05,9,63.5,6.7,41.9,complete,H01,0,230,61.3,,21.8,right_foot,
SYN-00005-02035,2035,5458.1,5392.5,2,90,pass,home,H01,6.7,41.9,4.8,28.8,complete,H03,0,230,46.4,,13.3,right_foot,
SYN-00005-02036,2036,5460.6,5395,2,90,pressure,away,A10,4.8,28.8,,,,,0,230,,,,,
SYN-00005-02037,2037,5460.6,5395,2,90,pass,home,H03,4.8,28.8,17.9,55.6,complete,H05,1,230,66.9,,29.8,right_foot,
SYN-00005-02038,2038,5464.3,5398.7,2,90,pass,home,H05,17.9,55.6,15.6,40.4,intercepted,H03,0,230,59.7,,26.2,left_foot,
SYN-00005-02039,2039,5465.3,5399.7,2,90,interception,away,A10,15.6,40.4,,,won,,0,230,,,,,
SYN-00005-02040,2040,5465.3,5399.7,2,90,possession_change,away,A10,15.6,40.4,,,interception,,0,231,,,,,
SYN-00005-02041,2041,5466.1,5400.5,2,91,pass,away,A10,15.6,40.4,28,49.3,complete,A07,0,231,45.7,,15.3,left_foot,
SYN-00005-02042,2042,5470.2,5404.6,2,91,pass,away,A07,28,49.3,54.1,36,complete,A06,0,231,62.1,,29.3,right_foot,
SYN-00005-02043,2043,5473,5407.4,2,91,pass,away,A06,54.1,36,70.1,64.1,complete,A02,0,231,71.6,,32.3,right_foot,
SYN-00005-02044,2044,5476.1,5410.5,2,91,pressure,home,H11,70.1,64.1,,,,,0,231,,,,,
SYN-00005-02045,2045,5476.1,5410.5,2,91,carry,away,A02,70.1,64.1,63.5,65.5,dispossessed,,1,231,,25.8,7.6,,
SYN-00005-02046,2046,5477.1,5411.5,2,91,tackle,home,H11,63.5,65.5,,,won,,0,231,,,,,
SYN-00005-02047,2047,5477.1,5411.5,2,91,possession_change,home,H11,63.5,65.5,,,tackle,,0,232,,,,,
SYN-00005-02048,2048,5477.9,5412.3,2,91,pass,home,H11,63.5,65.5,41.8,63.8,complete,H05,0,232,51.7,,21.8,right_foot,
SYN-00005-02049,2049,5481.5,5415.9,2,91,pass,home,H05,41.8,63.8,54.1,53.1,complete,H08,0,232,48.1,,16.3,left_foot,
SYN-00005-02050,2050,5485.7,5420.1,2,91,carry,home,H08,54.1,53.1,64.1,58.6,complete,,0,232,,22.8,11.4,,
SYN-00005-02051,2051,5487.5,5421.9,2,91,pass,home,H08,64.1,58.6,78.6,60.7,complete,H11,0,232,49.7,,14.7,right_foot,
SYN-00005-02052,2052,5491.3,5425.7,2,91,carry,home,H11,78.6,60.7,86.3,61.4,dispossessed,,0,232,,14.8,7.7,,
SYN-00005-02053,2053,5493.1,5427.5,2,91,foul,away,A02,86.3,61.4,,,free_kick,,0,232,,,,,
SYN-00005-02054,2054,5508.5,5442.9,2,91,pass,home,H11,86.3,61.4,92.6,38.9,incomplete,H10,0,233,57.9,,28.6,right_foot,
SYN-00005-02055,2055,5512.2,5446.6,2,91,possession_change,away,A04,92.6,38.9,,,recovery,,0,234,,,,,
SYN-00005-02056,2056,5512.2,5446.6,2,91,pressure,home,H10,92.6,38.9,,,,,0,234,,,,,
SYN-00005-02057,2057,5512.2,5446.6,2,91,pass,away,A04,92.6,38.9,90.5,57.8,complete,A02,1,234,48.7,,19,head,
SYN-00005-02058,2058,5515.8,5450.2,2,91,pressure,home,H10,90.5,57.8,,,,,0,234,,,,,
SYN-00005-02059,2059,5515.8,5450.2,2,91,pass,away,A02,90.5,57.8,97.5,40.8,complete,A01,1,234,47.5,,18.4,right_foot,
SYN-00005-02060,2060,5518.5,5452.9,2,91,pressure,home,H10,97.5,40.8,,,,,0,234,,,,,
SYN-00005-02061,2061,5518.5,5452.9,2,91,carry,away,A01,97.5,40.8,92,33.2,complete,,1,234,,19.8,9.3,,
SYN-00005-02062,2062,5520.2,5454.6,2,91,pass,away,A01,92,33.2,90.1,54.1,incomplete,A02,0,234,64.3,,25.1,right_foot,
SYN-00005-02063,2063,5523.1,5457.5,2,91,possession_change,home,H11,90.1,54.1,,,recovery,,0,235,,,,,
SYN-00005-02064,2064,5523.1,5457.5,2,91,pass,home,H11,90.1,54.1,90.7,0,out,H09,0,235,69.9,,37.5,right_foot,
SYN-00005-02065,2065,5525,5459.4,2,91,possession_change,away,A05,90.7,1,,,out_of_play,,0,236,,,,,
SYN-00005-02066,2066,5544.7,5479.1,2,92,pass,away,A05,90.7,1,79.8,18.5,complete,A06,0,236,56.9,,20.6,right_foot,
SYN-00005-02067,2067,5547.9,5482.3,2,92,pass,away,A06,79.8,18.5,94.8,37.9,complete,A03,0,236,63.9,,24.5,right_foot,
SYN-00005-02068,2068,5552.1,5486.5,2,92,pass,away,A03,94.8,37.9,64,47.1,complete,A07,0,236,72.1,,32.2,right_foot,
SYN-00005-02069,2069,5556.3,5490.7,2,92,pass,away,A07,64,47.1,69.3,60.5,complete,A02,0,236,44.6,,14.5,right_foot,
SYN-00005-02070,2070,5559.1,5493.5,2,92,sprint,away,A05,79.2,16.6,,,,,0,236,,28.1,45.3,,
SYN-00005-02071,2071,5559.1,5493.5,2,92,pass,away,A02,69.3,60.5,58.1,47.8,complete,A07,0,236,49.7,,16.9,left_foot,
SYN-00005-02072,2072,5561.7,5496.1,2,92,pass,away,A07,58.1,47.8,79.3,60.7,incomplete,A02,0,236,60.9,,26.3,right_foot,
SYN-00005-02073,2073,5564.3,5498.7,2,92,possession_change,home,H11,79.3,60.7,,,recovery,,0,237,,,,,
SYN-00005-02074,2074,5564.3,5498.7,2,92,pressure,away,A07,79.3,60.7,,,,,0,237,,,,,
SYN-00005-02075,2075,5564.3,5498.7,2,92,pass,home,H11,79.3,60.7,38.1,0,out,H03,1,237,102.8,,53.4,right_foot,
SYN-00005-02076,2076,5566.2,5500.6,2,92,possession_change,away,A15,38.1,1,,,out_of_play,,0,238,,,,,
SYN-00005-02077,2077,5578.5,5512.9,2,92,pressure,home,H09,38.1,1,,,,,0,238,,,,,
SYN-00005-02078,2078,5578.5,5512.9,2,92,carry,away,A15,38.1,1,33.1,1,dispossessed,,1,238,,18.5,5.5,,
SYN-00005-02079,2079,5579.5,5513.9,2,92,tackle,home,H07,33.1,1,,,won,,0,238,,,,,
SYN-00005-02080,2080,5579.5,5513.9,2,92,possession_change,home,H07,33.1,1,,,tackle,,0,239,,,,,
SYN-00005-02081,2081,5580.2,5514.6,2,92,pass,home,H07,33.1,1,20.2,21.2,complete,H03,0,239,58.2,,23.9,left_foot,
SYN-00005-02082,2082,5584.6,5519,2,92,pass,home,H03,20.2,21.2,38.7,15.7,complete,H07,0,239,54.9,,19.3,left_foot,
SYN-00005-02083,2083,5588.2,5522.6,2,93,pass,home,H07,38.7,15.7,39.2,30.2,complete,H14,0,239,53.5,,14.6,right_foot,
SYN-00005-02084,2084,5592.2,5526.6,2,93,pass,home,H14,39.2,30.2,26,57.2,complete,H05,0,239,79.9,,30.1,left_foot,
SYN-00005-02085,2085,5594.7,5529.1,2,93,pressure,away,A10,26,57.2,,,,,0,239,,,,,
SYN-00005-02086,2086,5594.7,5529.1,2,93,pass,home,H05,26,57.2,10.1,50.6,complete,H04,1,239,49.2,,17.2,left_foot,
SYN-00005-02087,2087,5598.9,5533.3,2,93,pass,home,H04,10.1,50.6,1.9,38.6,complete,H01,0,239,57.3,,14.5,left_foot,
SYN-00005-02088,2088,5601,5535.4,2,93,pass,home,H01,1.9,38.6,10.9,58.6,complete,H05,0,239,59.8,,21.9,right_foot,
SYN-00005-02089,2089,5604.6,5539,2,93,pass,home,H05,10.9,58.6,1.4,46.1,complete,H01,0,239,40.7,,15.7,right_foot,
SYN-00005-02090,2090,5607.1,5541.5,2,93,pass,home,H01,1.4,46.1,14.8,57.5,complete,H05,0,239,55.6,,17.5,left_foot,
SYN-00005-02091,2091,5610.1,5544.5,2,93,pressure,away,A10,14.8,57.5,,,,,0,239,,,,,
SYN-00005-02092,2092,5610.1,5544.5,2,93,pass,home,H05,14.8,57.5,39.4,52.3,complete,H08,1,239,62.1,,25.2,right_foot,
SYN-00005-02093,2093,5613.2,5547.6,2,93,pass,home,H08,39.4,52.3,45,27.3,incomplete,H07,0,239,56.8,,25.6,left_foot,
SYN-00005-02094,2094,5616.9,5551.3,2,93,possession_change,away,A15,45,27.3,,,recovery,,0,240,,,,,
SYN-00005-02095,2095,5616.9,5551.3,2,93,pressure,home,H10,45,27.3,,,,,0,240,,,,,
SYN-00005-02096,2096,5616.9,5551.3,2,93,pass,away,A15,45,27.3,60.3,35.5,complete,A06,1,240,61.4,,17.3,right_foot,
SYN-00005-02097,2097,5620.9,5555.3,2,93,pass,away,A06,60.3,35.5,48.9,26.5,complete,A13,0,240,40.3,,14.5,left_foot,
SYN-00005-02098,2098,5624.5,5558.9,2,93,pass,away,A13,48.9,26.5,44.3,46.2,complete,A07,0,240,53.6,,20.3,right_foot,
SYN-00005-02099,2099,5628.1,5562.5,2,93,pass,away,A07,44.3,46.2,43.2,25.5,complete,A13,0,240,59.5,,20.7,right_foot,
SYN-00005-02100,2100,5632.2,5566.6,2,93,pass,away,A13,43.2,25.5,22.1,60.9,complete,A09,0,240,76.6,,41.3,head,
SYN-00005-02101,2101,5636.7,5571.1,2,93,pass,away,A09,22.1,60.9,51,42.2,complete,A06,0,240,66.4,,34.4,right_foot,
SYN-00005-02102,2102,5641.3,5575.7,2,93,pressure,home,H10,51,42.2,,,,,0,240,,,,,
SYN-00005-02103,2103,5641.3,5575.7,2,93,carry,away,A06,51,42.2,46.3,43.7,complete,,1,240,,14.7,4.9,,
SYN-00005-02104,2104,5642.5,5576.9,2,93,pass,away,A06,46.3,43.7,29.3,58.2,complete,A09,0,240,56.2,,22.4,left_foot,
SYN-00005-02105,2105,5645.4,5579.8,2,93,carry,away,A09,29.3,58.2,14.9,57.5,complete,,0,240,,23.3,14.4,,
SYN-00005-02106,2106,5647.7,5582.1,2,94,pass,away,A09,14.9,57.5,5.4,47.2,incomplete,A10,0,240,53.6,,18.8,right_foot,
SYN-00005-02107,2107,5650.2,5584.5,2,94,possession_change,home,H01,5.4,47.2,,,recovery,,0,241,,,,,
SYN-00005-02108,2108,5650.2,5584.5,2,94,pass,home,H01,5.4,47.2,15.5,55.7,complete,H05,0,241,43.3,,13.1,right_foot,
SYN-00005-02109,2109,5653.1,5587.5,2,94,pass,home,H05,15.5,55.7,1.9,29.9,complete,H03,0,241,57,,29.1,left_foot,
SYN-00005-02110,2110,5656.4,5590.8,2,94,pressure,away,A10,1.9,29.9,,,,,0,241,,,,,
SYN-00005-02111,2111,5656.4,5590.8,2,94,pass,home,H03,1.9,29.9,12.7,52.8,complete,H05,1,241,54.7,,25.3,right_foot,
SYN-00005-02112,2112,5660,5594.4,2,94,pressure,away,A10,12.7,52.8,,,,,0,241,,,,,
SYN-00005-02113,2113,5660,5594.4,2,94,pass,home,H05,12.7,52.8,1.1,24.7,complete,H03,1,241,65,,30.4,right_foot,
SYN-00005-02114,2114,5663.8,5598.2,2,94,pass,home,H03,1.1,24.7,19.1,24.9,complete,H14,0,241,51.3,,18.1,right_foot,
SYN-00005-02115,2115,5667.2,5601.6,2,94,pass,home,H14,19.1,24.9,41.3,41.7,complete,H08,0,241,50.7,,27.8,right_foot,
SYN-00005-02116,2116,5670.6,5605,2,94,pass,home,H08,41.3,41.7,26.9,58,complete,H05,0,241,59.7,,21.8,left_foot,
SYN-00005-02117,2117,5674.8,5609.2,2,94,pressure,away,A10,26.9,58,,,,,0,241,,,,,
SYN-00005-02118,2118,5674.8,5609.2,2,94,pass,home,H05,26.9,58,10.6,45.8,complete,H04,1,241,61.1,,20.4,left_foot,
SYN-00005-02119,2119,5678,5612.4,2,94,pass,home,H04,10.6,45.8,4.9,30.9,complete,H03,0,241,44.1,,16,right_foot,
SYN-00005-02120,2120,5681.1,5615.5,2,94,pass,home,H03,4.9,30.9,25.8,42.9,intercepted,H08,0,241,70.7,,34.1,left_foot,
SYN-00005-02121,2121,5682.3,5616.7,2,94,interception,away,A10,25.8,42.9,,,won,,0,241,,,,,
SYN-00005-02122,2122,5682.3,5616.7,2,94,possession_change,away,A10,25.8,42.9,,,interception,,0,242,,,,,
SYN-00005-02123,2123,5682.9,5617.3,2,94,pass,away,A10,25.8,42.9,12.2,58,complete,A09,0,242,52,,20.4,right_foot,
SYN-00005-02124,2124,5686.5,5620.9,2,94,pressure,home,H05,12.2,58,,,,,0,242,,,,,
SYN-00005-02125,2125,5686.5,5620.9,2,94,pass,away,A09,12.2,58,1.6,28.8,incomplete,A10,1,242,59.4,,22.6,right_foot,
SYN-00005-02126,2126,5689.9,5624.3,2,94,possession_change,home,H03,1.6,28.8,,,recovery,,0,243,,,,,
SYN-00005-02127,2127,5689.9,5624.3,2,94,carry,home,H03,1.6,28.8,8.3,28.4,complete,,0,243,,24.6,6.7,,
SYN-00005-02128,2128,5690.9,5625.3,2,94,pass,home,H03,8.3,28.4,9.9,8.1,complete,H15,0,243,52.7,,20.4,right_foot,
SYN-00005-02129,2129,5694.6,5629,2,94,pass,home,H15,9.9,8.1,1,28.2,complete,H01,0,243,52.7,,21.9,right_foot,
SYN-00005-02130,2130,5698.4,5632.8,2,94,pass,home,H01,1,28.2,15,35.1,complete,H14,0,243,48.1,,15.6,right_foot,
SYN-00005-02131,2131,5702.4,5636.8,2,94,carry,home,H14,15,35.1,27.4,38.4,complete,,0,243,,20.4,12.8,,
SYN-00005-02132,2132,5704.7,5639.1,2,94,sprint,home,H11,68.1,59.1,,,,,0,243,,29.7,28.5,,
SYN-00005-02133,2133,5704.7,5639.1,2,94,pass,home,H14,27.4,38.4,26.1,9.8,complete,H15,0,243,66.3,,28.6,right_foot,
SYN-00005-02134,2134,5708.3,5642.7,2,95,pressure,away,A10,26.1,9.8,,,,,0,243,,,,,
SYN-00005-02135,2135,5708.3,5642.7,2,95,carry,home,H15,26.1,9.8,26.2,5.2,complete,,1,243,,22.4,4.6,,
SYN-00005-02136,2136,5709.1,5643.5,2,95,pressure,away,A15,26.2,5.2,,,,,0,243,,,,,
SYN-00005-02137,2137,5709.1,5643.5,2,95,pass,home,H15,26.2,5.2,10.1,16,incomplete,H03,1,243,52.6,,23,right_foot,
SYN-00005-02138,2138,5711.7,5646.1,2,95,possession_change,away,A10,10.1,16,,,recovery,,0,244,,,,,
SYN-00005-02139,2139,5711.7,5646.1,2,95,pass,away,A10,10.1,16,5.3,5.4,complete,A15,0,244,37,,11.6,right_foot,
SYN-00005-02140,2140,5714.2,5648.6,2,95,pass,away,A15,5.3,5.4,38,0,out,A13,0,244,69.2,,29.5,right_foot,
SYN-00005-02141,2141,5715.7,5650.1,2,95,possession_change,home,H09,38,1,,,out_of_play,,0,245,,,,,
SYN-00005-02142,2142,5730,5664.4,2,95,pass,home,H09,38,1,12.4,19.4,complete,H03,0,245,61.7,,31.5,right_foot,
SYN-00005-02143,2143,5734.3,5668.7,2,95,pressure,away,A10,12.4,19.4,,,,,0,245,,,,,
SYN-00005-02144,2144,5734.3,5668.7,2,95,pass,home,H03,12.4,19.4,18.5,6.4,complete,H15,1,245,46.7,,14.3,left_foot,
SYN-00005-02145,2145,5738.1,5672.5,2,95,pass,home,H15,18.5,6.4,30.8,27.5,complete,H14,0,245,44.6,,24.4,right_foot,
SYN-00005-02146,2146,5742.1,5676.5,2,95,pass,home,H14,30.8,27.5,10.9,25.3,complete,H03,0,245,49.2,,20,right_foot,
SYN-00005-02147,2147,5746.5,5680.9,2,95,pressure,away,A10,10.9,25.3,,,,,0,245,,,,,
SYN-00005-02148,2148,5746.5,5680.9,2,95,pass,home,H03,10.9,25.3,35.8,41.7,complete,H08,1,245,56.2,,29.8,right_foot,
SYN-00005-02149,2149,5750.9,5685.3,2,95,carry,home,H08,35.8,41.7,40.7,42,complete,,0,245,,22.1,4.8,,
SYN-00005-02150,2150,5751.6,5686,2,95,pass,home,H08,40.7,42,45.8,29.4,complete,H07,0,245,48.9,,13.5,right_foot,
SYN-00005-02151,2151,5754.4,5688.8,2,95,carry,home,H07,45.8,29.4,56.4,33.4,complete,,0,245,,20.9,11.3,,
SYN-00005-02152,2152,5756.4,5690.8,2,95,pass,home,H07,56.4,33.4,30.4,58.3,complete,H05,0,245,76.2,,36,right_foot,
SYN-00005-02153,2153,5759.4,5693.8,2,95,period_end,home,,,,,,end_of_period_2,,0,245,,,,,
