id,seq,t,clock,period,minute,type,team,player_id,x,y,end_x,end_y,outcome,receiver_id,under_pressure,possession,ball_speed_kmh,player_speed_kmh,distance_m,body_part,xg
SYN-00002-00001,1,0,0,1,1,kickoff,away,A10,52.5,34,,,,,0,1,,,,,
SYN-00002-00002,2,1,1,1,1,pass,away,A10,52.5,34,76.9,27.4,complete,A04,0,1,59.3,,25.3,right_foot,
SYN-00002-00003,3,5,5,1,1,pass,away,A04,76.9,27.4,83.9,14.8,complete,A05,0,1,48.3,,14.4,right_foot,
SYN-00002-00004,4,7.5,7.5,1,1,carry,away,A05,83.9,14.8,70.3,11.7,complete,,0,1,,23.1,13.9,,
SYN-00002-00005,5,9.7,9.7,1,1,pressure,home,H10,70.3,11.7,,,,,0,1,,,,,
SYN-00002-00006,6,9.7,9.7,1,1,carry,away,A05,70.3,11.7,60.6,15.8,complete,,1,1,,24.4,10.5,,
SYN-00002-00007,7,11.3,11.3,1,1,pass,away,A05,60.6,15.8,51.5,17.2,complete,A08,0,1,40.3,,9.2,right_foot,
SYN-00002-00008,8,14.8,14.8,1,1,pass,away,A08,51.5,17.2,0,0,out,A10,0,1,88.5,,46.4,right_foot,
SYN-00002-00009,9,16.7,16.7,1,1,possession_change,home,H02,1,1,,,out_of_play,,0,2,,,,,
SYN-00002-00010,10,27.3,27.3,1,1,carry,home,H02,1,1,7,1.4,complete,,0,2,,20.4,6,,
SYN-00002-00011,11,28.4,28.4,1,1,pass,home,H02,7,1.4,1,23.5,complete,H01,0,2,52.4,,23,right_foot,
SYN-00002-00012,12,31.7,31.7,1,1,pass,home,H01,1,23.5,30.3,27.4,complete,H07,0,2,70.6,,29.5,left_foot,
SYN-00002-00013,13,36,36,1,1,pass,home,H07,30.3,27.4,23.4,57.6,complete,H05,0,2,70.7,,31,left_foot,
SYN-00002-00014,14,40,40,1,1,pass,home,H05,23.4,57.6,29.2,33,complete,H06,0,2,57.4,,25.3,right_foot,
SYN-00002-00015,15,43.1,43.1,1,1,pressure,away,A10,29.2,33,,,,,0,2,,,,,
SYN-00002-00016,16,43.1,43.1,1,1,pass,home,H06,29.2,33,42,47.9,complete,H08,1,2,58.1,,19.7,left_foot,
SYN-00002-00017,17,45.7,45.7,1,1,pressure,away,A10,42,47.9,,,,,0,2,,,,,
SYN-00002-00018,18,45.7,45.7,1,1,pass,home,H08,42,47.9,21.2,45.9,complete,H04,1,2,56.2,,20.9,right_foot,
SYN-00002-00019,19,48.1,48.1,1,1,pass,home,H04,21.2,45.9,1.2,37.3,complete,H01,0,2,60.3,,21.8,right_foot,
SYN-00002-00020,20,50.7,50.7,1,1,pass,home,H01,1.2,37.3,27.8,68,out,H06,0,2,59.1,,23,right_foot,
SYN-00002-00021,21,52.1,52.1,1,1,possession_change,away,A09,27.8,67,,,out_of_play,,0,3,,,,,
SYN-00002-00022,22,67.9,67.9,1,2,pass,away,A09,27.8,67,11.1,54.1,intercepted,A10,0,3,70.3,,31,left_foot,
SYN-00002-00023,23,69,69,1,2,interception,home,H04,11.1,54.1,,,won,,0,3,,,,,
SYN-00002-00024,24,69,69,1,2,possession_change,home,H04,11.1,54.1,,,interception,,0,4,,,,,
SYN-00002-00025,25,69.8,69.8,1,2,carry,home,H04,11.1,54.1,22.3,57,complete,,0,4,,22.9,11.5,,
SYN-00002-00026,26,71.6,71.6,1,2,pass,home,H04,22.3,57,30.9,41.8,incomplete,H06,0,4,59.6,,22.7,left_foot,
SYN-00002-00027,27,74,74,1,2,possession_change,away,A10,30.9,41.8,,,recovery,,0,5,,,,,
SYN-00002-00028,28,74,74,1,2,pass,away,A10,30.9,41.8,14.1,61.4,complete,A09,0,5,64.8,,25.8,right_foot,
SYN-00002-00029,29,78.3,78.3,1,2,carry,away,A09,14.1,61.4,16.6,53.4,complete,,0,5,,23,8.4,,
SYN-00002-00030,30,79.7,79.7,1,2,pass,away,A09,16.6,53.4,1,36.8,incomplete,A10,0,5,50.4,,21.4,left_foot,
SYN-00002-00031,31,83.1,83.1,1,2,possession_change,home,H01,1,36.8,,,recovery,,0,6,,,,,
SYN-00002-00032,32,83.1,83.1,1,2,pass,home,H01,1,36.8,6.9,67,incomplete,H05,0,6,65.5,,26.1,left_foot,
SYN-00002-00033,33,85.7,85.7,1,2,possession_change,away,A09,6.9,67,,,recovery,,0,7,,,,,
SYN-00002-00034,34,85.7,85.7,1,2,pass,away,A09,6.9,67,8.7,48.2,incomplete,A10,0,7,59.9,,20.2,right_foot,
SYN-00002-00035,35,88.2,88.2,1,2,possession_change,home,H01,8.7,48.2,,,recovery,,0,8,,,,,
SYN-00002-00036,36,88.2,88.2,1,2,pass,home,H01,8.7,48.2,31.1,55.5,complete,H08,0,8,64.6,,23.6,right_foot,
SYN-00002-00037,37,90.5,90.5,1,2,pass,home,H08,31.1,55.5,16.2,51.6,complete,H04,0,8,43.3,,15.4,right_foot,
SYN-00002-00038,38,94.3,94.3,1,2,sprint,away,A09,43.2,65,,,,,0,8,,29.8,23.8,,
SYN-00002-00039,39,94.3,94.3,1,2,pass,home,H04,16.2,51.6,20.1,61.6,complete,H05,0,8,34.3,,10.8,right_foot,
SYN-00002-00040,40,97,97,1,2,carry,home,H05,20.1,61.6,33,55,complete,,0,8,,22,14.5,,
SYN-00002-00041,41,99.3,99.3,1,2,pressure,away,A10,33,55,,,,,0,8,,,,,
SYN-00002-00042,42,99.3,99.3,1,2,pass,home,H05,33,55,15.6,48.4,complete,H04,1,8,55.3,,18.6,head,
SYN-00002-00043,43,103.2,103.2,1,2,pressure,away,A10,15.6,48.4,,,,,0,8,,,,,
SYN-00002-00044,44,103.2,103.2,1,2,pass,home,H04,15.6,48.4,1,36.7,complete,H01,1,8,54.3,,18.8,right_foot,
SYN-00002-00045,45,106.5,106.5,1,2,pass,home,H01,1,36.7,20.3,36.9,complete,H06,0,8,55.3,,19.3,left_foot,
SYN-00002-00046,46,110.5,110.5,1,2,pass,home,H06,20.3,36.9,1,36.4,complete,H01,0,8,66.4,,19.3,left_foot,
SYN-00002-00047,47,113.8,113.8,1,2,pressure,away,A10,1,36.4,,,,,0,8,,,,,
SYN-00002-00048,48,113.8,113.8,1,2,pass,home,H01,1,36.4,25.2,35.4,complete,H06,1,8,61.9,,24.2,left_foot,
SYN-00002-00049,49,116.7,116.7,1,2,pass,home,H06,25.2,35.4,11.3,39.5,complete,H04,0,8,46,,14.5,right_foot,
SYN-00002-00050,50,119,119,1,2,pressure,away,A10,11.3,39.5,,,,,0,8,,,,,
SYN-00002-00051,51,119,119,1,2,pass,home,H04,11.3,39.5,12.4,53.5,complete,H05,1,8,49.2,,14.1,right_foot,
SYN-00002-00052,52,122.4,122.4,1,3,pass,home,H05,12.4,53.5,2.5,37,complete,H01,0,8,51.1,,19.3,left_foot,
SYN-00002-00053,53,125.1,125.1,1,3,pass,home,H01,2.5,37,1,22.2,complete,H03,0,8,38.8,,15,left_foot,
SYN-00002-00054,54,129.2,129.2,1,3,pass,home,H03,1,22.2,26.7,0,out,H06,0,8,64.9,,23.7,left_foot,
SYN-00002-00055,55,130.5,130.5,1,3,possession_change,away,A11,26.7,1,,,out_of_play,,0,9,,,,,
SYN-00002-00056,56,149.2,149.2,1,3,pass,away,A11,26.7,1,6.8,24.1,incomplete,A10,0,9,65.9,,33.5,right_foot,
SYN-00002-00057,57,153.3,153.3,1,3,possession_change,home,H01,6.8,24.1,,,recovery,,0,10,,,,,
SYN-00002-00058,58,153.3,153.3,1,3,pass,home,H01,6.8,24.1,23.7,32.3,complete,H06,0,10,48.2,,18.8,right_foot,
SYN-00002-00059,59,156.9,156.9,1,3,carry,home,H06,23.7,32.3,33.3,31,complete,,0,10,,17,9.7,,
SYN-00002-00060,60,159,159,1,3,pressure,away,A10,33.3,31,,,,,0,10,,,,,
SYN-00002-00061,61,159,159,1,3,pass,home,H06,33.3,31,13.7,27.1,incomplete,H03,1,10,60.3,,21,right_foot,
SYN-00002-00062,62,161.7,161.7,1,3,possession_change,away,A10,13.7,27.1,,,recovery,,0,11,,,,,
SYN-00002-00063,63,161.7,161.7,1,3,pass,away,A10,13.7,27.1,10.3,11.9,complete,A11,0,11,50.7,,15.6,right_foot,
SYN-00002-00064,64,165.4,165.4,1,3,pass,away,A11,10.3,11.9,6,54.2,complete,A09,0,11,70.4,,42.5,right_foot,
SYN-00002-00065,65,170.2,170.2,1,3,pressure,home,H04,6,54.2,,,,,0,11,,,,,
SYN-00002-00066,66,170.2,170.2,1,3,pass,away,A09,6,54.2,1,41.8,complete,A10,1,11,47.8,,13.4,left_foot,
SYN-00002-00067,67,172.9,172.9,1,3,pressure,home,H04,1,41.8,,,,,0,11,,,,,
SYN-00002-00068,68,172.9,172.9,1,3,pass,away,A10,1,41.8,27.7,44.1,complete,A07,1,11,58.8,,26.9,right_foot,
SYN-00002-00069,69,176.1,176.1,1,3,carry,away,A07,27.7,44.1,21.2,45.1,complete,,0,11,,19.8,6.6,,
SYN-00002-00070,70,177.3,177.3,1,3,shot,away,A07,21.2,45.1,0,27.5,off_target,,0,11,84.6,,23.9,foot,0.039
SYN-00002-00071,71,178.8,178.8,1,3,possession_change,home,H01,6,34,,,goal_kick,,0,12,,,,,
SYN-00002-00072,72,206.1,206.1,1,4,pressure,away,A10,6,34,,,,,0,12,,,,,
SYN-00002-00073,73,206.1,206.1,1,4,pass,home,H01,6,34,2.1,22.2,complete,H03,1,12,49.5,,12.4,right_foot,
SYN-00002-00074,74,209.8,209.8,1,4,pressure,away,A10,2.1,22.2,,,,,0,12,,,,,
SYN-00002-00075,75,209.8,209.8,1,4,pass,home,H03,2.1,22.2,6.3,33.5,complete,H01,1,12,47.6,,12.1,right_foot,
SYN-00002-00076,76,213.1,213.1,1,4,pressure,away,A10,6.3,33.5,,,,,0,12,,,,,
SYN-00002-00077,77,213.1,213.1,1,4,pass,home,H01,6.3,33.5,16.5,59,complete,H05,1,12,66.7,,27.4,left_foot,
SYN-00002-00078,78,216.4,216.4,1,4,carry,home,H05,16.5,59,24.7,57.3,complete,,0,12,,22.6,8.4,,
SYN-00002-00079,79,217.7,217.7,1,4,pass,home,H05,24.7,57.3,1,43.8,complete,H01,0,12,63.7,,27.3,left_foot,
SYN-00002-00080,80,221.9,221.9,1,4,carry,home,H01,1,43.8,11.9,49.9,complete,,0,12,,16.6,12.5,,
SYN-00002-00081,81,224.7,224.7,1,4,pass,home,H01,11.9,49.9,18.9,60.3,complete,H05,0,12,36,,12.5,right_foot,
SYN-00002-00082,82,228.5,228.5,1,4,pressure,away,A10,18.9,60.3,,,,,0,12,,,,,
SYN-00002-00083,83,228.5,228.5,1,4,pass,home,H05,18.9,60.3,41.4,55.9,complete,H08,1,12,58.1,,22.9,right_foot,
SYN-00002-00084,84,231.3,231.3,1,4,pass,home,H08,41.4,55.9,18.9,29.5,complete,H03,0,12,68.1,,34.7,left_foot,
SYN-00002-00085,85,234.8,234.8,1,4,pass,home,H03,18.9,29.5,40.7,48.4,complete,H08,0,12,71.3,,28.8,right_foot,
SYN-00002-00086,86,238.3,238.3,1,4,carry,home,H08,40.7,48.4,48.2,38.1,complete,,0,12,,16.2,12.7,,
SYN-00002-00087,87,241.1,241.1,1,5,pass,home,H08,48.2,38.1,32.5,55,complete,H05,0,12,68.1,,23.1,right_foot,
SYN-00002-00088,88,244.9,244.9,1,5,carry,home,H05,32.5,55,44.4,53.3,complete,,0,12,,24.2,12,,
SYN-00002-00089,89,246.7,246.7,1,5,pass,home,H05,44.4,53.3,69.8,60.6,incomplete,H11,0,12,68.8,,32.6,left_foot,
SYN-00002-00090,90,249.4,249.4,1,5,possession_change,away,A07,69.8,60.6,,,recovery,,0,13,,,,,
SYN-00002-00091,91,249.4,249.4,1,5,pass,away,A07,69.8,60.6,90.5,25.8,complete,A04,0,13,78.8,,40.4,right_foot,
SYN-00002-00092,92,253.5,253.5,1,5,pass,away,A04,90.5,25.8,97.3,68,out,A03,0,13,38.9,,13.5,left_foot,
SYN-00002-00093,93,254.7,254.7,1,5,possession_change,home,H11,97.3,67,,,out_of_play,,0,14,,,,,
SYN-00002-00094,94,272.7,272.7,1,5,shot,home,H11,97.3,67,105,38.3,off_target,,0,14,101.9,,33.9,foot,0.009
SYN-00002-00095,95,274.4,274.4,1,5,possession_change,away,A01,99,34,,,goal_kick,,0,15,,,,,
SYN-00002-00096,96,296.5,296.5,1,5,pass,away,A01,99,34,87.7,11.7,complete,A05,0,15,66.4,,25,right_foot,
SYN-00002-00097,97,299.8,299.8,1,5,pass,away,A05,87.7,11.7,98.3,21.9,complete,A04,0,15,47.9,,14.8,left_foot,
SYN-00002-00098,98,302,302,1,6,pass,away,A04,98.3,21.9,72,41,complete,A07,0,15,72.6,,32.5,right_foot,
SYN-00002-00099,99,304.9,304.9,1,6,pass,away,A07,72,41,56.6,26.3,complete,A08,0,15,58.9,,21.3,right_foot,
SYN-00002-00100,100,308.1,308.1,1,6,pass,away,A08,56.6,26.3,63.3,26.9,complete,A06,0,15,29.4,,6.7,right_foot,
SYN-00002-00101,101,310.9,310.9,1,6,pass,away,A06,63.3,26.9,87.2,44.3,complete,A03,0,15,54.2,,29.6,left_foot,
SYN-00002-00102,102,315.6,315.6,1,6,carry,away,A03,87.2,44.3,76.9,43.4,complete,,0,15,,25.5,10.4,,
SYN-00002-00103,103,317.1,317.1,1,6,pass,away,A03,76.9,43.4,37.7,65.1,complete,A09,0,15,90.1,,44.8,head,
SYN-00002-00104,104,321.5,321.5,1,6,pass,away,A09,37.7,65.1,21.5,47.4,intercepted,A10,0,15,75.3,,34.5,left_foot,
SYN-00002-00105,105,322.6,322.6,1,6,interception,home,H06,21.5,47.4,,,won,,0,15,,,,,
SYN-00002-00106,106,322.6,322.6,1,6,possession_change,home,H06,21.5,47.4,,,interception,,0,16,,,,,
SYN-00002-00107,107,324.1,324.1,1,6,pass,home,H06,21.5,47.4,20.5,60.5,complete,H05,0,16,43.2,,13.2,right_foot,
SYN-00002-00108,108,328,328,1,6,pressure,away,A10,20.5,60.5,,,,,0,16,,,,,
SYN-00002-00109,109,328,328,1,6,pass,home,H05,20.5,60.5,25.3,43.3,complete,H06,1,16,54,,17.9,right_foot,
SYN-00002-00110,110,331.4,331.4,1,6,pass,home,H06,25.3,43.3,11.6,23.1,complete,H03,0,16,63.9,,24.4,left_foot,
SYN-00002-00111,111,334.6,334.6,1,6,pressure,away,A10,11.6,23.1,,,,,0,16,,,,,
SYN-00002-00112,112,334.6,334.6,1,6,pass,home,H03,11.6,23.1,35.2,17.8,complete,H07,1,16,53.8,,24.2,right_foot,
SYN-00002-00113,113,337.7,337.7,1,6,pass,home,H07,35.2,17.8,33.4,11.5,complete,H02,0,16,26,,6.5,right_foot,
SYN-00002-00114,114,341.3,341.3,1,6,pressure,away,A10,33.4,11.5,,,,,0,16,,,,,
SYN-00002-00115,115,341.3,341.3,1,6,pass,home,H02,33.4,11.5,45.6,14.8,complete,H07,1,16,40.8,,12.6,left_foot,
SYN-00002-00116,116,343.7,343.7,1,6,pass,home,H07,45.6,14.8,40.5,29.3,complete,H06,0,16,41.9,,15.4,left_foot,
SYN-00002-00117,117,346.1,346.1,1,6,carry,home,H06,40.5,29.3,46.1,28.5,complete,,0,16,,15.9,5.7,,
SYN-00002-00118,118,347.4,347.4,1,6,pass,home,H06,46.1,28.5,53.2,19.7,complete,H07,0,16,48.8,,11.3,right_foot,
SYN-00002-00119,119,349.6,349.6,1,6,pass,home,H07,53.2,19.7,45.4,28,complete,H06,0,16,41.5,,11.4,right_foot,
SYN-00002-00120,120,352.2,352.2,1,6,pressure,away,A10,45.4,28,,,,,0,16,,,,,
SYN-00002-00121,121,352.2,352.2,1,6,pass,home,H06,45.4,28,47.3,46.5,complete,H08,1,16,50.5,,18.6,left_foot,
SYN-00002-00122,122,356.1,356.1,1,6,pass,home,H08,47.3,46.5,41.2,44.5,complete,H06,0,16,33.5,,6.4,right_foot,
SYN-00002-00123,123,358.7,358.7,1,6,pass,home,H06,41.2,44.5,28,58.4,complete,H05,0,16,46.4,,19.2,right_foot,
SYN-00002-00124,124,363,363,1,7,pressure,away,A10,28,58.4,,,,,0,16,,,,,
SYN-00002-00125,125,363,363,1,7,pass,home,H05,28,58.4,30.9,41.9,complete,H06,1,16,47.2,,16.7,right_foot,
SYN-00002-00126,126,366.4,366.4,1,7,pass,home,H06,30.9,41.9,18,48.6,complete,H04,0,16,43.1,,14.6,left_foot,
SYN-00002-00127,127,370.2,370.2,1,7,pressure,away,A10,18,48.6,,,,,0,16,,,,,
SYN-00002-00128,128,370.2,370.2,1,7,pass,home,H04,18,48.6,41.7,25.9,complete,H07,1,16,81.7,,32.8,right_foot,
SYN-00002-00129,129,372.7,372.7,1,7,carry,home,H07,41.7,25.9,45.9,25.3,complete,,0,16,,17.2,4.3,,
SYN-00002-00130,130,373.6,373.6,1,7,pass,home,H07,45.9,25.3,22.6,20.3,complete,H03,0,16,61.5,,23.8,left_foot,
SYN-00002-00131,131,376.9,376.9,1,7,pass,home,H03,22.6,20.3,8,40.3,complete,H04,0,16,56.4,,24.8,right_foot,
SYN-00002-00132,132,381.2,381.2,1,7,pressure,away,A10,8,40.3,,,,,0,16,,,,,
SYN-00002-00133,133,381.2,381.2,1,7,pass,home,H04,8,40.3,2.1,35.6,complete,H01,1,16,45.9,,7.5,right_foot,
SYN-00002-00134,134,383,383,1,7,pass,home,H01,2.1,35.6,7.3,7.2,complete,H02,0,16,55.3,,28.9,right_foot,
SYN-00002-00135,135,387,387,1,7,pass,home,H02,7.3,7.2,0,0,out,H01,0,16,51.5,,16.8,left_foot,
SYN-00002-00136,136,388.2,388.2,1,7,possession_change,away,A11,1,1,,,out_of_play,,0,17,,,,,
SYN-00002-00137,137,402.7,402.7,1,7,pass,away,A11,1,1,3.3,0,out,A10,0,17,64.3,,30.4,right_foot,
SYN-00002-00138,138,404.4,404.4,1,7,possession_change,home,H02,3.3,1,,,out_of_play,,0,18,,,,,
SYN-00002-00139,139,419.1,419.1,1,7,pressure,away,A11,3.3,1,,,,,0,18,,,,,
SYN-00002-00140,140,419.1,419.1,1,7,pass,home,H02,3.3,1,30.3,12.8,complete,H07,1,18,67.8,,29.4,right_foot,
SYN-00002-00141,141,421.9,421.9,1,8,pass,home,H07,30.3,12.8,77.7,26.8,complete,H10,0,18,91.7,,49.5,left_foot,
SYN-00002-00142,142,426.2,426.2,1,8,pass,home,H10,77.7,26.8,89.5,11.6,complete,H09,0,18,59.5,,19.3,left_foot,
SYN-00002-00143,143,428.5,428.5,1,8,sprint,away,A03,100,34,,,,,0,18,,30.5,28.7,,
SYN-00002-00144,144,428.5,428.5,1,8,pass,home,H09,89.5,11.6,100.1,21.2,complete,H10,0,18,58.6,,14.3,right_foot,
SYN-00002-00145,145,431.3,431.3,1,8,shot,home,H10,100.1,21.2,105,36.1,goal,,0,18,75.7,,13.8,foot,0.125
SYN-00002-00146,146,489.8,489.8,1,9,kickoff,away,A10,52.5,34,,,,,0,19,,,,,
SYN-00002-00147,147,490.8,490.8,1,9,pressure,home,H10,52.5,34,,,,,0,19,,,,,
SYN-00002-00148,148,490.8,490.8,1,9,pass,away,A10,52.5,34,80.3,42.7,complete,A03,1,19,66.9,,29.1,right_foot,
SYN-00002-00149,149,493.5,493.5,1,9,pass,away,A03,80.3,42.7,56.9,47.3,complete,A07,0,19,62.5,,23.8,right_foot,
SYN-00002-00150,150,496.8,496.8,1,9,pass,away,A07,56.9,47.3,69.7,13.6,complete,A05,0,19,83.9,,36.1,right_foot,
SYN-00002-00151,151,501.2,501.2,1,9,pass,away,A05,69.7,13.6,81.9,17.9,complete,A04,0,19,49,,12.9,right_foot,
SYN-00002-00152,152,503.7,503.7,1,9,pass,away,A04,81.9,17.9,61.2,33.7,incomplete,A07,0,19,65.7,,29.3,left_foot,
SYN-00002-00153,153,507.8,507.8,1,9,possession_change,home,H10,61.2,33.7,,,recovery,,0,20,,,,,
SYN-00002-00154,154,507.8,507.8,1,9,carry,home,H10,61.2,33.7,75.7,32.1,complete,,0,20,,20.8,14.6,,
SYN-00002-00155,155,510.3,510.3,1,9,carry,home,H10,75.7,32.1,84.8,43.8,complete,,0,20,,14.2,14.8,,
SYN-00002-00156,156,514.1,514.1,1,9,pressure,away,A06,84.8,43.8,,,,,0,20,,,,,
SYN-00002-00157,157,514.1,514.1,1,9,pass,home,H10,84.8,43.8,99.1,61.1,incomplete,H11,1,20,51.4,,17.3,right_foot,
SYN-00002-00158,158,517.7,517.7,1,9,possession_change,away,A02,99.1,61.1,,,recovery,,0,21,,,,,
SYN-00002-00159,159,517.7,517.7,1,9,pass,away,A02,99.1,61.1,69.8,54.4,complete,A07,0,21,62.6,,30.1,right_foot,
SYN-00002-00160,160,521.7,521.7,1,9,pressure,home,H10,69.8,54.4,,,,,0,21,,,,,
SYN-00002-00161,161,521.7,521.7,1,9,pass,away,A07,69.8,54.4,88,28.4,complete,A04,1,21,71.6,,31.8,right_foot,
SYN-00002-00162,162,526,526,1,9,pass,away,A04,88,28.4,89.7,0,out,A05,0,21,51.5,,19.5,right_foot,
SYN-00002-00163,163,527.4,527.4,1,9,possession_change,home,H09,89.7,1,,,out_of_play,,0,22,,,,,
SYN-00002-00164,164,537.5,537.5,1,9,pressure,away,A05,89.7,1,,,,,0,22,,,,,
SYN-00002-00165,165,537.5,537.5,1,9,pass,home,H09,89.7,1,50.9,5.1,incomplete,H02,1,22,83.6,,40.5,right_foot,
SYN-00002-00166,166,540.5,540.5,1,10,possession_change,away,A11,50.9,5.1,,,recovery,,0,23,,,,,
SYN-00002-00167,167,540.5,540.5,1,10,pass,away,A11,50.9,5.1,69.9,1,complete,A05,0,23,53.3,,19.4,left_foot,
SYN-00002-00168,168,543.6,543.6,1,10,pressure,home,H09,69.9,1,,,,,0,23,,,,,
SYN-00002-00169,169,543.6,543.6,1,10,pass,away,A05,69.9,1,71.1,25,complete,A06,1,23,60.8,,24,right_foot,
SYN-00002-00170,170,547.1,547.1,1,10,pass,away,A06,71.1,25,57.4,25.2,complete,A08,0,23,50.8,,13.8,left_foot,
SYN-00002-00171,171,550.2,550.2,1,10,pass,away,A08,57.4,25.2,88.9,23.2,complete,A04,0,23,72.8,,31.6,right_foot,
SYN-00002-00172,172,553.6,553.6,1,10,pass,away,A04,88.9,23.2,87.1,63.9,complete,A02,0,23,84.9,,40.7,right_foot,
SYN-00002-00173,173,557.7,557.7,1,10,pass,away,A02,87.1,63.9,67.2,54.2,complete,A07,0,23,60.2,,22.2,right_foot,
SYN-00002-00174,174,561.8,561.8,1,10,pressure,home,H10,67.2,54.2,,,,,0,23,,,,,
SYN-00002-00175,175,561.8,561.8,1,10,carry,away,A07,67.2,54.2,67.2,51.3,dispossessed,,1,23,,14.7,2.9,,
SYN-00002-00176,176,562.5,562.5,1,10,foul,home,H10,67.2,51.3,,,free_kick,,0,23,,,,,
SYN-00002-00177,177,591.5,591.5,1,10,carry,away,A07,67.2,51.3,60.7,41.9,complete,,0,24,,23.4,11.5,,
SYN-00002-00178,178,593.3,593.3,1,10,pass,away,A07,60.7,41.9,52.5,22.2,complete,A08,0,24,54.4,,21.3,right_foot,
SYN-00002-00179,179,595.9,595.9,1,10,pass,away,A08,52.5,22.2,5.6,68,out,A10,0,24,80.8,,44.3,left_foot,
SYN-00002-00180,180,597.9,597.9,1,10,possession_change,home,H05,5.6,67,,,out_of_play,,0,25,,,,,
SYN-00002-00181,181,609.9,609.9,1,11,carry,home,H05,5.6,67,15.1,67,complete,,0,25,,24.3,11,,
SYN-00002-00182,182,611.5,611.5,1,11,pass,home,H05,15.1,67,41.1,52.3,complete,H08,0,25,69.4,,29.8,right_foot,
SYN-00002-00183,183,614.3,614.3,1,11,pressure,away,A10,41.1,52.3,,,,,0,25,,,,,
SYN-00002-00184,184,614.3,614.3,1,11,pass,home,H08,41.1,52.3,36.3,39.9,complete,H06,1,25,48.4,,13.3,left_foot,
SYN-00002-00185,185,618.2,618.2,1,11,pass,home,H06,36.3,39.9,19.6,35.3,incomplete,H04,0,25,45.6,,20.7,left_foot,
SYN-00002-00186,186,621,621,1,11,possession_change,away,A10,19.6,35.3,,,recovery,,0,26,,,,,
SYN-00002-00187,187,621,621,1,11,carry,away,A10,19.6,35.3,11.3,34.7,complete,,0,26,,24.9,8.3,,
SYN-00002-00188,188,622.3,622.3,1,11,pass,away,A10,11.3,34.7,8.6,10,complete,A11,0,26,60.6,,24.9,right_foot,
SYN-00002-00189,189,626,626,1,11,pressure,home,H03,8.6,10,,,,,0,26,,,,,
SYN-00002-00190,190,626,626,1,11,carry,away,A11,8.6,10,4.8,10.2,dispossessed,,1,26,,24.1,5.9,,
SYN-00002-00191,191,626.9,626.9,1,11,foul,home,H03,4.8,10.2,,,free_kick,,0,26,,,,,
SYN-00002-00192,192,645.1,645.1,1,11,pass,away,A11,4.8,10.2,0,0,out,A10,0,27,45.5,,17.8,left_foot,
SYN-00002-00193,193,646.5,646.5,1,11,possession_change,home,H02,1,1,,,out_of_play,,0,28,,,,,
SYN-00002-00194,194,657,657,1,11,pass,home,H02,1,1,4.9,34.2,complete,H04,0,28,62.7,,33.4,left_foot,
SYN-00002-00195,195,660.3,660.3,1,12,pressure,away,A10,4.9,34.2,,,,,0,28,,,,,
SYN-00002-00196,196,660.3,660.3,1,12,pass,home,H04,4.9,34.2,18.5,33.3,complete,H06,1,28,58.4,,13.6,left_foot,
SYN-00002-00197,197,664.2,664.2,1,12,pressure,away,A10,18.5,33.3,,,,,0,28,,,,,
SYN-00002-00198,198,664.2,664.2,1,12,pass,home,H06,18.5,33.3,17.8,9.9,complete,H02,1,28,59.7,,23.4,right_foot,
SYN-00002-00199,199,667.2,667.2,1,12,pass,home,H02,17.8,9.9,10.4,34.4,complete,H04,0,28,59.4,,25.6,head,
SYN-00002-00200,200,669.9,669.9,1,12,pass,home,H04,10.4,34.4,25.2,37.2,complete,H06,0,28,50.8,,15.1,right_foot,
SYN-00002-00201,201,672,672,1,12,carry,home,H06,25.2,37.2,32.3,32.7,complete,,0,28,,17.4,8.4,,
SYN-00002-00202,202,673.7,673.7,1,12,carry,home,H06,32.3,32.7,37,30.1,complete,,0,28,,14.5,5.4,,
SYN-00002-00203,203,675,675,1,12,pass,home,H06,37,30.1,16.6,22.9,complete,H03,0,28,57,,21.7,left_foot,
SYN-00002-00204,204,678.8,678.8,1,12,pass,home,H03,16.6,22.9,29.5,29.1,complete,H06,0,28,46.4,,14.3,right_foot,
SYN-00002-00205,205,682.2,682.2,1,12,pass,home,H06,29.5,29.1,16.2,22.2,complete,H03,0,28,53.1,,15,left_foot,
SYN-00002-00206,206,685.6,685.6,1,12,carry,home,H03,16.2,22.2,25.2,19.5,complete,,0,28,,17.7,9.5,,
SYN-00002-00207,207,687.5,687.5,1,12,pressure,away,A10,25.2,19.5,,,,,0,28,,,,,
SYN-00002-00208,208,687.5,687.5,1,12,pass,home,H03,25.2,19.5,1,37.5,complete,H01,1,28,74.3,,30.2,left_foot,
SYN-00002-00209,209,691.9,691.9,1,12,pressure,away,A10,1,37.5,,,,,0,28,,,,,
SYN-00002-00210,210,691.9,691.9,1,12,pass,home,H01,1,37.5,13.9,15.9,complete,H02,1,28,60.8,,25.1,left_foot,
SYN-00002-00211,211,695,695,1,12,pass,home,H02,13.9,15.9,2.8,29.7,complete,H03,0,28,52.9,,17.7,right_foot,
SYN-00002-00212,212,698.9,698.9,1,12,pass,home,H03,2.8,29.7,20.2,34.2,complete,H06,0,28,54.9,,18,head,
SYN-00002-00213,213,702.6,702.6,1,12,carry,home,H06,20.2,34.2,33.3,34.4,complete,,0,28,,23.5,13.1,,
SYN-00002-00214,214,704.6,704.6,1,12,sprint,home,H11,70.7,58.1,,,,,0,28,,35.8,28.8,,
SYN-00002-00215,215,704.6,704.6,1,12,pass,home,H06,33.3,34.4,14.5,45.2,complete,H04,0,28,64.1,,21.7,left_foot,
SYN-00002-00216,216,708.1,708.1,1,12,pass,home,H04,14.5,45.2,24.1,43.5,complete,H06,0,28,43.1,,9.7,right_foot,
SYN-00002-00217,217,710.7,710.7,1,12,pass,home,H06,24.1,43.5,44.8,46.8,complete,H08,0,28,59.6,,21,left_foot,
SYN-00002-00218,218,714.5,714.5,1,12,carry,home,H08,44.8,46.8,54.6,44,complete,,0,28,,16.8,10.2,,
SYN-00002-00219,219,716.7,716.7,1,12,pass,home,H08,54.6,44,46.5,36.3,complete,H06,0,28,40.6,,11.2,right_foot,
SYN-00002-00220,220,718.7,718.7,1,12,pass,home,H06,46.5,36.3,18.2,27.2,complete,H03,0,28,64.6,,29.7,right_foot,
SYN-00002-00221,221,722,722,1,13,pass,home,H03,18.2,27.2,6.1,47.1,complete,H04,0,28,55.6,,23.3,right_foot,
SYN-00002-00222,222,726.3,726.3,1,13,pass,home,H04,6.1,47.1,39.4,47.4,complete,H08,0,28,79.4,,33.3,right_foot,
SYN-00002-00223,223,730.5,730.5,1,13,pass,home,H08,39.4,47.4,37.6,38.5,complete,H06,0,28,43.9,,9.1,right_foot,
SYN-00002-00224,224,734,734,1,13,pressure,away,A10,37.6,38.5,,,,,0,28,,,,,
SYN-00002-00225,225,734,734,1,13,pass,home,H06,37.6,38.5,53.6,0,out,H07,1,28,48,,13.9,right_foot,
SYN-00002-00226,226,735.1,735.1,1,13,possession_change,away,A11,53.6,1,,,out_of_play,,0,29,,,,,
SYN-00002-00227,227,753.7,753.7,1,13,pressure,home,H09,53.6,1,,,,,0,29,,,,,
SYN-00002-00228,228,753.7,753.7,1,13,pass,away,A11,53.6,1,69.6,7.3,incomplete,A05,1,29,55.4,,19.1,right_foot,
SYN-00002-00229,229,756.7,756.7,1,13,possession_change,home,H10,69.6,7.3,,,recovery,,0,30,,,,,
SYN-00002-00230,230,756.7,756.7,1,13,carry,home,H10,69.6,7.3,80.2,14.7,complete,,0,30,,20.8,12.9,,
SYN-00002-00231,231,758.9,758.9,1,13,pass,home,H10,80.2,14.7,69.6,11.9,complete,H07,0,30,45.1,,10.9,right_foot,
SYN-00002-00232,232,761.4,761.4,1,13,pass,home,H07,69.6,11.9,92.8,6,complete,H09,0,30,62.3,,23.9,right_foot,
SYN-00002-00233,233,765.1,765.1,1,13,pressure,away,A05,92.8,6,,,,,0,30,,,,,
SYN-00002-00234,234,765.1,765.1,1,13,pass,home,H09,92.8,6,57.5,17.9,incomplete,H06,1,30,67.4,,35.6,left_foot,
SYN-00002-00235,235,768.6,768.6,1,13,possession_change,away,A10,57.5,17.9,,,recovery,,0,31,,,,,
SYN-00002-00236,236,768.6,768.6,1,13,pass,away,A10,57.5,17.9,73.3,7,complete,A05,0,31,51.9,,19.2,right_foot,
SYN-00002-00237,237,772.2,772.2,1,13,carry,away,A05,73.3,7,68.7,11.9,complete,,0,31,,24.6,6.7,,
SYN-00002-00238,238,773.1,773.1,1,13,pass,away,A05,68.7,11.9,62.4,24.7,complete,A06,0,31,49.9,,14.3,right_foot,
SYN-00002-00239,239,777.1,777.1,1,13,pass,away,A06,62.4,24.7,87.6,45.7,complete,A03,0,31,64.7,,32.8,right_foot,
SYN-00002-00240,240,780.7,780.7,1,14,pressure,home,H10,87.6,45.7,,,,,0,31,,,,,
SYN-00002-00241,241,780.7,780.7,1,14,pass,away,A03,87.6,45.7,93.9,23.6,complete,A04,1,31,66.9,,23,right_foot,
SYN-00002-00242,242,784.2,784.2,1,14,carry,away,A04,93.9,23.6,90.4,20.7,complete,,0,31,,14.8,4.6,,
SYN-00002-00243,243,785.3,785.3,1,14,pass,away,A04,90.4,20.7,68.4,23.4,complete,A08,0,31,59.5,,22.1,right_foot,
SYN-00002-00244,244,788.3,788.3,1,14,pass,away,A08,68.4,23.4,64.5,27.6,complete,A06,0,31,30,,5.8,right_foot,
SYN-00002-00245,245,790.8,790.8,1,14,carry,away,A06,64.5,27.6,56.5,28.2,complete,,0,31,,17.2,8.1,,
SYN-00002-00246,246,792.5,792.5,1,14,pass,away,A06,56.5,28.2,75.9,53.1,incomplete,A02,0,31,70,,30.7,left_foot,
SYN-00002-00247,247,796.3,796.3,1,14,possession_change,home,H11,75.9,53.1,,,recovery,,0,32,,,,,
SYN-00002-00248,248,796.3,796.3,1,14,pass,home,H11,75.9,53.1,69.9,52.3,complete,H08,0,32,36.5,,6,right_foot,
SYN-00002-00249,249,798.1,798.1,1,14,pass,home,H08,69.9,52.3,60.1,25.6,complete,H07,0,32,57.5,,28.4,left_foot,
SYN-00002-00250,250,802.2,802.2,1,14,pass,home,H07,60.1,25.6,27.5,18.2,complete,H03,0,32,73.9,,33.5,right_foot,
SYN-00002-00251,251,805,805,1,14,pass,home,H03,27.5,18.2,74.5,2.6,incomplete,H09,0,32,92.9,,47,right_foot,
SYN-00002-00252,252,807.8,807.8,1,14,possession_change,away,A05,74.5,2.6,,,recovery,,0,33,,,,,
SYN-00002-00253,253,807.8,807.8,1,14,pass,away,A05,74.5,2.6,91,0,out,A04,0,33,46.3,,20.2,left_foot,
SYN-00002-00254,254,809.4,809.4,1,14,possession_change,home,H09,91,1,,,out_of_play,,0,34,,,,,
SYN-00002-00255,255,825.1,825.1,1,14,carry,home,H09,91,1,99.2,1,complete,,0,34,,24.5,8.5,,
SYN-00002-00256,256,826.4,826.4,1,14,pass,home,H09,99.2,1,67.1,23.8,complete,H06,0,34,85.8,,39.3,left_foot,
SYN-00002-00257,257,829.5,829.5,1,14,pass,home,H06,67.1,23.8,60,19.6,complete,H07,0,34,38.6,,8.3,head,
SYN-00002-00258,258,831.7,831.7,1,14,carry,home,H07,60,19.6,64.1,17.5,complete,,0,34,,24.8,4.6,,
SYN-00002-00259,259,832.3,832.3,1,14,pass,home,H07,64.1,17.5,88.5,33.5,incomplete,H10,0,34,72.5,,31.8,right_foot,
SYN-00002-00260,260,835.8,835.8,1,14,possession_change,away,A03,88.5,33.5,,,recovery,,0,35,,,,,
SYN-00002-00261,261,835.8,835.8,1,14,pass,away,A03,88.5,33.5,95.3,28.5,complete,A04,0,35,39,,8.4,right_foot,
SYN-00002-00262,262,838.5,838.5,1,14,pass,away,A04,95.3,28.5,77.7,30,complete,A06,0,35,52.8,,17.7,right_foot,
SYN-00002-00263,263,841.5,841.5,1,15,carry,away,A06,77.7,30,73.9,33.1,complete,,0,35,,14.1,4.9,,
SYN-00002-00264,264,842.7,842.7,1,15,pass,away,A06,73.9,33.1,78.8,1.6,complete,A05,0,35,68.2,,31.9,right_foot,
SYN-00002-00265,265,847.4,847.4,1,15,pass,away,A05,78.8,1.6,60.7,10.6,incomplete,A08,0,35,50.3,,18.5,left_foot,
SYN-00002-00266,266,850,850,1,15,possession_change,home,H09,60.7,10.6,,,recovery,,0,36,,,,,
SYN-00002-00267,267,850,850,1,15,pressure,away,A11,60.7,10.6,,,,,0,36,,,,,
SYN-00002-00268,268,850,850,1,15,pass,home,H09,60.7,10.6,58.6,22.3,complete,H07,1,36,43.7,,11.9,left_foot,
SYN-00002-00269,269,852.5,852.5,1,15,pass,home,H07,58.6,22.3,55.5,37.6,complete,H08,0,36,47.6,,15.6,right_foot,
SYN-00002-00270,270,855.6,855.6,1,15,pass,home,H08,55.5,37.6,53.6,25.3,complete,H07,0,36,46,,12.4,right_foot,
SYN-00002-00271,271,858.5,858.5,1,15,pressure,away,A10,53.6,25.3,,,,,0,36,,,,,
SYN-00002-00272,272,858.5,858.5,1,15,pass,home,H07,53.6,25.3,21.2,23.6,complete,H03,1,36,63.9,,32.4,left_foot,
SYN-00002-00273,273,861.8,861.8,1,15,pass,home,H03,21.2,23.6,38.9,37,intercepted,H08,0,36,58.3,,26.9,right_foot,
SYN-00002-00274,274,863.2,863.2,1,15,interception,away,A10,38.9,37,,,won,,0,36,,,,,
SYN-00002-00275,275,863.2,863.2,1,15,possession_change,away,A10,38.9,37,,,interception,,0,37,,,,,
SYN-00002-00276,276,863.7,863.7,1,15,carry,away,A10,38.9,37,32.6,36.1,complete,,0,37,,17.9,6.4,,
SYN-00002-00277,277,865,865,1,15,pass,away,A10,32.6,36.1,53,36.4,complete,A06,0,37,61.3,,20.4,right_foot,
SYN-00002-00278,278,869,869,1,15,pass,away,A06,53,36.4,43.6,47.6,complete,A07,0,37,56.1,,14.6,left_foot,
SYN-00002-00279,279,871.1,871.1,1,15,pass,away,A07,43.6,47.6,21.5,12.1,complete,A11,0,37,85.1,,41.7,left_foot,
SYN-00002-00280,280,874.9,874.9,1,15,pass,away,A11,21.5,12.1,35.2,35.5,complete,A07,0,37,58.9,,27.1,right_foot,
SYN-00002-00281,281,879,879,1,15,pass,away,A07,35.2,35.5,5.2,68,out,A09,0,37,64.4,,30.5,left_foot,
SYN-00002-00282,282,880.7,880.7,1,15,possession_change,home,H05,5.2,67,,,out_of_play,,0,38,,,,,
SYN-00002-00283,283,889.9,889.9,1,15,pass,home,H05,5.2,67,6.8,39.7,complete,H01,0,38,64.6,,27.3,right_foot,
SYN-00002-00284,284,893,893,1,15,pressure,away,A10,6.8,39.7,,,,,0,38,,,,,
SYN-00002-00285,285,893,893,1,15,pass,home,H01,6.8,39.7,29.5,25.9,complete,H07,1,38,67.7,,26.6,right_foot,
SYN-00002-00286,286,896.6,896.6,1,15,pass,home,H07,29.5,25.9,9.5,44.5,incomplete,H04,0,38,62.2,,26,right_foot,
SYN-00002-00287,287,899.7,899.7,1,15,possession_change,away,A10,9.5,44.5,,,recovery,,0,39,,,,,
SYN-00002-00288,288,899.7,899.7,1,15,pass,away,A10,9.5,44.5,25.9,48.1,complete,A07,0,39,55.4,,16.9,left_foot,
SYN-00002-00289,289,903.5,903.5,1,16,pass,away,A07,25.9,48.1,51.3,35.6,complete,A06,0,39,72.7,,28.3,right_foot,
SYN-00002-00290,290,907.5,907.5,1,16,pass,away,A06,51.3,35.6,49.7,19.5,complete,A08,0,39,49.9,,16.2,right_foot,
SYN-00002-00291,291,909.7,909.7,1,16,pass,away,A08,49.7,19.5,57.5,31.8,complete,A06,0,39,40.5,,14.6,head,
SYN-00002-00292,292,913.8,913.8,1,16,pass,away,A06,57.5,31.8,73,58,complete,A02,0,39,70.3,,30.4,left_foot,
SYN-00002-00293,293,917.8,917.8,1,16,pressure,home,H10,73,58,,,,,0,39,,,,,
SYN-00002-00294,294,917.8,917.8,1,16,carry,away,A02,73,58,68.9,58.9,dispossessed,,1,39,,17.3,4.2,,
SYN-00002-00295,295,918.7,918.7,1,16,tackle,home,H11,68.9,58.9,,,won,,0,39,,,,,
SYN-00002-00296,296,918.7,918.7,1,16,possession_change,home,H11,68.9,58.9,,,tackle,,0,40,,,,,
SYN-00002-00297,297,919.6,919.6,1,16,pass,home,H11,68.9,58.9,36.3,66.9,complete,H05,0,40,64,,33.6,right_foot,
SYN-00002-00298,298,924.1,924.1,1,16,pressure,away,A09,36.3,66.9,,,,,0,40,,,,,
SYN-00002-00299,299,924.1,924.1,1,16,pass,home,H05,36.3,66.9,41.8,68,out,H08,1,40,40.6,,12,right_foot,
SYN-00002-00300,300,925.1,925.1,1,16,possession_change,away,A09,41.8,67,,,out_of_play,,0,41,,,,,
SYN-00002-00301,301,938.5,938.5,1,16,carry,away,A09,41.8,67,28.6,67,complete,,0,41,,14.5,13.9,,
SYN-00002-00302,302,941.9,941.9,1,16,carry,away,A09,28.6,67,14.8,67,complete,,0,41,,18,14.8,,
SYN-00002-00303,303,944.9,944.9,1,16,pass,away,A09,14.8,67,27.2,58.3,complete,A07,0,41,39.7,,15.2,head,
SYN-00002-00304,304,948.7,948.7,1,16,carry,away,A07,27.2,58.3,21.3,58.8,complete,,0,41,,14.1,5.9,,
SYN-00002-00305,305,950.2,950.2,1,16,pass,away,A07,21.3,58.8,16.6,61.8,incomplete,A09,0,41,38.8,,7.8,right_foot,
SYN-00002-00306,306,952.1,952.1,1,16,possession_change,home,H05,16.6,61.8,,,recovery,,0,42,,,,,
SYN-00002-00307,307,952.1,952.1,1,16,pressure,away,A10,16.6,61.8,,,,,0,42,,,,,
SYN-00002-00308,308,952.1,952.1,1,16,pass,home,H05,16.6,61.8,16.1,47,incomplete,H04,1,42,39.8,,11.4,right_foot,
SYN-00002-00309,309,955.3,955.3,1,16,possession_change,away,A10,16.1,47,,,recovery,,0,43,,,,,
SYN-00002-00310,310,955.3,955.3,1,16,sprint,away,A10,3,37.2,,,,,0,43,,29.6,16.3,,
SYN-00002-00311,311,955.3,955.3,1,16,pressure,home,H06,16.1,47,,,,,0,43,,,,,
SYN-00002-00312,312,955.3,955.3,1,16,pass,away,A10,16.1,47,7.7,55.6,complete,A09,1,43,37.4,,12,left_foot,
SYN-00002-00313,313,959.2,959.2,1,16,pass,away,A09,7.7,55.6,0,68,out,A10,0,43,56.4,,20.1,right_foot,
SYN-00002-00314,314,960.5,960.5,1,17,possession_change,home,H05,1,67,,,out_of_play,,0,44,,,,,
SYN-00002-00315,315,973.9,973.9,1,17,pressure,away,A09,1,67,,,,,0,44,,,,,
SYN-00002-00316,316,973.9,973.9,1,17,pass,home,H05,1,67,20.5,39.9,complete,H06,1,44,72.8,,33.3,right_foot,
SYN-00002-00317,317,978.3,978.3,1,17,pass,home,H06,20.5,39.9,16.4,14.7,complete,H02,0,44,67.6,,25.6,left_foot,
SYN-00002-00318,318,981.3,981.3,1,17,pass,home,H02,16.4,14.7,34.3,34.6,incomplete,H06,0,44,59.1,,23.7,right_foot,
SYN-00002-00319,319,984.5,984.5,1,17,possession_change,away,A10,34.3,34.6,,,recovery,,0,45,,,,,
SYN-00002-00320,320,984.5,984.5,1,17,pass,away,A10,34.3,34.6,16.1,12.6,complete,A11,0,45,65.2,,28.5,right_foot,
SYN-00002-00321,321,987.1,987.1,1,17,pass,away,A11,16.1,12.6,1,38.8,complete,A10,0,45,66.5,,30.3,right_foot,
SYN-00002-00322,322,991.5,991.5,1,17,pass,away,A10,1,38.8,0,0,out,A11,0,45,69.4,,29.7,left_foot,
SYN-00002-00323,323,993.1,993.1,1,17,possession_change,home,H02,1,1,,,out_of_play,,0,46,,,,,
SYN-00002-00324,324,1003.9,1003.9,1,17,pass,home,H02,1,1,30.2,17.7,complete,H07,0,46,82.4,,33.7,right_foot,
SYN-00002-00325,325,1007.6,1007.6,1,17,pressure,away,A10,30.2,17.7,,,,,0,46,,,,,
SYN-00002-00326,326,1007.6,1007.6,1,17,carry,home,H07,30.2,17.7,34.1,13.9,complete,,1,46,,25,5.4,,
SYN-00002-00327,327,1008.3,1008.3,1,17,pass,home,H07,34.1,13.9,26.5,3.1,complete,H02,0,46,43.5,,13.2,right_foot,
SYN-00002-00328,328,1012.3,1012.3,1,17,pass,home,H02,26.5,3.1,43.1,13.1,complete,H07,0,46,43.1,,19.4,right_foot,
SYN-00002-00329,329,1015.6,1015.6,1,17,pass,home,H07,43.1,13.1,36.1,29.1,complete,H06,0,46,58.9,,17.5,right_foot,
SYN-00002-00330,330,1018.8,1018.8,1,17,pass,home,H06,36.1,29.1,13.8,40,complete,H04,0,46,62.9,,24.8,left_foot,
SYN-00002-00331,331,1022.4,1022.4,1,18,pass,home,H04,13.8,40,17.4,12.5,complete,H02,0,46,66.6,,27.8,left_foot,
SYN-00002-00332,332,1026.5,1026.5,1,18,pass,home,H02,17.4,12.5,25.1,26.9,complete,H06,0,46,47.6,,16.3,right_foot,
SYN-00002-00333,333,1029.2,1029.2,1,18,pass,home,H06,25.1,26.9,25.4,8.6,complete,H02,0,46,50.8,,18.3,right_foot,
SYN-00002-00334,334,1033.3,1033.3,1,18,pass,home,H02,25.4,8.6,69.8,0,out,H09,0,46,85.1,,43.8,head,
SYN-00002-00335,335,1035.1,1035.1,1,18,possession_change,away,A05,69.8,1,,,out_of_play,,0,47,,,,,
SYN-00002-00336,336,1044.1,1044.1,1,18,carry,away,A05,69.8,1,58.5,1,complete,,0,47,,15.6,15.8,,
SYN-00002-00337,337,1047.8,1047.8,1,18,pass,away,A05,58.5,1,64.2,19.9,complete,A06,0,47,57.5,,19.7,right_foot,
SYN-00002-00338,338,1050.9,1050.9,1,18,sprint,home,H11,54.4,52.3,,,,,0,47,,29.1,43.8,,
SYN-00002-00339,339,1050.9,1050.9,1,18,pass,away,A06,64.2,19.9,55.1,38.6,complete,A07,0,47,52.6,,20.9,right_foot,
SYN-00002-00340,340,1053.8,1053.8,1,18,pass,away,A07,55.1,38.6,71.9,61.4,complete,A02,0,47,63.5,,28.3,right_foot,
SYN-00002-00341,341,1057.1,1057.1,1,18,pass,away,A02,71.9,61.4,32.3,61.3,incomplete,A09,0,47,66.1,,39.3,right_foot,
SYN-00002-00342,342,1061.1,1061.1,1,18,possession_change,home,H05,32.3,61.3,,,recovery,,0,48,,,,,
SYN-00002-00343,343,1061.1,1061.1,1,18,pass,home,H05,32.3,61.3,15.2,49.3,complete,H04,0,48,61.7,,20.8,right_foot,
SYN-00002-00344,344,1064.8,1064.8,1,18,pass,home,H04,15.2,49.3,39.8,29.5,complete,H07,0,48,70.1,,31.7,left_foot,
SYN-00002-00345,345,1068.1,1068.1,1,18,pass,home,H07,39.8,29.5,39.5,37.5,complete,H06,0,48,35.6,,8.1,left_foot,
SYN-00002-00346,346,1070.6,1070.6,1,18,pass,home,H06,39.5,37.5,51,25.2,complete,H07,0,48,54.2,,16.9,left_foot,
SYN-00002-00347,347,1074.7,1074.7,1,18,pass,home,H07,51,25.2,28.5,5,complete,H02,0,48,71.3,,30.2,left_foot,
SYN-00002-00348,348,1077.5,1077.5,1,18,pressure,away,A11,28.5,5,,,,,0,48,,,,,
SYN-00002-00349,349,1077.5,1077.5,1,18,pass,home,H02,28.5,5,19.2,12.6,intercepted,H03,1,48,51.1,,21.5,right_foot,
SYN-00002-00350,350,1078.4,1078.4,1,18,interception,away,A10,19.2,12.6,,,won,,0,48,,,,,
SYN-00002-00351,351,1078.4,1078.4,1,18,possession_change,away,A10,19.2,12.6,,,interception,,0,49,,,,,
SYN-00002-00352,352,1079.7,1079.7,1,18,pass,away,A10,19.2,12.6,36.2,13.3,complete,A08,0,49,50.1,,17,left_foot,
SYN-00002-00353,353,1083.2,1083.2,1,19,pass,away,A08,36.2,13.3,20.8,1.2,incomplete,A11,0,49,41.6,,13.5,right_foot,
SYN-00002-00354,354,1085.4,1085.4,1,19,possession_change,home,H02,20.8,1.2,,,recovery,,0,50,,,,,
SYN-00002-00355,355,1085.4,1085.4,1,19,pressure,away,A11,20.8,1.2,,,,,0,50,,,,,
SYN-00002-00356,356,1085.4,1085.4,1,19,pass,home,H02,20.8,1.2,41.7,14.1,complete,H07,1,50,69,,24.6,right_foot,
SYN-00002-00357,357,1089.6,1089.6,1,19,pass,home,H07,41.7,14.1,17.3,44.1,complete,H04,0,50,78.6,,38.6,left_foot,
SYN-00002-00358,358,1093.7,1093.7,1,19,pass,home,H04,17.3,44.1,6.6,36,complete,H01,0,50,46.2,,13.4,right_foot,
SYN-00002-00359,359,1097.2,1097.2,1,19,pressure,away,A10,6.6,36,,,,,0,50,,,,,
SYN-00002-00360,360,1097.2,1097.2,1,19,carry,home,H01,6.6,36,9.7,24.2,complete,,1,50,,15.4,12.2,,
SYN-00002-00361,361,1100.1,1100.1,1,19,pressure,away,A10,9.7,24.2,,,,,0,50,,,,,
SYN-00002-00362,362,1100.1,1100.1,1,19,pass,home,H01,9.7,24.2,36.3,17.5,complete,H07,1,50,71.1,,27.4,right_foot,
SYN-00002-00363,363,1103.4,1103.4,1,19,pass,home,H07,36.3,17.5,34.5,31.5,complete,H06,0,50,41.1,,14.1,left_foot,
SYN-00002-00364,364,1106.3,1106.3,1,19,pass,home,H06,34.5,31.5,49.5,22.4,complete,H07,0,50,55.2,,17.6,right_foot,
SYN-00002-00365,365,1109.5,1109.5,1,19,pressure,away,A10,49.5,22.4,,,,,0,50,,,,,
SYN-00002-00366,366,1109.5,1109.5,1,19,pass,home,H07,49.5,22.4,86.9,31.2,complete,H10,1,50,77.9,,38.4,left_foot,
SYN-00002-00367,367,1113.2,1113.2,1,19,pass,home,H10,86.9,31.2,93.6,45.1,intercepted,H11,0,50,60.5,,25.7,right_foot,
SYN-00002-00368,368,1114.1,1114.1,1,19,interception,away,A03,93.6,45.1,,,won,,0,50,,,,,
SYN-00002-00369,369,1114.1,1114.1,1,19,possession_change,away,A03,93.6,45.1,,,interception,,0,51,,,,,
SYN-00002-00370,370,1114.7,1114.7,1,19,pass,away,A03,93.6,45.1,102,39.4,complete,A01,0,51,37.4,,10.2,right_foot,
SYN-00002-00371,371,1118.4,1118.4,1,19,pressure,home,H10,102,39.4,,,,,0,51,,,,,
SYN-00002-00372,372,1118.4,1118.4,1,19,pass,away,A01,102,39.4,92.3,62.3,complete,A02,1,51,57.4,,24.8,left_foot,
SYN-00002-00373,373,1122.7,1122.7,1,19,pressure,home,H10,92.3,62.3,,,,,0,51,,,,,
SYN-00002-00374,374,1122.7,1122.7,1,19,pass,away,A02,92.3,62.3,95.1,44.8,complete,A03,1,51,48.6,,17.7,right_foot,
SYN-00002-00375,375,1126.5,1126.5,1,19,pressure,home,H10,95.1,44.8,,,,,0,51,,,,,
SYN-00002-00376,376,1126.5,1126.5,1,19,carry,away,A03,95.1,44.8,89.9,47.9,dispossessed,,1,51,,18.2,6,,
SYN-00002-00377,377,1127.7,1127.7,1,19,tackle,home,H10,89.9,47.9,,,won,,0,51,,,,,
SYN-00002-00378,378,1127.7,1127.7,1,19,possession_change,home,H10,89.9,47.9,,,tackle,,0,52,,,,,
SYN-00002-00379,379,1128.5,1128.5,1,19,shot,home,H10,89.9,47.9,105,28.3,off_target,,0,52,88.8,,20.5,foot,0.06
SYN-00002-00380,380,1129.8,1129.8,1,19,possession_change,away,A01,99,34,,,goal_kick,,0,53,,,,,
SYN-00002-00381,381,1151.1,1151.1,1,20,pass,away,A01,99,34,104,41.1,complete,A03,0,53,43.6,,8.7,right_foot,
SYN-00002-00382,382,1154.8,1154.8,1,20,pressure,home,H10,104,41.1,,,,,0,53,,,,,
SYN-00002-00383,383,1154.8,1154.8,1,20,carry,away,A03,104,41.1,97.6,39.9,dispossessed,,1,53,,20,6.5,,
SYN-00002-00384,384,1155.9,1155.9,1,20,foul,home,H10,97.6,39.9,,,free_kick,,0,53,,,,,
SYN-00002-00385,385,1190,1190,1,20,carry,away,A03,97.6,39.9,82.9,34.9,complete,,0,54,,17.1,15.5,,
SYN-00002-00386,386,1193.3,1193.3,1,20,pass,away,A03,82.9,34.9,58.8,47.2,complete,A07,0,54,56.9,,27.1,right_foot,
SYN-00002-00387,387,1196.5,1196.5,1,20,pass,away,A07,58.8,47.2,84.3,25.6,complete,A04,0,54,77,,33.4,right_foot,
SYN-00002-00388,388,1200.5,1200.5,1,21,pass,away,A04,84.3,25.6,75.1,0,out,A08,0,54,55.2,,17.5,left_foot,
SYN-00002-00389,389,1201.7,1201.7,1,21,possession_change,home,H09,75.1,1,,,out_of_play,,0,55,,,,,
SYN-00002-00390,390,1210.5,1210.5,1,21,pass,home,H09,75.1,1,99.1,24.3,complete,H10,0,55,76.5,,33.5,right_foot,
SYN-00002-00391,391,1214.1,1214.1,1,21,pass,home,H10,99.1,24.3,104,54.2,incomplete,H11,0,55,63,,30.3,right_foot,
SYN-00002-00392,392,1216.9,1216.9,1,21,possession_change,away,A02,104,54.2,,,recovery,,0,56,,,,,
SYN-00002-00393,393,1216.9,1216.9,1,21,pass,away,A02,104,54.2,100.1,30.5,complete,A04,0,56,56.1,,24,left_foot,
SYN-00002-00394,394,1219.7,1219.7,1,21,pass,away,A04,100.1,30.5,94,10.2,complete,A05,0,56,53.5,,21.2,left_foot,
SYN-00002-00395,395,1223.1,1223.1,1,21,carry,away,A05,94,10.2,87.5,7.6,complete,,0,56,,18.1,7,,
SYN-00002-00396,396,1224.5,1224.5,1,21,pass,away,A05,87.5,7.6,99.4,28.1,complete,A01,0,56,51.2,,23.6,left_foot,
SYN-00002-00397,397,1228.3,1228.3,1,21,pass,away,A01,99.4,28.1,92.2,18.2,incomplete,A05,0,56,52.8,,19,right_foot,
SYN-00002-00398,398,1230.9,1230.9,1,21,possession_change,home,H10,92.2,18.2,,,recovery,,0,57,,,,,
SYN-00002-00399,399,1230.9,1230.9,1,21,pass,home,H10,92.2,18.2,98.6,3.1,complete,H09,0,57,38.7,,16.4,left_foot,
SYN-00002-00400,400,1233.6,1233.6,1,21,pressure,away,A05,98.6,3.1,,,,,0,57,,,,,
SYN-00002-00401,401,1233.6,1233.6,1,21,pass,home,H09,98.6,3.1,104,27,complete,H10,1,57,63.3,,24.5,right_foot,
SYN-00002-00402,402,1237.9,1237.9,1,21,pass,home,H10,104,27,102.8,50.1,complete,H11,0,57,53.5,,23.2,right_foot,
SYN-00002-00403,403,1242.3,1242.3,1,21,pass,home,H11,102.8,50.1,101.4,37.2,intercepted,H10,0,57,51.1,,15.1,right_foot,
SYN-00002-00404,404,1243.2,1243.2,1,21,interception,away,A01,101.4,37.2,,,won,,0,57,,,,,
SYN-00002-00405,405,1243.2,1243.2,1,21,possession_change,away,A01,101.4,37.2,,,interception,,0,58,,,,,
SYN-00002-00406,406,1243.8,1243.8,1,21,pass,away,A01,101.4,37.2,99.1,26.6,complete,A04,0,58,50.6,,10.9,right_foot,
SYN-00002-00407,407,1246.9,1246.9,1,21,pressure,home,H10,99.1,26.6,,,,,0,58,,,,,
SYN-00002-00408,408,1246.9,1246.9,1,21,pass,away,A04,99.1,26.6,73.2,0,out,A08,1,58,59.7,,27.4,right_foot,
SYN-00002-00409,409,1248.6,1248.6,1,21,possession_change,home,H09,73.2,1,,,out_of_play,,0,59,,,,,
SYN-00002-00410,410,1256.9,1256.9,1,21,pass,home,H09,73.2,1,39.9,6.4,complete,H02,0,59,69.9,,33.8,left_foot,
SYN-00002-00411,411,1260.3,1260.3,1,22,pass,home,H02,39.9,6.4,52.5,16.5,complete,H07,0,59,37.8,,16.2,right_foot,
SYN-00002-00412,412,1263.6,1263.6,1,22,pass,home,H07,52.5,16.5,91.7,7.9,incomplete,H09,0,59,70.1,,37.1,right_foot,
SYN-00002-00413,413,1266.7,1266.7,1,22,possession_change,away,A05,91.7,7.9,,,recovery,,0,60,,,,,
SYN-00002-00414,414,1266.7,1266.7,1,22,pass,away,A05,91.7,7.9,79.5,21.1,complete,A06,0,60,53.6,,18,right_foot,
SYN-00002-00415,415,1270.4,1270.4,1,22,pass,away,A06,79.5,21.1,97.4,33,complete,A01,0,60,53.1,,21.5,right_foot,
SYN-00002-00416,416,1274.6,1274.6,1,22,pass,away,A01,97.4,33,62.6,68,out,A07,0,60,78,,33,right_foot,
SYN-00002-00417,417,1276.1,1276.1,1,22,possession_change,home,H11,62.6,67,,,out_of_play,,0,61,,,,,
SYN-00002-00418,418,1295.8,1295.8,1,22,pass,home,H11,62.6,67,60.6,27.1,complete,H07,0,61,80.2,,40,right_foot,
SYN-00002-00419,419,1299.9,1299.9,1,22,carry,home,H07,60.6,27.1,75.1,32.4,complete,,0,61,,23.2,15.5,,
SYN-00002-00420,420,1302.3,1302.3,1,22,pressure,away,A06,75.1,32.4,,,,,0,61,,,,,
SYN-00002-00421,421,1302.3,1302.3,1,22,pass,home,H07,75.1,32.4,88.2,56.3,complete,H11,1,61,64.2,,27.2,right_foot,
SYN-00002-00422,422,1306.7,1306.7,1,22,pass,home,H11,88.2,56.3,65,62.5,intercepted,H05,0,61,75,,41.4,right_foot,
SYN-00002-00423,423,1307.8,1307.8,1,22,interception,away,A09,65,62.5,,,won,,0,61,,,,,
SYN-00002-00424,424,1307.8,1307.8,1,22,possession_change,away,A09,65,62.5,,,interception,,0,62,,,,,
SYN-00002-00425,425,1308.7,1308.7,1,22,pass,away,A09,65,62.5,74.9,67,complete,A02,0,62,42.8,,10.9,head,
SYN-00002-00426,426,1312,1312,1,22,pass,away,A02,74.9,67,73,43.1,complete,A06,0,62,67.4,,24,right_foot,
SYN-00002-00427,427,1314.6,1314.6,1,22,pass,away,A06,73,43.1,58.4,22.8,complete,A08,0,62,57.7,,25,right_foot,
SYN-00002-00428,428,1318.7,1318.7,1,22,carry,away,A08,58.4,22.8,47.8,23.1,complete,,0,62,,18.1,10.6,,
SYN-00002-00429,429,1320.8,1320.8,1,23,pass,away,A08,47.8,23.1,50.9,43.9,complete,A07,0,62,47.8,,21.1,right_foot,
SYN-00002-00430,430,1323.5,1323.5,1,23,carry,away,A07,50.9,43.9,45.4,52.8,complete,,0,62,,17.2,10.4,,
SYN-00002-00431,431,1325.7,1325.7,1,23,carry,away,A07,45.4,52.8,36.5,39.8,complete,,0,62,,25.7,15.7,,
SYN-00002-00432,432,1327.9,1327.9,1,23,shot,away,A07,36.5,39.8,0,34.5,saved,,0,62,99.1,,37,foot,0.007
SYN-00002-00433,433,1329.8,1329.8,1,23,possession_change,home,H01,6,34,,,goalkeeper_save,,0,63,,,,,
SYN-00002-00434,434,1335.3,1335.3,1,23,pass,home,H01,6,34,34.1,42.6,complete,H08,0,63,60.3,,29.4,right_foot,
SYN-00002-00435,435,1339.4,1339.4,1,23,pass,home,H08,34.1,42.6,27.8,61.2,complete,H05,0,63,44.5,,19.6,right_foot,
SYN-00002-00436,436,1343.2,1343.2,1,23,sprint,away,A11,46.7,20.9,,,,,0,63,,35.3,41.7,,
SYN-00002-00437,437,1343.2,1343.2,1,23,pass,home,H05,27.8,61.2,17.5,53.4,complete,H04,0,63,43.2,,12.9,right_foot,
SYN-00002-00438,438,1346.4,1346.4,1,23,pressure,away,A10,17.5,53.4,,,,,0,63,,,,,
SYN-00002-00439,439,1346.4,1346.4,1,23,pass,home,H04,17.5,53.4,35.4,57.2,intercepted,H08,1,63,57.6,,21.9,right_foot,
SYN-00002-00440,440,1347.6,1347.6,1,23,interception,away,A09,35.4,57.2,,,won,,0,63,,,,,
SYN-00002-00441,441,1347.6,1347.6,1,23,possession_change,away,A09,35.4,57.2,,,interception,,0,64,,,,,
SYN-00002-00442,442,1349,1349,1,23,pass,away,A09,35.4,57.2,15.7,68,out,A10,0,64,68.2,,35.4,right_foot,
SYN-00002-00443,443,1350.9,1350.9,1,23,possession_change,home,H05,15.7,67,,,out_of_play,,0,65,,,,,
SYN-00002-00444,444,1362.1,1362.1,1,23,pass,home,H05,15.7,67,3.2,33.1,complete,H03,0,65,71.8,,36.1,right_foot,
SYN-00002-00445,445,1366.5,1366.5,1,23,pressure,away,A10,3.2,33.1,,,,,0,65,,,,,
SYN-00002-00446,446,1366.5,1366.5,1,23,carry,home,H03,3.2,33.1,7,23.6,complete,,1,65,,14,10.3,,
SYN-00002-00447,447,1369.2,1369.2,1,23,pressure,away,A10,7,23.6,,,,,0,65,,,,,
SYN-00002-00448,448,1369.2,1369.2,1,23,pass,home,H03,7,23.6,24.9,41.7,intercepted,H08,1,65,77.8,,33.7,right_foot,
SYN-00002-00449,449,1370.4,1370.4,1,23,interception,away,A10,24.9,41.7,,,won,,0,65,,,,,
SYN-00002-00450,450,1370.4,1370.4,1,23,possession_change,away,A10,24.9,41.7,,,interception,,0,66,,,,,
SYN-00002-00451,451,1371,1371,1,23,pass,away,A10,24.9,41.7,47.4,37.1,complete,A06,0,66,49.7,,22.9,head,
SYN-00002-00452,452,1374.9,1374.9,1,23,pass,away,A06,47.4,37.1,13.5,37.9,complete,A10,0,66,78.3,,33.9,right_foot,
SYN-00002-00453,453,1378.7,1378.7,1,23,carry,away,A10,13.5,37.9,7.6,37.2,dispossessed,,0,66,,16.4,5.9,,
SYN-00002-00454,454,1380,1380,1,24,tackle,home,H01,7.6,37.2,,,won,,0,66,,,,,
SYN-00002-00455,455,1380,1380,1,24,possession_change,home,H01,7.6,37.2,,,tackle,,0,67,,,,,
SYN-00002-00456,456,1381.1,1381.1,1,24,pass,home,H01,7.6,37.2,14.4,59.9,complete,H05,0,67,59.6,,23.7,right_foot,
SYN-00002-00457,457,1384.1,1384.1,1,24,pressure,away,A10,14.4,59.9,,,,,0,67,,,,,
SYN-00002-00458,458,1384.1,1384.1,1,24,carry,home,H05,14.4,59.9,18.2,63.4,dispossessed,,1,67,,17.7,6.2,,
SYN-00002-00459,459,1385.3,1385.3,1,24,foul,away,A09,18.2,63.4,,,free_kick,,0,67,,,,,
SYN-00002-00460,460,1410.3,1410.3,1,24,pass,home,H05,18.2,63.4,37.4,48.4,complete,H08,0,68,59.6,,24.3,right_foot,
SYN-00002-00461,461,1414.1,1414.1,1,24,pressure,away,A10,37.4,48.4,,,,,0,68,,,,,
SYN-00002-00462,462,1414.1,1414.1,1,24,pass,home,H08,37.4,48.4,13.5,44.5,complete,H04,1,68,65.2,,24.2,right_foot,
SYN-00002-00463,463,1416.9,1416.9,1,24,carry,home,H04,13.5,44.5,28.7,44.2,complete,,0,68,,14.2,15.2,,
SYN-00002-00464,464,1420.8,1420.8,1,24,pass,home,H04,28.7,44.2,60,68,out,H11,0,68,85.1,,39.8,right_foot,
SYN-00002-00465,465,1422.5,1422.5,1,24,possession_change,away,A09,60,67,,,out_of_play,,0,69,,,,,
SYN-00002-00466,466,1438.9,1438.9,1,24,pass,away,A09,60,67,82.1,50.3,complete,A03,0,69,64,,27.7,right_foot,
SYN-00002-00467,467,1443.4,1443.4,1,25,carry,away,A03,82.1,50.3,67.7,49.6,complete,,0,69,,22,14.4,,
SYN-00002-00468,468,1445.8,1445.8,1,25,pass,away,A03,67.7,49.6,57.7,46.5,complete,A07,0,69,34.2,,10.5,right_foot,
SYN-00002-00469,469,1448.1,1448.1,1,25,pass,away,A07,57.7,46.5,77.6,65.1,complete,A02,0,69,65.9,,27.3,right_foot,
SYN-00002-00470,470,1451.1,1451.1,1,25,pass,away,A02,77.6,65.1,59.9,58.8,complete,A07,0,69,49.9,,18.8,right_foot,
SYN-00002-00471,471,1454.2,1454.2,1,25,pass,away,A07,59.9,58.8,63.7,41.4,complete,A06,0,69,50.8,,17.8,right_foot,
SYN-00002-00472,472,1458.3,1458.3,1,25,carry,away,A06,63.7,41.4,54.4,46.8,complete,,0,69,,21,10.7,,
SYN-00002-00473,473,1460.1,1460.1,1,25,pass,away,A06,54.4,46.8,51.2,26.4,complete,A08,0,69,52.5,,20.7,right_foot,
SYN-00002-00474,474,1464.2,1464.2,1,25,pass,away,A08,51.2,26.4,14.6,35.6,incomplete,A10,0,69,71.7,,39.7,right_foot,
SYN-00002-00475,475,1467.4,1467.4,1,25,possession_change,home,H04,14.6,35.6,,,recovery,,0,70,,,,,
SYN-00002-00476,476,1467.4,1467.4,1,25,pass,home,H04,14.6,35.6,13.7,11,complete,H02,0,70,55.1,,24.6,right_foot,
SYN-00002-00477,477,1471.7,1471.7,1,25,pass,home,H02,13.7,11,8.5,15.4,complete,H03,0,70,33.3,,6.8,left_foot,
SYN-00002-00478,478,1473.7,1473.7,1,25,pass,home,H03,8.5,15.4,1,28.5,complete,H01,0,70,49.6,,15.1,right_foot,
SYN-00002-00479,479,1477.5,1477.5,1,25,pass,home,H01,1,28.5,12.7,10,complete,H02,0,70,56.8,,21.9,right_foot,
SYN-00002-00480,480,1481,1481,1,25,pass,home,H02,12.7,10,6.7,29.8,complete,H04,0,70,49.5,,20.7,right_foot,
SYN-00002-00481,481,1483.6,1483.6,1,25,carry,home,H04,6.7,29.8,10.7,26.6,dispossessed,,0,70,,25.1,5.1,,
SYN-00002-00482,482,1484.3,1484.3,1,25,foul,away,A10,10.7,26.6,,,free_kick,,0,70,,,,,
SYN-00002-00483,483,1504.5,1504.5,1,26,pass,home,H04,10.7,26.6,34.4,14.9,complete,H07,0,71,54.3,,26.4,right_foot,
SYN-00002-00484,484,1507.5,1507.5,1,26,pass,home,H07,34.4,14.9,33.4,23.6,complete,H06,0,71,47.1,,8.7,right_foot,
SYN-00002-00485,485,1509.6,1509.6,1,26,pass,home,H06,33.4,23.6,20.1,36.5,complete,H04,0,71,50.2,,18.6,right_foot,
SYN-00002-00486,486,1512.3,1512.3,1,26,pass,home,H04,20.1,36.5,40.8,40.6,complete,H08,0,71,56.4,,21.1,right_foot,
SYN-00002-00487,487,1515.3,1515.3,1,26,pass,home,H08,40.8,40.6,16.9,43.4,complete,H04,0,71,60.7,,24.1,right_foot,
SYN-00002-00488,488,1519.1,1519.1,1,26,pass,home,H04,16.9,43.4,35.4,47.5,incomplete,H08,0,71,52.9,,17.8,left_foot,
SYN-00002-00489,489,1521.4,1521.4,1,26,possession_change,away,A10,35.4,47.5,,,recovery,,0,72,,,,,
SYN-00002-00490,490,1521.4,1521.4,1,26,pass,away,A10,35.4,47.5,54,36.6,complete,A06,0,72,56.6,,21.6,right_foot,
SYN-00002-00491,491,1524.1,1524.1,1,26,pass,away,A06,54,36.6,53.4,50.4,complete,A07,0,72,49.3,,13.8,right_foot,
SYN-00002-00492,492,1527.6,1527.6,1,26,pass,away,A07,53.4,50.4,49.4,20.5,complete,A08,0,72,66.1,,30.2,right_foot,
SYN-00002-00493,493,1531.7,1531.7,1,26,carry,away,A08,49.4,20.5,42.6,18.8,complete,,0,72,,23.2,7.1,,
SYN-00002-00494,494,1532.8,1532.8,1,26,pass,away,A08,42.6,18.8,21,1,complete,A11,0,72,62.7,,27.9,right_foot,
SYN-00002-00495,495,1535.6,1535.6,1,26,carry,away,A11,21,1,18.5,1,complete,,0,72,,24.8,5.8,,
SYN-00002-00496,496,1536.4,1536.4,1,26,carry,away,A11,18.5,1,14.8,3.6,dispossessed,,0,72,,22.6,4.6,,
SYN-00002-00497,497,1537.1,1537.1,1,26,tackle,home,H02,14.8,3.6,,,won,,0,72,,,,,
SYN-00002-00498,498,1537.1,1537.1,1,26,possession_change,home,H02,14.8,3.6,,,tackle,,0,73,,,,,
SYN-00002-00499,499,1538.6,1538.6,1,26,pass,home,H02,14.8,3.6,37.1,21.6,complete,H07,0,73,69.4,,28.7,right_foot,
SYN-00002-00500,500,1541.6,1541.6,1,26,pass,home,H07,37.1,21.6,37.1,33.9,complete,H06,0,73,39.9,,12.3,right_foot,
SYN-00002-00501,501,1544.2,1544.2,1,26,pressure,away,A10,37.1,33.9,,,,,0,73,,,,,
SYN-00002-00502,502,1544.2,1544.2,1,26,pass,home,H06,37.1,33.9,47.6,43.3,complete,H08,1,73,39.8,,14.1,right_foot,
SYN-00002-00503,503,1547.1,1547.1,1,26,pass,home,H08,47.6,43.3,52.1,27.6,complete,H07,0,73,56.8,,16.3,left_foot,
SYN-00002-00504,504,1550.6,1550.6,1,26,pass,home,H07,52.1,27.6,33.2,0,out,H02,0,73,72.9,,32.8,head,
SYN-00002-00505,505,1552.2,1552.2,1,26,possession_change,away,A11,33.2,1,,,out_of_play,,0,74,,,,,
SYN-00002-00506,506,1564.5,1564.5,1,27,pass,away,A11,33.2,1,41.3,10.9,complete,A08,0,74,39.3,,12.8,right_foot,
SYN-00002-00507,507,1566.7,1566.7,1,27,pass,away,A08,41.3,10.9,14,28.1,incomplete,A10,0,74,66.1,,31.8,right_foot,
SYN-00002-00508,508,1570.4,1570.4,1,27,possession_change,home,H04,14,28.1,,,recovery,,0,75,,,,,
SYN-00002-00509,509,1570.4,1570.4,1,27,pass,home,H04,14,28.1,40.4,18.5,complete,H07,0,75,62.9,,28.1,right_foot,
SYN-00002-00510,510,1573.8,1573.8,1,27,carry,home,H07,40.4,18.5,50.1,18.8,complete,,0,75,,25.3,9.7,,
SYN-00002-00511,511,1575.2,1575.2,1,27,pass,home,H07,50.1,18.8,23.9,14,complete,H03,0,75,65.2,,26.7,left_foot,
SYN-00002-00512,512,1577.8,1577.8,1,27,pass,home,H03,23.9,14,37,19.8,complete,H07,0,75,46.3,,14.3,right_foot,
SYN-00002-00513,513,1581,1581,1,27,pass,home,H07,37,19.8,51.8,44.4,complete,H08,0,75,53.1,,28.7,right_foot,
SYN-00002-00514,514,1584.4,1584.4,1,27,pass,home,H08,51.8,44.4,23.2,25.9,complete,H03,0,75,72.5,,34,left_foot,
SYN-00002-00515,515,1588.9,1588.9,1,27,pressure,away,A10,23.2,25.9,,,,,0,75,,,,,
SYN-00002-00516,516,1588.9,1588.9,1,27,pass,home,H03,23.2,25.9,24.2,10.5,complete,H02,1,75,53.7,,15.4,left_foot,
SYN-00002-00517,517,1592.2,1592.2,1,27,pass,home,H02,24.2,10.5,8.7,17.8,complete,H03,0,75,46.5,,17.1,left_foot,
SYN-00002-00518,518,1595.9,1595.9,1,27,pressure,away,A10,8.7,17.8,,,,,0,75,,,,,
SYN-00002-00519,519,1595.9,1595.9,1,27,pass,home,H03,8.7,17.8,22.2,10.2,complete,H02,1,75,56.5,,15.5,right_foot,
SYN-00002-00520,520,1598.5,1598.5,1,27,pressure,away,A10,22.2,10.2,,,,,0,75,,,,,
SYN-00002-00521,521,1598.5,1598.5,1,27,pass,home,H02,22.2,10.2,36.8,29.5,incomplete,H07,1,75,61.8,,25.3,left_foot,
SYN-00002-00522,522,1601.4,1601.4,1,27,possession_change,away,A10,36.8,29.5,,,recovery,,0,76,,,,,
SYN-00002-00523,523,1601.4,1601.4,1,27,pass,away,A10,36.8,29.5,49.1,32.3,complete,A06,0,76,47,,12.6,right_foot,
SYN-00002-00524,524,1604.9,1604.9,1,27,pass,away,A06,49.1,32.3,52.2,19.8,complete,A08,0,76,46.5,,12.9,right_foot,
SYN-00002-00525,525,1607,1607,1,27,pass,away,A08,52.2,19.8,70,9.6,complete,A05,0,76,64.7,,20.5,right_foot,
SYN-00002-00526,526,1611,1611,1,27,pass,away,A05,70,9.6,79.4,50.6,complete,A02,0,76,71,,42,right_foot,
SYN-00002-00527,527,1614.6,1614.6,1,27,pass,away,A02,79.4,50.6,84.9,14.7,complete,A05,0,76,71,,36.3,right_foot,
SYN-00002-00528,528,1618.7,1618.7,1,27,pass,away,A05,84.9,14.7,65.9,16.9,complete,A08,0,76,50.7,,19.2,left_foot,
SYN-00002-00529,529,1622.5,1622.5,1,28,pass,away,A08,65.9,16.9,65.4,28.7,complete,A06,0,76,49.4,,11.8,right_foot,
SYN-00002-00530,530,1624.5,1624.5,1,28,carry,away,A06,65.4,28.7,58.5,23.2,complete,,0,76,,18.1,8.8,,
SYN-00002-00531,531,1626.3,1626.3,1,28,pass,away,A06,58.5,23.2,15.8,0,out,A10,0,76,88.7,,45.6,right_foot,
SYN-00002-00532,532,1628.1,1628.1,1,28,possession_change,home,H02,15.8,1,,,out_of_play,,0,77,,,,,
SYN-00002-00533,533,1638.8,1638.8,1,28,pass,home,H02,15.8,1,5.8,17.2,complete,H01,0,77,39,,19,left_foot,
SYN-00002-00534,534,1641.7,1641.7,1,28,pass,home,H01,5.8,17.2,1.2,39.6,complete,H04,0,77,60.2,,22.9,head,
SYN-00002-00535,535,1645.2,1645.2,1,28,pass,home,H04,1.2,39.6,5.7,56.5,complete,H05,0,77,46.7,,17.5,right_foot,
SYN-00002-00536,536,1648.6,1648.6,1,28,pressure,away,A10,5.7,56.5,,,,,0,77,,,,,
SYN-00002-00537,537,1648.6,1648.6,1,28,pass,home,H05,5.7,56.5,2.7,28,complete,H03,1,77,68.1,,28.7,right_foot,
SYN-00002-00538,538,1651.7,1651.7,1,28,pass,home,H03,2.7,28,16.1,29.6,complete,H06,0,77,54.9,,13.5,right_foot,
SYN-00002-00539,539,1654.5,1654.5,1,28,pass,home,H06,16.1,29.6,3.3,37.8,complete,H04,0,77,48.9,,15.2,right_foot,
SYN-00002-00540,540,1656.7,1656.7,1,28,pass,home,H04,3.3,37.8,1,28.5,complete,H03,0,77,44.5,,9.5,right_foot,
SYN-00002-00541,541,1660.2,1660.2,1,28,pass,home,H03,1,28.5,15.6,8.7,complete,H02,0,77,72.3,,24.7,right_foot,
SYN-00002-00542,542,1663.1,1663.1,1,28,pass,home,H02,15.6,8.7,6,18.9,complete,H03,0,77,43.4,,14,left_foot,
SYN-00002-00543,543,1665.8,1665.8,1,28,pressure,away,A10,6,18.9,,,,,0,77,,,,,
SYN-00002-00544,544,1665.8,1665.8,1,28,pass,home,H03,6,18.9,34.6,18.8,complete,H07,1,77,69.8,,28.6,right_foot,
SYN-00002-00545,545,1669.7,1669.7,1,28,pass,home,H07,34.6,18.8,34.6,30.6,complete,H06,0,77,44.7,,11.8,left_foot,
SYN-00002-00546,546,1671.8,1671.8,1,28,carry,home,H06,34.6,30.6,40.6,29.5,complete,,0,77,,20.8,6.1,,
SYN-00002-00547,547,1672.9,1672.9,1,28,carry,home,H06,40.6,29.5,47.7,18.1,complete,,0,77,,15.1,13.4,,
SYN-00002-00548,548,1676.1,1676.1,1,28,pass,home,H06,47.7,18.1,51.4,21.6,complete,H07,0,77,39.8,,5.1,left_foot,
SYN-00002-00549,549,1679.4,1679.4,1,28,pass,home,H07,51.4,21.6,42.2,30.7,complete,H06,0,77,44.8,,12.9,left_foot,
SYN-00002-00550,550,1682.3,1682.3,1,29,sprint,home,H11,74.8,57.2,,,,,0,77,,30.4,21.2,,
SYN-00002-00551,551,1682.3,1682.3,1,29,pass,home,H06,42.2,30.7,52.9,16.9,complete,H07,0,77,47.9,,17.4,left_foot,
SYN-00002-00552,552,1684.8,1684.8,1,29,pass,home,H07,52.9,16.9,46.4,28.7,complete,H06,0,77,38.7,,13.5,right_foot,
SYN-00002-00553,553,1688.6,1688.6,1,29,pressure,away,A10,46.4,28.7,,,,,0,77,,,,,
SYN-00002-00554,554,1688.6,1688.6,1,29,pass,home,H06,46.4,28.7,19.1,45,complete,H04,1,77,61.7,,31.8,right_foot,
SYN-00002-00555,555,1692.4,1692.4,1,29,pass,home,H04,19.1,45,34.8,49.2,intercepted,H08,0,77,56.6,,23.4,right_foot,
SYN-00002-00556,556,1693.5,1693.5,1,29,interception,away,A10,34.8,49.2,,,won,,0,77,,,,,
SYN-00002-00557,557,1693.5,1693.5,1,29,possession_change,away,A10,34.8,49.2,,,interception,,0,78,,,,,
SYN-00002-00558,558,1694,1694,1,29,pass,away,A10,34.8,49.2,20.3,61.8,complete,A09,0,78,59.4,,19.2,right_foot,
SYN-00002-00559,559,1697.2,1697.2,1,29,sprint,away,A09,11.1,65,,,,,0,78,,32.1,40.4,,
SYN-00002-00560,560,1697.2,1697.2,1,29,pass,away,A09,20.3,61.8,37,54.5,complete,A07,0,78,49.8,,18.2,right_foot,
SYN-00002-00561,561,1700.2,1700.2,1,29,sprint,away,A03,74.6,48.1,,,,,0,78,,30.4,37.5,,
SYN-00002-00562,562,1700.2,1700.2,1,29,pass,away,A07,37,54.5,61,36.7,complete,A06,0,78,61.1,,29.9,right_foot,
SYN-00002-00563,563,1704.5,1704.5,1,29,pressure,home,H10,61,36.7,,,,,0,78,,,,,
SYN-00002-00564,564,1704.5,1704.5,1,29,pass,away,A06,61,36.7,78.3,58.3,complete,A02,1,78,57.8,,27.7,right_foot,
SYN-00002-00565,565,1707.5,1707.5,1,29,pass,away,A02,78.3,58.3,74.9,38.9,complete,A06,0,78,55.9,,19.7,right_foot,
SYN-00002-00566,566,1711.3,1711.3,1,29,pass,away,A06,74.9,38.9,66.1,46.4,complete,A07,0,78,48.1,,11.6,right_foot,
SYN-00002-00567,567,1714.4,1714.4,1,29,pass,away,A07,66.1,46.4,64.6,40,complete,A06,0,78,29.9,,6.6,right_foot,
SYN-00002-00568,568,1717.1,1717.1,1,29,carry,away,A06,64.6,40,60,39.3,complete,,0,78,,15.9,4.6,,
SYN-00002-00569,569,1718.1,1718.1,1,29,pass,away,A06,60,39.3,74.4,55.8,complete,A02,0,78,56.9,,21.9,right_foot,
SYN-00002-00570,570,1721.6,1721.6,1,29,carry,away,A02,74.4,55.8,68.2,54.8,complete,,0,78,,19.1,6.3,,
SYN-00002-00571,571,1722.8,1722.8,1,29,pass,away,A02,68.2,54.8,64.1,32,complete,A06,0,78,59.9,,23.2,right_foot,
SYN-00002-00572,572,1726.7,1726.7,1,29,pass,away,A06,64.1,32,63.3,48.7,complete,A07,0,78,59.7,,16.8,left_foot,
SYN-00002-00573,573,1729.9,1729.9,1,29,pass,away,A07,63.3,48.7,90.1,49.9,complete,A03,0,78,62.4,,26.8,right_foot,
SYN-00002-00574,574,1733.2,1733.2,1,29,pass,away,A03,90.1,49.9,101.6,23.3,complete,A04,0,78,72.6,,28.9,right_foot,
SYN-00002-00575,575,1736.2,1736.2,1,29,sprint,away,A11,47.7,7.3,,,,,0,78,,31.1,45.9,,
SYN-00002-00576,576,1736.2,1736.2,1,29,pass,away,A04,101.6,23.3,73.6,24.2,complete,A08,0,78,58.6,,28,right_foot,
SYN-00002-00577,577,1739.5,1739.5,1,29,carry,away,A08,73.6,24.2,65.8,24,complete,,0,78,,18.4,7.8,,
SYN-00002-00578,578,1741,1741,1,30,pressure,home,H10,65.8,24,,,,,0,78,,,,,
SYN-00002-00579,579,1741,1741,1,30,pass,away,A08,65.8,24,55.5,45,complete,A07,1,78,62.9,,23.4,right_foot,
SYN-00002-00580,580,1743.5,1743.5,1,30,pass,away,A07,55.5,45,62.9,39.5,complete,A06,0,78,43.6,,9.2,right_foot,
SYN-00002-00581,581,1745.9,1745.9,1,30,pass,away,A06,62.9,39.5,76.9,10.4,complete,A05,0,78,66.6,,32.3,left_foot,
SYN-00002-00582,582,1749.8,1749.8,1,30,pressure,home,H10,76.9,10.4,,,,,0,78,,,,,
SYN-00002-00583,583,1749.8,1749.8,1,30,pass,away,A05,76.9,10.4,71.5,25.2,complete,A06,1,78,48.8,,15.9,right_foot,
SYN-00002-00584,584,1752.1,1752.1,1,30,pass,away,A06,71.5,25.2,78.7,8.2,complete,A05,0,78,46.8,,18.5,right_foot,
SYN-00002-00585,585,1754.8,1754.8,1,30,pressure,home,H10,78.7,8.2,,,,,0,78,,,,,
SYN-00002-00586,586,1754.8,1754.8,1,30,pass,away,A05,78.7,8.2,99.6,27.2,complete,A04,1,78,54.3,,28.3,right_foot,
SYN-00002-00587,587,1758.8,1758.8,1,30,carry,away,A04,99.6,27.2,93.6,25,complete,,0,78,,23.4,6.4,,
SYN-00002-00588,588,1759.8,1759.8,1,30,carry,away,A04,93.6,25,84.1,18.7,complete,,0,78,,14.2,11.4,,
SYN-00002-00589,589,1762.7,1762.7,1,30,pass,away,A04,84.1,18.7,104,26,complete,A01,0,78,49.1,,21.2,right_foot,
SYN-00002-00590,590,1767.2,1767.2,1,30,pass,away,A01,104,26,101.5,23.7,complete,A04,0,78,22.1,,3.4,right_foot,
SYN-00002-00591,591,1770.7,1770.7,1,30,pass,away,A04,101.5,23.7,67.5,23,complete,A08,0,78,70.9,,34,head,
SYN-00002-00592,592,1773.7,1773.7,1,30,pass,away,A08,67.5,23,74.8,6.6,complete,A05,0,78,50.3,,17.9,right_foot,
SYN-00002-00593,593,1776.8,1776.8,1,30,pass,away,A05,74.8,6.6,84.8,29.2,incomplete,A06,0,78,52.7,,19.9,right_foot,
SYN-00002-00594,594,1779.9,1779.9,1,30,possession_change,home,H10,84.8,29.2,,,recovery,,0,79,,,,,
SYN-00002-00595,595,1779.9,1779.9,1,30,pass,home,H10,84.8,29.2,63.2,20.6,incomplete,H07,0,79,55,,15.7,left_foot,
SYN-00002-00596,596,1782.6,1782.6,1,30,possession_change,away,A11,63.2,20.6,,,recovery,,0,80,,,,,
SYN-00002-00597,597,1782.6,1782.6,1,30,pass,away,A11,63.2,20.6,57.3,18.5,complete,A08,0,80,32.4,,6.3,left_foot,
SYN-00002-00598,598,1785.5,1785.5,1,30,pass,away,A08,57.3,18.5,60.9,32.5,complete,A06,0,80,41.5,,14.4,right_foot,
SYN-00002-00599,599,1788.3,1788.3,1,30,pressure,home,H10,60.9,32.5,,,,,0,80,,,,,
SYN-00002-00600,600,1788.3,1788.3,1,30,pass,away,A06,60.9,32.5,21.2,0,out,A10,1,80,89.9,,41.8,right_foot,
SYN-00002-00601,601,1790,1790,1,30,possession_change,home,H02,21.2,1,,,out_of_play,,0,81,,,,,
SYN-00002-00602,602,1800.3,1800.3,1,31,pass,home,H02,21.2,1,43.4,8.4,complete,H07,0,81,53.9,,23.4,left_foot,
SYN-00002-00603,603,1804.6,1804.6,1,31,pass,home,H07,43.4,8.4,70.6,3.8,complete,H09,0,81,61.3,,27.7,right_foot,
SYN-00002-00604,604,1807.4,1807.4,1,31,pass,home,H09,70.6,3.8,49.2,24.9,complete,H06,0,81,61.9,,30.1,right_foot,
SYN-00002-00605,605,1812,1812,1,31,pressure,away,A10,49.2,24.9,,,,,0,81,,,,,
SYN-00002-00606,606,1812,1812,1,31,pass,home,H06,49.2,24.9,77.4,8.7,incomplete,H09,1,81,69,,34.3,left_foot,
SYN-00002-00607,607,1814.8,1814.8,1,31,possession_change,away,A05,77.4,8.7,,,recovery,,0,82,,,,,
SYN-00002-00608,608,1814.8,1814.8,1,31,pass,away,A05,77.4,8.7,60.4,19.2,complete,A08,0,82,51.6,,20.1,right_foot,
SYN-00002-00609,609,1817.3,1817.3,1,31,pass,away,A08,60.4,19.2,67.6,29.2,complete,A06,0,82,41.7,,12.4,right_foot,
SYN-00002-00610,610,1820,1820,1,31,pass,away,A06,67.6,29.2,55.5,20,incomplete,A08,0,82,52.3,,17.2,right_foot,
SYN-00002-00611,611,1822.2,1822.2,1,31,possession_change,home,H09,55.5,20,,,recovery,,0,83,,,,,
SYN-00002-00612,612,1822.2,1822.2,1,31,carry,home,H09,55.5,20,70.4,22.5,complete,,0,83,,24,15.1,,
SYN-00002-00613,613,1824.5,1824.5,1,31,pressure,away,A08,70.4,22.5,,,,,0,83,,,,,
SYN-00002-00614,614,1824.5,1824.5,1,31,pass,home,H09,70.4,22.5,95,29.6,intercepted,H10,1,83,59.3,,27,right_foot,
SYN-00002-00615,615,1826.1,1826.1,1,31,interception,away,A01,95,29.6,,,won,,0,83,,,,,
SYN-00002-00616,616,1826.1,1826.1,1,31,possession_change,away,A01,95,29.6,,,interception,,0,84,,,,,
SYN-00002-00617,617,1826.6,1826.6,1,31,pass,away,A01,95,29.6,92.2,12.2,complete,A05,0,84,50,,17.6,left_foot,
SYN-00002-00618,618,1830.5,1830.5,1,31,pass,away,A05,92.2,12.2,72.6,19,complete,A08,0,84,48.7,,20.8,right_foot,
SYN-00002-00619,619,1834.9,1834.9,1,31,sprint,home,H04,22.2,37,,,,,0,84,,29,21.1,,
SYN-00002-00620,620,1834.9,1834.9,1,31,pressure,home,H10,72.6,19,,,,,0,84,,,,,
SYN-00002-00621,621,1834.9,1834.9,1,31,carry,away,A08,72.6,19,63.9,18.2,complete,,1,84,,23.4,8.7,,
SYN-00002-00622,622,1836.2,1836.2,1,31,pass,away,A08,63.9,18.2,77.7,2.9,complete,A05,0,84,61,,20.6,right_foot,
SYN-00002-00623,623,1838.8,1838.8,1,31,pass,away,A05,77.7,2.9,56,19.3,complete,A08,0,84,65.1,,27.2,right_foot,
SYN-00002-00624,624,1841.3,1841.3,1,31,pass,away,A08,56,19.3,80.5,40.4,complete,A03,0,84,75.2,,32.3,left_foot,
SYN-00002-00625,625,1845.3,1845.3,1,31,carry,away,A03,80.5,40.4,65.8,41.5,complete,,0,84,,20.7,14.8,,
SYN-00002-00626,626,1847.8,1847.8,1,31,pass,away,A03,65.8,41.5,67.8,40.4,complete,A06,0,84,32.7,,2.3,right_foot,
SYN-00002-00627,627,1850.2,1850.2,1,31,carry,away,A06,67.8,40.4,62.8,33.5,complete,,0,84,,14.3,8.5,,
SYN-00002-00628,628,1852.3,1852.3,1,31,pass,away,A06,62.8,33.5,55.4,24.9,complete,A08,0,84,41.9,,11.3,right_foot,
SYN-00002-00629,629,1855.1,1855.1,1,31,sprint,home,H04,17,39.4,,,,,0,84,,26.8,15.5,,
SYN-00002-00630,630,1855.1,1855.1,1,31,pass,away,A08,55.4,24.9,75.3,8.8,incomplete,A05,0,84,56.2,,22.7,right_foot,
SYN-00002-00631,631,1857.6,1857.6,1,31,possession_change,home,H09,75.3,8.8,,,recovery,,0,85,,,,,
SYN-00002-00632,632,1857.6,1857.6,1,31,pass,home,H09,75.3,8.8,65.6,16.5,complete,H07,0,85,44.4,,12.4,right_foot,
SYN-00002-00633,633,1861.3,1861.3,1,32,pass,home,H07,65.6,16.5,81.1,1,complete,H09,0,85,52.2,,21.9,right_foot,
SYN-00002-00634,634,1865.8,1865.8,1,32,pass,home,H09,81.1,1,66.1,0,out,H07,0,85,56.2,,18.9,right_foot,
SYN-00002-00635,635,1867,1867,1,32,possession_change,away,A11,66.1,1,,,out_of_play,,0,86,,,,,
SYN-00002-00636,636,1878.3,1878.3,1,32,pass,away,A11,66.1,1,83,1.4,complete,A05,0,86,44.7,,16.9,right_foot,
SYN-00002-00637,637,1881.4,1881.4,1,32,pass,away,A05,83,1.4,95.4,24.3,complete,A01,0,86,61.3,,26,right_foot,
SYN-00002-00638,638,1885.4,1885.4,1,32,pass,away,A01,95.4,24.3,70,23.3,complete,A08,0,86,59.7,,25.4,right_foot,
SYN-00002-00639,639,1888.3,1888.3,1,32,pass,away,A08,70,23.3,84.2,20.6,complete,A04,0,86,43.5,,14.4,left_foot,
SYN-00002-00640,640,1891.3,1891.3,1,32,pass,away,A04,84.2,20.6,83.6,6.8,complete,A05,0,86,53.3,,13.8,left_foot,
SYN-00002-00641,641,1894.3,1894.3,1,32,pass,away,A05,83.6,6.8,71.4,25.7,complete,A06,0,86,58.6,,22.5,right_foot,
SYN-00002-00642,642,1898,1898,1,32,pass,away,A06,71.4,25.7,88.9,42.3,complete,A03,0,86,59.8,,24.2,left_foot,
SYN-00002-00643,643,1902.1,1902.1,1,32,pass,away,A03,88.9,42.3,94.5,28.9,complete,A04,0,86,39.4,,14.5,left_foot,
SYN-00002-00644,644,1906.5,1906.5,1,32,pass,away,A04,94.5,28.9,71.5,21.2,complete,A08,0,86,58.4,,24.3,left_foot,
SYN-00002-00645,645,1910.5,1910.5,1,32,pressure,home,H10,71.5,21.2,,,,,0,86,,,,,
SYN-00002-00646,646,1910.5,1910.5,1,32,carry,away,A08,71.5,21.2,66.7,22.9,complete,,1,86,,18.8,5,,
SYN-00002-00647,647,1911.4,1911.4,1,32,pass,away,A08,66.7,22.9,78.8,59.1,incomplete,A02,0,86,72.2,,34.4,right_foot,
SYN-00002-00648,648,1914.9,1914.9,1,32,possession_change,home,H11,78.8,59.1,,,recovery,,0,87,,,,,
SYN-00002-00649,649,1914.9,1914.9,1,32,pass,home,H11,78.8,59.1,68,49,complete,H08,0,87,37.9,,14.8,left_foot,
SYN-00002-00650,650,1918.3,1918.3,1,32,pass,home,H08,68,49,48.4,40.3,complete,H06,0,87,59.8,,21.4,right_foot,
SYN-00002-00651,651,1922.2,1922.2,1,33,pass,home,H06,48.4,40.3,17.4,42.4,complete,H04,0,87,63.1,,31.1,left_foot,
SYN-00002-00652,652,1926.3,1926.3,1,33,carry,home,H04,17.4,42.4,21,44.5,dispossessed,,0,87,,22.3,4.1,,
SYN-00002-00653,653,1927,1927,1,33,foul,away,A10,21,44.5,,,free_kick,,0,87,,,,,
SYN-00002-00654,654,1942.9,1942.9,1,33,pass,home,H04,21,44.5,11.1,28.5,complete,H03,0,88,51.4,,18.8,left_foot,
SYN-00002-00655,655,1946.5,1946.5,1,33,pass,home,H03,11.1,28.5,11.5,5.8,complete,H02,0,88,61.9,,22.7,left_foot,
SYN-00002-00656,656,1950.6,1950.6,1,33,pass,home,H02,11.5,5.8,4.5,16.2,complete,H03,0,88,35.9,,12.6,right_foot,
SYN-00002-00657,657,1953.6,1953.6,1,33,pressure,away,A10,4.5,16.2,,,,,0,88,,,,,
SYN-00002-00658,658,1953.6,1953.6,1,33,carry,home,H03,4.5,16.2,13.6,11.6,complete,,1,88,,21.9,10.2,,
SYN-00002-00659,659,1955.3,1955.3,1,33,pressure,away,A10,13.6,11.6,,,,,0,88,,,,,
SYN-00002-00660,660,1955.3,1955.3,1,33,pass,home,H03,13.6,11.6,36,38.8,complete,H08,1,88,64.1,,35.2,right_foot,
SYN-00002-00661,661,1958.5,1958.5,1,33,pass,home,H08,36,38.8,19,58.4,complete,H05,0,88,64.7,,25.9,right_foot,
SYN-00002-00662,662,1962.2,1962.2,1,33,pass,home,H05,19,58.4,1,40.3,complete,H01,0,88,55.1,,25.5,left_foot,
SYN-00002-00663,663,1966.1,1966.1,1,33,pass,home,H01,1,40.3,21.7,42.4,complete,H06,0,88,58.4,,20.8,right_foot,
SYN-00002-00664,664,1968.8,1968.8,1,33,pass,home,H06,21.7,42.4,35.7,43.6,complete,H08,0,88,42.1,,14.1,left_foot,
SYN-00002-00665,665,1972.4,1972.4,1,33,pass,home,H08,35.7,43.6,23.3,59.7,complete,H05,0,88,44.1,,20.3,right_foot,
SYN-00002-00666,666,1975.2,1975.2,1,33,pass,home,H05,23.3,59.7,40.4,52.6,complete,H08,0,88,49.8,,18.6,right_foot,
SYN-00002-00667,667,1977.9,1977.9,1,33,pressure,away,A10,40.4,52.6,,,,,0,88,,,,,
SYN-00002-00668,668,1977.9,1977.9,1,33,pass,home,H08,40.4,52.6,19.8,43.6,complete,H04,1,88,65.4,,22.5,left_foot,
SYN-00002-00669,669,1980.9,1980.9,1,34,pass,home,H04,19.8,43.6,28,35.9,complete,H06,0,88,43.6,,11.3,right_foot,
SYN-00002-00670,670,1984.8,1984.8,1,34,pass,home,H06,28,35.9,17.8,60.5,complete,H05,0,88,69.2,,26.7,right_foot,
SYN-00002-00671,671,1987.2,1987.2,1,34,carry,home,H05,17.8,60.5,24.1,60.9,complete,,0,88,,23.6,6.3,,
SYN-00002-00672,672,1988.1,1988.1,1,34,pass,home,H05,24.1,60.9,46.8,52.3,complete,H08,0,88,59.3,,24.3,left_foot,
SYN-00002-00673,673,1991.1,1991.1,1,34,pass,home,H08,46.8,52.3,16.9,44.7,complete,H04,0,88,69.7,,30.9,left_foot,
SYN-00002-00674,674,1994.7,1994.7,1,34,pass,home,H04,16.9,44.7,17.6,16.2,complete,H02,0,88,61.4,,28.5,left_foot,
SYN-00002-00675,675,1999.3,1999.3,1,34,sprint,away,A09,43.7,50.9,,,,,0,88,,33.6,45.1,,
SYN-00002-00676,676,1999.3,1999.3,1,34,pressure,away,A10,17.6,16.2,,,,,0,88,,,,,
SYN-00002-00677,677,1999.3,1999.3,1,34,pass,home,H02,17.6,16.2,14.7,54,complete,H05,1,88,73.3,,38,right_foot,
SYN-00002-00678,678,2003,2003,1,34,pass,home,H05,14.7,54,5.6,53.7,complete,H04,0,88,38.8,,9.1,right_foot,
SYN-00002-00679,679,2006.6,2006.6,1,34,pass,home,H04,5.6,53.7,21.6,37.4,complete,H06,0,88,50.3,,22.8,left_foot,
SYN-00002-00680,680,2010.1,2010.1,1,34,pressure,away,A10,21.6,37.4,,,,,0,88,,,,,
SYN-00002-00681,681,2010.1,2010.1,1,34,pass,home,H06,21.6,37.4,20,61.9,complete,H05,1,88,65.8,,24.6,right_foot,
SYN-00002-00682,682,2012.7,2012.7,1,34,carry,home,H05,20,61.9,25.6,67,complete,,0,88,,15.1,10.4,,
SYN-00002-00683,683,2015.2,2015.2,1,34,pass,home,H05,25.6,67,12.5,58,incomplete,H04,0,88,47.2,,19.2,right_foot,
SYN-00002-00684,684,2018.2,2018.2,1,34,possession_change,away,A10,12.5,58,,,recovery,,0,89,,,,,
SYN-00002-00685,685,2018.2,2018.2,1,34,shot,away,A10,12.5,58,10.5,58,blocked,,0,89,78.2,,27,foot,0.023
SYN-00002-00686,686,2020.9,2020.9,1,34,carry,away,A10,22.1,58,15.1,59.6,dispossessed,,0,89,,20.7,7.2,,
SYN-00002-00687,687,2022.2,2022.2,1,34,tackle,home,H05,15.1,59.6,,,won,,0,89,,,,,
SYN-00002-00688,688,2022.2,2022.2,1,34,possession_change,home,H05,15.1,59.6,,,tackle,,0,90,,,,,
SYN-00002-00689,689,2022.9,2022.9,1,34,pass,home,H05,15.1,59.6,1.3,40.2,complete,H01,0,90,63.3,,23.8,right_foot,
SYN-00002-00690,690,2027,2027,1,34,pass,home,H01,1.3,40.2,30.9,46.1,complete,H08,0,90,68.3,,30.1,right_foot,
SYN-00002-00691,691,2029.6,2029.6,1,34,pass,home,H08,30.9,46.1,21.1,14.8,complete,H02,0,90,66.7,,32.9,right_foot,
SYN-00002-00692,692,2034.4,2034.4,1,34,pass,home,H02,21.1,14.8,26,31.1,complete,H06,0,90,57.1,,17,head,
SYN-00002-00693,693,2037,2037,1,34,pressure,away,A10,26,31.1,,,,,0,90,,,,,
SYN-00002-00694,694,2037,2037,1,34,pass,home,H06,26,31.1,9.3,22.6,complete,H03,1,90,46.2,,18.8,right_foot,
SYN-00002-00695,695,2039.6,2039.6,1,34,carry,home,H03,9.3,22.6,25.3,21.4,complete,,0,90,,20.8,16,,
SYN-00002-00696,696,2042.4,2042.4,1,35,carry,home,H03,25.3,21.4,29,21.4,dispossessed,,0,90,,14.1,3.7,,
SYN-00002-00697,697,2043.3,2043.3,1,35,foul,away,A10,29,21.4,,,free_kick,,0,90,,,,,
SYN-00002-00698,698,2063.1,2063.1,1,35,pressure,away,A10,29,21.4,,,,,0,91,,,,,
SYN-00002-00699,699,2063.1,2063.1,1,35,pass,home,H03,29,21.4,39,18,complete,H07,1,91,43.4,,10.6,right_foot,
SYN-00002-00700,700,2065.9,2065.9,1,35,pass,home,H07,39,18,37.3,34.9,complete,H06,0,91,44.9,,17,right_foot,
SYN-00002-00701,701,2069.1,2069.1,1,35,pass,home,H06,37.3,34.9,50.2,43.6,complete,H08,0,91,45.7,,15.6,right_foot,
SYN-00002-00702,702,2073.3,2073.3,1,35,pass,home,H08,50.2,43.6,37.7,38.1,complete,H06,0,91,48.5,,13.7,right_foot,
SYN-00002-00703,703,2075.6,2075.6,1,35,pass,home,H06,37.7,38.1,46.5,47.8,complete,H08,0,91,45.4,,13.2,right_foot,
SYN-00002-00704,704,2077.9,2077.9,1,35,carry,home,H08,46.5,47.8,57.7,41.2,complete,,0,91,,16,13,,
SYN-00002-00705,705,2080.9,2080.9,1,35,pass,home,H08,57.7,41.2,36.1,62.7,complete,H05,0,91,71.2,,30.5,right_foot,
SYN-00002-00706,706,2085,2085,1,35,pass,home,H05,36.1,62.7,48.4,28.1,complete,H07,0,91,73.7,,36.7,left_foot,
SYN-00002-00707,707,2089.4,2089.4,1,35,pass,home,H07,48.4,28.1,22.1,20.6,complete,H03,0,91,57.3,,27.4,left_foot,
SYN-00002-00708,708,2092.1,2092.1,1,35,pass,home,H03,22.1,20.6,43.1,15.4,complete,H07,0,91,55.7,,21.7,right_foot,
SYN-00002-00709,709,2096.5,2096.5,1,35,pass,home,H07,43.1,15.4,50.2,46.6,complete,H08,0,91,72,,32,right_foot,
SYN-00002-00710,710,2100.2,2100.2,1,36,pass,home,H08,50.2,46.6,39.3,37.1,complete,H06,0,91,36.9,,14.5,left_foot,
SYN-00002-00711,711,2102.7,2102.7,1,36,pass,home,H06,39.3,37.1,73.4,52,complete,H11,0,91,77,,37.2,left_foot,
SYN-00002-00712,712,2106.4,2106.4,1,36,pass,home,H11,73.4,52,63.5,47,complete,H08,0,91,39.4,,11.2,right_foot,
SYN-00002-00713,713,2110.1,2110.1,1,36,pass,home,H08,63.5,47,96.1,34.4,complete,H10,0,91,75.1,,34.9,right_foot,
SYN-00002-00714,714,2113.3,2113.3,1,36,pass,home,H10,96.1,34.4,97.3,68,out,H11,0,91,51.3,,17.2,right_foot,
SYN-00002-00715,715,2114.5,2114.5,1,36,possession_change,away,A02,97.3,67,,,out_of_play,,0,92,,,,,
SYN-00002-00716,716,2126.1,2126.1,1,36,pass,away,A02,97.3,67,79.3,68,out,A06,0,92,70.5,,28.2,right_foot,
SYN-00002-00717,717,2127.5,2127.5,1,36,possession_change,home,H11,79.3,67,,,out_of_play,,0,93,,,,,
SYN-00002-00718,718,2138.3,2138.3,1,36,pass,home,H11,79.3,67,65.6,49.4,complete,H08,0,93,47.2,,22.3,right_foot,
SYN-00002-00719,719,2141.7,2141.7,1,36,pass,home,H08,65.6,49.4,46.2,40.5,complete,H06,0,93,55.8,,21.3,right_foot,
SYN-00002-00720,720,2144.8,2144.8,1,36,carry,home,H06,46.2,40.5,53,42.9,complete,,0,93,,15.2,7.2,,
SYN-00002-00721,721,2146.5,2146.5,1,36,carry,home,H06,53,42.9,66.3,38.7,complete,,0,93,,24.3,13.9,,
SYN-00002-00722,722,2148.5,2148.5,1,36,carry,home,H06,66.3,38.7,70.7,44.4,complete,,0,93,,15.9,7.2,,
SYN-00002-00723,723,2150.2,2150.2,1,36,shot,home,H06,70.7,44.4,105,26.4,off_target,,0,93,101.2,,35.9,foot,0.008
SYN-00002-00724,724,2151.9,2151.9,1,36,possession_change,away,A01,99,34,,,goal_kick,,0,94,,,,,
SYN-00002-00725,725,2174.5,2174.5,1,37,pass,away,A01,99,34,65.2,40.8,incomplete,A07,0,94,71.6,,32.9,right_foot,
SYN-00002-00726,726,2178.4,2178.4,1,37,possession_change,home,H10,65.2,40.8,,,recovery,,0,95,,,,,
SYN-00002-00727,727,2178.4,2178.4,1,37,pass,home,H10,65.2,40.8,83.1,60.8,complete,H11,0,95,64.6,,26.8,right_foot,
SYN-00002-00728,728,2181.1,2181.1,1,37,pressure,away,A07,83.1,60.8,,,,,0,95,,,,,
SYN-00002-00729,729,2181.1,2181.1,1,37,carry,home,H11,83.1,60.8,88.8,61.6,dispossessed,,1,95,,25.3,5.7,,
SYN-00002-00730,730,2181.9,2181.9,1,37,foul,away,A02,88.8,61.6,,,free_kick,,0,95,,,,,
SYN-00002-00731,731,2215.1,2215.1,1,37,carry,home,H11,88.8,61.6,100.9,52.9,complete,,0,96,,25.5,15,,
SYN-00002-00732,732,2217.3,2217.3,1,37,carry,home,H11,100.9,52.9,102.5,55.3,dispossessed,,0,96,,23.3,6.9,,
SYN-00002-00733,733,2218.3,2218.3,1,37,tackle,away,A03,102.5,55.3,,,won,,0,96,,,,,
SYN-00002-00734,734,2218.3,2218.3,1,37,possession_change,away,A03,102.5,55.3,,,tackle,,0,97,,,,,
SYN-00002-00735,735,2219.1,2219.1,1,37,carry,away,A03,102.5,55.3,90,52.7,complete,,0,97,,16.2,12.8,,
SYN-00002-00736,736,2222,2222,1,38,pass,away,A03,90,52.7,71.9,47.6,incomplete,A07,0,97,70.6,,23.9,left_foot,
SYN-00002-00737,737,2225.4,2225.4,1,38,possession_change,home,H10,71.9,47.6,,,recovery,,0,98,,,,,
SYN-00002-00738,738,2225.4,2225.4,1,38,pass,home,H10,71.9,47.6,88.2,68,out,H11,0,98,53.6,,22.4,right_foot,
SYN-00002-00739,739,2226.9,2226.9,1,38,possession_change,away,A02,88.2,67,,,out_of_play,,0,99,,,,,
SYN-00002-00740,740,2236.1,2236.1,1,38,pass,away,A02,88.2,67,81.9,42.5,complete,A06,0,99,62.1,,25.3,right_foot,
SYN-00002-00741,741,2240,2240,1,38,pass,away,A06,81.9,42.5,66.7,68,out,A07,0,99,52,,11.3,right_foot,
SYN-00002-00742,742,2240.8,2240.8,1,38,possession_change,home,H11,66.7,67,,,out_of_play,,0,100,,,,,
SYN-00002-00743,743,2255.7,2255.7,1,38,pressure,away,A09,66.7,67,,,,,0,100,,,,,
SYN-00002-00744,744,2255.7,2255.7,1,38,pass,home,H11,66.7,67,50,48.9,complete,H06,1,100,62.8,,24.6,right_foot,
SYN-00002-00745,745,2259.3,2259.3,1,38,pressure,away,A10,50,48.9,,,,,0,100,,,,,
SYN-00002-00746,746,2259.3,2259.3,1,38,pass,home,H06,50,48.9,58.1,25.2,complete,H07,1,100,55.3,,25,left_foot,
SYN-00002-00747,747,2263.2,2263.2,1,38,pressure,away,A10,58.1,25.2,,,,,0,100,,,,,
SYN-00002-00748,748,2263.2,2263.2,1,38,carry,home,H07,58.1,25.2,67.1,33.8,complete,,1,100,,24,12.4,,
SYN-00002-00749,749,2265.1,2265.1,1,38,pass,home,H07,67.1,33.8,92,29.5,incomplete,H10,0,100,54.9,,25.4,left_foot,
SYN-00002-00750,750,2269,2269,1,38,possession_change,away,A04,92,29.5,,,recovery,,0,101,,,,,
SYN-00002-00751,751,2269,2269,1,38,pass,away,A04,92,29.5,79.5,29.3,complete,A06,0,101,32.8,,12.5,right_foot,
SYN-00002-00752,752,2271.9,2271.9,1,38,carry,away,A06,79.5,29.3,75,34.1,complete,,0,101,,16.9,6.6,,
SYN-00002-00753,753,2273.3,2273.3,1,38,pass,away,A06,75,34.1,90.8,47.6,complete,A03,0,101,49.8,,20.8,right_foot,
SYN-00002-00754,754,2277.8,2277.8,1,38,sprint,away,A07,66.9,49.4,,,,,0,101,,30.3,46.4,,
SYN-00002-00755,755,2277.8,2277.8,1,38,pass,away,A03,90.8,47.6,80,36.4,complete,A06,0,101,43.4,,15.6,left_foot,
SYN-00002-00756,756,2281.8,2281.8,1,39,pass,away,A06,80,36.4,60.8,21.8,complete,A08,0,101,53.5,,24.1,right_foot,
SYN-00002-00757,757,2285.7,2285.7,1,39,pass,away,A08,60.8,21.8,32.7,5.7,incomplete,A11,0,101,72.2,,35.5,right_foot,
SYN-00002-00758,758,2289.2,2289.2,1,39,possession_change,home,H02,32.7,5.7,,,recovery,,0,102,,,,,
SYN-00002-00759,759,2289.2,2289.2,1,39,pass,home,H02,32.7,5.7,49,36.1,complete,H08,0,102,72.7,,34.5,right_foot,
SYN-00002-00760,760,2293.1,2293.1,1,39,pressure,away,A10,49,36.1,,,,,0,102,,,,,
SYN-00002-00761,761,2293.1,2293.1,1,39,pass,home,H08,49,36.1,27.9,9.1,complete,H02,1,102,69.6,,34.2,right_foot,
SYN-00002-00762,762,2296.8,2296.8,1,39,pressure,away,A10,27.9,9.1,,,,,0,102,,,,,
SYN-00002-00763,763,2296.8,2296.8,1,39,pass,home,H02,27.9,9.1,44.2,15.1,complete,H07,1,102,50.7,,17.4,right_foot,
SYN-00002-00764,764,2300.7,2300.7,1,39,pass,home,H07,44.2,15.1,47.3,0,out,H06,0,102,44.2,,15.5,right_foot,
SYN-00002-00765,765,2302,2302,1,39,possession_change,away,A11,47.3,1,,,out_of_play,,0,103,,,,,
SYN-00002-00766,766,2319,2319,1,39,pass,away,A11,47.3,1,45.1,13.9,complete,A08,0,103,41.6,,13.1,right_foot,
SYN-00002-00767,767,2321.3,2321.3,1,39,pass,away,A08,45.1,13.9,22.4,6.4,complete,A11,0,103,54.7,,23.9,left_foot,
SYN-00002-00768,768,2325.8,2325.8,1,39,pass,away,A11,22.4,6.4,32.2,10.2,complete,A08,0,103,43.3,,10.6,right_foot,
SYN-00002-00769,769,2328,2328,1,39,pass,away,A08,32.2,10.2,9.3,29.5,complete,A10,0,103,64.8,,30,right_foot,
SYN-00002-00770,770,2331.1,2331.1,1,39,pass,away,A10,9.3,29.5,30.5,40.9,complete,A07,0,103,68.6,,24.1,left_foot,
SYN-00002-00771,771,2334.1,2334.1,1,39,pressure,home,H08,30.5,40.9,,,,,0,103,,,,,
SYN-00002-00772,772,2334.1,2334.1,1,39,pass,away,A07,30.5,40.9,13.5,39.9,incomplete,A10,1,103,67.2,,23.6,right_foot,
SYN-00002-00773,773,2337.7,2337.7,1,39,possession_change,home,H04,13.5,39.9,,,recovery,,0,104,,,,,
SYN-00002-00774,774,2337.7,2337.7,1,39,carry,home,H04,13.5,39.9,20.7,37,complete,,0,104,,20,7.7,,
SYN-00002-00775,775,2339.1,2339.1,1,39,pressure,away,A10,20.7,37,,,,,0,104,,,,,
SYN-00002-00776,776,2339.1,2339.1,1,39,pass,home,H04,20.7,37,19.5,15.2,intercepted,H02,1,104,70.6,,27.5,right_foot,
SYN-00002-00777,777,2340.2,2340.2,1,40,interception,away,A11,19.5,15.2,,,won,,0,104,,,,,
SYN-00002-00778,778,2340.2,2340.2,1,40,possession_change,away,A11,19.5,15.2,,,interception,,0,105,,,,,
SYN-00002-00779,779,2341.5,2341.5,1,40,pressure,home,H07,19.5,15.2,,,,,0,105,,,,,
SYN-00002-00780,780,2341.5,2341.5,1,40,carry,away,A11,19.5,15.2,16.2,14.7,dispossessed,,1,105,,21.8,3.3,,
SYN-00002-00781,781,2342,2342,1,40,tackle,home,H07,16.2,14.7,,,won,,0,105,,,,,
SYN-00002-00782,782,2342,2342,1,40,possession_change,home,H07,16.2,14.7,,,tackle,,0,106,,,,,
SYN-00002-00783,783,2343.1,2343.1,1,40,pressure,away,A10,16.2,14.7,,,,,0,106,,,,,
SYN-00002-00784,784,2343.1,2343.1,1,40,pass,home,H07,16.2,14.7,30.8,20.9,complete,H06,1,106,46.3,,15.9,right_foot,
SYN-00002-00785,785,2345.6,2345.6,1,40,pass,home,H06,30.8,20.9,47.5,42.6,complete,H08,0,106,61.1,,27.4,left_foot,
SYN-00002-00786,786,2348.9,2348.9,1,40,carry,home,H08,47.5,42.6,53.8,44.2,complete,,0,106,,18.3,6.5,,
SYN-00002-00787,787,2350.2,2350.2,1,40,pass,home,H08,53.8,44.2,95.3,34.7,incomplete,H10,0,106,91.2,,41.7,right_foot,
SYN-00002-00788,788,2354.1,2354.1,1,40,possession_change,away,A01,95.3,34.7,,,recovery,,0,107,,,,,
SYN-00002-00789,789,2354.1,2354.1,1,40,pass,away,A01,95.3,34.7,83.3,61.3,complete,A02,0,107,63.7,,29.2,right_foot,
SYN-00002-00790,790,2358.5,2358.5,1,40,pass,away,A02,83.3,61.3,64.7,49.9,complete,A07,0,107,59.4,,21.8,right_foot,
SYN-00002-00791,791,2362.2,2362.2,1,40,pass,away,A07,64.7,49.9,65.3,35.8,complete,A06,0,107,53.3,,14.1,left_foot,
SYN-00002-00792,792,2365.5,2365.5,1,40,pass,away,A06,65.3,35.8,49.2,0,out,A08,0,107,53.5,,18.8,right_foot,
SYN-00002-00793,793,2366.8,2366.8,1,40,possession_change,home,H09,49.2,1,,,out_of_play,,0,108,,,,,
SYN-00002-00794,794,2380.5,2380.5,1,40,pass,home,H09,49.2,1,37.4,1,complete,H02,0,108,39.1,,11.7,right_foot,
SYN-00002-00795,795,2383.1,2383.1,1,40,sprint,home,H09,72.6,2,,,,,0,108,,32.9,45.6,,
SYN-00002-00796,796,2383.1,2383.1,1,40,pass,home,H02,37.4,1,21.1,19.3,complete,H03,0,108,60.7,,24.5,right_foot,
SYN-00002-00797,797,2386.2,2386.2,1,40,pass,home,H03,21.1,19.3,21.2,3,complete,H02,0,108,45.2,,16.3,left_foot,
SYN-00002-00798,798,2389,2389,1,40,pressure,away,A11,21.2,3,,,,,0,108,,,,,
SYN-00002-00799,799,2389,2389,1,40,pass,home,H02,21.2,3,9.2,36.2,complete,H04,1,108,66.8,,35.3,left_foot,
SYN-00002-00800,800,2392.6,2392.6,1,40,pressure,away,A10,9.2,36.2,,,,,0,108,,,,,
SYN-00002-00801,801,2392.6,2392.6,1,40,pass,home,H04,9.2,36.2,22.5,39.5,incomplete,H06,1,108,51.6,,17.9,right_foot,
SYN-00002-00802,802,2395.7,2395.7,1,40,possession_change,away,A10,22.5,39.5,,,recovery,,0,109,,,,,
SYN-00002-00803,803,2395.7,2395.7,1,40,pass,away,A10,22.5,39.5,34.4,23,complete,A08,0,109,50.8,,20.4,right_foot,
SYN-00002-00804,804,2398.6,2398.6,1,40,pass,away,A08,34.4,23,40,45.3,complete,A07,0,109,51.3,,23,left_foot,
SYN-00002-00805,805,2401.3,2401.3,1,41,pass,away,A07,40,45.3,7.8,68,out,A10,0,109,67.7,,33.4,left_foot,
SYN-00002-00806,806,2403.1,2403.1,1,41,possession_change,home,H05,7.8,67,,,out_of_play,,0,110,,,,,
SYN-00002-00807,807,2415.8,2415.8,1,41,pass,home,H05,7.8,67,1,46.1,complete,H01,0,110,66.6,,21.9,right_foot,
SYN-00002-00808,808,2418.3,2418.3,1,41,pass,home,H01,1,46.1,2.9,41.2,complete,H04,0,110,24.8,,5.3,right_foot,
SYN-00002-00809,809,2420.8,2420.8,1,41,pass,home,H04,2.9,41.2,5.5,36.6,complete,H01,0,110,34.8,,5.2,left_foot,
SYN-00002-00810,810,2423.2,2423.2,1,41,pressure,away,A10,5.5,36.6,,,,,0,110,,,,,
SYN-00002-00811,811,2423.2,2423.2,1,41,pass,home,H01,5.5,36.6,24.7,31.6,complete,H06,1,110,50,,19.9,right_foot,
SYN-00002-00812,812,2427.2,2427.2,1,41,sprint,home,H10,76.9,33.4,,,,,0,110,,24,48.9,,
SYN-00002-00813,813,2427.2,2427.2,1,41,pass,home,H06,24.7,31.6,8.1,33,complete,H01,0,110,49.3,,16.7,right_foot,
SYN-00002-00814,814,2429.6,2429.6,1,41,pass,home,H01,8.1,33,6,24.3,complete,H03,0,110,42.1,,8.9,head,
SYN-00002-00815,815,2431.7,2431.7,1,41,pass,home,H03,6,24.3,2.6,32.4,complete,H01,0,110,49.9,,8.8,right_foot,
SYN-00002-00816,816,2434.9,2434.9,1,41,pass,home,H01,2.6,32.4,34.5,49.8,complete,H08,0,110,80.1,,36.3,right_foot,
SYN-00002-00817,817,2439.1,2439.1,1,41,pass,home,H08,34.5,49.8,27.5,61.9,complete,H05,0,110,46.2,,14,right_foot,
SYN-00002-00818,818,2442.2,2442.2,1,41,pass,home,H05,27.5,61.9,36.3,39.9,complete,H06,0,110,65.3,,23.7,right_foot,
SYN-00002-00819,819,2444.8,2444.8,1,41,pass,home,H06,36.3,39.9,45.2,26.1,intercepted,H07,0,110,55.8,,19.1,right_foot,
SYN-00002-00820,820,2445.9,2445.9,1,41,interception,away,A10,45.2,26.1,,,won,,0,110,,,,,
SYN-00002-00821,821,2445.9,2445.9,1,41,possession_change,away,A10,45.2,26.1,,,interception,,0,111,,,,,
SYN-00002-00822,822,2446.6,2446.6,1,41,pass,away,A10,45.2,26.1,56.1,29.9,complete,A06,0,111,37.9,,11.5,right_foot,
SYN-00002-00823,823,2449.3,2449.3,1,41,carry,away,A06,56.1,29.9,46.9,20.4,complete,,0,111,,18.1,13.1,,
SYN-00002-00824,824,2451.9,2451.9,1,41,pass,away,A06,46.9,20.4,14,31.7,intercepted,A10,0,111,83.1,,42,left_foot,
SYN-00002-00825,825,2453.4,2453.4,1,41,interception,home,H04,14,31.7,,,won,,0,111,,,,,
SYN-00002-00826,826,2453.4,2453.4,1,41,possession_change,home,H04,14,31.7,,,interception,,0,112,,,,,
SYN-00002-00827,827,2454.6,2454.6,1,41,carry,home,H04,14,31.7,23,33.3,complete,,0,112,,22,9.2,,
SYN-00002-00828,828,2456.1,2456.1,1,41,pressure,away,A10,23,33.3,,,,,0,112,,,,,
SYN-00002-00829,829,2456.1,2456.1,1,41,carry,home,H04,23,33.3,25.2,29.1,complete,,1,112,,19.7,4.7,,
SYN-00002-00830,830,2456.9,2456.9,1,41,carry,home,H04,25.2,29.1,36.4,24.8,complete,,0,112,,25,12,,
SYN-00002-00831,831,2458.7,2458.7,1,41,pressure,away,A10,36.4,24.8,,,,,0,112,,,,,
SYN-00002-00832,832,2458.7,2458.7,1,41,pass,home,H04,36.4,24.8,55.9,0,out,H07,1,112,54.6,,21.4,right_foot,
SYN-00002-00833,833,2460.1,2460.1,1,42,possession_change,away,A11,55.9,1,,,out_of_play,,0,113,,,,,
SYN-00002-00834,834,2474.8,2474.8,1,42,carry,away,A11,55.9,1,48.1,4.7,complete,,0,113,,24.5,8.7,,
SYN-00002-00835,835,2476.1,2476.1,1,42,carry,away,A11,48.1,4.7,37.9,1,complete,,0,113,,14.7,12.2,,
SYN-00002-00836,836,2479.1,2479.1,1,42,pass,away,A11,37.9,1,55.8,27.3,complete,A06,0,113,78.8,,31.8,left_foot,
SYN-00002-00837,837,2482.2,2482.2,1,42,pass,away,A06,55.8,27.3,55.2,44.5,complete,A07,0,113,54.9,,17.3,right_foot,
SYN-00002-00838,838,2484.6,2484.6,1,42,pass,away,A07,55.2,44.5,84.1,52.2,complete,A03,0,113,64.7,,29.9,left_foot,
SYN-00002-00839,839,2487.4,2487.4,1,42,pass,away,A03,84.1,52.2,43,58.9,complete,A09,0,113,82,,41.6,left_foot,
SYN-00002-00840,840,2492.2,2492.2,1,42,carry,away,A09,43,58.9,32.5,47.2,complete,,0,113,,17.6,15.7,,
SYN-00002-00841,841,2495.4,2495.4,1,42,pass,away,A09,32.5,47.2,50.7,30.3,complete,A06,0,113,58.8,,24.9,right_foot,
SYN-00002-00842,842,2499.2,2499.2,1,42,pass,away,A06,50.7,30.3,24.7,8.1,complete,A11,0,113,66.9,,34.1,right_foot,
SYN-00002-00843,843,2502.1,2502.1,1,42,shot,away,A11,24.7,8.1,0,32.2,saved,,0,113,113.5,,35.8,foot,0.007
SYN-00002-00844,844,2503.7,2503.7,1,42,possession_change,home,H01,6,34,,,goalkeeper_save,,0,114,,,,,
SYN-00002-00845,845,2510.7,2510.7,1,42,pass,home,H01,6,34,3.5,43.9,complete,H04,0,114,43.8,,10.2,right_foot,
SYN-00002-00846,846,2513,2513,1,42,pass,home,H04,3.5,43.9,4.6,60,complete,H05,0,114,53.7,,16.2,right_foot,
SYN-00002-00847,847,2516.8,2516.8,1,42,pass,home,H05,4.6,60,6.3,48.5,complete,H04,0,114,30.4,,11.7,right_foot,
SYN-00002-00848,848,2520.2,2520.2,1,43,pressure,away,A10,6.3,48.5,,,,,0,114,,,,,
SYN-00002-00849,849,2520.2,2520.2,1,43,pass,home,H04,6.3,48.5,4.6,37.3,complete,H01,1,114,42,,11.3,right_foot,
SYN-00002-00850,850,2523,2523,1,43,pass,home,H01,4.6,37.3,1,18,complete,H03,0,114,48.4,,19.6,left_foot,
SYN-00002-00851,851,2527.4,2527.4,1,43,pass,home,H03,1,18,10.9,8.3,complete,H02,0,114,46.9,,13.9,right_foot,
SYN-00002-00852,852,2531.3,2531.3,1,43,pass,home,H02,10.9,8.3,39.1,13.8,complete,H07,0,114,55.9,,28.7,left_foot,
SYN-00002-00853,853,2535.7,2535.7,1,43,pass,home,H07,39.1,13.8,25.1,3.6,complete,H02,0,114,56.8,,17.2,right_foot,
SYN-00002-00854,854,2538.1,2538.1,1,43,pass,home,H02,25.1,3.6,42.3,10,complete,H07,0,114,58,,18.3,left_foot,
SYN-00002-00855,855,2540.9,2540.9,1,43,pass,home,H07,42.3,10,40.2,30.7,complete,H06,0,114,59.1,,20.8,right_foot,
SYN-00002-00856,856,2543.8,2543.8,1,43,pass,home,H06,40.2,30.7,28.6,9.5,complete,H02,0,114,60.8,,24.1,right_foot,
SYN-00002-00857,857,2546.3,2546.3,1,43,pass,home,H02,28.6,9.5,47,16.4,complete,H07,0,114,48.3,,19.6,right_foot,
SYN-00002-00858,858,2549.5,2549.5,1,43,pressure,away,A10,47,16.4,,,,,0,114,,,,,
SYN-00002-00859,859,2549.5,2549.5,1,43,pass,home,H07,47,16.4,33.5,5.8,complete,H02,1,114,41.1,,17.1,head,
SYN-00002-00860,860,2553.6,2553.6,1,43,carry,home,H02,33.5,5.8,48.9,8.7,complete,,0,114,,20.6,15.6,,
SYN-00002-00861,861,2556.3,2556.3,1,43,pass,home,H02,48.9,8.7,40.5,28.7,complete,H06,0,114,52.5,,21.7,left_foot,
SYN-00002-00862,862,2559.5,2559.5,1,43,pass,home,H06,40.5,28.7,47.5,47.7,complete,H08,0,114,47.7,,20.2,right_foot,
SYN-00002-00863,863,2563.7,2563.7,1,43,pass,home,H08,47.5,47.7,52.6,27.4,complete,H07,0,114,63.3,,20.9,head,
SYN-00002-00864,864,2567.9,2567.9,1,43,pass,home,H07,52.6,27.4,54.4,35,intercepted,H08,0,114,51.4,,16.6,right_foot,
SYN-00002-00865,865,2568.4,2568.4,1,43,interception,away,A10,54.4,35,,,won,,0,114,,,,,
SYN-00002-00866,866,2568.4,2568.4,1,43,possession_change,away,A10,54.4,35,,,interception,,0,115,,,,,
SYN-00002-00867,867,2569.7,2569.7,1,43,pass,away,A10,54.4,35,45.8,21.3,complete,A08,0,115,53.8,,16.2,right_foot,
SYN-00002-00868,868,2572,2572,1,43,pass,away,A08,45.8,21.3,58.5,28.8,complete,A06,0,115,50.3,,14.7,right_foot,
SYN-00002-00869,869,2574.9,2574.9,1,43,pass,away,A06,58.5,28.8,49.6,18.7,complete,A08,0,115,53.2,,13.4,head,
SYN-00002-00870,870,2576.9,2576.9,1,43,pass,away,A08,49.6,18.7,22.6,7.6,complete,A11,0,115,57.9,,29.2,right_foot,
SYN-00002-00871,871,2580.1,2580.1,1,44,carry,away,A11,22.6,7.6,13.7,2.5,complete,,0,115,,18,10.3,,
SYN-00002-00872,872,2582.2,2582.2,1,44,pass,away,A11,13.7,2.5,31.1,13,complete,A08,0,115,54,,20.4,left_foot,
SYN-00002-00873,873,2585.3,2585.3,1,44,pressure,home,H07,31.1,13,,,,,0,115,,,,,
SYN-00002-00874,874,2585.3,2585.3,1,44,carry,away,A08,31.1,13,25.4,12.3,complete,,1,115,,19.2,5.8,,
SYN-00002-00875,875,2586.4,2586.4,1,44,pass,away,A08,25.4,12.3,3.8,22.4,complete,A10,0,115,60.3,,23.9,right_foot,
SYN-00002-00876,876,2589.2,2589.2,1,44,pass,away,A10,3.8,22.4,1,53.7,incomplete,A09,0,115,70.7,,34.5,right_foot,
SYN-00002-00877,877,2592.9,2592.9,1,44,possession_change,home,H05,1,53.7,,,recovery,,0,116,,,,,
SYN-00002-00878,878,2592.9,2592.9,1,44,pass,home,H05,1,53.7,2.1,39.3,complete,H01,0,116,45.9,,14.4,right_foot,
SYN-00002-00879,879,2596.6,2596.6,1,44,pass,home,H01,2.1,39.3,16.7,29.7,complete,H06,0,116,57.2,,17.5,left_foot,
SYN-00002-00880,880,2598.8,2598.8,1,44,pass,home,H06,16.7,29.7,7.4,40.1,complete,H04,0,116,43.3,,14,head,
SYN-00002-00881,881,2602.7,2602.7,1,44,pass,home,H04,7.4,40.1,13,62.6,complete,H05,0,116,60.3,,23.2,right_foot,
SYN-00002-00882,882,2605.5,2605.5,1,44,pressure,away,A10,13,62.6,,,,,0,116,,,,,
SYN-00002-00883,883,2605.5,2605.5,1,44,pass,home,H05,13,62.6,7.9,54,complete,H04,1,116,46.3,,10,right_foot,
SYN-00002-00884,884,2607.9,2607.9,1,44,sprint,home,H05,13.3,63,,,,,0,116,,26.4,25.8,,
SYN-00002-00885,885,2607.9,2607.9,1,44,pass,home,H04,7.9,54,20.8,41.5,complete,H06,0,116,50.8,,17.9,right_foot,
SYN-00002-00886,886,2611,2611,1,44,pass,home,H06,20.8,41.5,4.8,31.2,complete,H03,0,116,52.3,,19,right_foot,
SYN-00002-00887,887,2613.4,2613.4,1,44,sprint,home,H11,57.9,57.3,,,,,0,116,,26.5,23.5,,
SYN-00002-00888,888,2613.4,2613.4,1,44,pass,home,H03,4.8,31.2,33.6,25.7,complete,H07,0,116,64,,29.3,left_foot,
SYN-00002-00889,889,2617,2617,1,44,pressure,away,A10,33.6,25.7,,,,,0,116,,,,,
SYN-00002-00890,890,2617,2617,1,44,pass,home,H07,33.6,25.7,13.1,29.3,complete,H03,1,116,52.4,,20.8,left_foot,
SYN-00002-00891,891,2621,2621,1,44,pass,home,H03,13.1,29.3,5,43.3,complete,H04,0,116,52.6,,16.2,right_foot,
SYN-00002-00892,892,2623.9,2623.9,1,44,pass,home,H04,5,43.3,11.7,56.5,complete,H05,0,116,48.6,,14.7,left_foot,
SYN-00002-00893,893,2627.1,2627.1,1,44,carry,home,H05,11.7,56.5,16.8,66.2,complete,,0,116,,22.1,11,,
SYN-00002-00894,894,2628.9,2628.9,1,44,pass,home,H05,16.8,66.2,5.3,40.9,complete,H01,0,116,59.7,,27.8,head,
SYN-00002-00895,895,2632.7,2632.7,1,44,pressure,away,A10,5.3,40.9,,,,,0,116,,,,,
SYN-00002-00896,896,2632.7,2632.7,1,44,pass,home,H01,5.3,40.9,4.4,26.6,complete,H03,1,116,53.9,,14.4,left_foot,
SYN-00002-00897,897,2636,2636,1,44,pressure,away,A10,4.4,26.6,,,,,0,116,,,,,
SYN-00002-00898,898,2636,2636,1,44,pass,home,H03,4.4,26.6,27.1,30,complete,H06,1,116,55.2,,23,right_foot,
SYN-00002-00899,899,2640.1,2640.1,1,45,pass,home,H06,27.1,30,47.3,23,complete,H07,0,116,56.4,,21.4,right_foot,
SYN-00002-00900,900,2643.4,2643.4,1,45,pass,home,H07,47.3,23,53.7,45.6,complete,H08,0,116,57,,23.5,right_foot,
SYN-00002-00901,901,2647.2,2647.2,1,45,pass,home,H08,53.7,45.6,42,39.3,complete,H06,0,116,40.4,,13.3,head,
SYN-00002-00902,902,2650.6,2650.6,1,45,carry,home,H06,42,39.3,51.6,44.7,complete,,0,116,,18.5,11,,
SYN-00002-00903,903,2652.8,2652.8,1,45,carry,home,H06,51.6,44.7,64.9,39.2,complete,,0,116,,25.5,14.4,,
SYN-00002-00904,904,2654.8,2654.8,1,45,pass,home,H06,64.9,39.2,35.5,57.4,complete,H05,0,116,76.5,,34.6,right_foot,
SYN-00002-00905,905,2658.4,2658.4,1,45,pass,home,H05,35.5,57.4,32.5,42.2,complete,H06,0,116,52.4,,15.5,left_foot,
SYN-00002-00906,906,2662.3,2662.3,1,45,pass,home,H06,32.5,42.2,23.7,62.8,complete,H05,0,116,67.2,,22.4,left_foot,
SYN-00002-00907,907,2666.4,2666.4,1,45,pass,home,H05,23.7,62.8,1,43.5,complete,H01,0,116,64.8,,29.9,left_foot,
SYN-00002-00908,908,2670.6,2670.6,1,45,pass,home,H01,1,43.5,29.2,49.3,complete,H08,0,116,70.1,,28.8,left_foot,
SYN-00002-00909,909,2674,2674,1,45,pass,home,H08,29.2,49.3,44.3,30.4,complete,H07,0,116,56.6,,24.2,right_foot,
SYN-00002-00910,910,2677.3,2677.3,1,45,pass,home,H07,44.3,30.4,49.5,37.8,intercepted,H08,0,116,54.7,,16.9,head,
SYN-00002-00911,911,2677.9,2677.9,1,45,interception,away,A10,49.5,37.8,,,won,,0,116,,,,,
SYN-00002-00912,912,2677.9,2677.9,1,45,possession_change,away,A10,49.5,37.8,,,interception,,0,117,,,,,
SYN-00002-00913,913,2678.6,2678.6,1,45,carry,away,A10,49.5,37.8,44,36,dispossessed,,0,117,,18.6,5.8,,
SYN-00002-00914,914,2679.7,2679.7,1,45,foul,home,H10,44,36,,,free_kick,,0,117,,,,,
SYN-00002-00915,915,2696.3,2696.3,1,45,pass,away,A10,44,36,48.5,19.3,complete,A08,0,118,47.3,,17.2,right_foot,
SYN-00002-00916,916,2700.2,2700.2,1,46,pass,away,A08,48.5,19.3,52.6,44,complete,A07,0,118,55.3,,25,right_foot,
SYN-00002-00917,917,2703.7,2703.7,1,46,pass,away,A07,52.6,44,22.7,62.1,incomplete,A09,0,118,60.5,,29.8,left_foot,
SYN-00002-00918,918,2706.5,2706.5,1,46,possession_change,home,H05,22.7,62.1,,,recovery,,0,119,,,,,
SYN-00002-00919,919,2706.5,2706.5,1,46,pressure,away,A09,22.7,62.1,,,,,0,119,,,,,
SYN-00002-00920,920,2706.5,2706.5,1,46,pass,home,H05,22.7,62.1,28.7,43.9,intercepted,H06,1,119,64.5,,22.9,left_foot,
SYN-00002-00921,921,2707.6,2707.6,1,46,interception,away,A10,28.7,43.9,,,won,,0,119,,,,,
SYN-00002-00922,922,2707.6,2707.6,1,46,possession_change,away,A10,28.7,43.9,,,interception,,0,120,,,,,
SYN-00002-00923,923,2708.9,2708.9,1,46,pass,away,A10,28.7,43.9,48.8,36.2,complete,A06,0,120,47.1,,21.5,right_foot,
SYN-00002-00924,924,2712.1,2712.1,1,46,carry,away,A06,48.8,36.2,43.5,39.7,complete,,0,120,,15.4,6.4,,
SYN-00002-00925,925,2713.5,2713.5,1,46,pass,away,A06,43.5,39.7,68.7,57,complete,A02,0,120,69.7,,30.6,left_foot,
SYN-00002-00926,926,2717.3,2717.3,1,46,pressure,home,H10,68.7,57,,,,,0,120,,,,,
SYN-00002-00927,927,2717.3,2717.3,1,46,pass,away,A02,68.7,57,37,66.5,incomplete,A09,1,120,78.1,,34.7,right_foot,
SYN-00002-00928,928,2720.3,2720.3,1,46,possession_change,home,H05,37,66.5,,,recovery,,0,121,,,,,
SYN-00002-00929,929,2720.3,2720.3,1,46,pass,home,H05,37,66.5,38.3,43.4,complete,H06,0,121,59.3,,23.2,right_foot,
SYN-00002-00930,930,2724.1,2724.1,1,46,pass,home,H06,38.3,43.4,29.1,64.5,complete,H05,0,121,49.9,,23,right_foot,
SYN-00002-00931,931,2727.9,2727.9,1,46,carry,home,H05,29.1,64.5,32.3,65.1,dispossessed,,0,121,,20.8,3.2,,
SYN-00002-00932,932,2728.4,2728.4,1,46,foul,away,A09,32.3,65.1,,,free_kick,,0,121,,,,,
SYN-00002-00933,933,2762,2762,1,47,pass,home,H05,32.3,65.1,30.9,68,out,H08,0,122,49.6,,15.6,right_foot,
SYN-00002-00934,934,2763.1,2763.1,1,47,possession_change,away,A09,30.9,67,,,out_of_play,,0,123,,,,,
SYN-00002-00935,935,2778.2,2778.2,1,47,pass,away,A09,30.9,67,34.3,54.5,complete,A07,0,123,41.7,,12.9,right_foot,
SYN-00002-00936,936,2781.6,2781.6,1,47,pressure,home,H08,34.3,54.5,,,,,0,123,,,,,
SYN-00002-00937,937,2781.6,2781.6,1,47,pass,away,A07,34.3,54.5,15.5,67,complete,A09,1,123,53.7,,22.6,right_foot,
SYN-00002-00938,938,2785,2785,1,47,pass,away,A09,15.5,67,2.2,46.8,complete,A10,0,123,58.1,,24.1,head,
SYN-00002-00939,939,2788.2,2788.2,1,47,pressure,home,H04,2.2,46.8,,,,,0,123,,,,,
SYN-00002-00940,940,2788.2,2788.2,1,47,pass,away,A10,2.2,46.8,8.3,61.1,complete,A09,1,123,42.8,,15.5,right_foot,
SYN-00002-00941,941,2792.1,2792.1,1,47,pass,away,A09,8.3,61.1,8.5,35.4,complete,A10,0,123,65.2,,25.7,head,
SYN-00002-00942,942,2795.7,2795.7,1,47,pass,away,A10,8.5,35.4,1,11.4,complete,A11,0,123,53.5,,25.1,right_foot,
SYN-00002-00943,943,2799.3,2799.3,1,47,shot,away,A11,1,11.4,0,26.4,off_target,,0,123,98.4,,22.7,foot,0.035
SYN-00002-00944,944,2800.6,2800.6,1,47,possession_change,home,H01,6,34,,,goal_kick,,0,124,,,,,
SYN-00002-00945,945,2820.9,2820.9,1,48,period_end,home,,,,,,end_of_period_1,,0,124,,,,,
SYN-00002-00946,946,2821.9,2700,2,46,kickoff,home,H10,52.5,34,,,,,0,125,,,,,
SYN-00002-00947,947,2822.9,2701,2,46,pass,home,H10,52.5,34,22.7,23.2,complete,H03,0,125,67.8,,31.7,right_foot,
SYN-00002-00948,948,2825.7,2703.8,2,46,pass,home,H03,22.7,23.2,37.2,19.5,complete,H07,0,125,49.4,,15,right_foot,
SYN-00002-00949,949,2829,2707.1,2,46,pass,home,H07,37.2,19.5,35.7,32,complete,H06,0,125,46.8,,12.6,right_foot,
SYN-00002-00950,950,2832.2,2710.3,2,46,pass,home,H06,35.7,32,17.7,49,complete,H04,0,125,57.1,,24.7,left_foot,
SYN-00002-00951,951,2836.3,2714.4,2,46,carry,home,H04,17.7,49,22.5,52.7,complete,,0,125,,22.9,6,,
SYN-00002-00952,952,2837.2,2715.3,2,46,pass,home,H04,22.5,52.7,5.1,43.5,complete,H01,0,125,57.2,,19.6,right_foot,
SYN-00002-00953,953,2840.8,2718.9,2,46,pass,home,H01,5.1,43.5,21.7,41,complete,H06,0,125,56.8,,16.8,left_foot,
SYN-00002-00954,954,2844.8,2722.8,2,46,pass,home,H06,21.7,41,46,45.7,complete,H08,0,125,56.4,,24.7,right_foot,
SYN-00002-00955,955,2847.5,2725.6,2,46,pressure,away,A10,46,45.7,,,,,0,125,,,,,
SYN-00002-00956,956,2847.5,2725.6,2,46,pass,home,H08,46,45.7,26.3,61.3,complete,H05,1,125,56.7,,25.1,left_foot,
SYN-00002-00957,957,2851.8,2729.8,2,46,pass,home,H05,26.3,61.3,2.5,35.6,complete,H01,0,125,70.8,,35,right_foot,
SYN-00002-00958,958,2856.5,2734.5,2,46,pressure,away,A10,2.5,35.6,,,,,0,125,,,,,
SYN-00002-00959,959,2856.5,2734.5,2,46,pass,home,H01,2.5,35.6,1.2,32.2,intercepted,H03,1,125,38,,4.3,right_foot,
SYN-00002-00960,960,2856.8,2734.9,2,46,interception,away,A10,1.2,32.2,,,won,,0,125,,,,,
SYN-00002-00961,961,2856.8,2734.9,2,46,possession_change,away,A10,1.2,32.2,,,interception,,0,126,,,,,
SYN-00002-00962,962,2857.5,2735.5,2,46,pass,away,A10,1.2,32.2,3.9,56.7,complete,A09,0,126,58.5,,24.7,right_foot,
SYN-00002-00963,963,2861.7,2739.8,2,46,pass,away,A09,3.9,56.7,2.8,68,out,A10,0,126,41.8,,15.9,right_foot,
SYN-00002-00964,964,2863.1,2741.2,2,46,possession_change,home,H05,2.8,67,,,out_of_play,,0,127,,,,,
SYN-00002-00965,965,2882.6,2760.6,2,47,carry,home,H05,2.8,67,8.8,67,complete,,0,127,,24.9,6.2,,
SYN-00002-00966,966,2883.5,2761.5,2,47,pressure,away,A09,8.8,67,,,,,0,127,,,,,
SYN-00002-00967,967,2883.5,2761.5,2,47,pass,home,H05,8.8,67,2.3,44.5,complete,H01,1,127,58.6,,23.4,right_foot,
SYN-00002-00968,968,2887.1,2765.2,2,47,pressure,away,A10,2.3,44.5,,,,,0,127,,,,,
SYN-00002-00969,969,2887.1,2765.2,2,47,pass,home,H01,2.3,44.5,1,28.3,complete,H03,1,127,47.4,,16.3,left_foot,
SYN-00002-00970,970,2890.4,2768.4,2,47,pass,home,H03,1,28.3,15.4,7.6,complete,H02,0,127,55.6,,25.2,left_foot,
SYN-00002-00971,971,2893.3,2771.4,2,47,carry,home,H02,15.4,7.6,24.1,19.6,complete,,0,127,,25.3,14.8,,
SYN-00002-00972,972,2895.4,2773.5,2,47,pressure,away,A10,24.1,19.6,,,,,0,127,,,,,
SYN-00002-00973,973,2895.4,2773.5,2,47,pass,home,H02,24.1,19.6,8.6,31.1,complete,H01,1,127,57.4,,19.3,right_foot,
SYN-00002-00974,974,2898.4,2776.5,2,47,pass,home,H01,8.6,31.1,14.7,8.9,complete,H02,0,127,62.9,,23,right_foot,
SYN-00002-00975,975,2902.2,2780.3,2,47,pressure,away,A10,14.7,8.9,,,,,0,127,,,,,
SYN-00002-00976,976,2902.2,2780.3,2,47,pass,home,H02,14.7,8.9,9.6,15.4,intercepted,H03,1,127,43.4,,16.9,left_foot,
SYN-00002-00977,977,2902.9,2781,2,47,interception,away,A10,9.6,15.4,,,won,,0,127,,,,,
SYN-00002-00978,978,2902.9,2781,2,47,possession_change,away,A10,9.6,15.4,,,interception,,0,128,,,,,
SYN-00002-00979,979,2904.1,2782.2,2,47,pass,away,A10,9.6,15.4,4.7,11,complete,A11,0,128,44.4,,6.6,right_foot,
SYN-00002-00980,980,2905.8,2783.9,2,47,pass,away,A11,4.7,11,31.3,23.1,complete,A08,0,128,71.6,,29.2,right_foot,
SYN-00002-00981,981,2909.6,2787.6,2,47,pass,away,A08,31.3,23.1,14.6,9.9,incomplete,A11,0,128,50.1,,20.3,left_foot,
SYN-00002-00982,982,2913.5,2791.5,2,47,possession_change,home,H02,14.6,9.9,,,recovery,,0,129,,,,,
SYN-00002-00983,983,2913.5,2791.5,2,47,pass,home,H02,14.6,9.9,2.6,17.1,complete,H03,0,129,44.8,,14,right_foot,
SYN-00002-00984,984,2916.4,2794.5,2,47,pressure,away,A10,2.6,17.1,,,,,0,129,,,,,
SYN-00002-00985,985,2916.4,2794.5,2,47,carry,home,H03,2.6,17.1,8.6,8.5,complete,,1,129,,14.7,10.5,,
SYN-00002-00986,986,2919,2797,2,47,carry,home,H03,8.6,8.5,13.9,11.2,dispossessed,,0,129,,22.1,6,,
SYN-00002-00987,987,2919.9,2798,2,47,foul,away,A10,13.9,11.2,,,free_kick,,0,129,,,,,
SYN-00002-00988,988,2940.6,2818.6,2,47,pressure,away,A10,13.9,11.2,,,,,0,130,,,,,
SYN-00002-00989,989,2940.6,2818.6,2,47,pass,home,H03,13.9,11.2,28.1,23.8,complete,H06,1,130,47.3,,19,right_foot,
SYN-00002-00990,990,2944.3,2822.4,2,48,pass,home,H06,28.1,23.8,45.7,40.9,complete,H08,0,130,62,,24.5,right_foot,
SYN-00002-00991,991,2947.6,2825.7,2,48,pressure,away,A10,45.7,40.9,,,,,0,130,,,,,
SYN-00002-00992,992,2947.6,2825.7,2,48,pass,home,H08,45.7,40.9,19.3,46.6,complete,H04,1,130,69.9,,27,right_foot,
SYN-00002-00993,993,2951.6,2829.7,2,48,carry,home,H04,19.3,46.6,32.2,50.8,complete,,0,130,,25.3,13.5,,
SYN-00002-00994,994,2953.6,2831.6,2,48,pass,home,H04,32.2,50.8,16.9,32.4,complete,H03,0,130,50.1,,23.9,left_foot,
SYN-00002-00995,995,2956.8,2834.8,2,48,pass,home,H03,16.9,32.4,3.3,31.4,complete,H01,0,130,52.2,,13.6,right_foot,
SYN-00002-00996,996,2958.9,2837,2,48,pass,home,H01,3.3,31.4,11.8,7.3,complete,H02,0,130,69.2,,25.6,right_foot,
SYN-00002-00997,997,2962.2,2840.3,2,48,pressure,away,A10,11.8,7.3,,,,,0,130,,,,,
SYN-00002-00998,998,2962.2,2840.3,2,48,pass,home,H02,11.8,7.3,10.3,20,complete,H03,1,130,46,,12.7,right_foot,
SYN-00002-00999,999,2964.7,2842.8,2,48,pressure,away,A10,10.3,20,,,,,0,130,,,,,
SYN-00002-01000,1000,2964.7,2842.8,2,48,pass,home,H03,10.3,20,39.3,22.4,incomplete,H07,1,130,58.7,,24.5,right_foot,
SYN-00002-01001,1001,2968.5,2846.6,2,48,possession_change,away,A10,39.3,22.4,,,recovery,,0,131,,,,,
SYN-00002-01002,1002,2968.5,2846.6,2,48,pass,away,A10,39.3,22.4,48.9,26.2,complete,A06,0,131,43.9,,10.3,left_foot,
SYN-00002-01003,1003,2971,2849,2,48,pass,away,A06,48.9,26.2,69.5,6.4,complete,A05,0,131,68.5,,28.6,right_foot,
SYN-00002-01004,1004,2974.4,2852.4,2,48,carry,away,A05,69.5,6.4,54.7,8.2,complete,,0,131,,23.6,14.9,,
SYN-00002-01005,1005,2976.6,2854.7,2,48,pass,away,A05,54.7,8.2,63,22.1,complete,A06,0,131,58.9,,16.2,right_foot,
SYN-00002-01006,1006,2979.1,2857.1,2,48,sprint,home,H08,39.1,41.2,,,,,0,131,,31.1,15.6,,
SYN-00002-01007,1007,2979.1,2857.1,2,48,pressure,home,H10,63,22.1,,,,,0,131,,,,,
SYN-00002-01008,1008,2979.1,2857.1,2,48,pass,away,A06,63,22.1,58.1,44.9,complete,A07,1,131,53.9,,23.4,right_foot,
SYN-00002-01009,1009,2983.2,2861.3,2,48,pass,away,A07,58.1,44.9,76.1,56.6,complete,A02,0,131,54.6,,21.5,left_foot,
SYN-00002-01010,1010,2985.9,2864,2,48,pass,away,A02,76.1,56.6,63.2,44.2,complete,A07,0,131,47.8,,17.9,head,
SYN-00002-01011,1011,2988.7,2866.8,2,48,carry,away,A07,63.2,44.2,61.7,32.5,complete,,0,131,,25.6,11.8,,
SYN-00002-01012,1012,2990.4,2868.4,2,48,pass,away,A07,61.7,32.5,52.3,25.4,complete,A08,0,131,36.6,,11.7,right_foot,
SYN-00002-01013,1013,2992.8,2870.9,2,48,pass,away,A08,52.3,25.4,48.9,44.5,complete,A07,0,131,59.6,,19.4,right_foot,
SYN-00002-01014,1014,2996.5,2874.6,2,48,pass,away,A07,48.9,44.5,57.4,39.3,complete,A06,0,131,44.1,,10,right_foot,
SYN-00002-01015,1015,2998.9,2877,2,48,pass,away,A06,57.4,39.3,50.3,20.5,complete,A08,0,131,59.5,,20,left_foot,
SYN-00002-01016,1016,3002.8,2880.9,2,49,pass,away,A08,50.3,20.5,21.1,28.2,complete,A10,0,131,63,,30.2,right_foot,
SYN-00002-01017,1017,3007.2,2885.3,2,49,pass,away,A10,21.1,28.2,47.4,30,incomplete,A06,0,131,63.8,,26.6,right_foot,
SYN-00002-01018,1018,3011,2889.1,2,49,possession_change,home,H10,47.4,30,,,recovery,,0,132,,,,,
SYN-00002-01019,1019,3011,2889.1,2,49,pass,home,H10,47.4,30,26,39.3,complete,H04,0,132,58.7,,23.3,right_foot,
SYN-00002-01020,1020,3014.1,2892.2,2,49,carry,home,H04,26,39.3,33.2,39.1,complete,,0,132,,17.6,7.2,,
SYN-00002-01021,1021,3015.6,2893.7,2,49,pass,home,H04,33.2,39.1,21.1,57.4,complete,H05,0,132,60.6,,21.9,right_foot,
SYN-00002-01022,1022,3019.7,2897.8,2,49,pressure,away,A10,21.1,57.4,,,,,0,132,,,,,
SYN-00002-01023,1023,3019.7,2897.8,2,49,pass,home,H05,21.1,57.4,12.4,53.6,complete,H04,1,132,45.4,,9.5,right_foot,
SYN-00002-01024,1024,3022.3,2900.4,2,49,carry,home,H04,12.4,53.6,23.2,48.5,complete,,0,132,,16.3,12,,
SYN-00002-01025,1025,3025,2903,2,49,pass,home,H04,23.2,48.5,44.1,44.2,complete,H08,0,132,53.3,,21.4,head,
SYN-00002-01026,1026,3028.4,2906.5,2,49,sprint,home,H07,51.6,24.6,,,,,0,132,,29.3,25.1,,
SYN-00002-01027,1027,3028.4,2906.5,2,49,pass,home,H08,44.1,44.2,50.1,26.5,incomplete,H07,0,132,48.7,,23.5,right_foot,
SYN-00002-01028,1028,3032.2,2910.3,2,49,possession_change,away,A11,50.1,26.5,,,recovery,,0,133,,,,,
SYN-00002-01029,1029,3032.2,2910.3,2,49,pass,away,A11,50.1,26.5,59.8,36.7,complete,A06,0,133,49.8,,14.1,left_foot,
SYN-00002-01030,1030,3034.4,2912.5,2,49,pass,away,A06,59.8,36.7,87.4,13.4,incomplete,A04,0,133,66.5,,28,right_foot,
SYN-00002-01031,1031,3037.5,2915.6,2,49,possession_change,home,H09,87.4,13.4,,,recovery,,0,134,,,,,
SYN-00002-01032,1032,3037.5,2915.6,2,49,pass,home,H09,87.4,13.4,97.1,0,out,H10,0,134,62.9,,21.2,right_foot,
SYN-00002-01033,1033,3038.7,2916.8,2,49,possession_change,away,A05,97.1,1,,,out_of_play,,0,135,,,,,
SYN-00002-01034,1034,3057.4,2935.5,2,49,pass,away,A05,97.1,1,98.2,17,complete,A04,0,135,45.9,,16.1,right_foot,
SYN-00002-01035,1035,3061.3,2939.4,2,49,pressure,home,H10,98.2,17,,,,,0,135,,,,,
SYN-00002-01036,1036,3061.3,2939.4,2,49,carry,away,A04,98.2,17,88.4,15.3,complete,,1,135,,24.4,10,,
SYN-00002-01037,1037,3062.8,2940.9,2,50,pass,away,A04,88.4,15.3,69.4,16.5,intercepted,A08,0,135,59,,20.6,head,
SYN-00002-01038,1038,3063.9,2942,2,50,interception,home,H10,69.4,16.5,,,won,,0,135,,,,,
SYN-00002-01039,1039,3063.9,2942,2,50,possession_change,home,H10,69.4,16.5,,,interception,,0,136,,,,,
SYN-00002-01040,1040,3064.6,2942.7,2,50,carry,home,H10,69.4,16.5,73.7,13.8,dispossessed,,0,136,,17.4,5.1,,
SYN-00002-01041,1041,3065.6,2943.7,2,50,foul,away,A08,73.7,13.8,,,free_kick,,0,136,,,,,
SYN-00002-01042,1042,3091.7,2969.8,2,50,carry,home,H10,73.7,13.8,83.5,11.4,complete,,0,137,,25.2,10.1,,
SYN-00002-01043,1043,3093.2,2971.2,2,50,pass,home,H10,83.5,11.4,91.7,2.4,complete,H09,0,137,44.1,,12.1,right_foot,
SYN-00002-01044,1044,3096.7,2974.8,2,50,pressure,away,A05,91.7,2.4,,,,,0,137,,,,,
SYN-00002-01045,1045,3096.7,2974.8,2,50,pass,home,H09,91.7,2.4,104,26.5,incomplete,H10,1,137,63.8,,27.8,left_foot,
SYN-00002-01046,1046,3100.2,2978.2,2,50,possession_change,away,A03,104,26.5,,,recovery,,0,138,,,,,
SYN-00002-01047,1047,3100.2,2978.2,2,50,pass,away,A03,104,26.5,82.6,29,complete,A06,0,138,50.2,,21.5,right_foot,
SYN-00002-01048,1048,3104.5,2982.6,2,50,pass,away,A06,82.6,29,84.9,6.9,complete,A05,0,138,60.7,,22.2,left_foot,
SYN-00002-01049,1049,3108,2986.1,2,50,pass,away,A05,84.9,6.9,73.7,10.8,intercepted,A08,0,138,60.2,,23.1,right_foot,
SYN-00002-01050,1050,3108.7,2986.8,2,50,interception,home,H10,73.7,10.8,,,won,,0,138,,,,,
SYN-00002-01051,1051,3108.7,2986.8,2,50,possession_change,home,H10,73.7,10.8,,,interception,,0,139,,,,,
SYN-00002-01052,1052,3109.9,2988,2,50,pass,home,H10,73.7,10.8,88,2.9,complete,H09,0,139,48.4,,16.3,right_foot,
SYN-00002-01053,1053,3113.1,2991.2,2,50,shot,home,H09,88,2.9,105,35.9,saved,,0,139,98.9,,35.5,foot,0.007
SYN-00002-01054,1054,3114.9,2993,2,50,possession_change,away,A01,99,34,,,goalkeeper_save,,0,140,,,,,
SYN-00002-01055,1055,3121.8,2999.9,2,50,pass,away,A01,99,34,81.3,33.5,complete,A06,0,140,55.6,,17.7,left_foot,
SYN-00002-01056,1056,3124.2,3002.3,2,51,pass,away,A06,81.3,33.5,83.1,58.5,complete,A02,0,140,67.2,,25,right_foot,
SYN-00002-01057,1057,3126.7,3004.7,2,51,pressure,home,H10,83.1,58.5,,,,,0,140,,,,,
SYN-00002-01058,1058,3126.7,3004.7,2,51,pass,away,A02,83.1,58.5,94.6,0,out,A05,1,140,85.1,,44.3,right_foot,
SYN-00002-01059,1059,3128.5,3006.6,2,51,possession_change,home,H09,94.6,1,,,out_of_play,,0,141,,,,,
SYN-00002-01060,1060,3143.4,3021.5,2,51,carry,home,H09,94.6,1,101.6,1,complete,,0,141,,15.8,7.2,,
SYN-00002-01061,1061,3145.1,3023.2,2,51,pass,home,H09,101.6,1,57.3,0,out,H06,0,141,83.1,,47.2,left_foot,
SYN-00002-01062,1062,3147.1,3025.2,2,51,possession_change,away,A11,57.3,1,,,out_of_play,,0,142,,,,,
SYN-00002-01063,1063,3162.7,3040.7,2,51,pass,away,A11,57.3,1,81,12.1,complete,A04,0,142,48.7,,26.2,right_foot,
SYN-00002-01064,1064,3166.7,3044.8,2,51,pass,away,A04,81,12.1,74.7,25.1,complete,A06,0,142,39,,14.5,right_foot,
SYN-00002-01065,1065,3170.1,3048.1,2,51,pass,away,A06,74.7,25.1,60.5,18.4,complete,A08,0,142,64.5,,15.6,right_foot,
SYN-00002-01066,1066,3172.7,3050.8,2,51,carry,away,A08,60.5,18.4,57.5,14.8,complete,,0,142,,21.9,4.8,,
SYN-00002-01067,1067,3173.5,3051.6,2,51,pressure,home,H10,57.5,14.8,,,,,0,142,,,,,
SYN-00002-01068,1068,3173.5,3051.6,2,51,carry,away,A08,57.5,14.8,55.7,11,dispossessed,,1,142,,16.7,4.2,,
SYN-00002-01069,1069,3174.4,3052.5,2,51,foul,home,H09,55.7,11,,,free_kick,,0,142,,,,,
SYN-00002-01070,1070,3202.9,3081,2,52,pass,away,A08,55.7,11,77,1,incomplete,A05,0,143,50,,23.1,right_foot,
SYN-00002-01071,1071,3206.2,3084.3,2,52,possession_change,home,H09,77,1,,,recovery,,0,144,,,,,
SYN-00002-01072,1072,3206.2,3084.3,2,52,pass,home,H09,77,1,68.2,14,complete,H07,0,144,48.5,,15.7,left_foot,
SYN-00002-01073,1073,3209.1,3087.2,2,52,shot,home,H07,68.2,14,105,40.5,off_target,,0,144,125,,41.9,foot,0.003
SYN-00002-01074,1074,3210.8,3088.9,2,52,possession_change,away,A01,99,34,,,goal_kick,,0,145,,,,,
SYN-00002-01075,1075,3226.8,3104.8,2,52,pressure,home,H10,99,34,,,,,0,145,,,,,
SYN-00002-01076,1076,3226.8,3104.8,2,52,pass,away,A01,99,34,91.6,53.3,complete,A02,1,145,47.9,,20.7,right_foot,
SYN-00002-01077,1077,3230.4,3108.5,2,52,pass,away,A02,91.6,53.3,72.2,52,intercepted,A07,0,145,56.7,,23.1,right_foot,
SYN-00002-01078,1078,3231.6,3109.7,2,52,interception,home,H10,72.2,52,,,won,,0,145,,,,,
SYN-00002-01079,1079,3231.6,3109.7,2,52,possession_change,home,H10,72.2,52,,,interception,,0,146,,,,,
SYN-00002-01080,1080,3233,3111,2,52,pass,home,H10,72.2,52,65.1,27.9,complete,H07,0,146,54.2,,25.1,right_foot,
SYN-00002-01081,1081,3236.7,3114.8,2,52,pass,home,H07,65.1,27.9,95.4,31,complete,H10,0,146,75.7,,30.5,left_foot,
SYN-00002-01082,1082,3239.3,3117.4,2,52,pass,home,H10,95.4,31,101.7,62.6,complete,H11,0,146,67.2,,32.2,right_foot,
SYN-00002-01083,1083,3242.2,3120.3,2,53,pressure,away,A02,101.7,62.6,,,,,0,146,,,,,
SYN-00002-01084,1084,3242.2,3120.3,2,53,carry,home,H11,101.7,62.6,102.7,64.8,dispossessed,,1,146,,23.6,3.7,,
SYN-00002-01085,1085,3242.8,3120.9,2,53,foul,away,A02,102.7,64.8,,,free_kick,,0,146,,,,,
SYN-00002-01086,1086,3267.4,3145.5,2,53,carry,home,H11,102.7,64.8,104,57.6,complete,,0,147,,14.5,13.6,,
SYN-00002-01087,1087,3270.8,3148.9,2,53,pass,home,H11,104,57.6,100.7,40.8,complete,H10,0,147,53.2,,17.1,left_foot,
SYN-00002-01088,1088,3273.1,3151.2,2,53,pass,home,H10,100.7,40.8,77.2,51.1,complete,H08,0,147,71,,25.7,right_foot,
SYN-00002-01089,1089,3275.5,3153.5,2,53,carry,home,H08,77.2,51.1,80.4,51.8,dispossessed,,0,147,,24.9,3.3,,
SYN-00002-01090,1090,3275.9,3154,2,53,tackle,away,A07,80.4,51.8,,,won,,0,147,,,,,
SYN-00002-01091,1091,3275.9,3154,2,53,possession_change,away,A07,80.4,51.8,,,tackle,,0,148,,,,,
SYN-00002-01092,1092,3276.7,3154.8,2,53,pass,away,A07,80.4,51.8,85.7,64.8,complete,A02,0,148,42.7,,14,right_foot,
SYN-00002-01093,1093,3279.8,3157.9,2,53,pass,away,A02,85.7,64.8,64.8,68,out,A07,0,148,54.7,,22.8,right_foot,
SYN-00002-01094,1094,3281.3,3159.4,2,53,possession_change,home,H11,64.8,67,,,out_of_play,,0,149,,,,,
SYN-00002-01095,1095,3298.3,3176.4,2,53,pass,home,H11,64.8,67,53.7,52.3,complete,H08,0,149,48.7,,18.4,right_foot,
SYN-00002-01096,1096,3301.6,3179.7,2,53,pressure,away,A10,53.7,52.3,,,,,0,149,,,,,
SYN-00002-01097,1097,3301.6,3179.7,2,53,pass,home,H08,53.7,52.3,43.9,37.2,complete,H06,1,149,50.5,,18,left_foot,
SYN-00002-01098,1098,3305.4,3183.5,2,54,pass,home,H06,43.9,37.2,49.6,21.5,complete,H07,0,149,62.8,,16.7,left_foot,
SYN-00002-01099,1099,3309.2,3187.3,2,54,pass,home,H07,49.6,21.5,74.7,6.1,complete,H09,0,149,63.6,,29.5,right_foot,
SYN-00002-01100,1100,3313.6,3191.7,2,54,pressure,away,A08,74.7,6.1,,,,,0,149,,,,,
SYN-00002-01101,1101,3313.6,3191.7,2,54,pass,home,H09,74.7,6.1,55.1,28.5,complete,H06,1,149,58.1,,29.8,left_foot,
SYN-00002-01102,1102,3316.8,3194.9,2,54,carry,home,H06,55.1,28.5,64.7,31.2,complete,,0,149,,21.1,9.9,,
SYN-00002-01103,1103,3318.5,3196.6,2,54,pass,home,H06,64.7,31.2,43,57.2,complete,H05,0,149,73,,33.9,right_foot,
SYN-00002-01104,1104,3322.6,3200.7,2,54,pass,home,H05,43,57.2,56.2,28.3,complete,H07,0,149,67.7,,31.8,left_foot,
SYN-00002-01105,1105,3326.5,3204.6,2,54,pass,home,H07,56.2,28.3,60.6,39.2,complete,H08,0,149,45.8,,11.7,right_foot,
SYN-00002-01106,1106,3329.3,3207.4,2,54,pass,home,H08,60.6,39.2,56.8,23.1,complete,H07,0,149,53.8,,16.5,head,
SYN-00002-01107,1107,3332.4,3210.5,2,54,pass,home,H07,56.8,23.1,59.7,45.6,complete,H08,0,149,59.7,,22.7,left_foot,
SYN-00002-01108,1108,3335.5,3213.6,2,54,pass,home,H08,59.7,45.6,59.9,24.1,complete,H07,0,149,58.4,,21.5,left_foot,
SYN-00002-01109,1109,3339.8,3217.9,2,54,pass,home,H07,59.9,24.1,33.1,6.8,complete,H02,0,149,65.2,,31.9,right_foot,
SYN-00002-01110,1110,3342.7,3220.8,2,54,pressure,away,A11,33.1,6.8,,,,,0,149,,,,,
SYN-00002-01111,1111,3342.7,3220.8,2,54,pass,home,H02,33.1,6.8,37.2,68,out,H08,1,149,77,,36.2,left_foot,
SYN-00002-01112,1112,3344.4,3222.4,2,54,possession_change,away,A09,37.2,67,,,out_of_play,,0,150,,,,,
SYN-00002-01113,1113,3363.5,3241.5,2,55,pass,away,A09,37.2,67,45.7,59.2,complete,A07,0,150,44.4,,11.5,left_foot,
SYN-00002-01114,1114,3366.4,3244.5,2,55,pass,away,A07,45.7,59.2,55.9,40.2,complete,A06,0,150,46.4,,21.6,right_foot,
SYN-00002-01115,1115,3370.1,3248.1,2,55,pass,away,A06,55.9,40.2,53.9,18.2,complete,A08,0,150,58.5,,22.1,right_foot,
SYN-00002-01116,1116,3373.5,3251.5,2,55,carry,away,A08,53.9,18.2,38.6,15.7,complete,,0,150,,14.5,15.5,,
SYN-00002-01117,1117,3377.3,3255.4,2,55,pass,away,A08,38.6,15.7,28.1,9.6,complete,A11,0,150,36.7,,12.2,right_foot,
SYN-00002-01118,1118,3379.5,3257.6,2,55,pass,away,A11,28.1,9.6,40.4,20,complete,A08,0,150,44.9,,16.1,right_foot,
SYN-00002-01119,1119,3382.8,3260.9,2,55,carry,away,A08,40.4,20,28.4,27.6,complete,,0,150,,24.8,14.2,,
SYN-00002-01120,1120,3384.9,3263,2,55,pass,away,A08,28.4,27.6,19.7,8.7,complete,A11,0,150,51.7,,20.8,right_foot,
SYN-00002-01121,1121,3389.1,3267.2,2,55,pass,away,A11,19.7,8.7,36.9,17,complete,A08,0,150,51.6,,19,right_foot,
SYN-00002-01122,1122,3392.2,3270.3,2,55,pass,away,A08,36.9,17,21,9.3,complete,A11,0,150,52.9,,17.6,left_foot,
SYN-00002-01123,1123,3395.9,3274,2,55,pressure,home,H07,21,9.3,,,,,0,150,,,,,
SYN-00002-01124,1124,3395.9,3274,2,55,carry,away,A11,21,9.3,12.4,1,complete,,1,150,,14.8,12.8,,
SYN-00002-01125,1125,3399,3277.1,2,55,pass,away,A11,12.4,1,1.6,30.6,incomplete,A10,0,150,63.1,,33.1,right_foot,
SYN-00002-01126,1126,3402.1,3280.2,2,55,possession_change,home,H04,1.6,30.6,,,recovery,,0,151,,,,,
SYN-00002-01127,1127,3402.1,3280.2,2,55,pass,home,H04,1.6,30.6,1,41.4,complete,H01,0,151,44.6,,10.8,right_foot,
SYN-00002-01128,1128,3404.6,3282.6,2,55,pass,home,H01,1,41.4,29.9,51.7,complete,H08,0,151,75.4,,30.7,right_foot,
SYN-00002-01129,1129,3408.3,3286.4,2,55,pressure,away,A10,29.9,51.7,,,,,0,151,,,,,
SYN-00002-01130,1130,3408.3,3286.4,2,55,pass,home,H08,29.9,51.7,22.2,60,complete,H05,1,151,41.9,,11.3,right_foot,
SYN-00002-01131,1131,3410.5,3288.6,2,55,pass,home,H05,22.2,60,13.8,56.7,incomplete,H04,0,151,43.7,,12.1,right_foot,
SYN-00002-01132,1132,3412.9,3290.9,2,55,possession_change,away,A10,13.8,56.7,,,recovery,,0,152,,,,,
SYN-00002-01133,1133,3412.9,3290.9,2,55,carry,away,A10,13.8,56.7,1,61.6,complete,,0,152,,21.3,15.4,,
SYN-00002-01134,1134,3415.5,3293.6,2,55,sprint,home,H08,20.5,57,,,,,0,152,,26.1,44.3,,
SYN-00002-01135,1135,3415.5,3293.6,2,55,pass,away,A10,1,61.6,24.8,34.7,complete,A08,0,152,80.5,,35.9,right_foot,
SYN-00002-01136,1136,3419.2,3297.2,2,55,pass,away,A08,24.8,34.7,7,54.6,incomplete,A09,0,152,67.9,,27.9,head,
SYN-00002-01137,1137,3422.8,3300.8,2,56,possession_change,home,H05,7,54.6,,,recovery,,0,153,,,,,
SYN-00002-01138,1138,3422.8,3300.8,2,56,pass,home,H05,7,54.6,1,37.6,complete,H01,0,153,45.2,,18,right_foot,
SYN-00002-01139,1139,3427,3305.1,2,56,pressure,away,A10,1,37.6,,,,,0,153,,,,,
SYN-00002-01140,1140,3427,3305.1,2,56,pass,home,H01,1,37.6,10.6,52.5,complete,H05,1,153,52.9,,17.7,right_foot,
SYN-00002-01141,1141,3431.1,3309.2,2,56,pass,home,H05,10.6,52.5,27.2,68,out,H08,0,153,63.4,,20.9,left_foot,
SYN-00002-01142,1142,3432.3,3310.4,2,56,possession_change,away,A09,27.2,67,,,out_of_play,,0,154,,,,,
SYN-00002-01143,1143,3446.5,3324.6,2,56,pass,away,A09,27.2,67,33.9,52.9,complete,A07,0,154,46.9,,15.6,head,
SYN-00002-01144,1144,3449.6,3327.7,2,56,pass,away,A07,33.9,52.9,51.8,36.6,complete,A06,0,154,57.2,,24.2,right_foot,
SYN-00002-01145,1145,3453,3331,2,56,carry,away,A06,51.8,36.6,43,31.1,complete,,0,154,,21.5,10.3,,
SYN-00002-01146,1146,3454.7,3332.8,2,56,pass,away,A06,43,31.1,16.8,60.6,complete,A09,0,154,79.6,,39.4,right_foot,
SYN-00002-01147,1147,3459.2,3337.2,2,56,pass,away,A09,16.8,60.6,9.4,47.6,intercepted,A10,0,154,55.8,,21.5,right_foot,
SYN-00002-01148,1148,3460.1,3338.2,2,56,interception,home,H01,9.4,47.6,,,won,,0,154,,,,,
SYN-00002-01149,1149,3460.1,3338.2,2,56,possession_change,home,H01,9.4,47.6,,,interception,,0,155,,,,,
SYN-00002-01150,1150,3460.8,3338.9,2,56,pressure,away,A10,9.4,47.6,,,,,0,155,,,,,
SYN-00002-01151,1151,3460.8,3338.9,2,56,carry,home,H01,9.4,47.6,23,43.5,complete,,1,155,,15,14.2,,
SYN-00002-01152,1152,3464.3,3342.3,2,56,pass,home,H01,23,43.5,14.3,16,complete,H02,0,155,68.4,,28.9,right_foot,
SYN-00002-01153,1153,3467.4,3345.4,2,56,sprint,away,A03,77.4,35.8,,,,,0,155,,32.4,29,,
SYN-00002-01154,1154,3467.4,3345.4,2,56,pass,home,H02,14.3,16,41.3,41.4,complete,H08,0,155,71.6,,37.1,left_foot,
SYN-00002-01155,1155,3470.7,3348.8,2,56,pressure,away,A10,41.3,41.4,,,,,0,155,,,,,
SYN-00002-01156,1156,3470.7,3348.8,2,56,pass,home,H08,41.3,41.4,71.3,57.2,complete,H11,1,155,70.8,,33.9,right_foot,
SYN-00002-01157,1157,3473.8,3351.9,2,56,pass,home,H11,71.3,57.2,36.6,65.3,complete,H05,0,155,81.7,,35.6,right_foot,
SYN-00002-01158,1158,3476.7,3354.7,2,56,pass,home,H05,36.6,65.3,52,53.1,complete,H08,0,155,46.8,,19.6,right_foot,
SYN-00002-01159,1159,3479.7,3357.8,2,56,pass,home,H08,52,53.1,57.6,25.9,complete,H07,0,155,66.5,,27.8,right_foot,
SYN-00002-01160,1160,3483,3361.1,2,57,carry,home,H07,57.6,25.9,61.8,25.1,complete,,0,155,,26,4.2,,
SYN-00002-01161,1161,3483.6,3361.6,2,57,pass,home,H07,61.8,25.1,63.6,41.5,complete,H08,0,155,45.3,,16.5,right_foot,
SYN-00002-01162,1162,3487.8,3365.9,2,57,pass,home,H08,63.6,41.5,91.5,68,out,H11,0,155,62.8,,23,right_foot,
SYN-00002-01163,1163,3489.1,3367.2,2,57,possession_change,away,A02,91.5,67,,,out_of_play,,0,156,,,,,
SYN-00002-01164,1164,3497.7,3375.8,2,57,pass,away,A02,91.5,67,95.9,43.8,complete,A01,0,156,53.3,,23.6,left_foot,
SYN-00002-01165,1165,3500.7,3378.8,2,57,pass,away,A01,95.9,43.8,89.7,12.8,complete,A05,0,156,65,,31.7,right_foot,
SYN-00002-01166,1166,3504.8,3382.9,2,57,sprint,home,H09,62,2,,,,,0,156,,29.2,49.3,,
SYN-00002-01167,1167,3504.8,3382.9,2,57,pass,away,A05,89.7,12.8,83.3,27.7,complete,A06,0,156,51.1,,16.2,right_foot,
SYN-00002-01168,1168,3507.5,3385.6,2,57,pass,away,A06,83.3,27.7,63.6,39.1,complete,A07,0,156,67.7,,22.7,left_foot,
SYN-00002-01169,1169,3511.6,3389.7,2,57,pass,away,A07,63.6,39.1,56,21.3,complete,A08,0,156,48.1,,19.4,right_foot,
SYN-00002-01170,1170,3515,3393.1,2,57,carry,away,A08,56,21.3,46.5,22.7,complete,,0,156,,24.6,9.6,,
SYN-00002-01171,1171,3516.4,3394.5,2,57,pass,away,A08,46.5,22.7,21.2,12.7,complete,A11,0,156,57.9,,27.2,right_foot,
SYN-00002-01172,1172,3520.2,3398.3,2,57,pass,away,A11,21.2,12.7,1,16.2,incomplete,A10,0,156,51.5,,22.2,left_foot,
SYN-00002-01173,1173,3523.1,3401.2,2,57,possession_change,home,H03,1,16.2,,,recovery,,0,157,,,,,
SYN-00002-01174,1174,3523.1,3401.2,2,57,pressure,away,A10,1,16.2,,,,,0,157,,,,,
SYN-00002-01175,1175,3523.1,3401.2,2,57,pass,home,H03,1,16.2,2,29.2,complete,H01,1,157,45,,13,right_foot,
SYN-00002-01176,1176,3525.7,3403.8,2,57,pass,home,H01,2,29.2,24.6,35.5,complete,H06,0,157,54.1,,23.5,right_foot,
SYN-00002-01177,1177,3528.3,3406.4,2,57,pass,home,H06,24.6,35.5,43.4,24.1,complete,H07,0,157,51.4,,21.9,right_foot,
SYN-00002-01178,1178,3531.6,3409.6,2,57,pressure,away,A10,43.4,24.1,,,,,0,157,,,,,
SYN-00002-01179,1179,3531.6,3409.6,2,57,pass,home,H07,43.4,24.1,41.4,28.2,complete,H06,1,157,37.3,,4.5,left_foot,
SYN-00002-01180,1180,3534.3,3412.4,2,57,pass,home,H06,41.4,28.2,24.6,8.9,complete,H02,0,157,65.6,,25.5,left_foot,
SYN-00002-01181,1181,3537.1,3415.1,2,57,pass,home,H02,24.6,8.9,43.2,42.6,complete,H08,0,157,73,,38.5,right_foot,
SYN-00002-01182,1182,3541.3,3419.3,2,57,pass,home,H08,43.2,42.6,37.8,34.8,complete,H06,0,157,45.7,,9.5,left_foot,
SYN-00002-01183,1183,3543.1,3421.2,2,58,carry,home,H06,37.8,34.8,50.9,33.4,complete,,0,157,,22.8,13.2,,
SYN-00002-01184,1184,3545.2,3423.3,2,58,pass,home,H06,50.9,33.4,54.3,45.5,complete,H08,0,157,49.6,,12.5,right_foot,
SYN-00002-01185,1185,3548,3426.1,2,58,pass,home,H08,54.3,45.5,45.4,35.9,complete,H06,0,157,47.5,,13.1,right_foot,
SYN-00002-01186,1186,3552,3430,2,58,pass,home,H06,45.4,35.9,62,23.4,complete,H07,0,157,59,,20.8,right_foot,
SYN-00002-01187,1187,3555.9,3434,2,58,carry,home,H07,62,23.4,65.2,27.4,complete,,0,157,,21.5,5.1,,
SYN-00002-01188,1188,3556.8,3434.8,2,58,pass,home,H07,65.2,27.4,47.9,34,complete,H06,0,157,56.1,,18.6,right_foot,
SYN-00002-01189,1189,3560.4,3438.4,2,58,pass,home,H06,47.9,34,54.7,21.1,complete,H07,0,157,46.6,,14.6,right_foot,
SYN-00002-01190,1190,3563.3,3441.4,2,58,pass,home,H07,54.7,21.1,45.8,32.4,complete,H06,0,157,52.7,,14.4,right_foot,
SYN-00002-01191,1191,3566.7,3444.8,2,58,carry,home,H06,45.8,32.4,58,41.5,complete,,0,157,,21.6,15.2,,
SYN-00002-01192,1192,3569.3,3447.3,2,58,pass,home,H06,58,41.5,55.1,44.2,complete,H08,0,157,33.5,,3.9,right_foot,
SYN-00002-01193,1193,3571.9,3450,2,58,pressure,away,A10,55.1,44.2,,,,,0,157,,,,,
SYN-00002-01194,1194,3571.9,3450,2,58,carry,home,H08,55.1,44.2,63,44.9,complete,,1,157,,24.1,7.9,,
SYN-00002-01195,1195,3573.1,3451.2,2,58,pass,home,H08,63,44.9,51,36.6,complete,H06,0,157,50.5,,14.6,right_foot,
SYN-00002-01196,1196,3575.3,3453.4,2,58,pass,home,H06,51,36.6,38.1,59.8,complete,H05,0,157,57.6,,26.6,left_foot,
SYN-00002-01197,1197,3579.8,3457.9,2,58,pressure,away,A09,38.1,59.8,,,,,0,157,,,,,
SYN-00002-01198,1198,3579.8,3457.9,2,58,pass,home,H05,38.1,59.8,38.9,36.4,complete,H06,1,157,59,,23.4,right_foot,
SYN-00002-01199,1199,3583.8,3461.9,2,58,pass,home,H06,38.9,36.4,77.4,63.3,complete,H11,0,157,89.4,,47,right_foot,
SYN-00002-01200,1200,3587.9,3465.9,2,58,pass,home,H11,77.4,63.3,66.2,50.8,complete,H08,0,157,54,,16.8,right_foot,
SYN-00002-01201,1201,3591.2,3469.3,2,58,pressure,away,A07,66.2,50.8,,,,,0,157,,,,,
SYN-00002-01202,1202,3591.2,3469.3,2,58,pass,home,H08,66.2,50.8,82.5,14.8,complete,H09,1,157,81.8,,39.6,right_foot,
SYN-00002-01203,1203,3594.4,3472.4,2,58,pressure,away,A08,82.5,14.8,,,,,0,157,,,,,
SYN-00002-01204,1204,3594.4,3472.4,2,58,pass,home,H09,82.5,14.8,68.4,0,out,H06,1,157,68.6,,25.8,left_foot,
SYN-00002-01205,1205,3595.7,3473.8,2,58,possession_change,away,A11,68.4,1,,,out_of_play,,0,158,,,,,
SYN-00002-01206,1206,3613.8,3491.9,2,59,carry,away,A11,68.4,1,59.1,2,complete,,0,158,,15.5,9.4,,
SYN-00002-01207,1207,3616,3494.1,2,59,carry,away,A11,59.1,2,50.5,1,complete,,0,158,,15.8,8.7,,
SYN-00002-01208,1208,3618,3496.1,2,59,pass,away,A11,50.5,1,70.3,8.2,complete,A05,0,158,54.4,,21.1,right_foot,
SYN-00002-01209,1209,3621.3,3499.3,2,59,pass,away,A05,70.3,8.2,62.8,8,complete,A08,0,158,35.9,,7.5,right_foot,
SYN-00002-01210,1210,3623.6,3501.6,2,59,pass,away,A08,62.8,8,76.8,1,complete,A05,0,158,50.7,,15.7,right_foot,
SYN-00002-01211,1211,3626,3504.1,2,59,pass,away,A05,76.8,1,68.5,22,complete,A06,0,158,51.7,,22.6,left_foot,
SYN-00002-01212,1212,3630,3508.1,2,59,pass,away,A06,68.5,22,60.2,12.7,complete,A08,0,158,40,,12.4,left_foot,
SYN-00002-01213,1213,3633.8,3511.9,2,59,pressure,home,H09,60.2,12.7,,,,,0,158,,,,,
SYN-00002-01214,1214,3633.8,3511.9,2,59,pass,away,A08,60.2,12.7,61.8,26.1,complete,A06,1,158,46.3,,13.5,right_foot,
SYN-00002-01215,1215,3637.9,3515.9,2,59,pass,away,A06,61.8,26.1,31.9,6.3,complete,A11,0,158,74.4,,35.9,right_foot,
SYN-00002-01216,1216,3641.3,3519.4,2,59,carry,away,A11,31.9,6.3,27.5,1,complete,,0,158,,14.2,6.9,,
SYN-00002-01217,1217,3643.1,3521.2,2,59,pass,away,A11,27.5,1,41.7,10.9,complete,A08,0,158,45.9,,17.3,right_foot,
SYN-00002-01218,1218,3647.4,3525.5,2,59,carry,away,A08,41.7,10.9,29,20.1,complete,,0,158,,24.8,15.8,,
SYN-00002-01219,1219,3649.7,3527.7,2,59,pass,away,A08,29,20.1,11.9,35.9,incomplete,A10,0,158,62.6,,23.7,right_foot,
SYN-00002-01220,1220,3652.7,3530.7,2,59,possession_change,home,H04,11.9,35.9,,,recovery,,0,159,,,,,
SYN-00002-01221,1221,3652.7,3530.7,2,59,carry,home,H04,11.9,35.9,15.4,36.8,dispossessed,,0,159,,17.2,3.6,,
SYN-00002-01222,1222,3653.4,3531.5,2,59,foul,away,A10,15.4,36.8,,,free_kick,,0,159,,,,,
SYN-00002-01223,1223,3685.4,3563.4,2,60,pass,home,H04,15.4,36.8,29.6,19.2,incomplete,H07,0,160,65,,26.8,left_foot,
SYN-00002-01224,1224,3688.8,3566.8,2,60,possession_change,away,A11,29.6,19.2,,,recovery,,0,161,,,,,
SYN-00002-01225,1225,3688.8,3566.8,2,60,pass,away,A11,29.6,19.2,62.8,0,out,A06,0,161,59.2,,23.3,left_foot,
SYN-00002-01226,1226,3690.2,3568.3,2,60,possession_change,home,H09,62.8,1,,,out_of_play,,0,162,,,,,
SYN-00002-01227,1227,3709.4,3587.5,2,60,pass,home,H09,62.8,1,58.6,15.6,complete,H07,0,162,49.1,,15.2,right_foot,
SYN-00002-01228,1228,3713,3591.1,2,60,pass,home,H07,58.6,15.6,59.2,40.9,complete,H08,0,162,63.1,,25.3,right_foot,
SYN-00002-01229,1229,3716.7,3594.8,2,60,pass,home,H08,59.2,40.9,53.1,25.5,complete,H07,0,162,50.1,,16.6,left_foot,
SYN-00002-01230,1230,3720.4,3598.4,2,60,pressure,away,A10,53.1,25.5,,,,,0,162,,,,,
SYN-00002-01231,1231,3720.4,3598.4,2,60,pass,home,H07,53.1,25.5,31.3,11.4,complete,H02,1,162,67.2,,26,right_foot,
SYN-00002-01232,1232,3724.2,3602.2,2,61,pass,home,H02,31.3,11.4,34.9,29.6,complete,H06,0,162,57.9,,18.6,left_foot,
SYN-00002-01233,1233,3726.6,3604.6,2,61,pass,home,H06,34.9,29.6,48.7,41.7,complete,H08,0,162,54.3,,18.3,right_foot,
SYN-00002-01234,1234,3729.3,3607.4,2,61,pass,home,H08,48.7,41.7,32.5,59,complete,H05,0,162,60.5,,23.7,right_foot,
SYN-00002-01235,1235,3732.9,3611,2,61,pressure,away,A09,32.5,59,,,,,0,162,,,,,
SYN-00002-01236,1236,3732.9,3611,2,61,carry,home,H05,32.5,59,43.8,56.7,complete,,1,162,,24.3,11.5,,
SYN-00002-01237,1237,3734.6,3612.7,2,61,pass,home,H05,43.8,56.7,13.7,47.7,complete,H04,0,162,72.6,,31.4,left_foot,
SYN-00002-01238,1238,3738.1,3616.2,2,61,pressure,away,A10,13.7,47.7,,,,,0,162,,,,,
SYN-00002-01239,1239,3738.1,3616.2,2,61,carry,home,H04,13.7,47.7,19.3,50.2,complete,,1,162,,24.6,6.1,,
SYN-00002-01240,1240,3739,3617.1,2,61,pass,home,H04,19.3,50.2,8.4,26.6,complete,H03,0,162,60,,25.9,right_foot,
SYN-00002-01241,1241,3743.3,3621.4,2,61,pass,home,H03,8.4,26.6,23.7,29.9,complete,H06,0,162,44,,15.6,right_foot,
SYN-00002-01242,1242,3747.2,3625.3,2,61,pass,home,H06,23.7,29.9,25,58.8,complete,H05,0,162,69.3,,28.9,right_foot,
SYN-00002-01243,1243,3750.7,3628.8,2,61,pass,home,H05,25,58.8,30,47,complete,H06,0,162,39.5,,12.9,right_foot,
SYN-00002-01244,1244,3753.1,3631.2,2,61,carry,home,H06,30,47,39.6,46.1,complete,,0,162,,20.6,9.6,,
SYN-00002-01245,1245,3754.8,3632.9,2,61,pass,home,H06,39.6,46.1,49.1,49.4,complete,H08,0,162,44.1,,10.1,left_foot,
SYN-00002-01246,1246,3756.8,3634.9,2,61,pass,home,H08,49.1,49.4,77.4,61.3,complete,H11,0,162,71.6,,30.7,left_foot,
SYN-00002-01247,1247,3759.6,3637.7,2,61,pass,home,H11,77.4,61.3,68.3,49.4,complete,H08,0,162,51.2,,15,left_foot,
SYN-00002-01248,1248,3761.9,3640,2,61,pass,home,H08,68.3,49.4,88.1,60.5,complete,H11,0,162,50.2,,22.7,right_foot,
SYN-00002-01249,1249,3765.9,3644,2,61,pressure,away,A02,88.1,60.5,,,,,0,162,,,,,
SYN-00002-01250,1250,3765.9,3644,2,61,carry,home,H11,88.1,60.5,95.5,61.7,complete,,1,162,,25.4,7.5,,
SYN-00002-01251,1251,3767,3645.1,2,61,pass,home,H11,95.5,61.7,76.6,51.1,incomplete,H08,0,162,59.6,,21.4,right_foot,
SYN-00002-01252,1252,3769.4,3647.5,2,61,possession_change,away,A07,76.6,51.1,,,recovery,,0,163,,,,,
SYN-00002-01253,1253,3769.4,3647.5,2,61,pass,away,A07,76.6,51.1,85.6,64.7,complete,A02,0,163,47.5,,16.4,right_foot,
SYN-00002-01254,1254,3772.3,3650.3,2,61,carry,away,A02,85.6,64.7,78.5,62.8,complete,,0,163,,16.4,7.4,,
SYN-00002-01255,1255,3773.9,3652,2,61,pass,away,A02,78.5,62.8,103.4,39.3,complete,A01,0,163,74.2,,34.2,left_foot,
SYN-00002-01256,1256,3776.7,3654.8,2,61,pass,away,A01,103.4,39.3,64.8,26.2,complete,A08,0,163,78,,40.8,right_foot,
SYN-00002-01257,1257,3779.8,3657.9,2,61,pass,away,A08,64.8,26.2,78.5,57,complete,A02,0,163,72.3,,33.7,left_foot,
SYN-00002-01258,1258,3783.6,3661.7,2,62,pressure,home,H10,78.5,57,,,,,0,163,,,,,
SYN-00002-01259,1259,3783.6,3661.7,2,62,pass,away,A02,78.5,57,62.3,46.7,incomplete,A06,1,163,47.4,,17.7,right_foot,
SYN-00002-01260,1260,3786.9,3664.9,2,62,possession_change,home,H10,62.3,46.7,,,recovery,,0,164,,,,,
SYN-00002-01261,1261,3786.9,3664.9,2,62,pass,home,H10,62.3,46.7,81.2,62.2,complete,H11,0,164,54.5,,24.4,left_foot,
SYN-00002-01262,1262,3790.2,3668.3,2,62,pass,home,H11,81.2,62.2,102,40.2,complete,H10,0,164,68.3,,30.3,right_foot,
SYN-00002-01263,1263,3793.6,3671.6,2,62,pass,home,H10,102,40.2,104,16.4,incomplete,H09,0,164,60.5,,25,right_foot,
SYN-00002-01264,1264,3796.3,3674.4,2,62,possession_change,away,A05,104,16.4,,,recovery,,0,165,,,,,
SYN-00002-01265,1265,3796.3,3674.4,2,62,pass,away,A05,104,16.4,81.1,31.3,complete,A06,0,165,61,,27.3,right_foot,
SYN-00002-01266,1266,3799.6,3677.7,2,62,pass,away,A06,81.1,31.3,63,18.5,incomplete,A08,0,165,59.9,,23.6,head,
SYN-00002-01267,1267,3802.6,3680.7,2,62,possession_change,home,H09,63,18.5,,,recovery,,0,166,,,,,
SYN-00002-01268,1268,3802.6,3680.7,2,62,pass,home,H09,63,18.5,26.4,19.4,complete,H03,0,166,74.1,,36.6,right_foot,
SYN-00002-01269,1269,3807,3685.1,2,62,pass,home,H03,26.4,19.4,37.8,27.4,complete,H06,0,166,57.7,,13.9,left_foot,
SYN-00002-01270,1270,3810.8,3688.8,2,62,pass,home,H06,37.8,27.4,48.4,39.6,complete,H08,0,166,46.7,,16.2,right_foot,
SYN-00002-01271,1271,3814.3,3692.4,2,62,pass,home,H08,48.4,39.6,51.6,26.1,complete,H07,0,166,39.2,,13.9,right_foot,
SYN-00002-01272,1272,3817.7,3695.8,2,62,pass,home,H07,51.6,26.1,39.5,33.1,complete,H06,0,166,49.4,,14,right_foot,
SYN-00002-01273,1273,3821.7,3699.8,2,62,pass,home,H06,39.5,33.1,35.5,51.6,intercepted,H05,0,166,56.2,,25.2,right_foot,
SYN-00002-01274,1274,3822.9,3701,2,62,interception,away,A09,35.5,51.6,,,won,,0,166,,,,,
SYN-00002-01275,1275,3822.9,3701,2,62,possession_change,away,A09,35.5,51.6,,,interception,,0,167,,,,,
SYN-00002-01276,1276,3823.6,3701.7,2,62,pass,away,A09,35.5,51.6,73.1,58.8,incomplete,A02,0,167,71.8,,31.1,right_foot,
SYN-00002-01277,1277,3826.9,3705,2,62,possession_change,home,H10,73.1,58.8,,,recovery,,0,168,,,,,
SYN-00002-01278,1278,3826.9,3705,2,62,pass,home,H10,73.1,58.8,60.9,46.3,complete,H08,0,168,54.4,,17.4,right_foot,
SYN-00002-01279,1279,3829.6,3707.7,2,62,pass,home,H08,60.9,46.3,46,36.1,complete,H06,0,168,47.2,,18.1,right_foot,
SYN-00002-01280,1280,3832.5,3710.6,2,62,pass,home,H06,46,36.1,53.8,27.7,complete,H07,0,168,48.1,,11.4,right_foot,
SYN-00002-01281,1281,3835.9,3714,2,62,carry,home,H07,53.8,27.7,64.6,27,complete,,0,168,,24.5,10.8,,
SYN-00002-01282,1282,3837.5,3715.6,2,62,sprint,home,H07,60.8,20.3,,,,,0,168,,30,23.6,,
SYN-00002-01283,1283,3837.5,3715.6,2,62,pass,home,H07,64.6,27,65.5,45.5,complete,H08,0,168,53,,18.5,right_foot,
SYN-00002-01284,1284,3841.3,3719.4,2,62,pass,home,H08,65.5,45.5,35.4,58.6,complete,H05,0,168,66.7,,32.9,right_foot,
SYN-00002-01285,1285,3844.9,3723,2,63,pressure,away,A09,35.4,58.6,,,,,0,168,,,,,
SYN-00002-01286,1286,3844.9,3723,2,63,pass,home,H05,35.4,58.6,39.4,38.9,complete,H06,1,168,62.5,,20.1,right_foot,
SYN-00002-01287,1287,3848.8,3726.8,2,63,pass,home,H06,39.4,38.9,52.7,25.9,complete,H07,0,168,51.8,,18.6,left_foot,
SYN-00002-01288,1288,3851.4,3729.4,2,63,pass,home,H07,52.7,25.9,46.8,28.3,complete,H06,0,168,30,,6.4,right_foot,
SYN-00002-01289,1289,3854,3732,2,63,pass,home,H06,46.8,28.3,53.2,43.9,complete,H08,0,168,52.2,,16.9,right_foot,
SYN-00002-01290,1290,3856.4,3734.5,2,63,carry,home,H08,53.2,43.9,58,43.6,complete,,0,168,,17.1,4.8,,
SYN-00002-01291,1291,3857.4,3735.5,2,63,pass,home,H08,58,43.6,80.2,58.6,complete,H11,0,168,63.5,,26.7,left_foot,
SYN-00002-01292,1292,3860.1,3738.1,2,63,pass,home,H11,80.2,58.6,37.4,47.4,complete,H04,0,168,89.9,,44.2,head,
SYN-00002-01293,1293,3863.6,3741.7,2,63,pass,home,H04,37.4,47.4,62.2,54.8,intercepted,H11,0,168,80.5,,43.6,right_foot,
SYN-00002-01294,1294,3864.8,3742.8,2,63,interception,away,A07,62.2,54.8,,,won,,0,168,,,,,
SYN-00002-01295,1295,3864.8,3742.8,2,63,possession_change,away,A07,62.2,54.8,,,interception,,0,169,,,,,
SYN-00002-01296,1296,3865.7,3743.8,2,63,pass,away,A07,62.2,54.8,77.2,62.4,complete,A02,0,169,50.3,,16.8,right_foot,
SYN-00002-01297,1297,3869,3747,2,63,pass,away,A02,77.2,62.4,60.8,51.1,complete,A07,0,169,61.2,,19.9,right_foot,
SYN-00002-01298,1298,3871.5,3749.6,2,63,pass,away,A07,60.8,51.1,65.6,35.4,complete,A06,0,169,57.8,,16.4,right_foot,
SYN-00002-01299,1299,3874.3,3752.4,2,63,sprint,home,H11,54.8,58.6,,,,,0,169,,28.3,37.7,,
SYN-00002-01300,1300,3874.3,3752.4,2,63,pressure,home,H10,65.6,35.4,,,,,0,169,,,,,
SYN-00002-01301,1301,3874.3,3752.4,2,63,pass,away,A06,65.6,35.4,86.9,22.7,complete,A04,1,169,64.2,,24.8,right_foot,
SYN-00002-01302,1302,3877.1,3755.2,2,63,pass,away,A04,86.9,22.7,67.3,22.9,complete,A08,0,169,60.6,,19.6,right_foot,
SYN-00002-01303,1303,3881.2,3759.3,2,63,carry,away,A08,67.3,22.9,55.8,22.2,complete,,0,169,,23.4,11.5,,
SYN-00002-01304,1304,3883,3761.1,2,63,pass,away,A08,55.8,22.2,62,28.8,complete,A06,0,169,39.6,,9,right_foot,
SYN-00002-01305,1305,3885.2,3763.2,2,63,carry,away,A06,62,28.8,57.3,36.4,complete,,0,169,,15.4,8.9,,
SYN-00002-01306,1306,3887.2,3765.3,2,63,pass,away,A06,57.3,36.4,51,22.3,complete,A08,0,169,43.2,,15.5,right_foot,
SYN-00002-01307,1307,3890.8,3768.9,2,63,pass,away,A08,51,22.3,47.1,45.6,complete,A07,0,169,63.3,,23.6,right_foot,
SYN-00002-01308,1308,3893.5,3771.6,2,63,pass,away,A07,47.1,45.6,64,64.1,complete,A02,0,169,53.9,,25,left_foot,
SYN-00002-01309,1309,3897,3775.1,2,63,pass,away,A02,64,64.1,29.2,65,complete,A09,0,169,63.8,,34.8,right_foot,
SYN-00002-01310,1310,3901.1,3779.1,2,63,pass,away,A09,29.2,65,39.5,55.2,complete,A07,0,169,47.8,,14.2,head,
SYN-00002-01311,1311,3903.5,3781.6,2,64,pass,away,A07,39.5,55.2,55.4,42.2,intercepted,A06,0,169,53.1,,22.4,left_foot,
SYN-00002-01312,1312,3904.9,3783,2,64,interception,home,H10,55.4,42.2,,,won,,0,169,,,,,
SYN-00002-01313,1313,3904.9,3783,2,64,possession_change,home,H10,55.4,42.2,,,interception,,0,170,,,,,
SYN-00002-01314,1314,3906.1,3784.2,2,64,pass,home,H10,55.4,42.2,41,33.3,complete,H06,0,170,45.6,,16.9,right_foot,
SYN-00002-01315,1315,3910.2,3788.3,2,64,pass,home,H06,41,33.3,30.2,53.3,complete,H05,0,170,55.2,,22.8,right_foot,
SYN-00002-01316,1316,3913.6,3791.7,2,64,pressure,away,A10,30.2,53.3,,,,,0,170,,,,,
SYN-00002-01317,1317,3913.6,3791.7,2,64,pass,home,H05,30.2,53.3,24.1,48.8,intercepted,H04,1,170,43.5,,14.6,right_foot,
SYN-00002-01318,1318,3914.3,3792.3,2,64,interception,away,A10,24.1,48.8,,,won,,0,170,,,,,
SYN-00002-01319,1319,3914.3,3792.3,2,64,possession_change,away,A10,24.1,48.8,,,interception,,0,171,,,,,
SYN-00002-01320,1320,3915.2,3793.3,2,64,carry,away,A10,24.1,48.8,19,45,complete,,0,171,,19.8,6.3,,
SYN-00002-01321,1321,3916.4,3794.5,2,64,pass,away,A10,19,45,14,58.3,complete,A09,0,171,44.8,,14.2,right_foot,
SYN-00002-01322,1322,3919.4,3797.5,2,64,pass,away,A09,14,58.3,3.2,68,out,A10,0,171,59.8,,24.8,head,
SYN-00002-01323,1323,3920.9,3799,2,64,possession_change,home,H05,3.2,67,,,out_of_play,,0,172,,,,,
SYN-00002-01324,1324,3937.6,3815.7,2,64,substitution,away,A13,,,,,substitution,,0,172,,,,,
SYN-00002-01325,1325,3937.6,3815.7,2,64,carry,home,H05,3.2,67,13.4,67,complete,,0,172,,20.8,13,,
SYN-00002-01326,1326,3939.9,3818,2,64,pressure,away,A13,13.4,67,,,,,0,172,,,,,
SYN-00002-01327,1327,3939.9,3818,2,64,pass,home,H05,13.4,67,3.6,41.3,complete,H01,1,172,53.2,,27.5,right_foot,
SYN-00002-01328,1328,3944.4,3822.4,2,64,pass,home,H01,3.6,41.3,6.5,20.1,complete,H03,0,172,60.8,,21.4,right_foot,
SYN-00002-01329,1329,3947.8,3825.9,2,64,pressure,away,A10,6.5,20.1,,,,,0,172,,,,,
SYN-00002-01330,1330,3947.8,3825.9,2,64,pass,home,H03,6.5,20.1,25.6,34.3,intercepted,H08,1,172,80.6,,34.2,right_foot,
SYN-00002-01331,1331,3948.9,3826.9,2,64,interception,away,A10,25.6,34.3,,,won,,0,172,,,,,
SYN-00002-01332,1332,3948.9,3826.9,2,64,possession_change,away,A10,25.6,34.3,,,interception,,0,173,,,,,
SYN-00002-01333,1333,3949.5,3827.5,2,64,pass,away,A10,25.6,34.3,35.2,22.6,complete,A08,0,173,38.7,,15.3,left_foot,
SYN-00002-01334,1334,3953.5,3831.6,2,64,pass,away,A08,35.2,22.6,9.9,10.2,incomplete,A11,0,173,65.8,,26.5,right_foot,
SYN-00002-01335,1335,3956.1,3834.2,2,64,possession_change,home,H02,9.9,10.2,,,recovery,,0,174,,,,,
SYN-00002-01336,1336,3956.1,3834.2,2,64,pressure,away,A10,9.9,10.2,,,,,0,174,,,,,
SYN-00002-01337,1337,3956.1,3834.2,2,64,pass,home,H02,9.9,10.2,7.4,26.6,incomplete,H01,1,174,53.5,,20.5,right_foot,
SYN-00002-01338,1338,3958.6,3836.7,2,64,possession_change,away,A10,7.4,26.6,,,recovery,,0,175,,,,,
SYN-00002-01339,1339,3958.6,3836.7,2,64,carry,away,A10,7.4,26.6,4.2,26.9,dispossessed,,0,175,,23.7,3.2,,
SYN-00002-01340,1340,3959.1,3837.2,2,64,tackle,home,H01,4.2,26.9,,,won,,0,175,,,,,
SYN-00002-01341,1341,3959.1,3837.2,2,64,possession_change,home,H01,4.2,26.9,,,tackle,,0,176,,,,,
SYN-00002-01342,1342,3959.6,3837.7,2,64,pressure,away,A10,4.2,26.9,,,,,0,176,,,,,
SYN-00002-01343,1343,3959.6,3837.7,2,64,carry,home,H01,4.2,26.9,16.6,36.6,complete,,1,176,,19.6,15.8,,
SYN-00002-01344,1344,3962.5,3840.6,2,65,pressure,away,A10,16.6,36.6,,,,,0,176,,,,,
SYN-00002-01345,1345,3962.5,3840.6,2,65,pass,home,H01,16.6,36.6,37.6,25.7,incomplete,H07,1,176,57.5,,21.4,left_foot,
SYN-00002-01346,1346,3966.3,3844.4,2,65,possession_change,away,A10,37.6,25.7,,,recovery,,0,177,,,,,
SYN-00002-01347,1347,3966.3,3844.4,2,65,pass,away,A10,37.6,25.7,56.4,26.8,complete,A06,0,177,63,,18.8,left_foot,
SYN-00002-01348,1348,3969.6,3847.7,2,65,pass,away,A06,56.4,26.8,48.6,46.7,complete,A07,0,177,57.5,,21.4,right_foot,
SYN-00002-01349,1349,3972,3850.1,2,65,pass,away,A07,48.6,46.7,63.9,41.4,complete,A06,0,177,47.3,,16.2,right_foot,
SYN-00002-01350,1350,3974.7,3852.8,2,65,pass,away,A06,63.9,41.4,59,47.9,intercepted,A07,0,177,42,,11.7,left_foot,
SYN-00002-01351,1351,3975.4,3853.5,2,65,interception,home,H10,59,47.9,,,won,,0,177,,,,,
SYN-00002-01352,1352,3975.4,3853.5,2,65,possession_change,home,H10,59,47.9,,,interception,,0,178,,,,,
SYN-00002-01353,1353,3976.4,3854.5,2,65,pass,home,H10,59,47.9,35.2,59.6,complete,H05,0,178,61.8,,26.5,left_foot,
SYN-00002-01354,1354,3980.2,3858.2,2,65,pass,home,H05,35.2,59.6,44.1,53,complete,H08,0,178,38.4,,11,right_foot,
SYN-00002-01355,1355,3983.9,3862,2,65,pressure,away,A10,44.1,53,,,,,0,178,,,,,
SYN-00002-01356,1356,3983.9,3862,2,65,pass,home,H08,44.1,53,41.7,42,complete,H06,1,178,44.8,,11.4,right_foot,
SYN-00002-01357,1357,3987,3865.1,2,65,pass,home,H06,41.7,42,49.3,22.2,complete,H07,0,178,55,,21.2,right_foot,
SYN-00002-01358,1358,3990.8,3868.9,2,65,pass,home,H07,49.3,22.2,50.7,41.1,complete,H08,0,178,47.8,,19,left_foot,
SYN-00002-01359,1359,3994.7,3872.8,2,65,pass,home,H08,50.7,41.1,53.8,22.7,complete,H07,0,178,48.5,,18.7,right_foot,
SYN-00002-01360,1360,3998,3876.1,2,65,carry,home,H07,53.8,22.7,64.7,15,complete,,0,178,,24.9,13.4,,
SYN-00002-01361,1361,3999.9,3878,2,65,pass,home,H07,64.7,15,59.2,44.3,complete,H08,0,178,74.9,,29.8,right_foot,
SYN-00002-01362,1362,4003.3,3881.4,2,65,carry,home,H08,59.2,44.3,61.5,33.4,complete,,0,178,,19.9,11.1,,
SYN-00002-01363,1363,4005.4,3883.4,2,65,sprint,away,A02,85.3,57.8,,,,,0,178,,24,26,,
SYN-00002-01364,1364,4005.4,3883.4,2,65,carry,home,H08,61.5,33.4,65.2,31.8,complete,,0,178,,25.9,4.1,,
SYN-00002-01365,1365,4005.9,3884,2,65,pass,home,H08,65.2,31.8,87.7,29.1,intercepted,H10,0,178,68.9,,31.8,right_foot,
SYN-00002-01366,1366,4007.1,3885.2,2,65,interception,away,A04,87.7,29.1,,,won,,0,178,,,,,
SYN-00002-01367,1367,4007.1,3885.2,2,65,possession_change,away,A04,87.7,29.1,,,interception,,0,179,,,,,
SYN-00002-01368,1368,4008.5,3886.6,2,65,pass,away,A04,87.7,29.1,64.8,19.2,complete,A08,0,179,58.5,,24.9,right_foot,
SYN-00002-01369,1369,4011.3,3889.4,2,65,pass,away,A08,64.8,19.2,32.8,7.9,complete,A11,0,179,67.1,,34,right_foot,
SYN-00002-01370,1370,4014.3,3892.4,2,65,pass,away,A11,32.8,7.9,40.1,40.5,complete,A07,0,179,73.6,,33.4,right_foot,
SYN-00002-01371,1371,4017.9,3895.9,2,65,pass,away,A07,40.1,40.5,21.2,57.2,complete,A13,0,179,64.7,,25.2,left_foot,
SYN-00002-01372,1372,4021.3,3899.4,2,65,pass,away,A13,21.2,57.2,36.3,54.1,complete,A07,0,179,59.8,,15.3,right_foot,
SYN-00002-01373,1373,4023.9,3902,2,66,pass,away,A07,36.3,54.1,9.5,39.4,complete,A10,0,179,66.5,,30.5,left_foot,
SYN-00002-01374,1374,4028.5,3906.5,2,66,pass,away,A10,9.5,39.4,10.4,0,out,A11,0,179,58.6,,27.3,left_foot,
SYN-00002-01375,1375,4030.1,3908.2,2,66,possession_change,home,H02,10.4,1,,,out_of_play,,0,180,,,,,
SYN-00002-01376,1376,4045.2,3923.3,2,66,pressure,away,A11,10.4,1,,,,,0,180,,,,,
SYN-00002-01377,1377,4045.2,3923.3,2,66,pass,home,H02,10.4,1,4.2,14.7,complete,H03,1,180,38,,15,right_foot,
SYN-00002-01378,1378,4048.1,3926.2,2,66,pass,home,H03,4.2,14.7,38.6,19.1,complete,H07,0,180,73.4,,34.7,right_foot,
SYN-00002-01379,1379,4051,3929.1,2,66,pass,home,H07,38.6,19.1,35.7,28.4,complete,H06,0,180,40.5,,9.8,right_foot,
SYN-00002-01380,1380,4053.8,3931.9,2,66,pass,home,H06,35.7,28.4,6.7,43.7,complete,H04,0,180,65.7,,32.8,right_foot,
SYN-00002-01381,1381,4057.9,3935.9,2,66,pass,home,H04,6.7,43.7,8.6,53.5,intercepted,H05,0,180,48.7,,15.8,right_foot,
SYN-00002-01382,1382,4058.6,3936.7,2,66,interception,away,A10,8.6,53.5,,,won,,0,180,,,,,
SYN-00002-01383,1383,4058.6,3936.7,2,66,possession_change,away,A10,8.6,53.5,,,interception,,0,181,,,,,
SYN-00002-01384,1384,4059.6,3937.7,2,66,carry,away,A10,8.6,53.5,1,47.9,complete,,0,181,,20.7,13.7,,
SYN-00002-01385,1385,4062,3940,2,66,pass,away,A10,1,47.9,3.3,11.4,complete,A11,0,181,74.8,,36.5,head,
SYN-00002-01386,1386,4066.1,3944.2,2,66,pass,away,A11,3.3,11.4,55.1,6.6,complete,A05,0,181,88.8,,52,right_foot,
SYN-00002-01387,1387,4070.9,3948.9,2,66,pass,away,A05,55.1,6.6,28.5,6.3,complete,A11,0,181,62,,26.6,left_foot,
SYN-00002-01388,1388,4073.9,3952,2,66,pass,away,A11,28.5,6.3,1,25.8,incomplete,A10,0,181,71.3,,31.7,right_foot,
SYN-00002-01389,1389,4076.8,3954.9,2,66,possession_change,home,H01,1,25.8,,,recovery,,0,182,,,,,
SYN-00002-01390,1390,4076.8,3954.9,2,66,pass,home,H01,1,25.8,4.2,36.2,complete,H04,0,182,39.3,,10.9,left_foot,
SYN-00002-01391,1391,4080.5,3958.6,2,66,pass,home,H04,4.2,36.2,25.4,37.6,complete,H06,0,182,54.2,,21.3,head,
SYN-00002-01392,1392,4084.2,3962.2,2,67,pass,home,H06,25.4,37.6,42.7,22.3,complete,H07,0,182,50.8,,23.1,right_foot,
SYN-00002-01393,1393,4087,3965.1,2,67,pass,home,H07,42.7,22.3,53.1,44.7,complete,H08,0,182,61.7,,24.8,left_foot,
SYN-00002-01394,1394,4090,3968.1,2,67,carry,home,H08,53.1,44.7,68.5,47.2,complete,,0,182,,23.2,15.6,,
SYN-00002-01395,1395,4092.4,3970.5,2,67,carry,home,H08,68.5,47.2,72.4,49.3,complete,,0,182,,22.2,4.5,,
SYN-00002-01396,1396,4093.2,3971.2,2,67,pressure,away,A07,72.4,49.3,,,,,0,182,,,,,
SYN-00002-01397,1397,4093.2,3971.2,2,67,pass,home,H08,72.4,49.3,57.9,34.3,complete,H06,1,182,55.1,,20.8,left_foot,
SYN-00002-01398,1398,4096.9,3975,2,67,pressure,away,A10,57.9,34.3,,,,,0,182,,,,,
SYN-00002-01399,1399,4096.9,3975,2,67,pass,home,H06,57.9,34.3,78.3,11.7,complete,H09,1,182,68.8,,30.4,right_foot,
SYN-00002-01400,1400,4100,3978.1,2,67,pass,home,H09,78.3,11.7,57.7,29.8,complete,H06,0,182,68.3,,27.4,right_foot,
SYN-00002-01401,1401,4104.1,3982.2,2,67,pressure,away,A10,57.7,29.8,,,,,0,182,,,,,
SYN-00002-01402,1402,4104.1,3982.2,2,67,pass,home,H06,57.7,29.8,82.4,14.3,complete,H09,1,182,61.7,,29.2,right_foot,
SYN-00002-01403,1403,4107.6,3985.7,2,67,pass,home,H09,82.4,14.3,75.9,44.9,complete,H08,0,182,74.2,,31.3,left_foot,
SYN-00002-01404,1404,4110.1,3988.2,2,67,pass,home,H08,75.9,44.9,66,20.2,complete,H07,0,182,65.7,,26.6,left_foot,
SYN-00002-01405,1405,4113.2,3991.3,2,67,pass,home,H07,66,20.2,47.6,2.4,incomplete,H02,0,182,72.4,,33.1,right_foot,
SYN-00002-01406,1406,4116,3994.1,2,67,possession_change,away,A11,47.6,2.4,,,recovery,,0,183,,,,,
SYN-00002-01407,1407,4116,3994.1,2,67,pass,away,A11,47.6,2.4,50.2,30.4,incomplete,A07,0,183,62.6,,32.9,right_foot,
SYN-00002-01408,1408,4119.4,3997.5,2,67,possession_change,home,H10,50.2,30.4,,,recovery,,0,184,,,,,
SYN-00002-01409,1409,4119.4,3997.5,2,67,pass,home,H10,50.2,30.4,21.2,48.8,incomplete,H04,0,184,65.4,,29.4,left_foot,
SYN-00002-01410,1410,4122.5,4000.5,2,67,possession_change,away,A10,21.2,48.8,,,recovery,,0,185,,,,,
SYN-00002-01411,1411,4122.5,4000.5,2,67,pass,away,A10,21.2,48.8,11.6,62.7,complete,A13,0,185,46.4,,16.9,left_foot,
SYN-00002-01412,1412,4125.8,4003.9,2,67,substitution,away,A14,,,,,substitution,,0,185,,,,,
SYN-00002-01413,1413,4125.8,4003.9,2,67,carry,away,A13,11.6,62.7,7.7,64,complete,,0,185,,20.7,4.1,,
SYN-00002-01414,1414,4126.5,4004.6,2,67,carry,away,A13,7.7,64,4.4,65.5,dispossessed,,0,185,,22.4,5.2,,
SYN-00002-01415,1415,4127.3,4005.4,2,67,tackle,home,H05,4.4,65.5,,,won,,0,185,,,,,
SYN-00002-01416,1416,4127.3,4005.4,2,67,possession_change,home,H05,4.4,65.5,,,tackle,,0,186,,,,,
SYN-00002-01417,1417,4128,4006,2,67,pass,home,H05,4.4,65.5,29.5,55.7,intercepted,H08,0,186,71.2,,33.2,right_foot,
SYN-00002-01418,1418,4129.3,4007.4,2,67,interception,away,A10,29.5,55.7,,,won,,0,186,,,,,
SYN-00002-01419,1419,4129.3,4007.4,2,67,possession_change,away,A10,29.5,55.7,,,interception,,0,187,,,,,
SYN-00002-01420,1420,4130.1,4008.2,2,67,pass,away,A10,29.5,55.7,7.1,64.9,complete,A13,0,187,55,,24.1,left_foot,
SYN-00002-01421,1421,4133.1,4011.2,2,67,pass,away,A13,7.1,64.9,2.3,43.6,complete,A10,0,187,53.4,,21.8,right_foot,
SYN-00002-01422,1422,4136,4014,2,67,pass,away,A10,2.3,43.6,0,68,out,A13,0,187,60,,18.8,right_foot,
SYN-00002-01423,1423,4137.1,4015.2,2,67,possession_change,home,H05,1,67,,,out_of_play,,0,188,,,,,
SYN-00002-01424,1424,4154.7,4032.8,2,68,pass,home,H05,1,67,29.1,56.6,complete,H08,0,188,66.7,,30,head,
SYN-00002-01425,1425,4157.3,4035.4,2,68,pass,home,H08,29.1,56.6,14.6,48.7,complete,H04,0,188,50.9,,16.6,left_foot,
SYN-00002-01426,1426,4160.5,4038.6,2,68,pressure,away,A10,14.6,48.7,,,,,0,188,,,,,
SYN-00002-01427,1427,4160.5,4038.6,2,68,carry,home,H04,14.6,48.7,20.2,55.5,complete,,1,188,,24.8,8.9,,
SYN-00002-01428,1428,4161.8,4039.8,2,68,pass,home,H04,20.2,55.5,38.2,50.2,complete,H08,0,188,49.2,,18.7,right_foot,
SYN-00002-01429,1429,4166,4044.1,2,68,pressure,away,A10,38.2,50.2,,,,,0,188,,,,,
SYN-00002-01430,1430,4166,4044.1,2,68,pass,home,H08,38.2,50.2,76.5,63.4,complete,H11,1,188,80.5,,40.5,right_foot,
SYN-00002-01431,1431,4169.7,4047.8,2,68,pass,home,H11,76.5,63.4,65.7,57.4,complete,H08,0,188,47,,12.4,left_foot,
SYN-00002-01432,1432,4173.1,4051.1,2,68,carry,home,H08,65.7,57.4,78,59.7,complete,,0,188,,22,12.5,,
SYN-00002-01433,1433,4175.1,4053.2,2,68,shot,home,H08,78,59.7,105,40.9,off_target,,0,188,78.9,,37.3,foot,0.006
SYN-00002-01434,1434,4177.3,4055.4,2,68,possession_change,away,A01,99,34,,,goal_kick,,0,189,,,,,
SYN-00002-01435,1435,4203.5,4081.6,2,69,carry,away,A01,99,34,98.4,42.6,complete,,0,189,,24.4,8.6,,
SYN-00002-01436,1436,4204.8,4082.9,2,69,pass,away,A01,98.4,42.6,96.3,63.4,complete,A14,0,189,62.1,,21,right_foot,
SYN-00002-01437,1437,4208.7,4086.7,2,69,pass,away,A14,96.3,63.4,99.9,56.4,complete,A03,0,189,38.4,,7.9,left_foot,
SYN-00002-01438,1438,4211.2,4089.2,2,69,pass,away,A03,99.9,56.4,101.7,40.6,complete,A01,0,189,51.4,,15.9,left_foot,
SYN-00002-01439,1439,4213.9,4092,2,69,pass,away,A01,101.7,40.6,91.5,68,out,A14,0,189,60.2,,23.3,right_foot,
SYN-00002-01440,1440,4215.3,4093.4,2,69,possession_change,home,H11,91.5,67,,,out_of_play,,0,190,,,,,
SYN-00002-01441,1441,4229,4107,2,69,pass,home,H11,91.5,67,72.5,61,complete,H08,0,190,53.3,,19.9,right_foot,
SYN-00002-01442,1442,4232.5,4110.6,2,69,pass,home,H08,72.5,61,84.6,64.4,complete,H11,0,190,34.2,,12.6,right_foot,
SYN-00002-01443,1443,4236.5,4114.5,2,69,pressure,away,A14,84.6,64.4,,,,,0,190,,,,,
SYN-00002-01444,1444,4236.5,4114.5,2,69,pass,home,H11,84.6,64.4,68.3,51.6,complete,H08,1,190,61.3,,20.7,head,
SYN-00002-01445,1445,4240.5,4118.6,2,69,pass,home,H08,68.3,51.6,96.1,38.1,incomplete,H10,0,190,72.8,,33.7,left_foot,
SYN-00002-01446,1446,4243.5,4121.6,2,69,possession_change,away,A01,96.1,38.1,,,recovery,,0,191,,,,,
SYN-00002-01447,1447,4243.5,4121.6,2,69,pass,away,A01,96.1,38.1,72.2,44.3,complete,A07,0,191,60.3,,24.8,right_foot,
SYN-00002-01448,1448,4247.7,4125.8,2,69,carry,away,A07,72.2,44.3,60.3,46.1,complete,,0,191,,14,12.1,,
SYN-00002-01449,1449,4250.8,4128.9,2,69,carry,away,A07,60.3,46.1,58.2,39.5,complete,,0,191,,15.7,7,,
SYN-00002-01450,1450,4252.4,4130.5,2,69,pass,away,A07,58.2,39.5,53.5,16.7,complete,A08,0,191,62.3,,23.2,right_foot,
SYN-00002-01451,1451,4255.1,4133.2,2,69,carry,away,A08,53.5,16.7,46.6,12.4,complete,,0,191,,21.5,8.1,,
SYN-00002-01452,1452,4256.5,4134.6,2,69,pass,away,A08,46.6,12.4,47.2,36.5,intercepted,A07,0,191,65.5,,25.6,left_foot,
SYN-00002-01453,1453,4257.8,4135.9,2,69,interception,home,H11,47.2,36.5,,,won,,0,191,,,,,
SYN-00002-01454,1454,4257.8,4135.9,2,69,possession_change,home,H11,47.2,36.5,,,interception,,0,192,,,,,
SYN-00002-01455,1455,4258.7,4136.7,2,69,pass,home,H11,47.2,36.5,57.8,23.8,complete,H07,0,192,53.7,,16.5,right_foot,
SYN-00002-01456,1456,4262.3,4140.4,2,70,pass,home,H07,57.8,23.8,46.5,29.1,complete,H06,0,192,43,,12.5,left_foot,
SYN-00002-01457,1457,4265.7,4143.8,2,70,pass,home,H06,46.5,29.1,48.5,21.4,complete,H07,0,192,32.7,,7.9,left_foot,
SYN-00002-01458,1458,4269.2,4147.3,2,70,pass,home,H07,48.5,21.4,44.5,28.4,complete,H06,0,192,35.2,,8.1,right_foot,
SYN-00002-01459,1459,4272.9,4151,2,70,pass,home,H06,44.5,28.4,32.9,10.3,complete,H02,0,192,59.2,,21.5,right_foot,
SYN-00002-01460,1460,4276.8,4154.9,2,70,carry,home,H02,32.9,10.3,43.8,17.1,complete,,0,192,,21.2,12.8,,
SYN-00002-01461,1461,4279,4157.1,2,70,pass,home,H02,43.8,17.1,22.1,68,out,H05,0,192,74.9,,37.8,right_foot,
SYN-00002-01462,1462,4280.8,4158.9,2,70,possession_change,away,A13,22.1,67,,,out_of_play,,0,193,,,,,
SYN-00002-01463,1463,4293.6,4171.7,2,70,pass,away,A13,22.1,67,35.6,58.4,incomplete,A07,0,193,54.8,,18.1,left_foot,
SYN-00002-01464,1464,4296.8,4174.9,2,70,possession_change,home,H08,35.6,58.4,,,recovery,,0,194,,,,,
SYN-00002-01465,1465,4296.8,4174.9,2,70,carry,home,H08,35.6,58.4,39.8,60.6,complete,,0,194,,24,4.8,,
SYN-00002-01466,1466,4297.5,4175.6,2,70,pass,home,H08,39.8,60.6,20.8,51.8,complete,H04,0,194,54.9,,20.9,head,
SYN-00002-01467,1467,4301.4,4179.5,2,70,carry,home,H04,20.8,51.8,23.6,47.6,dispossessed,,0,194,,18.3,5.1,,
SYN-00002-01468,1468,4302.4,4180.5,2,70,foul,away,A10,23.6,47.6,,,free_kick,,0,194,,,,,
SYN-00002-01469,1469,4330.4,4208.5,2,71,pass,home,H04,23.6,47.6,14.6,36.3,intercepted,H03,0,195,65.3,,25.2,left_foot,
SYN-00002-01470,1470,4331.2,4209.3,2,71,interception,away,A10,14.6,36.3,,,won,,0,195,,,,,
SYN-00002-01471,1471,4331.2,4209.3,2,71,possession_change,away,A10,14.6,36.3,,,interception,,0,196,,,,,
SYN-00002-01472,1472,4332.3,4210.4,2,71,pass,away,A10,14.6,36.3,1.4,59.6,incomplete,A13,0,196,64.2,,27.2,right_foot,
SYN-00002-01473,1473,4335,4213,2,71,possession_change,home,H05,1.4,59.6,,,recovery,,0,197,,,,,
SYN-00002-01474,1474,4335,4213,2,71,pass,home,H05,1.4,59.6,1.1,43.1,complete,H01,0,197,46.3,,16.4,left_foot,
SYN-00002-01475,1475,4339.1,4217.2,2,71,pass,home,H01,1.1,43.1,24.3,35.3,complete,H06,0,197,68.2,,24.5,left_foot,
SYN-00002-01476,1476,4342.6,4220.7,2,71,pass,home,H06,24.3,35.3,36.6,21,complete,H07,0,197,55.7,,18.9,head,
SYN-00002-01477,1477,4345.7,4223.8,2,71,pass,home,H07,36.6,21,39.2,28.3,complete,H06,0,197,42,,7.7,right_foot,
SYN-00002-01478,1478,4347.8,4225.9,2,71,pass,home,H06,39.2,28.3,48.3,43.6,complete,H08,0,197,50.1,,17.8,right_foot,
SYN-00002-01479,1479,4351.5,4229.6,2,71,carry,home,H08,48.3,43.6,57.7,36.8,complete,,0,197,,25.3,11.7,,
SYN-00002-01480,1480,4353.2,4231.2,2,71,pressure,away,A10,57.7,36.8,,,,,0,197,,,,,
SYN-00002-01481,1481,4353.2,4231.2,2,71,pass,home,H08,57.7,36.8,80,11.4,complete,H09,1,197,83.9,,33.7,left_foot,
SYN-00002-01482,1482,4356.7,4234.7,2,71,carry,home,H09,80,11.4,85.8,17.2,complete,,0,197,,24.4,8.2,,
SYN-00002-01483,1483,4357.9,4235.9,2,71,carry,home,H09,85.8,17.2,92.2,24,complete,,0,197,,16.2,9.4,,
SYN-00002-01484,1484,4360,4238,2,71,pass,home,H09,92.2,24,101.3,31.8,complete,H10,0,197,27.8,,12,right_foot,
SYN-00002-01485,1485,4364.3,4242.4,2,71,pass,home,H10,101.3,31.8,72.8,22.1,complete,H07,0,197,67.3,,30.1,left_foot,
SYN-00002-01486,1486,4368.1,4246.2,2,71,pass,home,H07,72.8,22.1,61.4,38.4,complete,H08,0,197,56.9,,19.9,right_foot,
SYN-00002-01487,1487,4371.6,4249.7,2,71,pass,home,H08,61.4,38.4,87.5,68,out,H10,0,197,74.5,,36.6,right_foot,
SYN-00002-01488,1488,4373.4,4251.5,2,71,possession_change,away,A14,87.5,67,,,out_of_play,,0,198,,,,,
SYN-00002-01489,1489,4383.8,4261.9,2,72,pass,away,A14,87.5,67,99.9,52.6,complete,A03,0,198,48.6,,19,right_foot,
SYN-00002-01490,1490,4388.1,4266.1,2,72,carry,away,A03,99.9,52.6,93.4,46.8,complete,,0,198,,17.5,8.7,,
SYN-00002-01491,1491,4389.8,4267.9,2,72,pressure,home,H10,93.4,46.8,,,,,0,198,,,,,
SYN-00002-01492,1492,4389.8,4267.9,2,72,pass,away,A03,93.4,46.8,101.1,23,complete,A04,1,198,63.1,,25,head,
SYN-00002-01493,1493,4392.5,4270.5,2,72,pass,away,A04,101.1,23,91,53.5,complete,A14,0,198,68.7,,32.2,right_foot,
SYN-00002-01494,1494,4396.3,4274.4,2,72,pass,away,A14,91,53.5,104,37.6,complete,A01,0,198,45.4,,20.5,right_foot,
SYN-00002-01495,1495,4399.6,4277.7,2,72,pass,away,A01,104,37.6,98.2,43.4,complete,A03,0,198,33.5,,8.3,right_foot,
SYN-00002-01496,1496,4401.7,4279.7,2,72,pass,away,A03,98.2,43.4,70.5,54.7,complete,A07,0,198,65.4,,29.9,right_foot,
SYN-00002-01497,1497,4404.6,4282.7,2,72,pass,away,A07,70.5,54.7,58.1,28.2,complete,A08,0,198,65.2,,29.2,left_foot,
SYN-00002-01498,1498,4407.7,4285.8,2,72,pass,away,A08,58.1,28.2,76.9,8.9,complete,A05,0,198,50.9,,26.9,right_foot,
SYN-00002-01499,1499,4410.9,4288.9,2,72,pass,away,A05,76.9,8.9,59.3,42.7,complete,A07,0,198,82.4,,38,right_foot,
SYN-00002-01500,1500,4415.4,4293.5,2,72,pass,away,A07,59.3,42.7,47.4,22.9,complete,A08,0,198,49.6,,23.1,right_foot,
SYN-00002-01501,1501,4419,4297,2,72,pressure,home,H10,47.4,22.9,,,,,0,198,,,,,
SYN-00002-01502,1502,4419,4297,2,72,pass,away,A08,47.4,22.9,45.7,42.6,complete,A07,1,198,48.4,,19.8,right_foot,
SYN-00002-01503,1503,4423.2,4301.3,2,72,pass,away,A07,45.7,42.6,21.4,67,complete,A13,0,198,72.8,,34.5,right_foot,
SYN-00002-01504,1504,4426.6,4304.6,2,72,pass,away,A13,21.4,67,27.4,68,out,A07,0,198,52.4,,19.2,left_foot,
SYN-00002-01505,1505,4427.9,4306,2,72,possession_change,home,H08,27.4,67,,,out_of_play,,0,199,,,,,
SYN-00002-01506,1506,4443.9,4321.9,2,73,pass,home,H08,27.4,67,31.2,41.7,complete,H06,0,199,67.8,,25.5,right_foot,
SYN-00002-01507,1507,4447.9,4325.9,2,73,pass,home,H06,31.2,41.7,13.7,52.7,complete,H04,0,199,59.4,,20.7,right_foot,
SYN-00002-01508,1508,4450.2,4328.3,2,73,pass,home,H04,13.7,52.7,22.3,41.4,complete,H06,0,199,45.7,,14.2,right_foot,
SYN-00002-01509,1509,4453.9,4331.9,2,73,pass,home,H06,22.3,41.4,26.2,62.4,complete,H05,0,199,53.5,,21.3,right_foot,
SYN-00002-01510,1510,4457,4335.1,2,73,pass,home,H05,26.2,62.4,10.1,48.1,complete,H04,0,199,58.2,,21.5,right_foot,
SYN-00002-01511,1511,4460.9,4339,2,73,pass,home,H04,10.1,48.1,14.3,0,out,H01,0,199,54,,15,left_foot,
SYN-00002-01512,1512,4461.9,4340,2,73,possession_change,away,A11,14.3,1,,,out_of_play,,0,200,,,,,
SYN-00002-01513,1513,4471.3,4349.4,2,73,pass,away,A11,14.3,1,1,23,complete,A10,0,200,59.2,,25.7,left_foot,
SYN-00002-01514,1514,4474.4,4352.4,2,73,pass,away,A10,1,23,24.1,20,complete,A08,0,200,66.3,,23.3,right_foot,
SYN-00002-01515,1515,4477.4,4355.5,2,73,pass,away,A08,24.1,20,14.3,10.8,complete,A11,0,200,39.8,,13.4,head,
SYN-00002-01516,1516,4481.1,4359.2,2,73,pass,away,A11,14.3,10.8,30.9,14.1,complete,A08,0,200,42.3,,16.9,right_foot,
SYN-00002-01517,1517,4484.1,4362.2,2,73,carry,away,A08,30.9,14.1,24.6,9.6,complete,,0,200,,21.6,7.8,,
SYN-00002-01518,1518,4485.4,4363.5,2,73,pass,away,A08,24.6,9.6,22.5,12.2,incomplete,A11,0,200,40.3,,9.4,right_foot,
SYN-00002-01519,1519,4487.4,4365.5,2,73,possession_change,home,H07,22.5,12.2,,,recovery,,0,201,,,,,
SYN-00002-01520,1520,4487.4,4365.5,2,73,pass,home,H07,22.5,12.2,7.5,36.8,complete,H04,0,201,64.4,,28.8,right_foot,
SYN-00002-01521,1521,4491.4,4369.4,2,73,pressure,away,A10,7.5,36.8,,,,,0,201,,,,,
SYN-00002-01522,1522,4491.4,4369.4,2,73,pass,home,H04,7.5,36.8,11.7,11.9,complete,H02,1,201,53.1,,25.2,right_foot,
SYN-00002-01523,1523,4495.9,4374,2,73,pass,home,H02,11.7,11.9,7.4,25.7,complete,H03,0,201,48.5,,14.4,right_foot,
SYN-00002-01524,1524,4499.7,4377.8,2,73,pressure,away,A10,7.4,25.7,,,,,0,201,,,,,
SYN-00002-01525,1525,4499.7,4377.8,2,73,pass,home,H03,7.4,25.7,9.1,7.9,complete,H02,1,201,52.5,,17.9,right_foot,
SYN-00002-01526,1526,4502.2,4380.3,2,74,pass,home,H02,9.1,7.9,1,35,complete,H04,0,201,58.1,,28.3,right_foot,
SYN-00002-01527,1527,4506.4,4384.5,2,74,pass,home,H04,1,35,32.8,47.9,complete,H08,0,201,74.4,,34.3,right_foot,
SYN-00002-01528,1528,4509.7,4387.8,2,74,pass,home,H08,32.8,47.9,32.7,38.9,incomplete,H06,0,201,41.5,,10.9,right_foot,
SYN-00002-01529,1529,4512.9,4391,2,74,possession_change,away,A10,32.7,38.9,,,recovery,,0,202,,,,,
SYN-00002-01530,1530,4512.9,4391,2,74,pass,away,A10,32.7,38.9,42,45.3,complete,A07,0,202,40.2,,11.3,left_foot,
SYN-00002-01531,1531,4516.5,4394.6,2,74,pass,away,A07,42,45.3,48.3,25.1,complete,A08,0,202,57.9,,21.1,right_foot,
SYN-00002-01532,1532,4519.1,4397.1,2,74,pass,away,A08,48.3,25.1,25.7,1,incomplete,A11,0,202,68.6,,33.5,right_foot,
SYN-00002-01533,1533,4521.9,4400,2,74,possession_change,home,H02,25.7,1,,,recovery,,0,203,,,,,
SYN-00002-01534,1534,4521.9,4400,2,74,pass,home,H02,25.7,1,40,15.3,complete,H07,0,203,54.5,,20.2,left_foot,
SYN-00002-01535,1535,4525.2,4403.3,2,74,pass,home,H07,40,15.3,36.5,29,complete,H06,0,203,40.2,,14.1,right_foot,
SYN-00002-01536,1536,4529.1,4407.1,2,74,pass,home,H06,36.5,29,44.2,18.2,complete,H07,0,203,39.8,,13.3,head,
SYN-00002-01537,1537,4531.6,4409.7,2,74,pass,home,H07,44.2,18.2,55.7,43.2,incomplete,H08,0,203,66,,26.3,right_foot,
SYN-00002-01538,1538,4534.8,4412.9,2,74,possession_change,away,A13,55.7,43.2,,,recovery,,0,204,,,,,
SYN-00002-01539,1539,4534.8,4412.9,2,74,pass,away,A13,55.7,43.2,48.6,23.1,complete,A08,0,204,65.6,,21.4,right_foot,
SYN-00002-01540,1540,4538.3,4416.4,2,74,pass,away,A08,48.6,23.1,69.2,11.1,complete,A05,0,204,57.3,,23.9,right_foot,
SYN-00002-01541,1541,4542.1,4420.2,2,74,pass,away,A05,69.2,11.1,90.5,17.4,complete,A04,0,204,43.9,,22.2,right_foot,
SYN-00002-01542,1542,4546.9,4425,2,74,pass,away,A04,90.5,17.4,76.5,25.5,complete,A06,0,204,51.2,,16.2,right_foot,
SYN-00002-01543,1543,4550.5,4428.5,2,74,pass,away,A06,76.5,25.5,47.8,48.3,incomplete,A07,0,204,63.5,,28.6,right_foot,
SYN-00002-01544,1544,4553.4,4431.5,2,74,possession_change,home,H08,47.8,48.3,,,recovery,,0,205,,,,,
SYN-00002-01545,1545,4553.4,4431.5,2,74,pass,home,H08,47.8,48.3,74.1,58.1,incomplete,H11,0,205,72.6,,33.8,right_foot,
SYN-00002-01546,1546,4557.1,4435.1,2,74,possession_change,away,A14,74.1,58.1,,,recovery,,0,206,,,,,
SYN-00002-01547,1547,4557.1,4435.1,2,74,pass,away,A14,74.1,58.1,55.8,27.1,complete,A08,0,206,77.1,,36,right_foot,
SYN-00002-01548,1548,4561.3,4439.4,2,74,pass,away,A08,55.8,27.1,51.7,47.5,complete,A07,0,206,54.1,,20.8,right_foot,
SYN-00002-01549,1549,4563.9,4441.9,2,75,carry,away,A07,51.7,47.5,42,51.5,complete,,0,206,,23,10.6,,
SYN-00002-01550,1550,4565.5,4443.6,2,75,pass,away,A07,42,51.5,16.9,61.8,complete,A13,0,206,60.5,,27.1,right_foot,
SYN-00002-01551,1551,4569.8,4447.9,2,75,pass,away,A13,16.9,61.8,2.7,68,out,A10,0,206,57.1,,24.9,right_foot,
SYN-00002-01552,1552,4571.4,4449.4,2,75,possession_change,home,H05,2.7,67,,,out_of_play,,0,207,,,,,
SYN-00002-01553,1553,4584.2,4462.3,2,75,pressure,away,A13,2.7,67,,,,,0,207,,,,,
SYN-00002-01554,1554,4584.2,4462.3,2,75,pass,home,H05,2.7,67,2.3,53.9,intercepted,H04,1,207,57.8,,22.3,right_foot,
SYN-00002-01555,1555,4585,4463.1,2,75,interception,away,A10,2.3,53.9,,,won,,0,207,,,,,
SYN-00002-01556,1556,4585,4463.1,2,75,possession_change,away,A10,2.3,53.9,,,interception,,0,208,,,,,
SYN-00002-01557,1557,4585.6,4463.7,2,75,pass,away,A10,2.3,53.9,5.3,55.9,complete,A13,0,208,30.2,,3.7,right_foot,
SYN-00002-01558,1558,4587.8,4465.9,2,75,pass,away,A13,5.3,55.9,29.2,59.3,complete,A07,0,208,59.6,,24.1,left_foot,
SYN-00002-01559,1559,4590.9,4468.9,2,75,pass,away,A07,29.2,59.3,62.6,67,incomplete,A14,0,208,68,,31.3,left_foot,
SYN-00002-01560,1560,4594.9,4473,2,75,possession_change,home,H11,62.6,67,,,recovery,,0,209,,,,,
SYN-00002-01561,1561,4594.9,4473,2,75,pass,home,H11,62.6,67,62.2,55.9,complete,H08,0,209,32.3,,11.1,right_foot,
SYN-00002-01562,1562,4597.5,4475.5,2,75,pass,home,H08,62.2,55.9,50.3,45.2,complete,H06,0,209,59.9,,16.1,left_foot,
SYN-00002-01563,1563,4599.8,4477.9,2,75,pass,home,H06,50.3,45.2,48.8,26.5,complete,H07,0,209,55.8,,18.7,right_foot,
SYN-00002-01564,1564,4602.8,4480.8,2,75,pass,home,H07,48.8,26.5,22,22.7,complete,H03,0,209,57.6,,27.1,right_foot,
SYN-00002-01565,1565,4606.4,4484.4,2,75,pressure,away,A10,22,22.7,,,,,0,209,,,,,
SYN-00002-01566,1566,4606.4,4484.4,2,75,pass,home,H03,22,22.7,31.5,22.9,intercepted,H07,1,209,58.8,,20.2,right_foot,
SYN-00002-01567,1567,4606.9,4485,2,75,interception,away,A10,31.5,22.9,,,won,,0,209,,,,,
SYN-00002-01568,1568,4606.9,4485,2,75,possession_change,away,A10,31.5,22.9,,,interception,,0,210,,,,,
SYN-00002-01569,1569,4607.5,4485.6,2,75,pass,away,A10,31.5,22.9,36,49.2,incomplete,A07,0,210,44.9,,20,right_foot,
SYN-00002-01570,1570,4610.8,4488.9,2,75,possession_change,home,H11,36,49.2,,,recovery,,0,211,,,,,
SYN-00002-01571,1571,4610.8,4488.9,2,75,pass,home,H11,36,49.2,47.8,49.3,intercepted,H08,0,211,46.7,,16.8,right_foot,
SYN-00002-01572,1572,4611.7,4489.8,2,75,interception,away,A10,47.8,49.3,,,won,,0,211,,,,,
SYN-00002-01573,1573,4611.7,4489.8,2,75,possession_change,away,A10,47.8,49.3,,,interception,,0,212,,,,,
SYN-00002-01574,1574,4612.7,4490.8,2,75,pass,away,A10,47.8,49.3,25.1,62.4,complete,A13,0,212,63.1,,26.2,left_foot,
SYN-00002-01575,1575,4616.5,4494.5,2,75,pass,away,A13,25.1,62.4,40.9,49.8,complete,A07,0,212,56.5,,20.2,left_foot,
SYN-00002-01576,1576,4620.2,4498.3,2,75,pass,away,A07,40.9,49.8,22.7,65,complete,A13,0,212,60.6,,23.7,right_foot,
SYN-00002-01577,1577,4623.8,4501.9,2,76,pass,away,A13,22.7,65,37.2,68,out,A07,0,212,62.5,,22.9,right_foot,
SYN-00002-01578,1578,4625.1,4503.2,2,76,possession_change,home,H11,37.2,67,,,out_of_play,,0,213,,,,,
SYN-00002-01579,1579,4638,4516.1,2,76,pressure,away,A13,37.2,67,,,,,0,213,,,,,
SYN-00002-01580,1580,4638,4516.1,2,76,pass,home,H11,37.2,67,39.2,41.1,complete,H06,1,213,60.6,,26,right_foot,
SYN-00002-01581,1581,4640.6,4518.7,2,76,pass,home,H06,39.2,41.1,51.6,27.3,complete,H07,0,213,54.5,,18.6,left_foot,
SYN-00002-01582,1582,4643.9,4521.9,2,76,pass,home,H07,51.6,27.3,72.3,27,intercepted,H10,0,213,84.5,,41.6,right_foot,
SYN-00002-01583,1583,4644.7,4522.8,2,76,interception,away,A06,72.3,27,,,won,,0,213,,,,,
SYN-00002-01584,1584,4644.7,4522.8,2,76,possession_change,away,A06,72.3,27,,,interception,,0,214,,,,,
SYN-00002-01585,1585,4645.4,4523.5,2,76,pressure,home,H10,72.3,27,,,,,0,214,,,,,
SYN-00002-01586,1586,4645.4,4523.5,2,76,carry,away,A06,72.3,27,66.6,31.6,dispossessed,,1,214,,16,7.3,,
SYN-00002-01587,1587,4647.1,4525.1,2,76,foul,home,H10,66.6,31.6,,,free_kick,,0,214,,,,,
SYN-00002-01588,1588,4662.5,4540.5,2,76,carry,away,A06,66.6,31.6,54.4,28.8,complete,,0,215,,25.6,12.5,,
SYN-00002-01589,1589,4664.2,4542.3,2,76,pass,away,A06,54.4,28.8,50.7,45.9,complete,A07,0,215,43.7,,17.5,left_foot,
SYN-00002-01590,1590,4668.6,4546.7,2,76,pass,away,A07,50.7,45.9,64.3,37.3,complete,A06,0,215,46.7,,16.1,left_foot,
SYN-00002-01591,1591,4671.5,4549.6,2,76,pass,away,A06,64.3,37.3,52.1,20.5,complete,A08,0,215,50,,20.8,right_foot,
SYN-00002-01592,1592,4674.9,4553,2,76,pass,away,A08,52.1,20.5,21,3.6,complete,A11,0,215,68.8,,35.4,right_foot,
SYN-00002-01593,1593,4678.5,4556.6,2,76,pass,away,A11,21,3.6,36.1,9.7,complete,A08,0,215,50.4,,16.3,right_foot,
SYN-00002-01594,1594,4682.1,4560.2,2,77,pass,away,A08,36.1,9.7,20.3,2,complete,A11,0,215,53.7,,17.6,right_foot,
SYN-00002-01595,1595,4684.7,4562.7,2,77,pass,away,A11,20.3,2,34.1,16.2,complete,A08,0,215,56.1,,19.8,right_foot,
SYN-00002-01596,1596,4688.8,4566.9,2,77,pass,away,A08,34.1,16.2,38.8,43.2,complete,A07,0,215,58.9,,27.4,head,
SYN-00002-01597,1597,4692.3,4570.3,2,77,pass,away,A07,38.8,43.2,42.4,30.5,complete,A08,0,215,44.1,,13.2,left_foot,
SYN-00002-01598,1598,4694.6,4572.6,2,77,carry,away,A08,42.4,30.5,39.5,27.1,complete,,0,215,,16.6,4.4,,
SYN-00002-01599,1599,4695.5,4573.6,2,77,pass,away,A08,39.5,27.1,42.5,43.5,complete,A07,0,215,55.3,,16.6,right_foot,
SYN-00002-01600,1600,4697.7,4575.8,2,77,pass,away,A07,42.5,43.5,49.8,23.2,complete,A08,0,215,59.2,,21.6,right_foot,
SYN-00002-01601,1601,4700.3,4578.4,2,77,pass,away,A08,49.8,23.2,75.1,21.9,complete,A04,0,215,68.1,,25.3,left_foot,
SYN-00002-01602,1602,4703.6,4581.7,2,77,pass,away,A04,75.1,21.9,86.1,36.1,complete,A03,0,215,54.5,,18,right_foot,
SYN-00002-01603,1603,4707.2,4585.3,2,77,pass,away,A03,86.1,36.1,100.3,26.5,complete,A04,0,215,60.1,,17.1,right_foot,
SYN-00002-01604,1604,4710.9,4589,2,77,pass,away,A04,100.3,26.5,102.7,42.1,complete,A03,0,215,67.2,,15.8,right_foot,
SYN-00002-01605,1605,4713.4,4591.4,2,77,substitution,home,H13,,,,,substitution,,0,215,,,,,
SYN-00002-01606,1606,4713.4,4591.4,2,77,pass,away,A03,102.7,42.1,79.8,37.1,complete,A06,0,215,59.4,,23.5,right_foot,
SYN-00002-01607,1607,4716.7,4594.8,2,77,pass,away,A06,79.8,37.1,64.7,43.1,complete,A07,0,215,47.6,,16.2,right_foot,
SYN-00002-01608,1608,4720.6,4598.7,2,77,pressure,home,H10,64.7,43.1,,,,,0,215,,,,,
SYN-00002-01609,1609,4720.6,4598.7,2,77,pass,away,A07,64.7,43.1,60.2,27,complete,A08,1,215,54,,16.7,left_foot,
SYN-00002-01610,1610,4724,4602,2,77,pass,away,A08,60.2,27,33.3,0,out,A11,0,215,72.3,,34.5,right_foot,
SYN-00002-01611,1611,4725.7,4603.8,2,77,possession_change,home,H13,33.3,1,,,out_of_play,,0,216,,,,,
SYN-00002-01612,1612,4737.2,4615.3,2,77,pass,home,H13,33.3,1,41.1,12,complete,H07,0,216,43.9,,13.4,left_foot,
SYN-00002-01613,1613,4740.9,4619,2,77,pass,home,H07,41.1,12,34.3,0,out,H06,0,216,47,,16.1,left_foot,
SYN-00002-01614,1614,4742.2,4620.2,2,78,possession_change,away,A11,34.3,1,,,out_of_play,,0,217,,,,,
SYN-00002-01615,1615,4759.1,4637.2,2,78,pass,away,A11,34.3,1,1,25.1,complete,A10,0,217,71.9,,41.1,right_foot,
SYN-00002-01616,1616,4762.7,4640.8,2,78,pass,away,A10,1,25.1,1,55.9,complete,A13,0,217,64.4,,30.7,right_foot,
SYN-00002-01617,1617,4766.2,4644.2,2,78,pressure,home,H04,1,55.9,,,,,0,217,,,,,
SYN-00002-01618,1618,4766.2,4644.2,2,78,pass,away,A13,1,55.9,0,68,out,A10,1,217,51.1,,19.7,left_foot,
SYN-00002-01619,1619,4767.6,4645.6,2,78,possession_change,home,H05,1,67,,,out_of_play,,0,218,,,,,
SYN-00002-01620,1620,4777.5,4655.5,2,78,pressure,away,A13,1,67,,,,,0,218,,,,,
SYN-00002-01621,1621,4777.5,4655.5,2,78,pass,home,H05,1,67,19,43.5,complete,H06,1,218,64.1,,29.6,right_foot,
SYN-00002-01622,1622,4781.8,4659.9,2,78,carry,home,H06,19,43.5,24.4,37.5,complete,,0,218,,24.3,8.1,,
SYN-00002-01623,1623,4783,4661.1,2,78,pass,home,H06,24.4,37.5,8.8,47.1,complete,H04,0,218,59.1,,18.3,left_foot,
SYN-00002-01624,1624,4787.1,4665.1,2,78,sprint,away,A13,41,63.2,,,,,0,218,,29.6,24.7,,
SYN-00002-01625,1625,4787.1,4665.1,2,78,pressure,away,A10,8.8,47.1,,,,,0,218,,,,,
SYN-00002-01626,1626,4787.1,4665.1,2,78,pass,home,H04,8.8,47.1,0,0,out,H03,1,218,54.7,,21.5,right_foot,
SYN-00002-01627,1627,4788.5,4666.5,2,78,possession_change,away,A11,1,1,,,out_of_play,,0,219,,,,,
SYN-00002-01628,1628,4798.4,4676.5,2,78,pass,away,A11,1,1,25.5,14.6,complete,A08,0,219,63.6,,28,left_foot,
SYN-00002-01629,1629,4801.4,4679.4,2,78,pass,away,A08,25.5,14.6,14.7,1,complete,A11,0,219,49.5,,17.4,right_foot,
SYN-00002-01630,1630,4804.1,4682.2,2,79,carry,away,A11,14.7,1,12.3,1,dispossessed,,0,219,,14.2,2.8,,
SYN-00002-01631,1631,4804.8,4682.9,2,79,tackle,home,H13,12.3,1,,,won,,0,219,,,,,
SYN-00002-01632,1632,4804.8,4682.9,2,79,possession_change,home,H13,12.3,1,,,tackle,,0,220,,,,,
SYN-00002-01633,1633,4806.1,4684.2,2,79,pass,home,H13,12.3,1,38.9,12.7,complete,H07,0,220,74.1,,29.1,right_foot,
SYN-00002-01634,1634,4809.5,4687.6,2,79,pass,home,H07,38.9,12.7,44.2,30.2,complete,H06,0,220,54.2,,18.3,left_foot,
SYN-00002-01635,1635,4812,4690.1,2,79,carry,home,H06,44.2,30.2,53.8,38.8,complete,,0,220,,20.6,12.8,,
SYN-00002-01636,1636,4814.2,4692.3,2,79,pass,home,H06,53.8,38.8,57.5,23.5,complete,H07,0,220,43.1,,15.7,left_foot,
SYN-00002-01637,1637,4817.6,4695.7,2,79,pressure,away,A10,57.5,23.5,,,,,0,220,,,,,
SYN-00002-01638,1638,4817.6,4695.7,2,79,pass,home,H07,57.5,23.5,51.6,39.3,complete,H08,1,220,54.2,,16.8,right_foot,
SYN-00002-01639,1639,4820.6,4698.7,2,79,pass,home,H08,51.6,39.3,54.4,19.9,incomplete,H07,0,220,51.7,,19.8,left_foot,
SYN-00002-01640,1640,4824,4702.1,2,79,possession_change,away,A11,54.4,19.9,,,recovery,,0,221,,,,,
SYN-00002-01641,1641,4824,4702.1,2,79,pass,away,A11,54.4,19.9,71.8,1,complete,A05,0,221,63.1,,25.7,right_foot,
SYN-00002-01642,1642,4828.4,4706.4,2,79,pass,away,A05,71.8,1,62.1,44.9,complete,A07,0,221,90.3,,45,right_foot,
SYN-00002-01643,1643,4831.4,4709.5,2,79,pass,away,A07,62.1,44.9,59.7,26.9,incomplete,A08,0,221,52.6,,16.8,left_foot,
SYN-00002-01644,1644,4834.3,4712.3,2,79,possession_change,home,H10,59.7,26.9,,,recovery,,0,222,,,,,
SYN-00002-01645,1645,4834.3,4712.3,2,79,pass,home,H10,59.7,26.9,61.3,16.1,complete,H07,0,222,45.8,,11,right_foot,
SYN-00002-01646,1646,4837.6,4715.6,2,79,pass,home,H07,61.3,16.1,80.9,3.8,complete,H09,0,222,59.6,,23.1,right_foot,
SYN-00002-01647,1647,4841.4,4719.5,2,79,pass,home,H09,80.9,3.8,101.2,23.4,complete,H10,0,222,69.9,,28.2,left_foot,
SYN-00002-01648,1648,4844.2,4722.2,2,79,pass,home,H10,101.2,23.4,102.2,7.5,complete,H09,0,222,36.5,,15.9,left_foot,
SYN-00002-01649,1649,4847.3,4725.3,2,79,sprint,away,A11,69,2,,,,,0,222,,29.4,16,,
SYN-00002-01650,1650,4847.3,4725.3,2,79,pressure,away,A04,102.2,7.5,,,,,0,222,,,,,
SYN-00002-01651,1651,4847.3,4725.3,2,79,pass,home,H09,102.2,7.5,80.4,15.6,complete,H07,1,222,59.3,,23.3,right_foot,
SYN-00002-01652,1652,4850.8,4728.9,2,79,pass,home,H07,80.4,15.6,88.3,7.8,complete,H09,0,222,43,,11.1,right_foot,
SYN-00002-01653,1653,4853.8,4731.9,2,79,pressure,away,A05,88.3,7.8,,,,,0,222,,,,,
SYN-00002-01654,1654,4853.8,4731.9,2,79,pass,home,H09,88.3,7.8,72.7,13.6,complete,H07,1,222,48.9,,16.7,right_foot,
SYN-00002-01655,1655,4856.1,4734.2,2,79,pass,home,H07,72.7,13.6,94.7,30.2,intercepted,H10,0,222,70.1,,32.1,left_foot,
SYN-00002-01656,1656,4857.5,4735.6,2,79,interception,away,A03,94.7,30.2,,,won,,0,222,,,,,
SYN-00002-01657,1657,4857.5,4735.6,2,79,possession_change,away,A03,94.7,30.2,,,interception,,0,223,,,,,
SYN-00002-01658,1658,4858.2,4736.3,2,79,pressure,home,H10,94.7,30.2,,,,,0,223,,,,,
SYN-00002-01659,1659,4858.2,4736.3,2,79,pass,away,A03,94.7,30.2,69.4,43.5,complete,A07,1,223,67.1,,28.6,left_foot,
SYN-00002-01660,1660,4862.4,4740.5,2,80,pass,away,A07,69.4,43.5,54.1,26.9,complete,A08,0,223,57.9,,22.6,right_foot,
SYN-00002-01661,1661,4865.8,4743.8,2,80,carry,away,A08,54.1,26.9,43.6,36.1,complete,,0,223,,17.7,13.9,,
SYN-00002-01662,1662,4868.6,4746.7,2,80,pressure,home,H10,43.6,36.1,,,,,0,223,,,,,
SYN-00002-01663,1663,4868.6,4746.7,2,80,carry,away,A08,43.6,36.1,31.4,28.1,complete,,1,223,,20.9,14.6,,
SYN-00002-01664,1664,4871.1,4749.2,2,80,pass,away,A08,31.4,28.1,11.7,30.4,complete,A10,0,223,56.3,,19.8,right_foot,
SYN-00002-01665,1665,4875.3,4753.3,2,80,pass,away,A10,11.7,30.4,28.8,23.7,complete,A08,0,223,46.2,,18.4,head,
SYN-00002-01666,1666,4878.7,4756.8,2,80,pass,away,A08,28.8,23.7,5.1,27.5,complete,A10,0,223,60.6,,24,right_foot,
SYN-00002-01667,1667,4882.6,4760.7,2,80,pass,away,A10,5.1,27.5,33.1,44,complete,A07,0,223,61.5,,32.5,left_foot,
SYN-00002-01668,1668,4886.4,4764.4,2,80,pass,away,A07,33.1,44,53.4,38.1,complete,A06,0,223,64.3,,21.2,right_foot,
SYN-00002-01669,1669,4889.6,4767.6,2,80,pass,away,A06,53.4,38.1,48.3,46.7,complete,A07,0,223,41.7,,10,right_foot,
SYN-00002-01670,1670,4892.5,4770.6,2,80,pass,away,A07,48.3,46.7,45.4,23.5,complete,A08,0,223,56.5,,23.4,left_foot,
SYN-00002-01671,1671,4896.6,4774.6,2,80,substitution,away,A15,,,,,substitution,,0,223,,,,,
SYN-00002-01672,1672,4896.6,4774.6,2,80,pass,away,A08,45.4,23.5,48.3,42.2,complete,A07,0,223,53.3,,19,right_foot,
SYN-00002-01673,1673,4900.7,4778.8,2,80,pass,away,A07,48.3,42.2,28.4,62.9,complete,A13,0,223,68.9,,28.8,right_foot,
SYN-00002-01674,1674,4904,4782.1,2,80,carry,away,A13,28.4,62.9,23,64.8,complete,,0,223,,16.2,5.7,,
SYN-00002-01675,1675,4905.3,4783.3,2,80,pressure,home,H08,23,64.8,,,,,0,223,,,,,
SYN-00002-01676,1676,4905.3,4783.3,2,80,pass,away,A13,23,64.8,5.9,42.8,complete,A10,1,223,62.4,,27.9,left_foot,
SYN-00002-01677,1677,4908.5,4786.6,2,80,pass,away,A10,5.9,42.8,29.5,25.5,complete,A08,0,223,66.7,,29.3,left_foot,
SYN-00002-01678,1678,4913,4791.1,2,80,pass,away,A08,29.5,25.5,19,7.1,complete,A15,0,223,59.6,,21.2,left_foot,
SYN-00002-01679,1679,4917.3,4795.3,2,80,pressure,home,H07,19,7.1,,,,,0,223,,,,,
SYN-00002-01680,1680,4917.3,4795.3,2,80,pass,away,A15,19,7.1,3.9,21.5,incomplete,A10,1,223,68.2,,25.8,right_foot,
SYN-00002-01681,1681,4921.1,4799.2,2,80,possession_change,home,H01,3.9,21.5,,,recovery,,0,224,,,,,
SYN-00002-01682,1682,4921.1,4799.2,2,80,pass,home,H01,3.9,21.5,13.1,4.9,complete,H13,0,224,50,,18.9,right_foot,
SYN-00002-01683,1683,4924.5,4802.6,2,81,pass,home,H13,13.1,4.9,11,31.1,complete,H01,0,224,66.1,,26.3,right_foot,
SYN-00002-01684,1684,4928.8,4806.8,2,81,pressure,away,A10,11,31.1,,,,,0,224,,,,,
SYN-00002-01685,1685,4928.8,4806.8,2,81,pass,home,H01,11,31.1,5.5,50.7,complete,H04,1,224,55.3,,20.3,right_foot,
SYN-00002-01686,1686,4931.3,4809.4,2,81,pressure,away,A10,5.5,50.7,,,,,0,224,,,,,
SYN-00002-01687,1687,4931.3,4809.4,2,81,pass,home,H04,5.5,50.7,2.6,25.8,complete,H03,1,224,55.2,,25.1,head,
SYN-00002-01688,1688,4935.2,4813.3,2,81,pass,home,H03,2.6,25.8,6.1,44.6,complete,H04,0,224,49.5,,19.1,right_foot,
SYN-00002-01689,1689,4938.4,4816.5,2,81,pass,home,H04,6.1,44.6,30.4,50.6,complete,H08,0,224,59.2,,25.1,right_foot,
SYN-00002-01690,1690,4941,4819.1,2,81,substitution,home,H14,,,,,substitution,,0,224,,,,,
SYN-00002-01691,1691,4941,4819.1,2,81,pass,home,H08,30.4,50.6,29.6,41.8,intercepted,H06,0,224,38.8,,15.6,right_foot,
SYN-00002-01692,1692,4941.8,4819.9,2,81,interception,away,A10,29.6,41.8,,,won,,0,224,,,,,
SYN-00002-01693,1693,4941.8,4819.9,2,81,possession_change,away,A10,29.6,41.8,,,interception,,0,225,,,,,
SYN-00002-01694,1694,4942.4,4820.5,2,81,carry,away,A10,29.6,41.8,28.8,52.8,complete,,0,225,,22.1,11,,
SYN-00002-01695,1695,4944.2,4822.3,2,81,pass,away,A10,28.8,52.8,39.2,51.1,complete,A07,0,225,35,,10.5,right_foot,
SYN-00002-01696,1696,4947.1,4825.2,2,81,pass,away,A07,39.2,51.1,18,64,complete,A13,0,225,50.5,,24.9,left_foot,
SYN-00002-01697,1697,4950.5,4828.6,2,81,carry,away,A13,18,64,9.3,55.3,complete,,0,225,,22.1,12.3,,
SYN-00002-01698,1698,4952.6,4830.6,2,81,pass,away,A13,9.3,55.3,33.3,52.7,complete,A07,0,225,59,,24.2,left_foot,
SYN-00002-01699,1699,4955.2,4833.3,2,81,pass,away,A07,33.3,52.7,66.7,59.3,complete,A14,0,225,68.7,,34,left_foot,
SYN-00002-01700,1700,4958.7,4836.7,2,81,pass,away,A14,66.7,59.3,70.8,40.2,complete,A06,0,225,50.2,,19.5,right_foot,
SYN-00002-01701,1701,4961.3,4839.4,2,81,carry,away,A06,70.8,40.2,66.4,39.1,complete,,0,225,,22.3,4.6,,
SYN-00002-01702,1702,4962,4840.1,2,81,carry,away,A06,66.4,39.1,53.1,42.5,complete,,0,225,,17,13.7,,
SYN-00002-01703,1703,4964.9,4843,2,81,pressure,home,H10,53.1,42.5,,,,,0,225,,,,,
SYN-00002-01704,1704,4964.9,4843,2,81,pass,away,A06,53.1,42.5,48.3,25.6,complete,A08,1,225,50.3,,17.5,right_foot,
SYN-00002-01705,1705,4969.1,4847.1,2,81,pass,away,A08,48.3,25.6,26.9,6.1,complete,A15,0,225,64.2,,28.9,right_foot,
SYN-00002-01706,1706,4971.9,4850,2,81,pass,away,A15,26.9,6.1,46,31.7,complete,A06,0,225,67.4,,31.9,right_foot,
SYN-00002-01707,1707,4975.1,4853.2,2,81,sprint,home,H11,48.9,57.1,,,,,0,225,,28.2,30,,
SYN-00002-01708,1708,4975.1,4853.2,2,81,pass,away,A06,46,31.7,47.3,42,complete,A07,0,225,38,,10.4,right_foot,
SYN-00002-01709,1709,4978.8,4856.9,2,81,pass,away,A07,47.3,42,47.6,17.6,complete,A08,0,225,55.7,,24.5,left_foot,
SYN-00002-01710,1710,4982,4860.1,2,82,pass,away,A08,47.6,17.6,13.6,28.1,incomplete,A10,0,225,79,,37.4,right_foot,
SYN-00002-01711,1711,4984.9,4863,2,82,possession_change,home,H14,13.6,28.1,,,recovery,,0,226,,,,,
SYN-00002-01712,1712,4984.9,4863,2,82,pass,home,H14,13.6,28.1,25.8,33.7,complete,H06,0,226,50,,13.4,left_foot,
SYN-00002-01713,1713,4988.3,4866.4,2,82,pass,home,H06,25.8,33.7,9.2,22.1,complete,H03,0,226,72.1,,20.3,head,
SYN-00002-01714,1714,4992.2,4870.3,2,82,pass,home,H03,9.2,22.1,4.9,39.7,complete,H14,0,226,56.6,,18,right_foot,
SYN-00002-01715,1715,4996.3,4874.4,2,82,pass,home,H14,4.9,39.7,5.3,47.2,intercepted,H05,0,226,42.5,,14.9,right_foot,
SYN-00002-01716,1716,4997,4875,2,82,interception,away,A10,5.3,47.2,,,won,,0,226,,,,,
SYN-00002-01717,1717,4997,4875,2,82,possession_change,away,A10,5.3,47.2,,,interception,,0,227,,,,,
SYN-00002-01718,1718,4998.4,4876.4,2,82,pass,away,A10,5.3,47.2,6.6,58.1,intercepted,A13,0,227,53.1,,16.8,right_foot,
SYN-00002-01719,1719,4999.1,4877.2,2,82,interception,home,H05,6.6,58.1,,,won,,0,227,,,,,
SYN-00002-01720,1720,4999.1,4877.2,2,82,possession_change,home,H05,6.6,58.1,,,interception,,0,228,,,,,
SYN-00002-01721,1721,5000.2,4878.3,2,82,pass,home,H05,6.6,58.1,23.7,39.4,complete,H06,0,228,64.2,,25.3,left_foot,
SYN-00002-01722,1722,5003.8,4881.8,2,82,pass,home,H06,23.7,39.4,7.5,24.4,complete,H03,0,228,57.4,,22,right_foot,
SYN-00002-01723,1723,5007.8,4885.9,2,82,pass,home,H03,7.5,24.4,9.9,8.1,complete,H13,0,228,55.4,,16.5,right_foot,
SYN-00002-01724,1724,5011.6,4889.7,2,82,pass,home,H13,9.9,8.1,2,37.1,complete,H14,0,228,66.5,,30.1,right_foot,
SYN-00002-01725,1725,5014.9,4893,2,82,pass,home,H14,2,37.1,12.3,16.4,complete,H13,0,228,50.1,,23.1,right_foot,
SYN-00002-01726,1726,5019,4897.1,2,82,pass,home,H13,12.3,16.4,35.5,0,out,H06,0,228,51.4,,19.5,right_foot,
SYN-00002-01727,1727,5020.3,4898.4,2,82,possession_change,away,A15,35.5,1,,,out_of_play,,0,229,,,,,
SYN-00002-01728,1728,5038.4,4916.4,2,82,pass,away,A15,35.5,1,39.5,11.5,complete,A08,0,229,36.6,,11.2,left_foot,
SYN-00002-01729,1729,5041.6,4919.7,2,82,sprint,home,H05,18.5,49,,,,,0,229,,31.5,16,,
SYN-00002-01730,1730,5041.6,4919.7,2,82,pressure,home,H07,39.5,11.5,,,,,0,229,,,,,
SYN-00002-01731,1731,5041.6,4919.7,2,82,carry,away,A08,39.5,11.5,34.6,11,dispossessed,,1,229,,17.5,5,,
SYN-00002-01732,1732,5042.7,4920.7,2,83,foul,home,H07,34.6,11,,,free_kick,,0,229,,,,,
SYN-00002-01733,1733,5061.7,4939.8,2,83,pass,away,A08,34.6,11,5.9,29.1,incomplete,A10,0,230,68.7,,29.9,right_foot,
SYN-00002-01734,1734,5064.7,4942.7,2,83,possession_change,home,H01,5.9,29.1,,,recovery,,0,231,,,,,
SYN-00002-01735,1735,5064.7,4942.7,2,83,pass,home,H01,5.9,29.1,5.5,56.6,complete,H05,0,231,69.1,,27.5,right_foot,
SYN-00002-01736,1736,5067.4,4945.4,2,83,pass,home,H05,5.5,56.6,17.1,39,complete,H06,0,231,54,,21.1,left_foot,
SYN-00002-01737,1737,5070.4,4948.5,2,83,pass,home,H06,17.1,39,39.6,26.4,complete,H07,0,231,61.8,,25.8,right_foot,
SYN-00002-01738,1738,5073.8,4951.8,2,83,pressure,away,A10,39.6,26.4,,,,,0,231,,,,,
SYN-00002-01739,1739,5073.8,4951.8,2,83,pass,home,H07,39.6,26.4,48.3,43.8,incomplete,H08,1,231,57.1,,21.9,left_foot,
SYN-00002-01740,1740,5077.1,4955.1,2,83,possession_change,away,A13,48.3,43.8,,,recovery,,0,232,,,,,
SYN-00002-01741,1741,5077.1,4955.1,2,83,pressure,home,H10,48.3,43.8,,,,,0,232,,,,,
SYN-00002-01742,1742,5077.1,4955.1,2,83,pass,away,A13,48.3,43.8,13.8,34.5,complete,A10,1,232,76.6,,35.7,right_foot,
SYN-00002-01743,1743,5080.7,4958.8,2,83,pass,away,A10,13.8,34.5,32.7,20.3,complete,A08,0,232,61.8,,23.7,left_foot,
SYN-00002-01744,1744,5083.7,4961.8,2,83,pass,away,A08,32.7,20.3,5.8,31.6,complete,A10,0,232,67.9,,29.2,right_foot,
SYN-00002-01745,1745,5086.4,4964.5,2,83,pressure,home,H01,5.8,31.6,,,,,0,232,,,,,
SYN-00002-01746,1746,5086.4,4964.5,2,83,pass,away,A10,5.8,31.6,0.9,0,out,A15,1,232,52.2,,16.9,right_foot,
SYN-00002-01747,1747,5087.5,4965.6,2,83,possession_change,home,H13,1,1,,,out_of_play,,0,233,,,,,
SYN-00002-01748,1748,5104.4,4982.4,2,84,substitution,home,H15,,,,,substitution,,0,233,,,,,
SYN-00002-01749,1749,5104.4,4982.4,2,84,pressure,away,A15,1,1,,,,,0,233,,,,,
SYN-00002-01750,1750,5104.4,4982.4,2,84,pass,home,H13,1,1,13.8,19.8,intercepted,H06,1,233,69.1,,29.5,right_foot,
SYN-00002-01751,1751,5105.5,4983.6,2,84,interception,away,A10,13.8,19.8,,,won,,0,233,,,,,
SYN-00002-01752,1752,5105.5,4983.6,2,84,possession_change,away,A10,13.8,19.8,,,interception,,0,234,,,,,
SYN-00002-01753,1753,5107,4985.1,2,84,carry,away,A10,13.8,19.8,10.4,15,dispossessed,,0,234,,20.7,5.9,,
SYN-00002-01754,1754,5108.1,4986.1,2,84,tackle,home,H03,10.4,15,,,won,,0,234,,,,,
SYN-00002-01755,1755,5108.1,4986.1,2,84,possession_change,home,H03,10.4,15,,,tackle,,0,235,,,,,
SYN-00002-01756,1756,5109,4987,2,84,pressure,away,A10,10.4,15,,,,,0,235,,,,,
SYN-00002-01757,1757,5109,4987,2,84,pass,home,H03,10.4,15,5.2,25.7,intercepted,H15,1,235,58.4,,21.5,right_foot,
SYN-00002-01758,1758,5109.7,4987.8,2,84,interception,away,A10,5.2,25.7,,,won,,0,235,,,,,
SYN-00002-01759,1759,5109.7,4987.8,2,84,possession_change,away,A10,5.2,25.7,,,interception,,0,236,,,,,
SYN-00002-01760,1760,5110.8,4988.9,2,84,shot,away,A10,5.2,25.7,3.2,25.7,blocked,,0,236,78.2,,9.8,foot,0.237
SYN-00002-01761,1761,5111.8,4989.8,2,84,possession_change,home,H03,5.2,25.7,,,blocked_shot,,0,237,,,,,
SYN-00002-01762,1762,5112.8,4990.8,2,84,pass,home,H03,5.2,25.7,5.4,42.2,complete,H15,0,237,51.3,,16.5,right_foot,
SYN-00002-01763,1763,5116.4,4994.5,2,84,pressure,away,A10,5.4,42.2,,,,,0,237,,,,,
SYN-00002-01764,1764,5116.4,4994.5,2,84,carry,home,H15,5.4,42.2,9.3,38,dispossessed,,1,237,,22.6,5.7,,
SYN-00002-01765,1765,5117.3,4995.4,2,84,tackle,away,A10,9.3,38,,,won,,0,237,,,,,
SYN-00002-01766,1766,5117.3,4995.4,2,84,possession_change,away,A10,9.3,38,,,tackle,,0,238,,,,,
SYN-00002-01767,1767,5118.1,4996.2,2,84,pass,away,A10,9.3,38,2.8,58.2,complete,A13,0,238,67.3,,21.3,right_foot,
SYN-00002-01768,1768,5120.4,4998.5,2,84,pass,away,A13,2.8,58.2,4.7,41.2,complete,A10,0,238,52.5,,17.1,right_foot,
SYN-00002-01769,1769,5123.3,5001.4,2,84,pass,away,A10,4.7,41.2,27.7,46.5,incomplete,A07,0,238,58.8,,23.7,left_foot,
SYN-00002-01770,1770,5126,5004.1,2,84,possession_change,home,H08,27.7,46.5,,,recovery,,0,239,,,,,
SYN-00002-01771,1771,5126,5004.1,2,84,pressure,away,A10,27.7,46.5,,,,,0,239,,,,,
SYN-00002-01772,1772,5126,5004.1,2,84,pass,home,H08,27.7,46.5,42.1,27.2,complete,H07,1,239,53.8,,24.1,left_foot,
SYN-00002-01773,1773,5130.3,5008.4,2,84,pass,home,H07,42.1,27.2,53.8,49.6,complete,H08,0,239,52.9,,25.2,left_foot,
SYN-00002-01774,1774,5133.5,5011.6,2,84,pass,home,H08,53.8,49.6,33.8,59.3,complete,H05,0,239,56.5,,22.3,left_foot,
SYN-00002-01775,1775,5137.6,5015.7,2,84,pass,home,H05,33.8,59.3,44.8,56.5,complete,H08,0,239,44.3,,11.4,right_foot,
SYN-00002-01776,1776,5140.9,5019,2,84,pressure,away,A13,44.8,56.5,,,,,0,239,,,,,
SYN-00002-01777,1777,5140.9,5019,2,84,pass,home,H08,44.8,56.5,21,61.3,incomplete,H05,1,239,53.2,,20.8,left_foot,
SYN-00002-01778,1778,5144.7,5022.7,2,84,possession_change,away,A10,21,61.3,,,recovery,,0,240,,,,,
SYN-00002-01779,1779,5144.7,5022.7,2,84,pressure,home,H08,21,61.3,,,,,0,240,,,,,
SYN-00002-01780,1780,5144.7,5022.7,2,84,pass,away,A10,21,61.3,39.8,54.4,complete,A07,1,240,58.5,,20,right_foot,
SYN-00002-01781,1781,5148.2,5026.3,2,84,pass,away,A07,39.8,54.4,62.9,65.2,complete,A14,0,240,49.8,,25.4,right_foot,
SYN-00002-01782,1782,5152.7,5030.7,2,84,carry,away,A14,62.9,65.2,48.7,63.9,complete,,0,240,,15.2,14.3,,
SYN-00002-01783,1783,5156.1,5034.1,2,84,pass,away,A14,48.7,63.9,22.4,65.6,complete,A13,0,240,56,,26.3,right_foot,
SYN-00002-01784,1784,5159.7,5037.7,2,84,sprint,away,A06,48.1,41.9,,,,,0,240,,30.9,46,,
SYN-00002-01785,1785,5159.7,5037.7,2,84,carry,away,A13,22.4,65.6,16.9,63.7,dispossessed,,0,240,,18.4,5.8,,
SYN-00002-01786,1786,5160.8,5038.9,2,84,tackle,home,H05,16.9,63.7,,,won,,0,240,,,,,
SYN-00002-01787,1787,5160.8,5038.9,2,84,possession_change,home,H05,16.9,63.7,,,tackle,,0,241,,,,,
SYN-00002-01788,1788,5161.7,5039.8,2,84,pressure,away,A13,16.9,63.7,,,,,0,241,,,,,
SYN-00002-01789,1789,5161.7,5039.8,2,84,pass,home,H05,16.9,63.7,28.2,43.8,complete,H06,1,241,60.9,,22.8,right_foot,
SYN-00002-01790,1790,5165.4,5043.4,2,85,pass,home,H06,28.2,43.8,45.8,21.9,complete,H07,0,241,51.6,,28.1,right_foot,
SYN-00002-01791,1791,5169.4,5047.4,2,85,pass,home,H07,45.8,21.9,35,3.1,incomplete,H13,0,241,63.8,,20.6,right_foot,
SYN-00002-01792,1792,5172.3,5050.4,2,85,possession_change,away,A15,35,3.1,,,recovery,,0,242,,,,,
SYN-00002-01793,1793,5172.3,5050.4,2,85,pass,away,A15,35,3.1,38.8,10.4,complete,A08,0,242,38.2,,8.2,left_foot,
SYN-00002-01794,1794,5175.6,5053.6,2,85,pass,away,A08,38.8,10.4,1.3,26.9,incomplete,A10,0,242,79.1,,40.5,left_foot,
SYN-00002-01795,1795,5178.7,5056.8,2,85,possession_change,home,H01,1.3,26.9,,,recovery,,0,243,,,,,
SYN-00002-01796,1796,5178.7,5056.8,2,85,pass,home,H01,1.3,26.9,1.1,24.4,complete,H03,0,243,42.4,,2.6,left_foot,
SYN-00002-01797,1797,5181.2,5059.3,2,85,pass,home,H03,1.1,24.4,21,33.9,complete,H06,0,243,62.1,,22,left_foot,
SYN-00002-01798,1798,5183.6,5061.6,2,85,pressure,away,A10,21,33.9,,,,,0,243,,,,,
SYN-00002-01799,1799,5183.6,5061.6,2,85,pass,home,H06,21,33.9,32.3,17.3,incomplete,H07,1,243,46.3,,18.5,left_foot,
SYN-00002-01800,1800,5186.1,5064.2,2,85,possession_change,away,A15,32.3,17.3,,,recovery,,0,244,,,,,
SYN-00002-01801,1801,5186.1,5064.2,2,85,pass,away,A15,32.3,17.3,57.1,28.7,complete,A06,0,244,71.8,,27.3,right_foot,
SYN-00002-01802,1802,5190,5068,2,85,pass,away,A06,57.1,28.7,47,39.6,complete,A07,0,244,43.5,,14.9,right_foot,
SYN-00002-01803,1803,5194.2,5072.2,2,85,pressure,home,H10,47,39.6,,,,,0,244,,,,,
SYN-00002-01804,1804,5194.2,5072.2,2,85,pass,away,A07,47,39.6,27,62.8,complete,A13,1,244,55.9,,30.5,right_foot,
SYN-00002-01805,1805,5198.8,5076.8,2,85,shot,away,A13,27,62.8,0,26.2,off_target,,0,244,93,,39.5,foot,0.005
SYN-00002-01806,1806,5200.8,5078.9,2,85,possession_change,home,H01,6,34,,,goal_kick,,0,245,,,,,
SYN-00002-01807,1807,5224.6,5102.6,2,86,pressure,away,A10,6,34,,,,,0,245,,,,,
SYN-00002-01808,1808,5224.6,5102.6,2,86,pass,home,H01,6,34,3.1,19.2,complete,H03,1,245,42.6,,15.1,right_foot,
SYN-00002-01809,1809,5228.5,5106.6,2,86,pass,home,H03,3.1,19.2,10.2,4.8,complete,H13,0,245,38.1,,16.1,left_foot,
SYN-00002-01810,1810,5232.9,5110.9,2,86,pass,home,H13,10.2,4.8,33.1,14.9,complete,H07,0,245,59.5,,25,right_foot,
SYN-00002-01811,1811,5236.6,5114.6,2,86,pressure,away,A10,33.1,14.9,,,,,0,245,,,,,
SYN-00002-01812,1812,5236.6,5114.6,2,86,carry,home,H07,33.1,14.9,38,4.8,complete,,1,245,,22.2,11.2,,
SYN-00002-01813,1813,5238.4,5116.5,2,86,carry,home,H07,38,4.8,43.9,2.7,complete,,0,245,,20.2,6.2,,
SYN-00002-01814,1814,5239.5,5117.6,2,86,pass,home,H07,43.9,2.7,50.7,37.6,complete,H08,0,245,71.1,,35.5,left_foot,
SYN-00002-01815,1815,5244.1,5122.1,2,86,sprint,home,H07,54.6,22.9,,,,,0,245,,27.3,20.2,,
SYN-00002-01816,1816,5244.1,5122.1,2,86,pass,home,H08,50.7,37.6,54.2,22.4,complete,H07,0,245,44.9,,15.5,right_foot,
SYN-00002-01817,1817,5246.7,5124.8,2,86,carry,home,H07,54.2,22.4,61.5,23.7,complete,,0,245,,21.1,7.4,,
SYN-00002-01818,1818,5248,5126,2,86,carry,home,H07,61.5,23.7,73.1,27.1,complete,,0,245,,18.7,12,,
SYN-00002-01819,1819,5250.3,5128.4,2,86,pass,home,H07,73.1,27.1,63.3,44.6,complete,H08,0,245,49.4,,20,left_foot,
SYN-00002-01820,1820,5253,5131.1,2,86,pass,home,H08,63.3,44.6,83.9,23.2,incomplete,H09,0,245,69.2,,33.5,right_foot,
SYN-00002-01821,1821,5256.8,5134.8,2,86,possession_change,away,A05,83.9,23.2,,,recovery,,0,246,,,,,
SYN-00002-01822,1822,5256.8,5134.8,2,86,pass,away,A05,83.9,23.2,64,42.9,incomplete,A07,0,246,59.3,,26.6,right_foot,
SYN-00002-01823,1823,5260.5,5138.6,2,86,possession_change,home,H11,64,42.9,,,recovery,,0,247,,,,,
SYN-00002-01824,1824,5260.5,5138.6,2,86,pass,home,H11,64,42.9,54.2,31.4,incomplete,H06,0,247,48.5,,15.9,right_foot,
SYN-00002-01825,1825,5263.5,5141.6,2,86,possession_change,away,A10,54.2,31.4,,,recovery,,0,248,,,,,
SYN-00002-01826,1826,5263.5,5141.6,2,86,pass,away,A10,54.2,31.4,73.6,12.8,complete,A05,0,248,64.5,,26.9,right_foot,
SYN-00002-01827,1827,5267.5,5145.6,2,86,carry,away,A05,73.6,12.8,61.5,12.1,complete,,0,248,,18.5,12.1,,
SYN-00002-01828,1828,5269.9,5148,2,86,pass,away,A05,61.5,12.1,54.9,13.6,complete,A08,0,248,32,,6.8,right_foot,
SYN-00002-01829,1829,5273.6,5151.7,2,86,pass,away,A08,54.9,13.6,54,45.8,complete,A07,0,248,66.2,,32.2,right_foot,
SYN-00002-01830,1830,5277.8,5155.9,2,86,pass,away,A07,54,45.8,62.7,36.1,complete,A06,0,248,49.7,,13,right_foot,
SYN-00002-01831,1831,5281.6,5159.7,2,86,pass,away,A06,62.7,36.1,53.4,17.5,incomplete,A08,0,248,52.3,,17.1,right_foot,
SYN-00002-01832,1832,5284.8,5162.9,2,87,possession_change,home,H09,53.4,17.5,,,recovery,,0,249,,,,,
SYN-00002-01833,1833,5284.8,5162.9,2,87,carry,home,H09,53.4,17.5,66,16.8,complete,,0,249,,25.4,12.6,,
SYN-00002-01834,1834,5286.6,5164.7,2,87,pass,home,H09,66,16.8,44.8,22.3,incomplete,H06,0,249,58.5,,18.1,left_foot,
SYN-00002-01835,1835,5289.2,5167.3,2,87,possession_change,away,A10,44.8,22.3,,,recovery,,0,250,,,,,
SYN-00002-01836,1836,5289.2,5167.3,2,87,pass,away,A10,44.8,22.3,70.9,57,incomplete,A14,0,250,83.6,,40.1,right_foot,
SYN-00002-01837,1837,5292.5,5170.6,2,87,possession_change,home,H11,70.9,57,,,recovery,,0,251,,,,,
SYN-00002-01838,1838,5292.5,5170.6,2,87,pressure,away,A07,70.9,57,,,,,0,251,,,,,
SYN-00002-01839,1839,5292.5,5170.6,2,87,pass,home,H11,70.9,57,59.6,51.9,complete,H08,1,251,40.5,,12.4,left_foot,
SYN-00002-01840,1840,5295.4,5173.5,2,87,pass,home,H08,59.6,51.9,98.9,40.6,incomplete,H10,0,251,83,,41.5,right_foot,
SYN-00002-01841,1841,5298.3,5176.4,2,87,possession_change,away,A01,98.9,40.6,,,recovery,,0,252,,,,,
SYN-00002-01842,1842,5298.3,5176.4,2,87,pass,away,A01,98.9,40.6,81.5,36.7,complete,A06,0,252,47.7,,17.8,right_foot,
SYN-00002-01843,1843,5302.3,5180.4,2,87,pressure,home,H10,81.5,36.7,,,,,0,252,,,,,
SYN-00002-01844,1844,5302.3,5180.4,2,87,pass,away,A06,81.5,36.7,65.2,27.3,complete,A08,1,252,52.4,,18.8,right_foot,
SYN-00002-01845,1845,5304.9,5183,2,87,carry,away,A08,65.2,27.3,56.6,33.3,complete,,0,252,,24.7,10.5,,
SYN-00002-01846,1846,5306.4,5184.5,2,87,pass,away,A08,56.6,33.3,80.2,39.2,complete,A03,0,252,52.1,,24.3,right_foot,
SYN-00002-01847,1847,5310.6,5188.7,2,87,pass,away,A03,80.2,39.2,60.7,50.3,complete,A07,0,252,66.7,,22.4,right_foot,
SYN-00002-01848,1848,5313.9,5191.9,2,87,pass,away,A07,60.7,50.3,69.2,58.3,complete,A14,0,252,48.4,,11.7,left_foot,
SYN-00002-01849,1849,5317.2,5195.3,2,87,pass,away,A14,69.2,58.3,88.4,51.4,complete,A03,0,252,52,,20.3,left_foot,
SYN-00002-01850,1850,5320.3,5198.3,2,87,carry,away,A03,88.4,51.4,73,48.1,complete,,0,252,,21.6,15.7,,
SYN-00002-01851,1851,5322.9,5200.9,2,87,pass,away,A03,73,48.1,79,61.1,complete,A14,0,252,44.9,,14.3,left_foot,
SYN-00002-01852,1852,5326,5204.1,2,87,pass,away,A14,79,61.1,96.8,49.2,complete,A03,0,252,61.8,,21.5,right_foot,
SYN-00002-01853,1853,5329.6,5207.6,2,87,pass,away,A03,96.8,49.2,78.1,36.9,complete,A06,0,252,55.1,,22.4,right_foot,
SYN-00002-01854,1854,5333.3,5211.4,2,87,pass,away,A06,78.1,36.9,57.9,50.1,complete,A07,0,252,59.4,,24.2,right_foot,
SYN-00002-01855,1855,5336.1,5214.2,2,87,pass,away,A07,57.9,50.1,64.1,35,complete,A06,0,252,51.7,,16.3,right_foot,
SYN-00002-01856,1856,5339.3,5217.4,2,87,pass,away,A06,64.1,35,32.6,57.8,complete,A13,0,252,85.7,,38.8,left_foot,
SYN-00002-01857,1857,5342.7,5220.8,2,88,pass,away,A13,32.6,57.8,54.2,37.7,complete,A06,0,252,61,,29.5,right_foot,
SYN-00002-01858,1858,5347.1,5225.2,2,88,pass,away,A06,54.2,37.7,65.5,17.4,intercepted,A05,0,252,71.8,,31.6,right_foot,
SYN-00002-01859,1859,5348.3,5226.4,2,88,interception,home,H09,65.5,17.4,,,won,,0,252,,,,,
SYN-00002-01860,1860,5348.3,5226.4,2,88,possession_change,home,H09,65.5,17.4,,,interception,,0,253,,,,,
SYN-00002-01861,1861,5349,5227,2,88,carry,home,H09,65.5,17.4,74.8,16.2,complete,,0,253,,16.5,9.5,,
SYN-00002-01862,1862,5351,5229.1,2,88,pass,home,H09,74.8,16.2,68.6,13.4,complete,H07,0,253,39.9,,6.8,right_foot,
SYN-00002-01863,1863,5354,5232.1,2,88,pass,home,H07,68.6,13.4,84.9,3.9,complete,H09,0,253,50.8,,18.8,left_foot,
SYN-00002-01864,1864,5356.5,5234.5,2,88,pressure,away,A05,84.9,3.9,,,,,0,253,,,,,
SYN-00002-01865,1865,5356.5,5234.5,2,88,pass,home,H09,84.9,3.9,105,0,out,H10,1,253,67.6,,25.7,right_foot,
SYN-00002-01866,1866,5357.8,5235.9,2,88,possession_change,away,A05,104,1,,,out_of_play,,0,254,,,,,
SYN-00002-01867,1867,5375.2,5253.3,2,88,pass,away,A05,104,1,104,16.6,complete,A04,0,254,47.5,,15.6,right_foot,
SYN-00002-01868,1868,5377.6,5255.7,2,88,pass,away,A04,104,16.6,73.6,19.3,complete,A08,0,254,67.2,,30.5,left_foot,
SYN-00002-01869,1869,5380.9,5259,2,88,pass,away,A08,73.6,19.3,88.7,39.5,complete,A03,0,254,58.1,,25.2,left_foot,
SYN-00002-01870,1870,5383.6,5261.7,2,88,pass,away,A03,88.7,39.5,104,33.6,complete,A01,0,254,39.7,,16.4,right_foot,
SYN-00002-01871,1871,5387.3,5265.4,2,88,sprint,away,A13,48.8,57.9,,,,,0,254,,30.5,36.4,,
SYN-00002-01872,1872,5387.3,5265.4,2,88,pass,away,A01,104,33.6,75.3,25.4,complete,A08,0,254,68.2,,29.9,right_foot,
SYN-00002-01873,1873,5390.4,5268.5,2,88,pass,away,A08,75.3,25.4,69.3,28.4,complete,A06,0,254,35,,6.7,right_foot,
SYN-00002-01874,1874,5392.3,5270.4,2,88,pass,away,A06,69.3,28.4,51.2,68,out,A07,0,254,51.8,,21.5,left_foot,
SYN-00002-01875,1875,5393.8,5271.9,2,88,possession_change,home,H11,51.2,67,,,out_of_play,,0,255,,,,,
SYN-00002-01876,1876,5407.4,5285.5,2,89,pressure,away,A13,51.2,67,,,,,0,255,,,,,
SYN-00002-01877,1877,5407.4,5285.5,2,89,carry,home,H11,51.2,67,58.3,67,complete,,1,255,,20.5,7.1,,
SYN-00002-01878,1878,5408.7,5286.8,2,89,pass,home,H11,58.3,67,56.9,51.4,complete,H08,0,255,51.5,,15.7,right_foot,
SYN-00002-01879,1879,5412.5,5290.6,2,89,pressure,away,A10,56.9,51.4,,,,,0,255,,,,,
SYN-00002-01880,1880,5412.5,5290.6,2,89,pass,home,H08,56.9,51.4,44.7,41.1,complete,H06,1,255,42,,16,right_foot,
SYN-00002-01881,1881,5416.5,5294.6,2,89,pass,home,H06,44.7,41.1,46.7,42,complete,H08,0,255,37,,2.3,right_foot,
SYN-00002-01882,1882,5417.7,5295.8,2,89,pressure,away,A10,46.7,42,,,,,0,255,,,,,
SYN-00002-01883,1883,5417.7,5295.8,2,89,pass,home,H08,46.7,42,40.7,36.6,complete,H06,1,255,42.8,,8,right_foot,
SYN-00002-01884,1884,5420.9,5298.9,2,89,pressure,away,A10,40.7,36.6,,,,,0,255,,,,,
SYN-00002-01885,1885,5420.9,5298.9,2,89,pass,home,H06,40.7,36.6,56.1,26.5,complete,H07,1,255,54.9,,18.4,left_foot,
SYN-00002-01886,1886,5423.8,5301.9,2,89,pass,home,H07,56.1,26.5,47.4,33.6,complete,H06,0,255,48.1,,11.2,right_foot,
SYN-00002-01887,1887,5426.7,5304.7,2,89,carry,home,H06,47.4,33.6,53,29.3,dispossessed,,0,255,,15.6,7,,
SYN-00002-01888,1888,5428.3,5306.4,2,89,tackle,away,A10,53,29.3,,,won,,0,255,,,,,
SYN-00002-01889,1889,5428.3,5306.4,2,89,possession_change,away,A10,53,29.3,,,tackle,,0,256,,,,,
SYN-00002-01890,1890,5429,5307.1,2,89,pass,away,A10,53,29.3,60.7,38.3,complete,A06,0,256,36.2,,11.8,right_foot,
SYN-00002-01891,1891,5431.9,5310,2,89,pass,away,A06,60.7,38.3,58.2,19.8,complete,A08,0,256,56.2,,18.7,right_foot,
SYN-00002-01892,1892,5435.7,5313.8,2,89,pass,away,A08,58.2,19.8,78.4,34.5,incomplete,A04,0,256,68.5,,24.9,right_foot,
SYN-00002-01893,1893,5439.3,5317.4,2,89,possession_change,home,H10,78.4,34.5,,,recovery,,0,257,,,,,
SYN-00002-01894,1894,5439.3,5317.4,2,89,pass,home,H10,78.4,34.5,65.9,43.3,complete,H08,0,257,46.8,,15.3,right_foot,
SYN-00002-01895,1895,5441.7,5319.8,2,89,pressure,away,A07,65.9,43.3,,,,,0,257,,,,,
SYN-00002-01896,1896,5441.7,5319.8,2,89,pass,home,H08,65.9,43.3,87.2,61.3,complete,H11,1,257,64.6,,27.9,right_foot,
SYN-00002-01897,1897,5445,5323,2,89,shot,home,H11,87.2,61.3,89.2,61.3,blocked,,0,257,83.5,,32.6,foot,0.011
SYN-00002-01898,1898,5446.9,5324.9,2,89,possession_change,away,A14,87.2,61.3,,,blocked_shot,,0,258,,,,,
SYN-00002-01899,1899,5447.9,5325.9,2,89,pass,away,A14,87.2,61.3,82.8,68,out,A06,0,258,45.7,,23.8,right_foot,
SYN-00002-01900,1900,5449.7,5327.8,2,89,possession_change,home,H11,82.8,67,,,out_of_play,,0,259,,,,,
SYN-00002-01901,1901,5465.3,5343.3,2,90,pass,home,H11,82.8,67,68,58.1,complete,H08,0,259,46.2,,17.2,left_foot,
SYN-00002-01902,1902,5468,5346,2,90,pressure,away,A07,68,58.1,,,,,0,259,,,,,
SYN-00002-01903,1903,5468,5346,2,90,pass,home,H08,68,58.1,81.4,63.6,intercepted,H11,1,259,57.7,,18.7,left_foot,
SYN-00002-01904,1904,5468.9,5346.9,2,90,interception,away,A14,81.4,63.6,,,won,,0,259,,,,,
SYN-00002-01905,1905,5468.9,5346.9,2,90,possession_change,away,A14,81.4,63.6,,,interception,,0,260,,,,,
SYN-00002-01906,1906,5470.2,5348.2,2,90,pass,away,A14,81.4,63.6,60.6,56.4,complete,A07,0,260,61.2,,22,right_foot,
SYN-00002-01907,1907,5472.7,5350.8,2,90,pass,away,A07,60.6,56.4,61.6,36.7,complete,A06,0,260,51.5,,19.7,right_foot,
SYN-00002-01908,1908,5475.6,5353.7,2,90,pass,away,A06,61.6,36.7,88.3,47.5,complete,A03,0,260,63.9,,28.8,left_foot,
SYN-00002-01909,1909,5480.1,5358.1,2,90,pass,away,A03,88.3,47.5,88.5,57.5,complete,A14,0,260,41.6,,10.1,right_foot,
SYN-00002-01910,1910,5482.6,5360.7,2,90,pass,away,A14,88.5,57.5,66.5,23.7,incomplete,A08,0,260,86.4,,41.5,right_foot,
SYN-00002-01911,1911,5485.8,5363.9,2,90,possession_change,home,H09,66.5,23.7,,,recovery,,0,261,,,,,
SYN-00002-01912,1912,5485.8,5363.9,2,90,pressure,away,A08,66.5,23.7,,,,,0,261,,,,,
SYN-00002-01913,1913,5485.8,5363.9,2,90,carry,home,H09,66.5,23.7,73.9,23.7,complete,,1,261,,24.1,7.3,,
SYN-00002-01914,1914,5486.9,5365,2,90,pass,home,H09,73.9,23.7,91.7,28.2,intercepted,H10,0,261,75.4,,31.1,right_foot,
SYN-00002-01915,1915,5487.8,5365.8,2,90,interception,away,A04,91.7,28.2,,,won,,0,261,,,,,
SYN-00002-01916,1916,5487.8,5365.8,2,90,possession_change,away,A04,91.7,28.2,,,interception,,0,262,,,,,
SYN-00002-01917,1917,5488.6,5366.6,2,90,pass,away,A04,91.7,28.2,80.7,9.8,complete,A05,0,262,53.8,,21.5,left_foot,
SYN-00002-01918,1918,5491.1,5369.1,2,90,pass,away,A05,80.7,9.8,91.9,37,complete,A03,0,262,70.3,,29.5,head,
SYN-00002-01919,1919,5495,5373,2,90,pressure,home,H10,91.9,37,,,,,0,262,,,,,
SYN-00002-01920,1920,5495,5373,2,90,pass,away,A03,91.9,37,78.5,68,out,A14,1,262,45.4,,18.5,right_foot,
SYN-00002-01921,1921,5496.4,5374.5,2,90,possession_change,home,H11,78.5,67,,,out_of_play,,0,263,,,,,
SYN-00002-01922,1922,5512.4,5390.4,2,90,pass,home,H11,78.5,67,58,43.4,complete,H06,0,263,68.9,,31.2,left_foot,
SYN-00002-01923,1923,5515.9,5394,2,90,pass,home,H06,58,43.4,60,25.8,complete,H07,0,263,56.6,,17.7,right_foot,
SYN-00002-01924,1924,5518.5,5396.6,2,90,pass,home,H07,60,25.8,78.9,3.3,complete,H09,0,263,65,,29.4,right_foot,
SYN-00002-01925,1925,5521.2,5399.3,2,90,carry,home,H09,78.9,3.3,93.8,1.2,complete,,0,263,,20.4,15.1,,
SYN-00002-01926,1926,5523.9,5402,2,91,pass,home,H09,93.8,1.2,103.5,27,complete,H10,0,263,63,,27.6,right_foot,
SYN-00002-01927,1927,5527.7,5405.7,2,91,pass,home,H10,103.5,27,101.3,1,complete,H09,0,263,68.3,,26.1,right_foot,
SYN-00002-01928,1928,5531.7,5409.8,2,91,pressure,away,A05,101.3,1,,,,,0,263,,,,,
SYN-00002-01929,1929,5531.7,5409.8,2,91,pass,home,H09,101.3,1,80.2,10.7,complete,H07,1,263,63.6,,23.2,left_foot,
SYN-00002-01930,1930,5535.2,5413.3,2,91,pass,home,H07,80.2,10.7,102.4,33.7,complete,H10,0,263,63.9,,31.9,left_foot,
SYN-00002-01931,1931,5539.8,5417.8,2,91,pass,home,H10,102.4,33.7,101.2,63.1,incomplete,H11,0,263,57.3,,27.1,right_foot,
SYN-00002-01932,1932,5543.1,5421.2,2,91,possession_change,away,A14,101.2,63.1,,,recovery,,0,264,,,,,
SYN-00002-01933,1933,5543.1,5421.2,2,91,pass,away,A14,101.2,63.1,101.9,47.9,complete,A03,0,264,48.9,,15.2,right_foot,
SYN-00002-01934,1934,5546.6,5424.7,2,91,pass,away,A03,101.9,47.9,75,45.5,complete,A07,0,264,64.4,,27,right_foot,
SYN-00002-01935,1935,5549.5,5427.5,2,91,pass,away,A07,75,45.5,82.5,11.4,complete,A05,0,264,64.5,,34.9,left_foot,
SYN-00002-01936,1936,5554.3,5432.4,2,91,pass,away,A05,82.5,11.4,62.9,16.7,complete,A08,0,264,50.9,,20.3,right_foot,
SYN-00002-01937,1937,5557.1,5435.2,2,91,pass,away,A08,62.9,16.7,51.5,42.8,complete,A07,0,264,64.8,,28.5,left_foot,
SYN-00002-01938,1938,5560.5,5438.6,2,91,carry,away,A07,51.5,42.8,40.3,45.6,complete,,0,264,,14.1,11.5,,
SYN-00002-01939,1939,5563.4,5441.5,2,91,carry,away,A07,40.3,45.6,28.7,46.1,complete,,0,264,,16.8,11.6,,
SYN-00002-01940,1940,5565.9,5444,2,91,pass,away,A07,28.7,46.1,15.5,61.5,complete,A13,0,264,54.9,,20.3,left_foot,
SYN-00002-01941,1941,5569.9,5448,2,91,carry,away,A13,15.5,61.5,2.7,56.1,complete,,0,264,,22.8,13.9,,
SYN-00002-01942,1942,5572.1,5450.2,2,91,pass,away,A13,2.7,56.1,2.1,43.5,incomplete,A10,0,264,49.5,,15,left_foot,
SYN-00002-01943,1943,5574.9,5453,2,91,possession_change,home,H01,2.1,43.5,,,recovery,,0,265,,,,,
SYN-00002-01944,1944,5574.9,5453,2,91,pressure,away,A10,2.1,43.5,,,,,0,265,,,,,
SYN-00002-01945,1945,5574.9,5453,2,91,pass,home,H01,2.1,43.5,17.2,36.9,complete,H06,1,265,49.2,,16.5,left_foot,
SYN-00002-01946,1946,5578.5,5456.6,2,91,pass,home,H06,17.2,36.9,11.7,21,complete,H03,0,265,49.5,,16.8,right_foot,
SYN-00002-01947,1947,5581.6,5459.6,2,91,pressure,away,A10,11.7,21,,,,,0,265,,,,,
SYN-00002-01948,1948,5581.6,5459.6,2,91,carry,home,H03,11.7,21,20.3,25.6,complete,,1,265,,17.5,9.8,,
SYN-00002-01949,1949,5583.6,5461.7,2,92,pressure,away,A10,20.3,25.6,,,,,0,265,,,,,
SYN-00002-01950,1950,5583.6,5461.7,2,92,pass,home,H03,20.3,25.6,2.4,35.4,complete,H01,1,265,55.5,,20.4,left_foot,
SYN-00002-01951,1951,5586.3,5464.4,2,92,pressure,away,A10,2.4,35.4,,,,,0,265,,,,,
SYN-00002-01952,1952,5586.3,5464.4,2,92,pass,home,H01,2.4,35.4,1,26.5,complete,H03,1,265,44,,9,right_foot,
SYN-00002-01953,1953,5588.7,5466.8,2,92,pressure,away,A10,1,26.5,,,,,0,265,,,,,
SYN-00002-01954,1954,5588.7,5466.8,2,92,pass,home,H03,1,26.5,31.3,44.6,complete,H08,1,265,70.3,,35.3,right_foot,
SYN-00002-01955,1955,5592,5470.1,2,92,pressure,away,A10,31.3,44.6,,,,,0,265,,,,,
SYN-00002-01956,1956,5592,5470.1,2,92,pass,home,H08,31.3,44.6,28.5,64.5,complete,H05,1,265,54.6,,20.1,right_foot,
SYN-00002-01957,1957,5594.8,5472.9,2,92,pass,home,H05,28.5,64.5,39.6,56.1,complete,H08,0,265,44.9,,13.9,left_foot,
SYN-00002-01958,1958,5597,5475.1,2,92,carry,home,H08,39.6,56.1,47.7,50.7,complete,,0,265,,23.7,9.7,,
SYN-00002-01959,1959,5598.5,5476.5,2,92,pass,home,H08,47.7,50.7,54.3,26.6,complete,H07,0,265,59.2,,25,left_foot,
SYN-00002-01960,1960,5601.9,5480,2,92,pass,home,H07,54.3,26.6,22.4,37.1,incomplete,H15,0,265,77.7,,35.6,right_foot,
SYN-00002-01961,1961,5605,5483.1,2,92,possession_change,away,A10,22.4,37.1,,,recovery,,0,266,,,,,
SYN-00002-01962,1962,5605,5483.1,2,92,pass,away,A10,22.4,37.1,5.3,16.5,incomplete,A15,0,266,59.8,,25.9,right_foot,
SYN-00002-01963,1963,5609,5487,2,92,possession_change,home,H13,5.3,16.5,,,recovery,,0,267,,,,,
SYN-00002-01964,1964,5609,5487,2,92,pressure,away,A10,5.3,16.5,,,,,0,267,,,,,
SYN-00002-01965,1965,5609,5487,2,92,pass,home,H13,5.3,16.5,19,36.2,complete,H06,1,267,52.6,,24,right_foot,
SYN-00002-01966,1966,5612.8,5490.8,2,92,carry,home,H06,19,36.2,26.3,23,complete,,0,267,,24.8,15,,
SYN-00002-01967,1967,5614.9,5493,2,92,pass,home,H06,26.3,23,6.6,31.3,intercepted,H01,0,267,63.1,,26.2,left_foot,
SYN-00002-01968,1968,5616.2,5494.2,2,92,interception,away,A10,6.6,31.3,,,won,,0,267,,,,,
SYN-00002-01969,1969,5616.2,5494.2,2,92,possession_change,away,A10,6.6,31.3,,,interception,,0,268,,,,,
SYN-00002-01970,1970,5617,5495.1,2,92,carry,away,A10,6.6,31.3,1,41.7,complete,,0,268,,17.7,14.7,,
SYN-00002-01971,1971,5620,5498.1,2,92,pressure,home,H15,1,41.7,,,,,0,268,,,,,
SYN-00002-01972,1972,5620,5498.1,2,92,pass,away,A10,1,41.7,34.1,45.5,incomplete,A07,1,268,65.3,,28,right_foot,
SYN-00002-01973,1973,5622.9,5501,2,92,possession_change,home,H10,34.1,45.5,,,recovery,,0,269,,,,,
SYN-00002-01974,1974,5622.9,5501,2,92,pass,home,H10,34.1,45.5,35.1,40.9,complete,H06,0,269,28.7,,4.7,left_foot,
SYN-00002-01975,1975,5624.6,5502.7,2,92,carry,home,H06,35.1,40.9,41.8,40.2,complete,,0,269,,16.3,6.8,,
SYN-00002-01976,1976,5626.1,5504.2,2,92,pressure,away,A10,41.8,40.2,,,,,0,269,,,,,
SYN-00002-01977,1977,5626.1,5504.2,2,92,pass,home,H06,41.8,40.2,30.4,55.3,complete,H05,1,269,36.9,,19,left_foot,
SYN-00002-01978,1978,5630.4,5508.5,2,92,pass,home,H05,30.4,55.3,43.7,51,complete,H08,0,269,45.8,,14,left_foot,
SYN-00002-01979,1979,5632.7,5510.8,2,92,pressure,away,A10,43.7,51,,,,,0,269,,,,,
SYN-00002-01980,1980,5632.7,5510.8,2,92,pass,home,H08,43.7,51,68.6,68,out,H11,1,269,59.9,,30,left_foot,
SYN-00002-01981,1981,5634.5,5512.6,2,92,possession_change,away,A14,68.6,67,,,out_of_play,,0,270,,,,,
SYN-00002-01982,1982,5645.3,5523.4,2,93,pass,away,A14,68.6,67,60.3,58.4,complete,A07,0,270,46.7,,12,left_foot,
SYN-00002-01983,1983,5648.7,5526.8,2,93,carry,away,A07,60.3,58.4,47.5,58.1,complete,,0,270,,24.6,12.8,,
SYN-00002-01984,1984,5650.6,5528.7,2,93,pass,away,A07,47.5,58.1,67.1,61.1,complete,A14,0,270,52.1,,19.8,head,
SYN-00002-01985,1985,5654.8,5532.9,2,93,pressure,home,H11,67.1,61.1,,,,,0,270,,,,,
SYN-00002-01986,1986,5654.8,5532.9,2,93,pass,away,A14,67.1,61.1,55.5,53.8,complete,A07,1,270,49.9,,13.7,right_foot,
SYN-00002-01987,1987,5657.4,5535.5,2,93,carry,away,A07,55.5,53.8,50.6,50.4,complete,,0,270,,20.5,5.9,,
SYN-00002-01988,1988,5658.5,5536.6,2,93,pass,away,A07,50.6,50.4,23,62.9,complete,A13,0,270,69.1,,30.4,left_foot,
SYN-00002-01989,1989,5662.4,5540.4,2,93,pass,away,A13,23,62.9,57.7,61.8,complete,A14,0,270,71.5,,34.8,left_foot,
SYN-00002-01990,1990,5665.2,5543.3,2,93,carry,away,A14,57.7,61.8,47.2,67,complete,,0,270,,23.4,13.7,,
SYN-00002-01991,1991,5667.3,5545.4,2,93,pass,away,A14,47.2,67,20.4,67,complete,A13,0,270,60.4,,26.8,left_foot,
SYN-00002-01992,1992,5670.1,5548.2,2,93,carry,away,A13,20.4,67,14.9,67,dispossessed,,0,270,,24,7.5,,
SYN-00002-01993,1993,5671.3,5549.3,2,93,foul,home,H05,14.9,67,,,free_kick,,0,270,,,,,
SYN-00002-01994,1994,5696.8,5574.8,2,93,pressure,home,H05,14.9,67,,,,,0,271,,,,,
SYN-00002-01995,1995,5696.8,5574.8,2,93,pass,away,A13,14.9,67,1,43.1,complete,A10,1,271,65.8,,27.6,right_foot,
SYN-00002-01996,1996,5699.4,5577.5,2,93,pressure,home,H15,1,43.1,,,,,0,271,,,,,
SYN-00002-01997,1997,5699.4,5577.5,2,93,pass,away,A10,1,43.1,3.4,56.9,complete,A13,1,271,40.8,,14,right_foot,
SYN-00002-01998,1998,5701.9,5579.9,2,93,pass,away,A13,3.4,56.9,26,55.6,complete,A07,0,271,56.6,,22.6,left_foot,
SYN-00002-01999,1999,5705.4,5583.4,2,94,pass,away,A07,26,55.6,3.4,37.2,complete,A10,0,271,61.1,,29.1,left_foot,
SYN-00002-02000,2000,5708.6,5586.7,2,94,pass,away,A10,3.4,37.2,3.4,50.3,intercepted,A13,0,271,48.6,,17.4,right_foot,
SYN-00002-02001,2001,5709.5,5587.6,2,94,interception,home,H15,3.4,50.3,,,won,,0,271,,,,,
SYN-00002-02002,2002,5709.5,5587.6,2,94,possession_change,home,H15,3.4,50.3,,,interception,,0,272,,,,,
SYN-00002-02003,2003,5710.2,5588.3,2,94,pass,home,H15,3.4,50.3,28.3,40.2,complete,H06,0,272,55.3,,26.9,right_foot,
SYN-00002-02004,2004,5713.6,5591.7,2,94,carry,home,H06,28.3,40.2,40.4,40.5,complete,,0,272,,24.3,12.1,,
SYN-00002-02005,2005,5715.4,5593.5,2,94,pressure,away,A10,40.4,40.5,,,,,0,272,,,,,
SYN-00002-02006,2006,5715.4,5593.5,2,94,pass,home,H06,40.4,40.5,47,46.9,complete,H08,1,272,41.5,,9.1,left_foot,
SYN-00002-02007,2007,5717.9,5596,2,94,pressure,away,A10,47,46.9,,,,,0,272,,,,,
SYN-00002-02008,2008,5717.9,5596,2,94,pass,home,H08,47,46.9,64.7,55.3,intercepted,H11,1,272,72.9,,34.3,right_foot,
SYN-00002-02009,2009,5718.9,5597,2,94,interception,away,A07,64.7,55.3,,,won,,0,272,,,,,
SYN-00002-02010,2010,5718.9,5597,2,94,possession_change,away,A07,64.7,55.3,,,interception,,0,273,,,,,
SYN-00002-02011,2011,5720,5598.1,2,94,carry,away,A07,64.7,55.3,61.1,57.5,complete,,0,273,,22.5,4.3,,
SYN-00002-02012,2012,5720.7,5598.8,2,94,carry,away,A07,61.1,57.5,49.1,50.3,complete,,0,273,,23.9,14,,
SYN-00002-02013,2013,5722.8,5600.9,2,94,pass,away,A07,49.1,50.3,62.9,44.7,complete,A06,0,273,46.4,,14.9,left_foot,
SYN-00002-02014,2014,5726.4,5604.5,2,94,pass,away,A06,62.9,44.7,77.7,61.1,complete,A14,0,273,52.2,,22.1,right_foot,
SYN-00002-02015,2015,5729.3,5607.4,2,94,pass,away,A14,77.7,61.1,104,42.4,complete,A01,0,273,64.7,,32.3,left_foot,
SYN-00002-02016,2016,5733.8,5611.9,2,94,carry,away,A01,104,42.4,95.8,36.2,complete,,0,273,,24.1,10.3,,
SYN-00002-02017,2017,5735.3,5613.4,2,94,carry,away,A01,95.8,36.2,90.2,32.9,complete,,0,273,,22.3,6.5,,
SYN-00002-02018,2018,5736.4,5614.4,2,94,pass,away,A01,90.2,32.9,61.8,16.6,complete,A08,0,273,76.4,,32.7,right_foot,
SYN-00002-02019,2019,5739.9,5618,2,94,carry,away,A08,61.8,16.6,55.2,23.7,complete,,0,273,,25.6,9.7,,
SYN-00002-02020,2020,5741.2,5619.3,2,94,carry,away,A08,55.2,23.7,46.4,27.9,complete,,0,273,,18.3,9.8,,
SYN-00002-02021,2021,5743.2,5621.2,2,94,pass,away,A08,46.4,27.9,14.9,33.6,complete,A10,0,273,64.9,,32,left_foot,
SYN-00002-02022,2022,5747.5,5625.6,2,94,pass,away,A10,14.9,33.6,14.7,52.5,intercepted,A13,0,273,72.8,,27.3,right_foot,
SYN-00002-02023,2023,5748.4,5626.5,2,94,interception,home,H05,14.7,52.5,,,won,,0,273,,,,,
SYN-00002-02024,2024,5748.4,5626.5,2,94,possession_change,home,H05,14.7,52.5,,,interception,,0,274,,,,,
SYN-00002-02025,2025,5749.8,5627.8,2,94,pressure,away,A10,14.7,52.5,,,,,0,274,,,,,
SYN-00002-02026,2026,5749.8,5627.8,2,94,pass,home,H05,14.7,52.5,3.1,34.8,complete,H01,1,274,52.9,,21.2,left_foot,
SYN-00002-02027,2027,5754.1,5632.2,2,94,pass,home,H01,3.1,34.8,29.7,23.4,complete,H07,0,274,66.3,,28.9,right_foot,
SYN-00002-02028,2028,5758.4,5636.5,2,94,pass,home,H07,29.7,23.4,18.3,7.5,complete,H13,0,274,60.4,,19.6,right_foot,
SYN-00002-02029,2029,5762.2,5640.2,2,95,period_end,home,,,,,,end_of_period_2,,0,274,,,,,
