id,seq,t,clock,period,minute,type,team,player_id,x,y,end_x,end_y,outcome,receiver_id,under_pressure,possession,ball_speed_kmh,player_speed_kmh,distance_m,body_part,xg
SYN-00003-00001,1,0,0,1,1,kickoff,away,A10,52.5,34,,,,,0,1,,,,,
SYN-00003-00002,2,1,1,1,1,pass,away,A10,52.5,34,52.8,24.5,complete,A08,0,1,43,,9.5,right_foot,
SYN-00003-00003,3,3.1,3.1,1,1,carry,away,A08,52.8,24.5,49.3,26.8,complete,,0,1,,20.9,4.2,,
SYN-00003-00004,4,3.8,3.8,1,1,pass,away,A08,49.3,26.8,53.8,42.3,complete,A07,0,1,50.7,,16.1,right_foot,
SYN-00003-00005,5,6.5,6.5,1,1,carry,away,A07,53.8,42.3,39,45.7,complete,,0,1,,15.4,15.1,,
SYN-00003-00006,6,10.1,10.1,1,1,pass,away,A07,39,45.7,73.9,46.4,complete,A03,0,1,65,,34.9,right_foot,
SYN-00003-00007,7,14.1,14.1,1,1,pass,away,A03,73.9,46.4,61.4,23.3,complete,A08,0,1,61.3,,26.2,right_foot,
SYN-00003-00008,8,17.3,17.3,1,1,pass,away,A08,61.4,23.3,50.4,48.7,complete,A07,0,1,58.5,,27.7,right_foot,
SYN-00003-00009,9,20.6,20.6,1,1,pass,away,A07,50.4,48.7,15.3,58.9,incomplete,A09,0,1,63.4,,35,left_foot,
SYN-00003-00010,10,23.8,23.8,1,1,possession_change,home,H05,15.3,58.9,,,recovery,,0,2,,,,,
SYN-00003-00011,11,23.8,23.8,1,1,pass,home,H05,15.3,58.9,4.5,38.5,complete,H01,0,2,55.4,,23.2,right_foot,
SYN-00003-00012,12,26.5,26.5,1,1,pass,home,H01,4.5,38.5,38.7,16.2,complete,H07,0,2,85.7,,40.8,head,
SYN-00003-00013,13,29.9,29.9,1,1,pass,home,H07,38.7,16.2,29.1,6.4,complete,H02,0,2,48.8,,13.7,right_foot,
SYN-00003-00014,14,33.9,33.9,1,1,pass,home,H02,29.1,6.4,45.4,14.9,complete,H07,0,2,47.3,,18.4,right_foot,
SYN-00003-00015,15,37.5,37.5,1,1,pass,home,H07,45.4,14.9,73.5,4.7,complete,H09,0,2,64.9,,29.9,left_foot,
SYN-00003-00016,16,41.4,41.4,1,1,pass,home,H09,73.5,4.7,62.9,12.3,complete,H07,0,2,53.6,,13.1,left_foot,
SYN-00003-00017,17,43.4,43.4,1,1,pass,home,H07,62.9,12.3,24.2,20.8,complete,H03,0,2,71.6,,39.6,left_foot,
SYN-00003-00018,18,47.9,47.9,1,1,carry,home,H03,24.2,20.8,32.3,20,complete,,0,2,,23.5,8.1,,
SYN-00003-00019,19,49.2,49.2,1,1,pass,home,H03,32.3,20,16,38.1,complete,H04,0,2,54.7,,24.4,right_foot,
SYN-00003-00020,20,52.8,52.8,1,1,pass,home,H04,16,38.1,26.8,32.6,complete,H06,0,2,40.6,,12.1,left_foot,
SYN-00003-00021,21,56.5,56.5,1,1,pass,home,H06,26.8,32.6,40.8,44.8,complete,H08,0,2,60,,18.5,left_foot,
SYN-00003-00022,22,58.7,58.7,1,1,pass,home,H08,40.8,44.8,29.3,62,complete,H05,0,2,61.3,,20.7,left_foot,
SYN-00003-00023,23,61.5,61.5,1,2,pass,home,H05,29.3,62,16.5,44.6,complete,H04,0,2,54.5,,21.6,right_foot,
SYN-00003-00024,24,65.6,65.6,1,2,pass,home,H04,16.5,44.6,42.9,49.9,complete,H08,0,2,61.5,,27,right_foot,
SYN-00003-00025,25,69.8,69.8,1,2,carry,home,H08,42.9,49.9,51.5,48.4,complete,,0,2,,24.2,8.7,,
SYN-00003-00026,26,71.1,71.1,1,2,carry,home,H08,51.5,48.4,60.4,49.6,complete,,0,2,,24,9,,
SYN-00003-00027,27,72.5,72.5,1,2,pressure,away,A07,60.4,49.6,,,,,0,2,,,,,
SYN-00003-00028,28,72.5,72.5,1,2,carry,home,H08,60.4,49.6,66,54,dispossessed,,1,2,,17.2,7.1,,
SYN-00003-00029,29,74,74,1,2,tackle,away,A07,66,54,,,won,,0,2,,,,,
SYN-00003-00030,30,74,74,1,2,possession_change,away,A07,66,54,,,tackle,,0,3,,,,,
SYN-00003-00031,31,75.5,75.5,1,2,pass,away,A07,66,54,57.3,27.5,complete,A08,0,3,56.9,,27.9,right_foot,
SYN-00003-00032,32,78.4,78.4,1,2,pass,away,A08,57.3,27.5,63,35.1,complete,A06,0,3,43.8,,9.5,head,
SYN-00003-00033,33,80.8,80.8,1,2,pass,away,A06,63,35.1,87.2,29.7,complete,A04,0,3,63,,24.7,right_foot,
SYN-00003-00034,34,84.4,84.4,1,2,pressure,home,H10,87.2,29.7,,,,,0,3,,,,,
SYN-00003-00035,35,84.4,84.4,1,2,pass,away,A04,87.2,29.7,104,36.2,complete,A01,1,3,41.2,,18.1,right_foot,
SYN-00003-00036,36,88.1,88.1,1,2,pass,away,A01,104,36.2,99.4,56.1,complete,A02,0,3,49.2,,20.4,left_foot,
SYN-00003-00037,37,91.6,91.6,1,2,pass,away,A02,99.4,56.1,77,58.2,incomplete,A07,0,3,70.4,,29,right_foot,
SYN-00003-00038,38,94.6,94.6,1,2,possession_change,home,H11,77,58.2,,,recovery,,0,4,,,,,
SYN-00003-00039,39,94.6,94.6,1,2,sprint,home,H07,66.4,28.1,,,,,0,4,,29.2,22.7,,
SYN-00003-00040,40,94.6,94.6,1,2,pass,home,H11,77,58.2,93.5,47.4,intercepted,H10,0,4,65.6,,30.3,right_foot,
SYN-00003-00041,41,95.7,95.7,1,2,interception,away,A03,93.5,47.4,,,won,,0,4,,,,,
SYN-00003-00042,42,95.7,95.7,1,2,possession_change,away,A03,93.5,47.4,,,interception,,0,5,,,,,
SYN-00003-00043,43,96.7,96.7,1,2,pressure,home,H10,93.5,47.4,,,,,0,5,,,,,
SYN-00003-00044,44,96.7,96.7,1,2,pass,away,A03,93.5,47.4,83.7,41.8,complete,A06,1,5,45.3,,11.3,right_foot,
SYN-00003-00045,45,98.8,98.8,1,2,pass,away,A06,83.7,41.8,104,37.9,complete,A01,0,5,48.4,,20.6,right_foot,
SYN-00003-00046,46,102.9,102.9,1,2,pressure,home,H10,104,37.9,,,,,0,5,,,,,
SYN-00003-00047,47,102.9,102.9,1,2,pass,away,A01,104,37.9,101.4,9.7,incomplete,A05,1,5,72.4,,31.5,right_foot,
SYN-00003-00048,48,106.5,106.5,1,2,possession_change,home,H09,101.4,9.7,,,recovery,,0,6,,,,,
SYN-00003-00049,49,106.5,106.5,1,2,shot,home,H09,101.4,9.7,105,36.1,saved,,0,6,96,,24.6,foot,0.028
SYN-00003-00050,50,107.9,107.9,1,2,possession_change,away,A01,99,34,,,goalkeeper_save,,0,7,,,,,
SYN-00003-00051,51,116.5,116.5,1,2,pass,away,A01,99,34,84,34,complete,A06,0,7,43.5,,15,right_foot,
SYN-00003-00052,52,119,119,1,2,pass,away,A06,84,34,85.4,59.3,complete,A02,0,7,59.6,,25.3,right_foot,
SYN-00003-00053,53,122.6,122.6,1,3,pressure,home,H10,85.4,59.3,,,,,0,7,,,,,
SYN-00003-00054,54,122.6,122.6,1,3,pass,away,A02,85.4,59.3,100.2,50.3,complete,A03,1,7,51.8,,17.3,right_foot,
SYN-00003-00055,55,124.9,124.9,1,3,pressure,home,H10,100.2,50.3,,,,,0,7,,,,,
SYN-00003-00056,56,124.9,124.9,1,3,pass,away,A03,100.2,50.3,104,26.3,complete,A04,1,7,69.2,,24.2,right_foot,
SYN-00003-00057,57,128,128,1,3,pass,away,A04,104,26.3,76.8,45.4,complete,A07,0,7,75.6,,33.2,left_foot,
SYN-00003-00058,58,131.9,131.9,1,3,sprint,home,H03,23.4,29.6,,,,,0,7,,30.2,36.2,,
SYN-00003-00059,59,131.9,131.9,1,3,pass,away,A07,76.8,45.4,94.5,52.5,complete,A03,0,7,50.2,,19.1,left_foot,
SYN-00003-00060,60,134.9,134.9,1,3,pass,away,A03,94.5,52.5,98.5,36.3,complete,A01,0,7,54.2,,16.7,right_foot,
SYN-00003-00061,61,138.2,138.2,1,3,pass,away,A01,98.5,36.3,96.9,61.4,complete,A02,0,7,56,,25.2,right_foot,
SYN-00003-00062,62,142.7,142.7,1,3,pressure,home,H10,96.9,61.4,,,,,0,7,,,,,
SYN-00003-00063,63,142.7,142.7,1,3,pass,away,A02,96.9,61.4,82.8,35.8,incomplete,A06,1,7,54.7,,25.9,right_foot,
SYN-00003-00064,64,146.2,146.2,1,3,possession_change,home,H10,82.8,35.8,,,recovery,,0,8,,,,,
SYN-00003-00065,65,146.2,146.2,1,3,carry,home,H10,82.8,35.8,89.9,36.1,complete,,0,8,,24.2,7.1,,
SYN-00003-00066,66,147.3,147.3,1,3,pass,home,H10,89.9,36.1,93.4,14.9,intercepted,H09,0,8,55.1,,22.7,left_foot,
SYN-00003-00067,67,148.7,148.7,1,3,interception,away,A05,93.4,14.9,,,won,,0,8,,,,,
SYN-00003-00068,68,148.7,148.7,1,3,possession_change,away,A05,93.4,14.9,,,interception,,0,9,,,,,
SYN-00003-00069,69,149.6,149.6,1,3,carry,away,A05,93.4,14.9,82.1,7.8,complete,,0,9,,18.6,13.3,,
SYN-00003-00070,70,152.1,152.1,1,3,pass,away,A05,82.1,7.8,96.5,35.6,complete,A03,0,9,59.7,,31.3,right_foot,
SYN-00003-00071,71,156.1,156.1,1,3,carry,away,A03,96.5,35.6,95.4,24.8,complete,,0,9,,16,10.9,,
SYN-00003-00072,72,158.6,158.6,1,3,pass,away,A03,95.4,24.8,98.4,0,out,A04,0,9,34.1,,2.3,right_foot,
SYN-00003-00073,73,158.8,158.8,1,3,possession_change,home,H09,98.4,1,,,out_of_play,,0,10,,,,,
SYN-00003-00074,74,171.2,171.2,1,3,carry,home,H09,98.4,1,101.2,1,dispossessed,,0,10,,14.5,5.5,,
SYN-00003-00075,75,172.6,172.6,1,3,tackle,away,A05,101.2,1,,,won,,0,10,,,,,
SYN-00003-00076,76,172.6,172.6,1,3,possession_change,away,A05,101.2,1,,,tackle,,0,11,,,,,
SYN-00003-00077,77,173.3,173.3,1,3,pressure,home,H09,101.2,1,,,,,0,11,,,,,
SYN-00003-00078,78,173.3,173.3,1,3,pass,away,A05,101.2,1,101.7,25.9,complete,A01,1,11,70.8,,24.9,head,
SYN-00003-00079,79,176.8,176.8,1,3,pressure,home,H10,101.7,25.9,,,,,0,11,,,,,
SYN-00003-00080,80,176.8,176.8,1,3,pass,away,A01,101.7,25.9,97.5,9.2,complete,A05,1,11,43.7,,17.3,right_foot,
SYN-00003-00081,81,180,180,1,4,pressure,home,H10,97.5,9.2,,,,,0,11,,,,,
SYN-00003-00082,82,180,180,1,4,pass,away,A05,97.5,9.2,92.6,18.8,complete,A04,1,11,42.2,,10.8,right_foot,
SYN-00003-00083,83,183,183,1,4,pass,away,A04,92.6,18.8,65.2,23.4,complete,A08,0,11,63.3,,27.7,right_foot,
SYN-00003-00084,84,186.7,186.7,1,4,pass,away,A08,65.2,23.4,72.3,7.1,complete,A05,0,11,55.2,,17.7,right_foot,
SYN-00003-00085,85,189.4,189.4,1,4,pass,away,A05,72.3,7.1,83.6,11.9,complete,A04,0,11,40,,12.3,right_foot,
SYN-00003-00086,86,192.4,192.4,1,4,pressure,home,H10,83.6,11.9,,,,,0,11,,,,,
SYN-00003-00087,87,192.4,192.4,1,4,pass,away,A04,83.6,11.9,64.2,18.8,complete,A08,1,11,57.8,,20.6,right_foot,
SYN-00003-00088,88,196.5,196.5,1,4,pass,away,A08,64.2,18.8,65.5,33.3,complete,A06,0,11,45.1,,14.5,left_foot,
SYN-00003-00089,89,198.8,198.8,1,4,sprint,home,H08,39.9,45.7,,,,,0,11,,28,38.2,,
SYN-00003-00090,90,198.8,198.8,1,4,pass,away,A06,65.5,33.3,89,23.2,complete,A04,0,11,64.9,,25.6,left_foot,
SYN-00003-00091,91,202,202,1,4,carry,away,A04,89,23.2,79.2,34.5,complete,,0,11,,23.7,14.9,,
SYN-00003-00092,92,204.2,204.2,1,4,pass,away,A04,79.2,34.5,72.7,36,complete,A06,0,11,33.4,,6.7,right_foot,
SYN-00003-00093,93,206.9,206.9,1,4,pressure,home,H10,72.7,36,,,,,0,11,,,,,
SYN-00003-00094,94,206.9,206.9,1,4,pass,away,A06,72.7,36,31.8,61.2,complete,A09,1,11,97.5,,48,head,
SYN-00003-00095,95,211.1,211.1,1,4,pass,away,A09,31.8,61.2,36.9,50.7,complete,A07,0,11,42,,11.6,left_foot,
SYN-00003-00096,96,214.5,214.5,1,4,pass,away,A07,36.9,50.7,18.3,68,out,A09,0,11,54.5,,24.8,left_foot,
SYN-00003-00097,97,216.2,216.2,1,4,possession_change,home,H05,18.3,67,,,out_of_play,,0,12,,,,,
SYN-00003-00098,98,226,226,1,4,pass,home,H05,18.3,67,42.7,56.3,complete,H08,0,12,72.4,,26.7,left_foot,
SYN-00003-00099,99,229.2,229.2,1,4,pass,home,H08,42.7,56.3,40.1,38.1,complete,H06,0,12,53.2,,18.4,right_foot,
SYN-00003-00100,100,233.1,233.1,1,4,pass,home,H06,40.1,38.1,59.9,0,out,H07,0,12,57.3,,19,left_foot,
SYN-00003-00101,101,234.3,234.3,1,4,possession_change,away,A11,59.9,1,,,out_of_play,,0,13,,,,,
SYN-00003-00102,102,245.1,245.1,1,5,pass,away,A11,59.9,1,64.4,25.3,complete,A06,0,13,64.4,,24.7,right_foot,
SYN-00003-00103,103,247.8,247.8,1,5,pressure,home,H10,64.4,25.3,,,,,0,13,,,,,
SYN-00003-00104,104,247.8,247.8,1,5,pass,away,A06,64.4,25.3,59.2,39.7,complete,A07,1,13,33.8,,15.3,left_foot,
SYN-00003-00105,105,251.4,251.4,1,5,carry,away,A07,59.2,39.7,53.7,38.3,complete,,0,13,,14,5.7,,
SYN-00003-00106,106,252.8,252.8,1,5,sprint,away,A11,26.2,11.1,,,,,0,13,,29.6,40.5,,
SYN-00003-00107,107,252.8,252.8,1,5,pass,away,A07,53.7,38.3,64.4,29.6,complete,A06,0,13,50,,13.8,right_foot,
SYN-00003-00108,108,255.2,255.2,1,5,pressure,home,H10,64.4,29.6,,,,,0,13,,,,,
SYN-00003-00109,109,255.2,255.2,1,5,carry,away,A06,64.4,29.6,53.5,30.8,complete,,1,13,,22.6,11,,
SYN-00003-00110,110,257,257,1,5,carry,away,A06,53.5,30.8,49.8,28.9,complete,,0,13,,24.7,4.2,,
SYN-00003-00111,111,257.6,257.6,1,5,pass,away,A06,49.8,28.9,20.6,4.1,complete,A11,0,13,76.5,,38.3,left_foot,
SYN-00003-00112,112,262.4,262.4,1,5,pressure,home,H02,20.6,4.1,,,,,0,13,,,,,
SYN-00003-00113,113,262.4,262.4,1,5,pass,away,A11,20.6,4.1,1,32.6,complete,A10,1,13,75.2,,34.6,right_foot,
SYN-00003-00114,114,265.1,265.1,1,5,pressure,home,H01,1,32.6,,,,,0,13,,,,,
SYN-00003-00115,115,265.1,265.1,1,5,carry,away,A10,1,32.6,1,36,dispossessed,,1,13,,22.1,3.6,,
SYN-00003-00116,116,265.7,265.7,1,5,foul,home,H01,1,36,,,free_kick,,0,13,,,,,
SYN-00003-00117,117,280.7,280.7,1,5,carry,away,A10,1,36,1,27.9,complete,,0,14,,14.1,15.6,,
SYN-00003-00118,118,284.7,284.7,1,5,pass,away,A10,1,27.9,1,8,complete,A11,0,14,56.2,,19.8,right_foot,
SYN-00003-00119,119,288.8,288.8,1,5,pass,away,A11,1,8,2.6,20.5,intercepted,A10,0,14,54.2,,20.5,right_foot,
SYN-00003-00120,120,289.7,289.7,1,5,interception,home,H01,2.6,20.5,,,won,,0,14,,,,,
SYN-00003-00121,121,289.7,289.7,1,5,possession_change,home,H01,2.6,20.5,,,interception,,0,15,,,,,
SYN-00003-00122,122,290.6,290.6,1,5,pressure,away,A10,2.6,20.5,,,,,0,15,,,,,
SYN-00003-00123,123,290.6,290.6,1,5,pass,home,H01,2.6,20.5,25.4,33.2,complete,H06,1,15,66.2,,26.1,left_foot,
SYN-00003-00124,124,294.8,294.8,1,5,pass,home,H06,25.4,33.2,6.2,38.1,complete,H01,0,15,56.9,,19.8,left_foot,
SYN-00003-00125,125,298,298,1,5,pressure,away,A10,6.2,38.1,,,,,0,15,,,,,
SYN-00003-00126,126,298,298,1,5,pass,home,H01,6.2,38.1,1,27.8,complete,H03,1,15,34.8,,11.5,right_foot,
SYN-00003-00127,127,300.7,300.7,1,6,pass,home,H03,1,27.8,5.1,27.7,incomplete,H01,0,15,33.4,,4.7,head,
SYN-00003-00128,128,302.3,302.3,1,6,possession_change,away,A10,5.1,27.7,,,recovery,,0,16,,,,,
SYN-00003-00129,129,302.3,302.3,1,6,pass,away,A10,5.1,27.7,30.6,18.2,complete,A08,0,16,61.3,,27.1,right_foot,
SYN-00003-00130,130,305.5,305.5,1,6,carry,away,A08,30.6,18.2,20.8,15.2,complete,,0,16,,18.2,10.2,,
SYN-00003-00131,131,307.5,307.5,1,6,pass,away,A08,20.8,15.2,11.3,1.2,complete,A11,0,16,51,,17,right_foot,
SYN-00003-00132,132,311.5,311.5,1,6,pass,away,A11,11.3,1.2,2.6,29.8,complete,A10,0,16,66.3,,29.9,right_foot,
SYN-00003-00133,133,315.7,315.7,1,6,pass,away,A10,2.6,29.8,1.5,14.3,intercepted,A11,0,16,66.2,,23.6,left_foot,
SYN-00003-00134,134,316.5,316.5,1,6,interception,home,H02,1.5,14.3,,,won,,0,16,,,,,
SYN-00003-00135,135,316.5,316.5,1,6,possession_change,home,H02,1.5,14.3,,,interception,,0,17,,,,,
SYN-00003-00136,136,317.3,317.3,1,6,pass,home,H02,1.5,14.3,21.7,31.4,complete,H06,0,17,64.7,,26.4,right_foot,
SYN-00003-00137,137,320.1,320.1,1,6,pass,home,H06,21.7,31.4,38.3,47.4,complete,H08,0,17,53.9,,23,right_foot,
SYN-00003-00138,138,324.6,324.6,1,6,pass,home,H08,38.3,47.4,41.8,27.1,incomplete,H07,0,17,64.8,,23.7,left_foot,
SYN-00003-00139,139,327.9,327.9,1,6,possession_change,away,A10,41.8,27.1,,,recovery,,0,18,,,,,
SYN-00003-00140,140,327.9,327.9,1,6,pass,away,A10,41.8,27.1,47.6,22.9,complete,A08,0,18,42.8,,7.2,head,
SYN-00003-00141,141,330.4,330.4,1,6,sprint,away,A11,23.4,7.2,,,,,0,18,,34.2,23.4,,
SYN-00003-00142,142,330.4,330.4,1,6,pass,away,A08,47.6,22.9,48,40.3,complete,A07,0,18,44.8,,17.5,right_foot,
SYN-00003-00143,143,333.6,333.6,1,6,pass,away,A07,48,40.3,30.2,61.8,complete,A09,0,18,66.5,,27.8,left_foot,
SYN-00003-00144,144,338,338,1,6,pass,away,A09,30.2,61.8,42.6,57.6,complete,A07,0,18,41.6,,13,right_foot,
SYN-00003-00145,145,341.7,341.7,1,6,pressure,home,H08,42.6,57.6,,,,,0,18,,,,,
SYN-00003-00146,146,341.7,341.7,1,6,pass,away,A07,42.6,57.6,43.3,35.3,intercepted,A08,1,18,59.4,,23.7,right_foot,
SYN-00003-00147,147,343.1,343.1,1,6,interception,home,H07,43.3,35.3,,,won,,0,18,,,,,
SYN-00003-00148,148,343.1,343.1,1,6,possession_change,home,H07,43.3,35.3,,,interception,,0,19,,,,,
SYN-00003-00149,149,343.6,343.6,1,6,pass,home,H07,43.3,35.3,15.7,25.4,complete,H03,0,19,65.6,,29.2,right_foot,
SYN-00003-00150,150,347.7,347.7,1,6,pass,home,H03,15.7,25.4,45.3,21.4,complete,H07,0,19,70.5,,29.8,left_foot,
SYN-00003-00151,151,350.7,350.7,1,6,pass,home,H07,45.3,21.4,51.1,43.8,complete,H08,0,19,49.1,,23.2,left_foot,
SYN-00003-00152,152,355.2,355.2,1,6,pressure,away,A10,51.1,43.8,,,,,0,19,,,,,
SYN-00003-00153,153,355.2,355.2,1,6,pass,home,H08,51.1,43.8,83.1,61.1,incomplete,H11,1,19,78.7,,30.1,right_foot,
SYN-00003-00154,154,357.9,357.9,1,6,possession_change,away,A02,83.1,61.1,,,recovery,,0,20,,,,,
SYN-00003-00155,155,357.9,357.9,1,6,pass,away,A02,83.1,61.1,63.9,56.3,complete,A07,0,20,51.3,,19.8,right_foot,
SYN-00003-00156,156,360.8,360.8,1,7,pass,away,A07,63.9,56.3,70.6,35.6,complete,A06,0,20,64,,21.8,left_foot,
SYN-00003-00157,157,363.3,363.3,1,7,pressure,home,H10,70.6,35.6,,,,,0,20,,,,,
SYN-00003-00158,158,363.3,363.3,1,7,pass,away,A06,70.6,35.6,86.6,28.5,complete,A04,1,20,58.2,,17.5,left_foot,
SYN-00003-00159,159,367.3,367.3,1,7,pass,away,A04,86.6,28.5,65,42.3,complete,A07,0,20,66.6,,25.6,left_foot,
SYN-00003-00160,160,370.3,370.3,1,7,pass,away,A07,65,42.3,67.3,38,complete,A06,0,20,31.1,,4.8,right_foot,
SYN-00003-00161,161,373.5,373.5,1,7,pass,away,A06,67.3,38,57.2,26.2,complete,A08,0,20,46.2,,15.6,right_foot,
SYN-00003-00162,162,377.4,377.4,1,7,pass,away,A08,57.2,26.2,46.3,43.4,incomplete,A07,0,20,57.5,,21,right_foot,
SYN-00003-00163,163,380.2,380.2,1,7,possession_change,home,H08,46.3,43.4,,,recovery,,0,21,,,,,
SYN-00003-00164,164,380.2,380.2,1,7,pass,home,H08,46.3,43.4,31,62.9,complete,H05,0,21,57.4,,24.8,left_foot,
SYN-00003-00165,165,383.8,383.8,1,7,carry,home,H05,31,62.9,35.4,63.7,complete,,0,21,,25,4.4,,
SYN-00003-00166,166,384.5,384.5,1,7,pass,home,H05,35.4,63.7,32.9,35.5,complete,H06,0,21,68.8,,28.3,right_foot,
SYN-00003-00167,167,387.1,387.1,1,7,pass,home,H06,32.9,35.5,48.2,48.3,complete,H08,0,21,47.9,,20,right_foot,
SYN-00003-00168,168,391.1,391.1,1,7,carry,home,H08,48.2,48.3,60.8,56.3,complete,,0,21,,16.7,14.9,,
SYN-00003-00169,169,394.3,394.3,1,7,pass,home,H08,60.8,56.3,31.9,46.8,complete,H04,0,21,70.1,,30.4,right_foot,
SYN-00003-00170,170,397.7,397.7,1,7,pass,home,H04,31.9,46.8,48.7,27.1,complete,H07,0,21,60.1,,25.9,right_foot,
SYN-00003-00171,171,402.1,402.1,1,7,pressure,away,A10,48.7,27.1,,,,,0,21,,,,,
SYN-00003-00172,172,402.1,402.1,1,7,pass,home,H07,48.7,27.1,42.9,29.9,complete,H06,1,21,33.6,,6.5,left_foot,
SYN-00003-00173,173,404.8,404.8,1,7,carry,home,H06,42.9,29.9,53.8,20.8,complete,,0,21,,18.2,14.2,,
SYN-00003-00174,174,407.6,407.6,1,7,pass,home,H06,53.8,20.8,54,44.8,complete,H08,0,21,54.9,,24.1,left_foot,
SYN-00003-00175,175,411,411,1,7,pass,home,H08,54,44.8,94.4,34.4,complete,H10,0,21,81.8,,41.8,right_foot,
SYN-00003-00176,176,414.5,414.5,1,7,pass,home,H10,94.4,34.4,98.8,49.2,intercepted,H11,0,21,68.9,,30.3,right_foot,
SYN-00003-00177,177,415.3,415.3,1,7,interception,away,A03,98.8,49.2,,,won,,0,21,,,,,
SYN-00003-00178,178,415.3,415.3,1,7,possession_change,away,A03,98.8,49.2,,,interception,,0,22,,,,,
SYN-00003-00179,179,416.3,416.3,1,7,pass,away,A03,98.8,49.2,102.3,36.4,complete,A04,0,22,44.4,,13.2,right_foot,
SYN-00003-00180,180,418.4,418.4,1,7,pass,away,A04,102.3,36.4,86.8,35.6,complete,A06,0,22,46.4,,15.6,right_foot,
SYN-00003-00181,181,421.9,421.9,1,8,pressure,home,H10,86.8,35.6,,,,,0,22,,,,,
SYN-00003-00182,182,421.9,421.9,1,8,pass,away,A06,86.8,35.6,62.7,52.2,incomplete,A07,1,22,60.1,,26.5,head,
SYN-00003-00183,183,425.6,425.6,1,8,possession_change,home,H11,62.7,52.2,,,recovery,,0,23,,,,,
SYN-00003-00184,184,425.6,425.6,1,8,pass,home,H11,62.7,52.2,44.2,41.5,complete,H06,0,23,51.9,,21.4,right_foot,
SYN-00003-00185,185,429.3,429.3,1,8,pass,home,H06,44.2,41.5,35,64.1,incomplete,H05,0,23,69.7,,29.5,right_foot,
SYN-00003-00186,186,431.9,431.9,1,8,possession_change,away,A09,35,64.1,,,recovery,,0,24,,,,,
SYN-00003-00187,187,431.9,431.9,1,8,pass,away,A09,35,64.1,1,37.1,incomplete,A10,0,24,83.9,,44.1,right_foot,
SYN-00003-00188,188,434.8,434.8,1,8,possession_change,home,H01,1,37.1,,,recovery,,0,25,,,,,
SYN-00003-00189,189,434.8,434.8,1,8,pass,home,H01,1,37.1,7.7,0,out,H02,0,25,77.4,,31.3,left_foot,
SYN-00003-00190,190,436.2,436.2,1,8,possession_change,away,A11,7.7,1,,,out_of_play,,0,26,,,,,
SYN-00003-00191,191,453.6,453.6,1,8,pass,away,A11,7.7,1,26.3,11.3,complete,A08,0,26,53.2,,21.3,left_foot,
SYN-00003-00192,192,457.8,457.8,1,8,pass,away,A08,26.3,11.3,3.5,30,complete,A10,0,26,63.3,,29.5,left_foot,
SYN-00003-00193,193,461.9,461.9,1,8,carry,away,A10,3.5,30,1,28.1,complete,,0,26,,16.6,4.7,,
SYN-00003-00194,194,462.9,462.9,1,8,pressure,home,H01,1,28.1,,,,,0,26,,,,,
SYN-00003-00195,195,462.9,462.9,1,8,pass,away,A10,1,28.1,39.3,29.4,complete,A06,1,26,85.1,,38.3,left_foot,
SYN-00003-00196,196,466.5,466.5,1,8,pass,away,A06,39.3,29.4,12.2,37,complete,A10,0,26,55.2,,28.1,right_foot,
SYN-00003-00197,197,469.7,469.7,1,8,pass,away,A10,12.2,37,9,58.8,complete,A09,0,26,53.1,,22,left_foot,
SYN-00003-00198,198,472.3,472.3,1,8,carry,away,A09,9,58.8,1,62.5,complete,,0,26,,20.8,12,,
SYN-00003-00199,199,474.4,474.4,1,8,pressure,home,H05,1,62.5,,,,,0,26,,,,,
SYN-00003-00200,200,474.4,474.4,1,8,pass,away,A09,1,62.5,1,43.1,complete,A10,1,26,56.7,,19.4,head,
SYN-00003-00201,201,477,477,1,8,pass,away,A10,1,43.1,38.6,40.8,complete,A06,0,26,77.9,,37.7,left_foot,
SYN-00003-00202,202,480.5,480.5,1,9,pass,away,A06,38.6,40.8,7.8,37.6,complete,A10,0,26,76.6,,30.9,right_foot,
SYN-00003-00203,203,483.3,483.3,1,9,shot,away,A10,7.8,37.6,0,36.9,saved,,0,26,75.4,,8.6,foot,0.34
SYN-00003-00204,204,484.2,484.2,1,9,possession_change,home,H01,6,34,,,goalkeeper_save,,0,27,,,,,
SYN-00003-00205,205,488.3,488.3,1,9,pass,home,H01,6,34,32.9,17.6,complete,H07,0,27,71.7,,31.5,right_foot,
SYN-00003-00206,206,492.5,492.5,1,9,pass,home,H07,32.9,17.6,42.5,34.5,incomplete,H08,0,27,58.4,,29.3,head,
SYN-00003-00207,207,496,496,1,9,possession_change,away,A10,42.5,34.5,,,recovery,,0,28,,,,,
SYN-00003-00208,208,496,496,1,9,pass,away,A10,42.5,34.5,15.9,14.6,complete,A11,0,28,71.9,,33.2,left_foot,
SYN-00003-00209,209,500.5,500.5,1,9,pass,away,A11,15.9,14.6,32.3,21.1,complete,A08,0,28,48.7,,17.6,right_foot,
SYN-00003-00210,210,503.2,503.2,1,9,pass,away,A08,32.3,21.1,40.4,44.7,complete,A07,0,28,51.7,,25,right_foot,
SYN-00003-00211,211,506.8,506.8,1,9,pass,away,A07,40.4,44.7,61.2,37,complete,A06,0,28,52,,22.1,right_foot,
SYN-00003-00212,212,510.3,510.3,1,9,carry,away,A06,61.2,37,50.5,34.4,complete,,0,28,,21.1,11,,
SYN-00003-00213,213,512.2,512.2,1,9,pass,away,A06,50.5,34.4,47.6,48.7,complete,A07,0,28,45.4,,14.5,right_foot,
SYN-00003-00214,214,515.2,515.2,1,9,pass,away,A07,47.6,48.7,27,59.9,complete,A09,0,28,59.4,,23.5,right_foot,
SYN-00003-00215,215,517.7,517.7,1,9,shot,away,A09,27,59.9,25,59.9,blocked,,0,28,85.2,,37.4,foot,0.006
SYN-00003-00216,216,519.8,519.8,1,9,possession_change,home,H08,27,59.9,,,blocked_shot,,0,29,,,,,
SYN-00003-00217,217,520.8,520.8,1,9,pressure,away,A09,27,59.9,,,,,0,29,,,,,
SYN-00003-00218,218,520.8,520.8,1,9,pass,home,H08,27,59.9,8.2,45.4,complete,H01,1,29,59.3,,23.8,left_foot,
SYN-00003-00219,219,524.5,524.5,1,9,pressure,away,A10,8.2,45.4,,,,,0,29,,,,,
SYN-00003-00220,220,524.5,524.5,1,9,carry,home,H01,8.2,45.4,11.3,48.4,dispossessed,,1,29,,22.7,4.3,,
SYN-00003-00221,221,525.2,525.2,1,9,foul,away,A10,11.3,48.4,,,free_kick,,0,29,,,,,
SYN-00003-00222,222,549.1,549.1,1,10,carry,home,H01,11.3,48.4,19.4,46.3,complete,,0,30,,15.4,8.4,,
SYN-00003-00223,223,551,551,1,10,pass,home,H01,19.4,46.3,19.7,61.7,complete,H05,0,30,51.2,,15.4,right_foot,
SYN-00003-00224,224,553.7,553.7,1,10,pass,home,H05,19.7,61.7,41.6,52.8,complete,H08,0,30,54.4,,23.6,right_foot,
SYN-00003-00225,225,556.8,556.8,1,10,pass,home,H08,41.6,52.8,39.3,41.4,complete,H06,0,30,40.2,,11.6,right_foot,
SYN-00003-00226,226,560.8,560.8,1,10,pass,home,H06,39.3,41.4,18.4,28.4,complete,H03,0,30,60.6,,24.6,right_foot,
SYN-00003-00227,227,564.7,564.7,1,10,carry,home,H03,18.4,28.4,21,20.6,complete,,0,30,,21.2,8.3,,
SYN-00003-00228,228,566.1,566.1,1,10,pass,home,H03,21,20.6,7.6,37,complete,H04,0,30,45.3,,21.1,left_foot,
SYN-00003-00229,229,569,569,1,10,pressure,away,A10,7.6,37,,,,,0,30,,,,,
SYN-00003-00230,230,569,569,1,10,pass,home,H04,7.6,37,22.8,36.9,complete,H06,1,30,46.4,,15.1,right_foot,
SYN-00003-00231,231,571.7,571.7,1,10,sprint,away,A08,60.1,23.2,,,,,0,30,,32.2,22.8,,
SYN-00003-00232,232,571.7,571.7,1,10,carry,home,H06,22.8,36.9,26.2,45.3,complete,,0,30,,18.9,9.1,,
SYN-00003-00233,233,573.5,573.5,1,10,pass,home,H06,26.2,45.3,44.4,26,complete,H07,0,30,67.5,,26.6,right_foot,
SYN-00003-00234,234,576.3,576.3,1,10,carry,home,H07,44.4,26,54.6,28.3,complete,,0,30,,23.9,10.4,,
SYN-00003-00235,235,577.8,577.8,1,10,carry,home,H07,54.6,28.3,68.2,22.4,complete,,0,30,,21.2,14.9,,
SYN-00003-00236,236,580.4,580.4,1,10,pressure,away,A08,68.2,22.4,,,,,0,30,,,,,
SYN-00003-00237,237,580.4,580.4,1,10,pass,home,H07,68.2,22.4,50,0,out,H06,1,30,44.4,,17.5,right_foot,
SYN-00003-00238,238,581.8,581.8,1,10,possession_change,away,A11,50,1,,,out_of_play,,0,31,,,,,
SYN-00003-00239,239,589.8,589.8,1,10,carry,away,A11,50,1,48.4,5.5,complete,,0,31,,21.2,4.8,,
SYN-00003-00240,240,590.6,590.6,1,10,pass,away,A11,48.4,5.5,48.6,40.9,complete,A07,0,31,75,,35.4,left_foot,
SYN-00003-00241,241,594.3,594.3,1,10,pass,away,A07,48.6,40.9,23.2,59.1,complete,A09,0,31,78.6,,31.3,right_foot,
SYN-00003-00242,242,598.6,598.6,1,10,pass,away,A09,23.2,59.1,32.2,49.3,complete,A07,0,31,46,,13.4,left_foot,
SYN-00003-00243,243,601.6,601.6,1,11,pass,away,A07,32.2,49.3,4,39,incomplete,A10,0,31,70.3,,26.4,right_foot,
SYN-00003-00244,244,604.9,604.9,1,11,possession_change,home,H01,4,39,,,recovery,,0,32,,,,,
SYN-00003-00245,245,604.9,604.9,1,11,pressure,away,A10,4,39,,,,,0,32,,,,,
SYN-00003-00246,246,604.9,604.9,1,11,pass,home,H01,4,39,29.1,44.8,complete,H08,1,32,68.6,,25.7,right_foot,
SYN-00003-00247,247,608.3,608.3,1,11,pass,home,H08,29.1,44.8,49.3,18.3,complete,H07,0,32,66.2,,33.4,right_foot,
SYN-00003-00248,248,611.1,611.1,1,11,pass,home,H07,49.3,18.3,30.8,8.3,complete,H02,0,32,58,,21.1,right_foot,
SYN-00003-00249,249,614.3,614.3,1,11,carry,home,H02,30.8,8.3,36.7,9.7,complete,,0,32,,22.3,6.1,,
SYN-00003-00250,250,615.3,615.3,1,11,carry,home,H02,36.7,9.7,43,6.2,dispossessed,,0,32,,17.4,7.2,,
SYN-00003-00251,251,616.8,616.8,1,11,tackle,away,A11,43,6.2,,,won,,0,32,,,,,
SYN-00003-00252,252,616.8,616.8,1,11,possession_change,away,A11,43,6.2,,,tackle,,0,33,,,,,
SYN-00003-00253,253,617.7,617.7,1,11,pass,away,A11,43,6.2,64.1,0,out,A06,0,33,53.6,,19.8,left_foot,
SYN-00003-00254,254,619,619,1,11,possession_change,home,H09,64.1,1,,,out_of_play,,0,34,,,,,
SYN-00003-00255,255,627.5,627.5,1,11,pass,home,H09,64.1,1,59.7,13.6,complete,H07,0,34,53.1,,13.3,left_foot,
SYN-00003-00256,256,630.2,630.2,1,11,pass,home,H07,59.7,13.6,34.6,5.7,complete,H02,0,34,59.7,,26.3,left_foot,
SYN-00003-00257,257,634.6,634.6,1,11,carry,home,H02,34.6,5.7,41.3,3.6,complete,,0,34,,17.6,7,,
SYN-00003-00258,258,636.1,636.1,1,11,pass,home,H02,41.3,3.6,29.7,9.9,intercepted,H03,0,34,52.9,,25,right_foot,
SYN-00003-00259,259,636.9,636.9,1,11,interception,away,A10,29.7,9.9,,,won,,0,34,,,,,
SYN-00003-00260,260,636.9,636.9,1,11,possession_change,away,A10,29.7,9.9,,,interception,,0,35,,,,,
SYN-00003-00261,261,637.5,637.5,1,11,pass,away,A10,29.7,9.9,38.4,17.4,complete,A08,0,35,39.1,,11.5,head,
SYN-00003-00262,262,641.2,641.2,1,11,pass,away,A08,38.4,17.4,5.6,20.7,incomplete,A10,0,35,82.4,,33.2,right_foot,
SYN-00003-00263,263,644.6,644.6,1,11,possession_change,home,H03,5.6,20.7,,,recovery,,0,36,,,,,
SYN-00003-00264,264,644.6,644.6,1,11,carry,home,H03,5.6,20.7,16.1,17.4,complete,,0,36,,23.7,11,,
SYN-00003-00265,265,646.3,646.3,1,11,pass,home,H03,16.1,17.4,42,23,complete,H07,0,36,63.9,,26.5,right_foot,
SYN-00003-00266,266,649.9,649.9,1,11,pass,home,H07,42,23,17.5,41.5,complete,H04,0,36,67.5,,30.7,left_foot,
SYN-00003-00267,267,654.5,654.5,1,11,pass,home,H04,17.5,41.5,26.2,38.5,complete,H06,0,36,43,,9.2,right_foot,
SYN-00003-00268,268,657.1,657.1,1,11,pressure,away,A10,26.2,38.5,,,,,0,36,,,,,
SYN-00003-00269,269,657.1,657.1,1,11,pass,home,H06,26.2,38.5,42.6,0,out,H07,1,36,66.4,,25.7,left_foot,
SYN-00003-00270,270,658.5,658.5,1,11,possession_change,away,A11,42.6,1,,,out_of_play,,0,37,,,,,
SYN-00003-00271,271,678.2,678.2,1,12,pass,away,A11,42.6,1,46.1,37.4,complete,A07,0,37,69.7,,36.6,left_foot,
SYN-00003-00272,272,681.7,681.7,1,12,pass,away,A07,46.1,37.4,63.7,32.8,complete,A06,0,37,57.6,,18.2,right_foot,
SYN-00003-00273,273,685.2,685.2,1,12,pass,away,A06,63.7,32.8,28.5,19.1,complete,A11,0,37,74.6,,37.8,right_foot,
SYN-00003-00274,274,689.8,689.8,1,12,pass,away,A11,28.5,19.1,17.7,33.3,incomplete,A10,0,37,61.2,,23.2,right_foot,
SYN-00003-00275,275,693.1,693.1,1,12,possession_change,home,H06,17.7,33.3,,,recovery,,0,38,,,,,
SYN-00003-00276,276,693.1,693.1,1,12,pass,home,H06,17.7,33.3,5,45,complete,H04,0,38,49.6,,17.2,right_foot,
SYN-00003-00277,277,697,697,1,12,pass,home,H04,5,45,8.6,0,out,H03,0,38,56.2,,24.3,left_foot,
SYN-00003-00278,278,698.5,698.5,1,12,possession_change,away,A11,8.6,1,,,out_of_play,,0,39,,,,,
SYN-00003-00279,279,708,708,1,12,pressure,home,H02,8.6,1,,,,,0,39,,,,,
SYN-00003-00280,280,708,708,1,12,carry,away,A11,8.6,1,4.8,1.2,dispossessed,,1,39,,23.6,7.2,,
SYN-00003-00281,281,709.1,709.1,1,12,foul,home,H02,4.8,1.2,,,free_kick,,0,39,,,,,
SYN-00003-00282,282,736.5,736.5,1,13,shot,away,A11,4.8,1.2,0,33.2,saved,,0,40,95,,33.1,foot,0.009
SYN-00003-00283,283,738.2,738.2,1,13,possession_change,home,H01,6,34,,,goalkeeper_save,,0,41,,,,,
SYN-00003-00284,284,746.8,746.8,1,13,carry,home,H01,6,34,16.6,39.4,complete,,0,41,,24.5,11.9,,
SYN-00003-00285,285,748.5,748.5,1,13,sprint,away,A04,78.1,27.2,,,,,0,41,,31.7,33.1,,
SYN-00003-00286,286,748.5,748.5,1,13,carry,home,H01,16.6,39.4,26.9,37.2,complete,,0,41,,25.2,10.6,,
SYN-00003-00287,287,750,750,1,13,pass,home,H01,26.9,37.2,18,19.6,incomplete,H02,0,41,68,,25.6,right_foot,
SYN-00003-00288,288,753.3,753.3,1,13,possession_change,away,A10,18,19.6,,,recovery,,0,42,,,,,
SYN-00003-00289,289,753.3,753.3,1,13,pass,away,A10,18,19.6,12,7.1,complete,A11,0,42,40.8,,13.9,right_foot,
SYN-00003-00290,290,756.6,756.6,1,13,pass,away,A11,12,7.1,32.4,39.5,complete,A07,0,42,78.6,,38.3,head,
SYN-00003-00291,291,760.5,760.5,1,13,pass,away,A07,32.4,39.5,3,36.5,complete,A10,0,42,63,,29.6,right_foot,
SYN-00003-00292,292,763.8,763.8,1,13,pressure,home,H01,3,36.5,,,,,0,42,,,,,
SYN-00003-00293,293,763.8,763.8,1,13,pass,away,A10,3,36.5,1.6,50.7,intercepted,A09,1,42,55.4,,20.6,left_foot,
SYN-00003-00294,294,764.8,764.8,1,13,interception,home,H04,1.6,50.7,,,won,,0,42,,,,,
SYN-00003-00295,295,764.8,764.8,1,13,possession_change,home,H04,1.6,50.7,,,interception,,0,43,,,,,
SYN-00003-00296,296,765.6,765.6,1,13,pass,home,H04,1.6,50.7,3.5,39.4,complete,H01,0,43,42.1,,11.4,right_foot,
SYN-00003-00297,297,768.1,768.1,1,13,pass,home,H01,3.5,39.4,19.6,35.3,complete,H06,0,43,57.7,,16.6,right_foot,
SYN-00003-00298,298,771.8,771.8,1,13,pass,home,H06,19.6,35.3,4.9,25.6,complete,H03,0,43,52.4,,17.6,left_foot,
SYN-00003-00299,299,775.9,775.9,1,13,pass,home,H03,4.9,25.6,34.2,37.5,complete,H08,0,43,60.3,,31.6,right_foot,
SYN-00003-00300,300,778.9,778.9,1,13,pass,home,H08,34.2,37.5,42.2,17.8,complete,H07,0,43,51.4,,21.2,left_foot,
SYN-00003-00301,301,782.1,782.1,1,14,pass,home,H07,42.2,17.8,51.2,44.4,complete,H08,0,43,60,,28.1,right_foot,
SYN-00003-00302,302,785.2,785.2,1,14,pass,home,H08,51.2,44.4,36.8,55,complete,H05,0,43,52.6,,17.8,right_foot,
SYN-00003-00303,303,787.5,787.5,1,14,pass,home,H05,36.8,55,50.2,27.9,complete,H07,0,43,70.3,,30.3,left_foot,
SYN-00003-00304,304,791.4,791.4,1,14,pass,home,H07,50.2,27.9,32.7,9.4,complete,H02,0,43,68.8,,25.5,right_foot,
SYN-00003-00305,305,794.2,794.2,1,14,pass,home,H02,32.7,9.4,32,23,complete,H06,0,43,40.5,,13.6,left_foot,
SYN-00003-00306,306,797.6,797.6,1,14,pass,home,H06,32,23,17.7,25.3,complete,H03,0,43,46.9,,14.5,left_foot,
SYN-00003-00307,307,801.4,801.4,1,14,pass,home,H03,17.7,25.3,20.5,12,complete,H02,0,43,47.9,,13.5,right_foot,
SYN-00003-00308,308,804.3,804.3,1,14,pass,home,H02,20.5,12,9.3,18.2,complete,H03,0,43,49.1,,12.8,left_foot,
SYN-00003-00309,309,807.8,807.8,1,14,carry,home,H03,9.3,18.2,18.6,24.8,complete,,0,43,,23,11.5,,
SYN-00003-00310,310,809.6,809.6,1,14,pass,home,H03,18.6,24.8,4.4,40.6,complete,H04,0,43,52.2,,21.2,left_foot,
SYN-00003-00311,311,813.9,813.9,1,14,pass,home,H04,4.4,40.6,13.9,60.9,complete,H05,0,43,59.8,,22.4,right_foot,
SYN-00003-00312,312,816.3,816.3,1,14,carry,home,H05,13.9,60.9,15.2,67,complete,,0,43,,25.4,7.8,,
SYN-00003-00313,313,817.4,817.4,1,14,pass,home,H05,15.2,67,7,35.6,complete,H03,0,43,67.4,,32.4,left_foot,
SYN-00003-00314,314,822.1,822.1,1,14,pass,home,H03,7,35.6,5.6,38.1,complete,H04,0,43,24.2,,2.8,left_foot,
SYN-00003-00315,315,825.1,825.1,1,14,pass,home,H04,5.6,38.1,11.1,12.7,complete,H02,0,43,61.9,,25.9,right_foot,
SYN-00003-00316,316,828.4,828.4,1,14,pass,home,H02,11.1,12.7,7.9,26.3,complete,H01,0,43,38.8,,13.9,left_foot,
SYN-00003-00317,317,832.6,832.6,1,14,pressure,away,A10,7.9,26.3,,,,,0,43,,,,,
SYN-00003-00318,318,832.6,832.6,1,14,pass,home,H01,7.9,26.3,14.9,56.7,complete,H05,1,43,70.6,,31.2,right_foot,
SYN-00003-00319,319,836.9,836.9,1,14,pass,home,H05,14.9,56.7,1,38.4,complete,H01,0,43,60.1,,23,head,
SYN-00003-00320,320,840.5,840.5,1,15,pressure,away,A10,1,38.4,,,,,0,43,,,,,
SYN-00003-00321,321,840.5,840.5,1,15,pass,home,H01,1,38.4,22.1,31.6,incomplete,H06,1,43,58.5,,23.4,right_foot,
SYN-00003-00322,322,843.4,843.4,1,15,possession_change,away,A10,22.1,31.6,,,recovery,,0,44,,,,,
SYN-00003-00323,323,843.4,843.4,1,15,pass,away,A10,22.1,31.6,13.2,0,out,A11,0,44,45.3,,19.8,right_foot,
SYN-00003-00324,324,845,845,1,15,possession_change,home,H02,13.2,1,,,out_of_play,,0,45,,,,,
SYN-00003-00325,325,862.4,862.4,1,15,pass,home,H02,13.2,1,33.3,16.7,complete,H07,0,45,58.5,,25.5,right_foot,
SYN-00003-00326,326,866.5,866.5,1,15,carry,home,H07,33.3,16.7,39.5,3.2,complete,,0,45,,24.9,14.9,,
SYN-00003-00327,327,868.6,868.6,1,15,pass,home,H07,39.5,3.2,28.2,0,out,H02,0,45,45.4,,12.3,left_foot,
SYN-00003-00328,328,869.6,869.6,1,15,possession_change,away,A11,28.2,1,,,out_of_play,,0,46,,,,,
SYN-00003-00329,329,885.4,885.4,1,15,sprint,away,A11,14.7,2,,,,,0,46,,29.9,42.4,,
SYN-00003-00330,330,885.4,885.4,1,15,pass,away,A11,28.2,1,5.3,24.3,complete,A10,0,46,68.6,,32.7,left_foot,
SYN-00003-00331,331,889.3,889.3,1,15,carry,away,A10,5.3,24.3,3.2,24.5,dispossessed,,0,46,,19.7,3.8,,
SYN-00003-00332,332,890,890,1,15,tackle,home,H03,3.2,24.5,,,won,,0,46,,,,,
SYN-00003-00333,333,890,890,1,15,possession_change,home,H03,3.2,24.5,,,tackle,,0,47,,,,,
SYN-00003-00334,334,890.8,890.8,1,15,sprint,home,H09,57.2,7.6,,,,,0,47,,29.2,27.8,,
SYN-00003-00335,335,890.8,890.8,1,15,pass,home,H03,3.2,24.5,10.1,57.2,complete,H05,0,47,75.6,,33.4,right_foot,
SYN-00003-00336,336,895,895,1,15,pass,home,H05,10.1,57.2,3.3,54.3,complete,H04,0,47,41.3,,7.4,right_foot,
SYN-00003-00337,337,897.2,897.2,1,15,pass,home,H04,3.3,54.3,14,62.7,complete,H05,0,47,38.8,,13.6,right_foot,
SYN-00003-00338,338,899.8,899.8,1,15,pass,home,H05,14,62.7,41.8,55.4,complete,H08,0,47,60.9,,28.7,right_foot,
SYN-00003-00339,339,903.4,903.4,1,16,pass,home,H08,41.8,55.4,16.5,50.2,complete,H04,0,47,70.6,,25.8,right_foot,
SYN-00003-00340,340,906.7,906.7,1,16,carry,home,H04,16.5,50.2,24,52.5,complete,,0,47,,23.4,7.8,,
SYN-00003-00341,341,907.9,907.9,1,16,pass,home,H04,24,52.5,8,35.5,complete,H03,0,47,55.8,,23.4,right_foot,
SYN-00003-00342,342,912.2,912.2,1,16,pressure,away,A10,8,35.5,,,,,0,47,,,,,
SYN-00003-00343,343,912.2,912.2,1,16,pass,home,H03,8,35.5,5,43.9,complete,H04,1,47,41.3,,8.9,left_foot,
SYN-00003-00344,344,915.6,915.6,1,16,pass,home,H04,5,43.9,12,64.3,complete,H05,0,47,54.1,,21.6,right_foot,
SYN-00003-00345,345,919.1,919.1,1,16,pass,home,H05,12,64.3,27.5,45.4,incomplete,H06,0,47,53.8,,23.5,right_foot,
SYN-00003-00346,346,923.1,923.1,1,16,possession_change,away,A10,27.5,45.4,,,recovery,,0,48,,,,,
SYN-00003-00347,347,923.1,923.1,1,16,pass,away,A10,27.5,45.4,31.4,47,intercepted,A07,0,48,41.3,,9.2,left_foot,
SYN-00003-00348,348,923.4,923.4,1,16,interception,home,H08,31.4,47,,,won,,0,48,,,,,
SYN-00003-00349,349,923.4,923.4,1,16,possession_change,home,H08,31.4,47,,,interception,,0,49,,,,,
SYN-00003-00350,350,924.7,924.7,1,16,pass,home,H08,31.4,47,9.7,25.4,complete,H03,0,49,70.2,,30.7,left_foot,
SYN-00003-00351,351,928.3,928.3,1,16,pass,home,H03,9.7,25.4,6.1,38.8,complete,H04,0,49,44.3,,13.9,right_foot,
SYN-00003-00352,352,930.7,930.7,1,16,pass,home,H04,6.1,38.8,10.4,61,complete,H05,0,49,64.8,,22.6,right_foot,
SYN-00003-00353,353,933.5,933.5,1,16,pass,home,H05,10.4,61,8.8,32.6,complete,H03,0,49,67.3,,28.5,right_foot,
SYN-00003-00354,354,936.2,936.2,1,16,carry,home,H03,8.8,32.6,19.1,32.7,complete,,0,49,,15.6,10.3,,
SYN-00003-00355,355,938.6,938.6,1,16,pressure,away,A10,19.1,32.7,,,,,0,49,,,,,
SYN-00003-00356,356,938.6,938.6,1,16,pass,home,H03,19.1,32.7,3.4,0,out,H02,1,49,70.8,,28.9,left_foot,
SYN-00003-00357,357,940,940,1,16,possession_change,away,A11,3.4,1,,,out_of_play,,0,50,,,,,
SYN-00003-00358,358,955.1,955.1,1,16,pass,away,A11,3.4,1,25.2,12.9,complete,A08,0,50,56.1,,24.8,left_foot,
SYN-00003-00359,359,958.8,958.8,1,16,pass,away,A08,25.2,12.9,1.9,0,out,A10,0,50,64.2,,30.2,right_foot,
SYN-00003-00360,360,960.5,960.5,1,17,possession_change,home,H02,1.9,1,,,out_of_play,,0,51,,,,,
SYN-00003-00361,361,976.6,976.6,1,17,pass,home,H02,1.9,1,22.2,26.2,complete,H06,0,51,69.7,,32.3,left_foot,
SYN-00003-00362,362,981.2,981.2,1,17,pass,home,H06,22.2,26.2,2.5,35.9,complete,H01,0,51,44.8,,21.9,right_foot,
SYN-00003-00363,363,985.8,985.8,1,17,carry,home,H01,2.5,35.9,12.3,37.1,complete,,0,51,,22.8,9.8,,
SYN-00003-00364,364,987.3,987.3,1,17,pass,home,H01,12.3,37.1,31.5,46.9,complete,H08,0,51,62.2,,21.5,left_foot,
SYN-00003-00365,365,990.7,990.7,1,17,pass,home,H08,31.5,46.9,23.4,15.1,complete,H02,0,51,69.4,,32.8,right_foot,
SYN-00003-00366,366,994,994,1,17,pass,home,H02,23.4,15.1,39.8,19.7,complete,H07,0,51,54.7,,17.1,right_foot,
SYN-00003-00367,367,998.1,998.1,1,17,pass,home,H07,39.8,19.7,39.7,32.6,complete,H06,0,51,40.1,,12.9,left_foot,
SYN-00003-00368,368,1001.5,1001.5,1,17,pass,home,H06,39.7,32.6,50.2,43.3,complete,H08,0,51,41.1,,15,left_foot,
SYN-00003-00369,369,1005.9,1005.9,1,17,pass,home,H08,50.2,43.3,57.9,29.3,complete,H07,0,51,48.9,,16,right_foot,
SYN-00003-00370,370,1008.7,1008.7,1,17,pass,home,H07,57.9,29.3,24.7,59.5,incomplete,H05,0,51,70.6,,34.7,right_foot,
SYN-00003-00371,371,1011.6,1011.6,1,17,possession_change,away,A09,24.7,59.5,,,recovery,,0,52,,,,,
SYN-00003-00372,372,1011.6,1011.6,1,17,pass,away,A09,24.7,59.5,38.3,45.8,complete,A07,0,52,48,,19.3,right_foot,
SYN-00003-00373,373,1015.5,1015.5,1,17,pass,away,A07,38.3,45.8,6.4,40.7,incomplete,A10,0,52,73.8,,29.6,right_foot,
SYN-00003-00374,374,1018.2,1018.2,1,17,possession_change,home,H01,6.4,40.7,,,recovery,,0,53,,,,,
SYN-00003-00375,375,1018.2,1018.2,1,17,pass,home,H01,6.4,40.7,34.4,50,complete,H08,0,53,67.3,,29.5,left_foot,
SYN-00003-00376,376,1021.7,1021.7,1,18,pass,home,H08,34.4,50,17.9,51.5,complete,H04,0,53,53.6,,16.5,right_foot,
SYN-00003-00377,377,1025,1025,1,18,pass,home,H04,17.9,51.5,21.8,41.3,complete,H06,0,53,42.7,,10.9,right_foot,
SYN-00003-00378,378,1027.4,1027.4,1,18,pass,home,H06,21.8,41.3,12.8,26.2,complete,H03,0,53,50.2,,17.6,right_foot,
SYN-00003-00379,379,1029.8,1029.8,1,18,carry,home,H03,12.8,26.2,26.2,21.7,complete,,0,53,,17.1,14.2,,
SYN-00003-00380,380,1032.8,1032.8,1,18,pressure,away,A10,26.2,21.7,,,,,0,53,,,,,
SYN-00003-00381,381,1032.8,1032.8,1,18,pass,home,H03,26.2,21.7,9.9,42.1,complete,H04,1,53,70.2,,26.2,right_foot,
SYN-00003-00382,382,1036.7,1036.7,1,18,carry,home,H04,9.9,42.1,21.9,50.3,complete,,0,53,,23.7,14.6,,
SYN-00003-00383,383,1038.9,1038.9,1,18,carry,home,H04,21.9,50.3,26.8,50.9,complete,,0,53,,16.2,4.9,,
SYN-00003-00384,384,1040,1040,1,18,pass,home,H04,26.8,50.9,18.7,30.6,complete,H03,0,53,53.1,,21.8,right_foot,
SYN-00003-00385,385,1042.6,1042.6,1,18,pass,home,H03,18.7,30.6,30.7,32.1,complete,H06,0,53,47.3,,12.1,right_foot,
SYN-00003-00386,386,1045.4,1045.4,1,18,pressure,away,A10,30.7,32.1,,,,,0,53,,,,,
SYN-00003-00387,387,1045.4,1045.4,1,18,pass,home,H06,30.7,32.1,19.9,12.4,complete,H02,1,53,52.6,,22.4,right_foot,
SYN-00003-00388,388,1049.2,1049.2,1,18,pressure,away,A10,19.9,12.4,,,,,0,53,,,,,
SYN-00003-00389,389,1049.2,1049.2,1,18,pass,home,H02,19.9,12.4,29,28.7,complete,H06,1,53,57.7,,18.7,right_foot,
SYN-00003-00390,390,1051.5,1051.5,1,18,pass,home,H06,29,28.7,23.2,8.6,complete,H02,0,53,45.8,,20.9,right_foot,
SYN-00003-00391,391,1056,1056,1,18,pass,home,H02,23.2,8.6,11.9,16.4,complete,H03,0,53,49.3,,13.7,right_foot,
SYN-00003-00392,392,1059.4,1059.4,1,18,carry,home,H03,11.9,16.4,22.4,18.1,complete,,0,53,,19,10.6,,
SYN-00003-00393,393,1061.4,1061.4,1,18,pass,home,H03,22.4,18.1,4.2,31.3,complete,H01,0,53,55.1,,22.5,right_foot,
SYN-00003-00394,394,1064.5,1064.5,1,18,pressure,away,A10,4.2,31.3,,,,,0,53,,,,,
SYN-00003-00395,395,1064.5,1064.5,1,18,carry,home,H01,4.2,31.3,10.8,31.3,complete,,1,53,,21.3,6.6,,
SYN-00003-00396,396,1065.6,1065.6,1,18,carry,home,H01,10.8,31.3,14.2,33.4,complete,,0,53,,14.3,4,,
SYN-00003-00397,397,1066.6,1066.6,1,18,pass,home,H01,14.2,33.4,8.9,24.3,complete,H03,0,53,47.3,,10.5,right_foot,
SYN-00003-00398,398,1068.9,1068.9,1,18,pressure,away,A10,8.9,24.3,,,,,0,53,,,,,
SYN-00003-00399,399,1068.9,1068.9,1,18,pass,home,H03,8.9,24.3,17,6.2,complete,H02,1,53,58.7,,19.9,right_foot,
SYN-00003-00400,400,1072.5,1072.5,1,18,pressure,away,A10,17,6.2,,,,,0,53,,,,,
SYN-00003-00401,401,1072.5,1072.5,1,18,pass,home,H02,17,6.2,1,20.9,complete,H01,1,53,59.3,,21.7,right_foot,
SYN-00003-00402,402,1076.6,1076.6,1,18,pass,home,H01,1,20.9,10.7,7.7,complete,H02,0,53,58.8,,16.3,right_foot,
SYN-00003-00403,403,1078.8,1078.8,1,18,pass,home,H02,10.7,7.7,1,20.7,complete,H03,0,53,46.3,,16.2,right_foot,
SYN-00003-00404,404,1082.9,1082.9,1,19,pass,home,H03,1,20.7,3.6,29.5,complete,H01,0,53,34.8,,9.2,right_foot,
SYN-00003-00405,405,1085.1,1085.1,1,19,pressure,away,A10,3.6,29.5,,,,,0,53,,,,,
SYN-00003-00406,406,1085.1,1085.1,1,19,pass,home,H01,3.6,29.5,7.7,47.4,incomplete,H04,1,53,44.3,,14.9,right_foot,
SYN-00003-00407,407,1087.5,1087.5,1,19,possession_change,away,A10,7.7,47.4,,,recovery,,0,54,,,,,
SYN-00003-00408,408,1087.5,1087.5,1,19,pass,away,A10,7.7,47.4,9.5,64,complete,A09,0,54,57,,16.6,right_foot,
SYN-00003-00409,409,1090,1090,1,19,pass,away,A09,9.5,64,1.9,41.3,complete,A10,0,54,54.9,,23.9,right_foot,
SYN-00003-00410,410,1092.8,1092.8,1,19,pressure,home,H04,1.9,41.3,,,,,0,54,,,,,
SYN-00003-00411,411,1092.8,1092.8,1,19,pass,away,A10,1.9,41.3,23,20.1,complete,A08,1,54,63.1,,29.9,right_foot,
SYN-00003-00412,412,1096.7,1096.7,1,19,pass,away,A08,23,20.1,12.8,5.9,complete,A11,0,54,48.4,,17.4,left_foot,
SYN-00003-00413,413,1100.9,1100.9,1,19,pass,away,A11,12.8,5.9,2.6,26.2,complete,A10,0,54,61.5,,22.7,left_foot,
SYN-00003-00414,414,1105.1,1105.1,1,19,pass,away,A10,2.6,26.2,39.6,38.7,complete,A06,0,54,74.5,,39,right_foot,
SYN-00003-00415,415,1109.7,1109.7,1,19,pass,away,A06,39.6,38.7,22.6,57.3,complete,A09,0,54,64.8,,25.2,left_foot,
SYN-00003-00416,416,1112.3,1112.3,1,19,pass,away,A09,22.6,57.3,36.5,51.9,complete,A07,0,54,43.5,,14.9,right_foot,
SYN-00003-00417,417,1114.9,1114.9,1,19,pass,away,A07,36.5,51.9,6.4,35.2,complete,A10,0,54,78,,34.4,right_foot,
SYN-00003-00418,418,1119.4,1119.4,1,19,pass,away,A10,6.4,35.2,9.7,11.3,complete,A11,0,54,60.4,,24.2,right_foot,
SYN-00003-00419,419,1122.6,1122.6,1,19,sprint,away,A04,62.4,19.3,,,,,0,54,,29,43.4,,
SYN-00003-00420,420,1122.6,1122.6,1,19,pass,away,A11,9.7,11.3,1.9,34.2,complete,A10,0,54,63.5,,24.2,right_foot,
SYN-00003-00421,421,1125.9,1125.9,1,19,pass,away,A10,1.9,34.2,6.1,8.8,complete,A11,0,54,61.8,,25.7,left_foot,
SYN-00003-00422,422,1128.9,1128.9,1,19,pass,away,A11,6.1,8.8,25.4,14.1,complete,A08,0,54,51.3,,20,right_foot,
SYN-00003-00423,423,1131.4,1131.4,1,19,carry,away,A08,25.4,14.1,24.4,26.3,complete,,0,54,,18.1,12.3,,
SYN-00003-00424,424,1133.8,1133.8,1,19,carry,away,A08,24.4,26.3,20.5,24.7,complete,,0,54,,20.9,4.2,,
SYN-00003-00425,425,1134.6,1134.6,1,19,pass,away,A08,20.5,24.7,12.1,9.9,complete,A11,0,54,46.8,,17.1,left_foot,
SYN-00003-00426,426,1138.4,1138.4,1,19,pressure,home,H02,12.1,9.9,,,,,0,54,,,,,
SYN-00003-00427,427,1138.4,1138.4,1,19,pass,away,A11,12.1,9.9,7,27.8,incomplete,A10,1,54,59.5,,19.3,right_foot,
SYN-00003-00428,428,1141,1141,1,20,possession_change,home,H01,7,27.8,,,recovery,,0,55,,,,,
SYN-00003-00429,429,1141,1141,1,20,pass,home,H01,7,27.8,1,41.8,complete,H04,0,55,44.9,,15.2,head,
SYN-00003-00430,430,1144.8,1144.8,1,20,pressure,away,A10,1,41.8,,,,,0,55,,,,,
SYN-00003-00431,431,1144.8,1144.8,1,20,pass,home,H04,1,41.8,23.5,37.2,complete,H06,1,55,57.8,,23,right_foot,
SYN-00003-00432,432,1148.8,1148.8,1,20,pass,home,H06,23.5,37.2,24.8,60.6,complete,H05,0,55,58.5,,23.5,left_foot,
SYN-00003-00433,433,1151.3,1151.3,1,20,pressure,away,A09,24.8,60.6,,,,,0,55,,,,,
SYN-00003-00434,434,1151.3,1151.3,1,20,pass,home,H05,24.8,60.6,3.8,37.2,incomplete,H01,1,55,63.5,,27.1,right_foot,
SYN-00003-00435,435,1154.2,1154.2,1,20,possession_change,away,A10,3.8,37.2,,,recovery,,0,56,,,,,
SYN-00003-00436,436,1154.2,1154.2,1,20,pass,away,A10,3.8,37.2,25.6,50.4,complete,A07,0,56,60.7,,25.5,left_foot,
SYN-00003-00437,437,1156.9,1156.9,1,20,pass,away,A07,25.6,50.4,16.1,0,out,A11,0,56,79.6,,40.3,right_foot,
SYN-00003-00438,438,1158.8,1158.8,1,20,possession_change,home,H02,16.1,1,,,out_of_play,,0,57,,,,,
SYN-00003-00439,439,1173.7,1173.7,1,20,pass,home,H02,16.1,1,7.2,15.4,complete,H03,0,57,58.5,,16.9,right_foot,
SYN-00003-00440,440,1176,1176,1,20,sprint,home,H07,35,17.3,,,,,0,57,,31.3,39.3,,
SYN-00003-00441,441,1176,1176,1,20,carry,home,H03,7.2,15.4,11.9,15.8,complete,,0,57,,16.9,4.7,,
SYN-00003-00442,442,1177,1177,1,20,pressure,away,A10,11.9,15.8,,,,,0,57,,,,,
SYN-00003-00443,443,1177,1177,1,20,pass,home,H03,11.9,15.8,1,30,complete,H01,1,57,45.5,,17.8,head,
SYN-00003-00444,444,1179.9,1179.9,1,20,pass,home,H01,1,30,23.9,44.1,incomplete,H06,0,57,47.9,,20.5,left_foot,
SYN-00003-00445,445,1183.3,1183.3,1,20,possession_change,away,A10,23.9,44.1,,,recovery,,0,58,,,,,
SYN-00003-00446,446,1183.3,1183.3,1,20,pass,away,A10,23.9,44.1,11.1,58.4,complete,A09,0,58,61,,19.2,right_foot,
SYN-00003-00447,447,1185.5,1185.5,1,20,sprint,away,A08,31,28.1,,,,,0,58,,31.7,39.6,,
SYN-00003-00448,448,1185.5,1185.5,1,20,pass,away,A09,11.1,58.4,24.4,31.3,complete,A08,0,58,67,,30.1,left_foot,
SYN-00003-00449,449,1188.4,1188.4,1,20,pass,away,A08,24.4,31.3,8.2,54.8,incomplete,A09,0,58,68.5,,30.6,right_foot,
SYN-00003-00450,450,1192.3,1192.3,1,20,possession_change,home,H05,8.2,54.8,,,recovery,,0,59,,,,,
SYN-00003-00451,451,1192.3,1192.3,1,20,pass,home,H05,8.2,54.8,36.6,68,out,H08,0,59,60.2,,23.9,right_foot,
SYN-00003-00452,452,1193.7,1193.7,1,20,possession_change,away,A09,36.6,67,,,out_of_play,,0,60,,,,,
SYN-00003-00453,453,1212.1,1212.1,1,21,pass,away,A09,36.6,67,3.8,46.2,incomplete,A10,0,60,77.8,,38.6,right_foot,
SYN-00003-00454,454,1216.4,1216.4,1,21,possession_change,home,H01,3.8,46.2,,,recovery,,0,61,,,,,
SYN-00003-00455,455,1216.4,1216.4,1,21,pass,home,H01,3.8,46.2,3.1,28.7,complete,H03,0,61,54.5,,17.5,left_foot,
SYN-00003-00456,456,1219.5,1219.5,1,21,pass,home,H03,3.1,28.7,8.8,7.7,complete,H02,0,61,56.6,,21.7,right_foot,
SYN-00003-00457,457,1222.3,1222.3,1,21,pass,home,H02,8.8,7.7,12,52.2,complete,H05,0,61,92,,44.5,left_foot,
SYN-00003-00458,458,1225.6,1225.6,1,21,pass,home,H05,12,52.2,33.8,43.7,incomplete,H08,0,61,58.1,,23,right_foot,
SYN-00003-00459,459,1229.2,1229.2,1,21,possession_change,away,A10,33.8,43.7,,,recovery,,0,62,,,,,
SYN-00003-00460,460,1229.2,1229.2,1,21,pass,away,A10,33.8,43.7,25.5,55.5,intercepted,A09,0,62,65.5,,27.9,right_foot,
SYN-00003-00461,461,1230,1230,1,21,interception,home,H08,25.5,55.5,,,won,,0,62,,,,,
SYN-00003-00462,462,1230,1230,1,21,possession_change,home,H08,25.5,55.5,,,interception,,0,63,,,,,
SYN-00003-00463,463,1230.6,1230.6,1,21,pass,home,H08,25.5,55.5,12.3,49,complete,H04,0,63,45.8,,14.7,right_foot,
SYN-00003-00464,464,1234.3,1234.3,1,21,pressure,away,A10,12.3,49,,,,,0,63,,,,,
SYN-00003-00465,465,1234.3,1234.3,1,21,pass,home,H04,12.3,49,9.1,28.5,complete,H03,1,63,58.5,,20.8,right_foot,
SYN-00003-00466,466,1238.5,1238.5,1,21,carry,home,H03,9.1,28.5,14.6,31.2,complete,,0,63,,23.1,6.1,,
SYN-00003-00467,467,1239.4,1239.4,1,21,pass,home,H03,14.6,31.2,13.5,58.3,complete,H05,0,63,62,,27.1,right_foot,
SYN-00003-00468,468,1243.4,1243.4,1,21,pass,home,H05,13.5,58.3,9.5,48.1,complete,H04,0,63,32.4,,11,left_foot,
SYN-00003-00469,469,1246.7,1246.7,1,21,pass,home,H04,9.5,48.1,16.9,60.2,complete,H05,0,63,51.8,,14.2,left_foot,
SYN-00003-00470,470,1250.5,1250.5,1,21,pass,home,H05,16.9,60.2,25,41.8,complete,H06,0,63,62.1,,20.1,right_foot,
SYN-00003-00471,471,1253.7,1253.7,1,21,pass,home,H06,25,41.8,37.3,44.8,complete,H08,0,63,46.5,,12.6,right_foot,
SYN-00003-00472,472,1257.2,1257.2,1,21,pass,home,H08,37.3,44.8,17.3,48,complete,H04,0,63,51.6,,20.2,right_foot,
SYN-00003-00473,473,1260.2,1260.2,1,22,sprint,home,H02,17.6,13.5,,,,,0,63,,31.5,28.4,,
SYN-00003-00474,474,1260.2,1260.2,1,22,pass,home,H04,17.3,48,42.7,26,complete,H07,0,63,69.6,,33.5,left_foot,
SYN-00003-00475,475,1264.8,1264.8,1,22,pass,home,H07,42.7,26,36.4,33.3,complete,H06,0,63,32.1,,9.6,right_foot,
SYN-00003-00476,476,1266.9,1266.9,1,22,pass,home,H06,36.4,33.3,26.9,58.6,complete,H05,0,63,68.3,,27,right_foot,
SYN-00003-00477,477,1269.4,1269.4,1,22,pressure,away,A10,26.9,58.6,,,,,0,63,,,,,
SYN-00003-00478,478,1269.4,1269.4,1,22,pass,home,H05,26.9,58.6,35.3,35.7,complete,H06,1,63,51.7,,24.3,right_foot,
SYN-00003-00479,479,1273.5,1273.5,1,22,pressure,away,A10,35.3,35.7,,,,,0,63,,,,,
SYN-00003-00480,480,1273.5,1273.5,1,22,pass,home,H06,35.3,35.7,22,23.1,complete,H03,1,63,54.3,,18.4,right_foot,
SYN-00003-00481,481,1277.2,1277.2,1,22,pressure,away,A10,22,23.1,,,,,0,63,,,,,
SYN-00003-00482,482,1277.2,1277.2,1,22,pass,home,H03,22,23.1,6.6,39.2,incomplete,H04,1,63,61.9,,22.7,left_foot,
SYN-00003-00483,483,1279.5,1279.5,1,22,possession_change,away,A10,6.6,39.2,,,recovery,,0,64,,,,,
SYN-00003-00484,484,1279.5,1279.5,1,22,pressure,home,H01,6.6,39.2,,,,,0,64,,,,,
SYN-00003-00485,485,1279.5,1279.5,1,22,carry,away,A10,6.6,39.2,1,47.4,complete,,1,64,,23.9,12.4,,
SYN-00003-00486,486,1281.4,1281.4,1,22,carry,away,A10,1,47.4,1,46.1,dispossessed,,0,64,,15.5,2,,
SYN-00003-00487,487,1281.9,1281.9,1,22,tackle,home,H04,1,46.1,,,won,,0,64,,,,,
SYN-00003-00488,488,1281.9,1281.9,1,22,possession_change,home,H04,1,46.1,,,tackle,,0,65,,,,,
SYN-00003-00489,489,1282.9,1282.9,1,22,pressure,away,A10,1,46.1,,,,,0,65,,,,,
SYN-00003-00490,490,1282.9,1282.9,1,22,pass,home,H04,1,46.1,18.4,31.8,incomplete,H06,1,65,48.8,,21.9,head,
SYN-00003-00491,491,1286.8,1286.8,1,22,possession_change,away,A10,18.4,31.8,,,recovery,,0,66,,,,,
SYN-00003-00492,492,1286.8,1286.8,1,22,pass,away,A10,18.4,31.8,36.9,19.4,complete,A08,0,66,56.9,,22.3,left_foot,
SYN-00003-00493,493,1289.9,1289.9,1,22,pass,away,A08,36.9,19.4,40.1,42.9,complete,A07,0,66,57.3,,23.8,right_foot,
SYN-00003-00494,494,1293.7,1293.7,1,22,pass,away,A07,40.1,42.9,48.1,68,out,A06,0,66,46,,15.3,right_foot,
SYN-00003-00495,495,1294.9,1294.9,1,22,possession_change,home,H11,48.1,67,,,out_of_play,,0,67,,,,,
SYN-00003-00496,496,1303.3,1303.3,1,22,pass,home,H11,48.1,67,51.9,53.4,complete,H08,0,67,44.9,,14.1,left_foot,
SYN-00003-00497,497,1305.6,1305.6,1,22,pass,home,H08,51.9,53.4,80.4,56.5,complete,H11,0,67,74.4,,28.7,right_foot,
SYN-00003-00498,498,1309.6,1309.6,1,22,pressure,away,A07,80.4,56.5,,,,,0,67,,,,,
SYN-00003-00499,499,1309.6,1309.6,1,22,pass,home,H11,80.4,56.5,72,54.4,incomplete,H08,1,67,43.2,,9.8,right_foot,
SYN-00003-00500,500,1311.9,1311.9,1,22,possession_change,away,A07,72,54.4,,,recovery,,0,68,,,,,
SYN-00003-00501,501,1311.9,1311.9,1,22,pass,away,A07,72,54.4,78.3,17.1,complete,A05,0,68,75.4,,37.8,right_foot,
SYN-00003-00502,502,1315.4,1315.4,1,22,pass,away,A05,78.3,17.1,83.8,55,complete,A02,0,68,76.8,,38.3,right_foot,
SYN-00003-00503,503,1319,1319,1,22,carry,away,A02,83.8,55,80.2,50.4,complete,,0,68,,21.5,5.8,,
SYN-00003-00504,504,1320,1320,1,23,pass,away,A02,80.2,50.4,59.2,24,complete,A08,0,68,73.2,,33.7,right_foot,
SYN-00003-00505,505,1324.3,1324.3,1,23,pass,away,A08,59.2,24,62.4,34.4,complete,A06,0,68,44.8,,10.8,right_foot,
SYN-00003-00506,506,1327.8,1327.8,1,23,pass,away,A06,62.4,34.4,77.9,57.3,complete,A02,0,68,61.3,,27.6,right_foot,
SYN-00003-00507,507,1330.4,1330.4,1,23,pass,away,A02,77.9,57.3,59.7,53.3,complete,A07,0,68,51.9,,18.6,right_foot,
SYN-00003-00508,508,1334,1334,1,23,pass,away,A07,59.7,53.3,63.2,34.8,complete,A06,0,68,53.3,,18.8,right_foot,
SYN-00003-00509,509,1337.4,1337.4,1,23,pressure,home,H10,63.2,34.8,,,,,0,68,,,,,
SYN-00003-00510,510,1337.4,1337.4,1,23,pass,away,A06,63.2,34.8,82.8,60.4,complete,A02,1,68,67.4,,32.2,right_foot,
SYN-00003-00511,511,1341.3,1341.3,1,23,pass,away,A02,82.8,60.4,74.5,44.3,incomplete,A06,0,68,45.5,,18.1,right_foot,
SYN-00003-00512,512,1344.6,1344.6,1,23,possession_change,home,H10,74.5,44.3,,,recovery,,0,69,,,,,
SYN-00003-00513,513,1344.6,1344.6,1,23,pass,home,H10,74.5,44.3,86.3,59.2,complete,H11,0,69,51.3,,19,right_foot,
SYN-00003-00514,514,1347.9,1347.9,1,23,pressure,away,A07,86.3,59.2,,,,,0,69,,,,,
SYN-00003-00515,515,1347.9,1347.9,1,23,pass,home,H11,86.3,59.2,66.3,51.8,complete,H08,1,69,66.6,,21.3,right_foot,
SYN-00003-00516,516,1351.6,1351.6,1,23,sprint,home,H07,61.6,26.4,,,,,0,69,,24.6,27.8,,
SYN-00003-00517,517,1351.6,1351.6,1,23,pass,home,H08,66.3,51.8,58.5,30.1,complete,H07,0,69,58.3,,23.1,right_foot,
SYN-00003-00518,518,1355.1,1355.1,1,23,pass,home,H07,58.5,30.1,46.8,32.4,complete,H06,0,69,48.3,,11.9,head,
SYN-00003-00519,519,1357.2,1357.2,1,23,pass,home,H06,46.8,32.4,57.5,42.7,complete,H08,0,69,56.6,,14.8,right_foot,
SYN-00003-00520,520,1359.3,1359.3,1,23,pass,home,H08,57.5,42.7,92.5,33.3,complete,H10,0,69,75.8,,36.2,left_foot,
SYN-00003-00521,521,1362.8,1362.8,1,23,carry,home,H10,92.5,33.3,101,36.4,complete,,0,69,,18.6,9,,
SYN-00003-00522,522,1364.5,1364.5,1,23,shot,home,H10,101,36.4,103,36.4,blocked,,0,69,79.1,,4.7,foot,0.609
SYN-00003-00523,523,1366.2,1366.2,1,23,pass,home,H10,96.4,36.4,98.4,14.8,complete,H09,0,69,51.7,,21.7,right_foot,
SYN-00003-00524,524,1369.5,1369.5,1,23,carry,home,H09,98.4,14.8,101.2,10.8,dispossessed,,0,69,,25.9,7.9,,
SYN-00003-00525,525,1370.6,1370.6,1,23,foul,away,A04,101.2,10.8,,,free_kick,,0,69,,,,,
SYN-00003-00526,526,1386.5,1386.5,1,24,pass,home,H09,101.2,10.8,80.1,15.8,intercepted,H07,0,70,61,,24.5,right_foot,
SYN-00003-00527,527,1387.8,1387.8,1,24,interception,away,A08,80.1,15.8,,,won,,0,70,,,,,
SYN-00003-00528,528,1387.8,1387.8,1,24,possession_change,away,A08,80.1,15.8,,,interception,,0,71,,,,,
SYN-00003-00529,529,1389.2,1389.2,1,24,pass,away,A08,80.1,15.8,79.3,30.9,incomplete,A06,0,71,46.3,,13.7,left_foot,
SYN-00003-00530,530,1392.3,1392.3,1,24,possession_change,home,H10,79.3,30.9,,,recovery,,0,72,,,,,
SYN-00003-00531,531,1392.3,1392.3,1,24,pass,home,H10,79.3,30.9,70.7,25.4,complete,H07,0,72,48.7,,10.2,right_foot,
SYN-00003-00532,532,1395.7,1395.7,1,24,pass,home,H07,70.7,25.4,48.6,26.4,complete,H06,0,72,51.4,,22.2,right_foot,
SYN-00003-00533,533,1399.6,1399.6,1,24,pass,home,H06,48.6,26.4,20.9,22.2,complete,H03,0,72,57.5,,28,right_foot,
SYN-00003-00534,534,1403.9,1403.9,1,24,carry,home,H03,20.9,22.2,31.3,23.7,complete,,0,72,,14.3,10.5,,
SYN-00003-00535,535,1406.5,1406.5,1,24,pass,home,H03,31.3,23.7,12.8,41.4,complete,H04,0,72,52.6,,25.6,left_foot,
SYN-00003-00536,536,1411.2,1411.2,1,24,pass,home,H04,12.8,41.4,17.2,14.6,intercepted,H02,0,72,62.9,,30.2,left_foot,
SYN-00003-00537,537,1412.8,1412.8,1,24,interception,away,A11,17.2,14.6,,,won,,0,72,,,,,
SYN-00003-00538,538,1412.8,1412.8,1,24,possession_change,away,A11,17.2,14.6,,,interception,,0,73,,,,,
SYN-00003-00539,539,1413.6,1413.6,1,24,pass,away,A11,17.2,14.6,1,25.5,complete,A10,0,73,52.7,,19.5,right_foot,
SYN-00003-00540,540,1417.8,1417.8,1,24,carry,away,A10,1,25.5,1,18.4,complete,,0,73,,22.7,9,,
SYN-00003-00541,541,1419.2,1419.2,1,24,pass,away,A10,1,18.4,6,8.7,complete,A11,0,73,49.7,,10.9,right_foot,
SYN-00003-00542,542,1422.2,1422.2,1,24,carry,away,A11,6,8.7,1,11.8,complete,,0,73,,22,12.3,,
SYN-00003-00543,543,1424.2,1424.2,1,24,pass,away,A11,1,11.8,4.6,26.4,intercepted,A10,0,73,49.5,,16.8,right_foot,
SYN-00003-00544,544,1425.3,1425.3,1,24,interception,home,H01,4.6,26.4,,,won,,0,73,,,,,
SYN-00003-00545,545,1425.3,1425.3,1,24,possession_change,home,H01,4.6,26.4,,,interception,,0,74,,,,,
SYN-00003-00546,546,1425.9,1425.9,1,24,pass,home,H01,4.6,26.4,8.6,7.8,incomplete,H02,0,74,53.1,,17,right_foot,
SYN-00003-00547,547,1428.7,1428.7,1,24,possession_change,away,A11,8.6,7.8,,,recovery,,0,75,,,,,
SYN-00003-00548,548,1428.7,1428.7,1,24,pass,away,A11,8.6,7.8,27,18.5,incomplete,A08,0,75,65.3,,25.4,right_foot,
SYN-00003-00549,549,1431.7,1431.7,1,24,possession_change,home,H07,27,18.5,,,recovery,,0,76,,,,,
SYN-00003-00550,550,1431.7,1431.7,1,24,pass,home,H07,27,18.5,43.3,38,complete,H08,0,76,59.3,,25.4,right_foot,
SYN-00003-00551,551,1435.5,1435.5,1,24,pass,home,H08,43.3,38,30,13.2,complete,H02,0,76,63.4,,28.1,right_foot,
SYN-00003-00552,552,1439.1,1439.1,1,24,carry,home,H02,30,13.2,38.4,18.1,complete,,0,76,,19.2,9.7,,
SYN-00003-00553,553,1441,1441,1,25,pass,home,H02,38.4,18.1,11.7,21.7,complete,H03,0,76,66.9,,26.9,right_foot,
SYN-00003-00554,554,1445.2,1445.2,1,25,pass,home,H03,11.7,21.7,7,38.4,complete,H04,0,76,53.3,,17.4,left_foot,
SYN-00003-00555,555,1447.7,1447.7,1,25,pass,home,H04,7,38.4,35.9,21.7,complete,H07,0,76,76.2,,33.4,left_foot,
SYN-00003-00556,556,1451.6,1451.6,1,25,sprint,home,H04,15.9,39.9,,,,,0,76,,32.5,36.8,,
SYN-00003-00557,557,1451.6,1451.6,1,25,pass,home,H07,35.9,21.7,24.7,5.3,complete,H02,0,76,51.6,,19.8,right_foot,
SYN-00003-00558,558,1455.9,1455.9,1,25,pressure,away,A11,24.7,5.3,,,,,0,76,,,,,
SYN-00003-00559,559,1455.9,1455.9,1,25,carry,home,H02,24.7,5.3,37.2,1.1,complete,,1,76,,23,13.2,,
SYN-00003-00560,560,1457.9,1457.9,1,25,pass,home,H02,37.2,1.1,37.1,23.8,complete,H06,0,76,51.1,,22.7,right_foot,
SYN-00003-00561,561,1460.6,1460.6,1,25,pass,home,H06,37.1,23.8,50.1,18.8,complete,H07,0,76,48.9,,13.9,right_foot,
SYN-00003-00562,562,1463.8,1463.8,1,25,pass,home,H07,50.1,18.8,42.9,30.2,complete,H06,0,76,49.9,,13.5,right_foot,
SYN-00003-00563,563,1467.5,1467.5,1,25,pass,home,H06,42.9,30.2,49.6,22.9,complete,H07,0,76,31.6,,9.9,right_foot,
SYN-00003-00564,564,1470.5,1470.5,1,25,pass,home,H07,49.6,22.9,43.6,31.9,complete,H06,0,76,39.8,,10.8,left_foot,
SYN-00003-00565,565,1473.2,1473.2,1,25,pass,home,H06,43.6,31.9,47.5,48,complete,H08,0,76,49.2,,16.6,head,
SYN-00003-00566,566,1476.2,1476.2,1,25,pass,home,H08,47.5,48,28.8,63.1,complete,H05,0,76,62.8,,24,head,
SYN-00003-00567,567,1479.9,1479.9,1,25,pass,home,H05,28.8,63.1,71.7,64,complete,H11,0,76,84.4,,42.9,right_foot,
SYN-00003-00568,568,1483.5,1483.5,1,25,pass,home,H11,71.7,64,62.3,50.8,complete,H08,0,76,46.7,,16.2,right_foot,
SYN-00003-00569,569,1486.7,1486.7,1,25,sprint,home,H03,27.8,29.2,,,,,0,76,,26.6,33.5,,
SYN-00003-00570,570,1486.7,1486.7,1,25,pass,home,H08,62.3,50.8,81.3,62.8,complete,H11,0,76,54.5,,22.5,right_foot,
SYN-00003-00571,571,1489.8,1489.8,1,25,pass,home,H11,81.3,62.8,91.2,44.1,incomplete,H10,0,76,61.4,,30.4,right_foot,
SYN-00003-00572,572,1492.9,1492.9,1,25,possession_change,away,A06,91.2,44.1,,,recovery,,0,77,,,,,
SYN-00003-00573,573,1492.9,1492.9,1,25,pressure,home,H10,91.2,44.1,,,,,0,77,,,,,
SYN-00003-00574,574,1492.9,1492.9,1,25,carry,away,A06,91.2,44.1,78.4,38.1,complete,,1,77,,15.1,14.2,,
SYN-00003-00575,575,1496.3,1496.3,1,25,pass,away,A06,78.4,38.1,62.7,42.6,complete,A07,0,77,47,,16.4,right_foot,
SYN-00003-00576,576,1499.7,1499.7,1,25,carry,away,A07,62.7,42.6,47.8,42,complete,,0,77,,16.9,14.9,,
SYN-00003-00577,577,1502.8,1502.8,1,26,pass,away,A07,47.8,42,60,43.3,complete,A06,0,77,42.3,,12.3,right_foot,
SYN-00003-00578,578,1505.3,1505.3,1,26,pass,away,A06,60,43.3,51.8,28.7,complete,A08,0,77,49.7,,16.8,right_foot,
SYN-00003-00579,579,1508.3,1508.3,1,26,pass,away,A08,51.8,28.7,81.9,35.2,complete,A03,0,77,66.3,,30.7,head,
SYN-00003-00580,580,1511.2,1511.2,1,26,pass,away,A03,81.9,35.2,95.8,3.2,incomplete,A05,0,77,69.3,,29.7,right_foot,
SYN-00003-00581,581,1515,1515,1,26,possession_change,home,H09,95.8,3.2,,,recovery,,0,78,,,,,
SYN-00003-00582,582,1515,1515,1,26,pass,home,H09,95.8,3.2,100.6,28,complete,H10,0,78,49.2,,25.3,right_foot,
SYN-00003-00583,583,1518.8,1518.8,1,26,pass,home,H10,100.6,28,100.1,56.4,complete,H11,0,78,66.1,,28.4,left_foot,
SYN-00003-00584,584,1521.4,1521.4,1,26,pass,home,H11,100.1,56.4,68.8,38.5,complete,H06,0,78,84.4,,36,left_foot,
SYN-00003-00585,585,1525.1,1525.1,1,26,carry,home,H06,68.8,38.5,74.9,35,complete,,0,78,,23.1,7,,
SYN-00003-00586,586,1526.2,1526.2,1,26,pass,home,H06,74.9,35,58.4,48.5,complete,H08,0,78,60.3,,21.3,right_foot,
SYN-00003-00587,587,1530.4,1530.4,1,26,pressure,away,A10,58.4,48.5,,,,,0,78,,,,,
SYN-00003-00588,588,1530.4,1530.4,1,26,pass,home,H08,58.4,48.5,80.7,55.4,complete,H11,1,78,64.4,,23.3,right_foot,
SYN-00003-00589,589,1533.4,1533.4,1,26,pass,home,H11,80.7,55.4,68.9,24.5,complete,H07,0,78,60.7,,33.1,left_foot,
SYN-00003-00590,590,1537.9,1537.9,1,26,pass,home,H07,68.9,24.5,47.7,34.1,complete,H06,0,78,55.4,,23.2,left_foot,
SYN-00003-00591,591,1541.8,1541.8,1,26,pass,home,H06,47.7,34.1,51.9,45.5,complete,H08,0,78,39.2,,12.2,left_foot,
SYN-00003-00592,592,1544.5,1544.5,1,26,carry,home,H08,51.9,45.5,53.8,41.7,complete,,0,78,,15.9,4.3,,
SYN-00003-00593,593,1545.4,1545.4,1,26,pass,home,H08,53.8,41.7,82.2,29,incomplete,H10,0,78,80.5,,38.2,right_foot,
SYN-00003-00594,594,1548.3,1548.3,1,26,possession_change,away,A04,82.2,29,,,recovery,,0,79,,,,,
SYN-00003-00595,595,1548.3,1548.3,1,26,pass,away,A04,82.2,29,73.8,34.4,complete,A06,0,79,41.9,,10,left_foot,
SYN-00003-00596,596,1550.6,1550.6,1,26,pass,away,A06,73.8,34.4,54.4,20.5,complete,A08,0,79,58.4,,23.8,left_foot,
SYN-00003-00597,597,1553.9,1553.9,1,26,carry,away,A08,54.4,20.5,51.7,16.1,complete,,0,79,,24.5,5.2,,
SYN-00003-00598,598,1554.7,1554.7,1,26,pass,away,A08,51.7,16.1,26.2,3,incomplete,A11,0,79,78.3,,32.2,right_foot,
SYN-00003-00599,599,1557.7,1557.7,1,26,possession_change,home,H02,26.2,3,,,recovery,,0,80,,,,,
SYN-00003-00600,600,1557.7,1557.7,1,26,pass,home,H02,26.2,3,16.2,18.7,complete,H03,0,80,57.9,,18.6,right_foot,
SYN-00003-00601,601,1560.4,1560.4,1,27,pass,home,H03,16.2,18.7,33.6,14.5,complete,H07,0,80,60.1,,17.9,right_foot,
SYN-00003-00602,602,1564.2,1564.2,1,27,pass,home,H07,33.6,14.5,36.6,29.5,complete,H06,0,80,41.7,,15.3,right_foot,
SYN-00003-00603,603,1567.9,1567.9,1,27,sprint,home,H09,72.2,8.9,,,,,0,80,,30.7,37.4,,
SYN-00003-00604,604,1567.9,1567.9,1,27,pass,home,H06,36.6,29.5,50.5,20.2,complete,H07,0,80,50.1,,16.8,right_foot,
SYN-00003-00605,605,1570.3,1570.3,1,27,carry,home,H07,50.5,20.2,60.1,22.1,complete,,0,80,,21.6,9.7,,
SYN-00003-00606,606,1571.9,1571.9,1,27,pass,home,H07,60.1,22.1,49.6,68,out,H08,0,80,63.1,,24.4,right_foot,
SYN-00003-00607,607,1573.3,1573.3,1,27,possession_change,away,A09,49.6,67,,,out_of_play,,0,81,,,,,
SYN-00003-00608,608,1583,1583,1,27,pass,away,A09,49.6,67,22.9,50.8,intercepted,A10,0,81,85.1,,45,left_foot,
SYN-00003-00609,609,1584.3,1584.3,1,27,interception,home,H06,22.9,50.8,,,won,,0,81,,,,,
SYN-00003-00610,610,1584.3,1584.3,1,27,possession_change,home,H06,22.9,50.8,,,interception,,0,82,,,,,
SYN-00003-00611,611,1585,1585,1,27,pass,home,H06,22.9,50.8,9.6,0,out,H03,0,82,66,,34.7,right_foot,
SYN-00003-00612,612,1586.9,1586.9,1,27,possession_change,away,A11,9.6,1,,,out_of_play,,0,83,,,,,
SYN-00003-00613,613,1597.4,1597.4,1,27,pass,away,A11,9.6,1,2.1,22.5,complete,A10,0,83,55.5,,22.7,right_foot,
SYN-00003-00614,614,1599.9,1599.9,1,27,shot,away,A10,2.1,22.5,0,33,saved,,0,83,61.6,,11.7,foot,0.146
SYN-00003-00615,615,1601.1,1601.1,1,27,possession_change,home,H01,6,34,,,goalkeeper_save,,0,84,,,,,
SYN-00003-00616,616,1609.8,1609.8,1,27,pass,home,H01,6,34,26.5,35.5,complete,H06,0,84,54.1,,20.5,right_foot,
SYN-00003-00617,617,1613.3,1613.3,1,27,carry,home,H06,26.5,35.5,34.5,36.5,complete,,0,84,,20.1,8.1,,
SYN-00003-00618,618,1614.7,1614.7,1,27,pass,home,H06,34.5,36.5,41.8,49.9,complete,H08,0,84,50.8,,15.3,right_foot,
SYN-00003-00619,619,1617,1617,1,27,pass,home,H08,41.8,49.9,30.7,59.9,complete,H05,0,84,47.3,,14.9,right_foot,
SYN-00003-00620,620,1619.5,1619.5,1,27,pass,home,H05,30.7,59.9,43.3,51.2,complete,H08,0,84,40.1,,15.3,left_foot,
SYN-00003-00621,621,1622.5,1622.5,1,28,pass,home,H08,43.3,51.2,81,35.4,incomplete,H10,0,84,87.3,,44.1,right_foot,
SYN-00003-00622,622,1626.2,1626.2,1,28,possession_change,away,A04,81,35.4,,,recovery,,0,85,,,,,
SYN-00003-00623,623,1626.2,1626.2,1,28,pass,away,A04,81,35.4,59.5,23.8,complete,A08,0,85,71.2,,24.4,right_foot,
SYN-00003-00624,624,1630.4,1630.4,1,28,pass,away,A08,59.5,23.8,53,45.2,complete,A07,0,85,60.1,,22.3,right_foot,
SYN-00003-00625,625,1633.9,1633.9,1,28,pass,away,A07,53,45.2,23,58.7,complete,A09,0,85,73.7,,32.9,right_foot,
SYN-00003-00626,626,1638.5,1638.5,1,28,pass,away,A09,23,58.7,39.8,54.2,complete,A07,0,85,51.9,,17.4,right_foot,
SYN-00003-00627,627,1641.4,1641.4,1,28,sprint,away,A10,9.9,39,,,,,0,85,,29.3,47.9,,
SYN-00003-00628,628,1641.4,1641.4,1,28,pass,away,A07,39.8,54.2,23.4,63.2,complete,A09,0,85,59.3,,18.7,right_foot,
SYN-00003-00629,629,1644.8,1644.8,1,28,pass,away,A09,23.4,63.2,1,47.3,complete,A10,0,85,67.9,,27.5,right_foot,
SYN-00003-00630,630,1648.6,1648.6,1,28,shot,away,A10,1,47.3,0,30.7,saved,,0,85,41.6,,13.3,head,0.054
SYN-00003-00631,631,1650.3,1650.3,1,28,possession_change,home,H01,6,34,,,goalkeeper_save,,0,86,,,,,
SYN-00003-00632,632,1658.2,1658.2,1,28,pass,home,H01,6,34,17.3,35.5,complete,H06,0,86,33.6,,11.4,right_foot,
SYN-00003-00633,633,1661.4,1661.4,1,28,pass,home,H06,17.3,35.5,27.8,26.1,intercepted,H07,0,86,58.9,,24.2,left_foot,
SYN-00003-00634,634,1662.2,1662.2,1,28,interception,away,A10,27.8,26.1,,,won,,0,86,,,,,
SYN-00003-00635,635,1662.2,1662.2,1,28,possession_change,away,A10,27.8,26.1,,,interception,,0,87,,,,,
SYN-00003-00636,636,1663.3,1663.3,1,28,pass,away,A10,27.8,26.1,17.4,8.5,complete,A11,0,87,56.5,,20.4,right_foot,
SYN-00003-00637,637,1666.1,1666.1,1,28,pressure,home,H02,17.4,8.5,,,,,0,87,,,,,
SYN-00003-00638,638,1666.1,1666.1,1,28,pass,away,A11,17.4,8.5,1,30.1,complete,A10,1,87,54.9,,27.1,right_foot,
SYN-00003-00639,639,1669.7,1669.7,1,28,pass,away,A10,1,30.1,11.1,0,out,A11,0,87,53.2,,18.4,left_foot,
SYN-00003-00640,640,1670.9,1670.9,1,28,possession_change,home,H02,11.1,1,,,out_of_play,,0,88,,,,,
SYN-00003-00641,641,1686.2,1686.2,1,29,pass,home,H02,11.1,1,29.2,24.9,intercepted,H06,0,88,80.1,,33,right_foot,
SYN-00003-00642,642,1687.6,1687.6,1,29,interception,away,A10,29.2,24.9,,,won,,0,88,,,,,
SYN-00003-00643,643,1687.6,1687.6,1,29,possession_change,away,A10,29.2,24.9,,,interception,,0,89,,,,,
SYN-00003-00644,644,1688.2,1688.2,1,29,pass,away,A10,29.2,24.9,37.8,45.8,complete,A07,0,89,51.4,,22.7,left_foot,
SYN-00003-00645,645,1690.9,1690.9,1,29,carry,away,A07,37.8,45.8,28.4,46.2,complete,,0,89,,15.5,9.4,,
SYN-00003-00646,646,1693.1,1693.1,1,29,pass,away,A07,28.4,46.2,13.6,40.4,intercepted,A10,0,89,60.5,,24,right_foot,
SYN-00003-00647,647,1694,1694,1,29,interception,home,H06,13.6,40.4,,,won,,0,89,,,,,
SYN-00003-00648,648,1694,1694,1,29,possession_change,home,H06,13.6,40.4,,,interception,,0,90,,,,,
SYN-00003-00649,649,1695.4,1695.4,1,29,pass,home,H06,13.6,40.4,18.6,58.5,complete,H05,0,90,54.6,,18.8,right_foot,
SYN-00003-00650,650,1698.3,1698.3,1,29,pass,home,H05,18.6,58.5,37.6,54.2,complete,H08,0,90,54.3,,19.5,left_foot,
SYN-00003-00651,651,1701.6,1701.6,1,29,pass,home,H08,37.6,54.2,52.3,0,out,H07,0,90,67.5,,30.4,right_foot,
SYN-00003-00652,652,1703.2,1703.2,1,29,possession_change,away,A11,52.3,1,,,out_of_play,,0,91,,,,,
SYN-00003-00653,653,1719.9,1719.9,1,29,carry,away,A11,52.3,1,46,3.5,complete,,0,91,,15.1,6.7,,
SYN-00003-00654,654,1721.5,1721.5,1,29,pass,away,A11,46,3.5,57.1,33,complete,A06,0,91,69.2,,31.5,right_foot,
SYN-00003-00655,655,1725.6,1725.6,1,29,pass,away,A06,57.1,33,26.3,59.3,complete,A09,0,91,87.2,,40.5,right_foot,
SYN-00003-00656,656,1728.6,1728.6,1,29,pressure,home,H08,26.3,59.3,,,,,0,91,,,,,
SYN-00003-00657,657,1728.6,1728.6,1,29,pass,away,A09,26.3,59.3,13.2,51.5,intercepted,A10,1,91,57.8,,23.7,right_foot,
SYN-00003-00658,658,1729.5,1729.5,1,29,interception,home,H04,13.2,51.5,,,won,,0,91,,,,,
SYN-00003-00659,659,1729.5,1729.5,1,29,possession_change,home,H04,13.2,51.5,,,interception,,0,92,,,,,
SYN-00003-00660,660,1730.1,1730.1,1,29,pass,home,H04,13.2,51.5,36.4,24.3,complete,H07,0,92,70.9,,35.7,right_foot,
SYN-00003-00661,661,1733.2,1733.2,1,29,pass,home,H07,36.4,24.3,27.2,10.1,complete,H02,0,92,46.7,,16.9,head,
SYN-00003-00662,662,1737,1737,1,29,pass,home,H02,27.2,10.1,16.3,18.7,complete,H03,0,92,43.9,,13.9,right_foot,
SYN-00003-00663,663,1740.9,1740.9,1,30,pressure,away,A10,16.3,18.7,,,,,0,92,,,,,
SYN-00003-00664,664,1740.9,1740.9,1,30,pass,home,H03,16.3,18.7,39,39.2,complete,H08,1,92,62.1,,30.6,right_foot,
SYN-00003-00665,665,1745.7,1745.7,1,30,pass,home,H08,39,39.2,27.2,42.8,intercepted,H04,0,92,65.7,,23.8,right_foot,
SYN-00003-00666,666,1746.3,1746.3,1,30,interception,away,A10,27.2,42.8,,,won,,0,92,,,,,
SYN-00003-00667,667,1746.3,1746.3,1,30,possession_change,away,A10,27.2,42.8,,,interception,,0,93,,,,,
SYN-00003-00668,668,1747.7,1747.7,1,30,pass,away,A10,27.2,42.8,42.5,21.4,complete,A08,0,93,67.4,,26.3,left_foot,
SYN-00003-00669,669,1750.7,1750.7,1,30,pass,away,A08,42.5,21.4,17.1,59.2,complete,A09,0,93,86.6,,45.5,left_foot,
SYN-00003-00670,670,1753.9,1753.9,1,30,carry,away,A09,17.1,59.2,4.6,52,complete,,0,93,,24.7,14.4,,
SYN-00003-00671,671,1756,1756,1,30,pass,away,A09,4.6,52,25.2,29.4,complete,A08,0,93,63.3,,30.7,right_foot,
SYN-00003-00672,672,1760,1760,1,30,carry,away,A08,25.2,29.4,13.4,28.6,complete,,0,93,,19.6,11.9,,
SYN-00003-00673,673,1762.2,1762.2,1,30,pass,away,A08,13.4,28.6,0,0,out,A10,0,93,48.3,,12.8,right_foot,
SYN-00003-00674,674,1763.2,1763.2,1,30,possession_change,home,H02,1,1,,,out_of_play,,0,94,,,,,
SYN-00003-00675,675,1776.5,1776.5,1,30,sprint,away,A11,38.7,2,,,,,0,94,,31.2,31.3,,
SYN-00003-00676,676,1776.5,1776.5,1,30,pressure,away,A11,1,1,,,,,0,94,,,,,
SYN-00003-00677,677,1776.5,1776.5,1,30,pass,home,H02,1,1,28.3,13.1,complete,H07,1,94,63,,29.9,left_foot,
SYN-00003-00678,678,1779.6,1779.6,1,30,pass,home,H07,28.3,13.1,13.8,38.9,complete,H04,0,94,66.3,,29.6,right_foot,
SYN-00003-00679,679,1782.2,1782.2,1,30,pass,home,H04,13.8,38.9,24.6,32.9,incomplete,H06,0,94,43.9,,13.3,right_foot,
SYN-00003-00680,680,1784.4,1784.4,1,30,possession_change,away,A10,24.6,32.9,,,recovery,,0,95,,,,,
SYN-00003-00681,681,1784.4,1784.4,1,30,pass,away,A10,24.6,32.9,16.1,12.5,intercepted,A11,0,95,62.6,,27.2,right_foot,
SYN-00003-00682,682,1785.7,1785.7,1,30,interception,home,H02,16.1,12.5,,,won,,0,95,,,,,
SYN-00003-00683,683,1785.7,1785.7,1,30,possession_change,home,H02,16.1,12.5,,,interception,,0,96,,,,,
SYN-00003-00684,684,1786.6,1786.6,1,30,carry,home,H02,16.1,12.5,20.3,14.5,complete,,0,96,,15,4.7,,
SYN-00003-00685,685,1787.7,1787.7,1,30,pass,home,H02,20.3,14.5,42.7,15.8,complete,H07,0,96,57.4,,22.4,left_foot,
SYN-00003-00686,686,1790.4,1790.4,1,30,carry,home,H07,42.7,15.8,56.9,14.7,complete,,0,96,,21.1,14.2,,
SYN-00003-00687,687,1792.8,1792.8,1,30,pass,home,H07,56.9,14.7,83.8,6,complete,H09,0,96,76,,28.3,right_foot,
SYN-00003-00688,688,1795.5,1795.5,1,30,pass,home,H09,83.8,6,64.6,19.1,complete,H07,0,96,51.6,,23.2,right_foot,
SYN-00003-00689,689,1800.1,1800.1,1,31,pass,home,H07,64.6,19.1,58.3,41.7,complete,H08,0,96,59.4,,23.4,right_foot,
SYN-00003-00690,690,1804.2,1804.2,1,31,pass,home,H08,58.3,41.7,24.7,42,complete,H04,0,96,69.2,,33.6,right_foot,
SYN-00003-00691,691,1807.5,1807.5,1,31,pressure,away,A10,24.7,42,,,,,0,96,,,,,
SYN-00003-00692,692,1807.5,1807.5,1,31,pass,home,H04,24.7,42,43.2,24.8,complete,H07,1,96,66.7,,25.3,right_foot,
SYN-00003-00693,693,1811.8,1811.8,1,31,pass,home,H07,43.2,24.8,37,30.8,complete,H06,0,96,44.7,,8.7,left_foot,
SYN-00003-00694,694,1813.7,1813.7,1,31,pass,home,H06,37,30.8,16.5,22,complete,H03,0,96,57,,22.3,right_foot,
SYN-00003-00695,695,1817.5,1817.5,1,31,pass,home,H03,16.5,22,19.6,4.4,complete,H02,0,96,53.3,,17.9,left_foot,
SYN-00003-00696,696,1821.3,1821.3,1,31,pass,home,H02,19.6,4.4,28.4,24.2,complete,H06,0,96,52.2,,21.7,right_foot,
SYN-00003-00697,697,1823.9,1823.9,1,31,pressure,away,A10,28.4,24.2,,,,,0,96,,,,,
SYN-00003-00698,698,1823.9,1823.9,1,31,pass,home,H06,28.4,24.2,21.3,9.3,complete,H02,1,96,46.7,,16.5,left_foot,
SYN-00003-00699,699,1827.6,1827.6,1,31,pass,home,H02,21.3,9.3,7.8,19.4,complete,H03,0,96,55.2,,16.8,left_foot,
SYN-00003-00700,700,1830.4,1830.4,1,31,pass,home,H03,7.8,19.4,11.3,3.5,complete,H02,0,96,56.6,,16.3,right_foot,
SYN-00003-00701,701,1832.5,1832.5,1,31,pass,home,H02,11.3,3.5,1,35,complete,H04,0,96,74.1,,33.2,right_foot,
SYN-00003-00702,702,1835.5,1835.5,1,31,pressure,away,A10,1,35,,,,,0,96,,,,,
SYN-00003-00703,703,1835.5,1835.5,1,31,pass,home,H04,1,35,21.1,31.6,complete,H06,1,96,44.1,,20.4,left_foot,
SYN-00003-00704,704,1840,1840,1,31,carry,home,H06,21.1,31.6,23.2,27.1,complete,,0,96,,20.1,4.9,,
SYN-00003-00705,705,1840.9,1840.9,1,31,pressure,away,A10,23.2,27.1,,,,,0,96,,,,,
SYN-00003-00706,706,1840.9,1840.9,1,31,pass,home,H06,23.2,27.1,14.4,39.8,complete,H04,1,96,52,,15.4,right_foot,
SYN-00003-00707,707,1843.4,1843.4,1,31,pass,home,H04,14.4,39.8,18.6,60.3,complete,H05,0,96,59.4,,20.9,right_foot,
SYN-00003-00708,708,1845.8,1845.8,1,31,pass,home,H05,18.6,60.3,25.8,39.9,complete,H06,0,96,56,,21.6,right_foot,
SYN-00003-00709,709,1850.1,1850.1,1,31,pass,home,H06,25.8,39.9,14.2,26.8,complete,H03,0,96,48.1,,17.5,right_foot,
SYN-00003-00710,710,1853.5,1853.5,1,31,pass,home,H03,14.2,26.8,1,32.4,complete,H01,0,96,47.7,,14.4,right_foot,
SYN-00003-00711,711,1855.7,1855.7,1,31,pass,home,H01,1,32.4,33.4,49,complete,H08,0,96,74.7,,36.4,right_foot,
SYN-00003-00712,712,1858.8,1858.8,1,31,pass,home,H08,33.4,49,20.2,61.7,complete,H05,0,96,40.3,,18.3,left_foot,
SYN-00003-00713,713,1861.5,1861.5,1,32,sprint,away,A10,38.2,45.1,,,,,0,96,,27.1,26.9,,
SYN-00003-00714,714,1861.5,1861.5,1,32,pressure,away,A10,20.2,61.7,,,,,0,96,,,,,
SYN-00003-00715,715,1861.5,1861.5,1,32,pass,home,H05,20.2,61.7,3.5,68,out,H01,1,96,64,,26.1,right_foot,
SYN-00003-00716,716,1863,1863,1,32,possession_change,away,A09,3.5,67,,,out_of_play,,0,97,,,,,
SYN-00003-00717,717,1878.4,1878.4,1,32,pass,away,A09,3.5,67,8.5,47.2,intercepted,A10,0,97,64.7,,28.7,left_foot,
SYN-00003-00718,718,1879.6,1879.6,1,32,interception,home,H01,8.5,47.2,,,won,,0,97,,,,,
SYN-00003-00719,719,1879.6,1879.6,1,32,possession_change,home,H01,8.5,47.2,,,interception,,0,98,,,,,
SYN-00003-00720,720,1880.8,1880.8,1,32,pass,home,H01,8.5,47.2,12.6,17.4,complete,H02,0,98,61.4,,30.1,right_foot,
SYN-00003-00721,721,1884.5,1884.5,1,32,carry,home,H02,12.6,17.4,18.6,10.1,complete,,0,98,,20.9,9.4,,
SYN-00003-00722,722,1886.1,1886.1,1,32,pressure,away,A10,18.6,10.1,,,,,0,98,,,,,
SYN-00003-00723,723,1886.1,1886.1,1,32,pass,home,H02,18.6,10.1,34.3,0,out,H06,1,98,56.2,,24.3,left_foot,
SYN-00003-00724,724,1887.7,1887.7,1,32,possession_change,away,A11,34.3,1,,,out_of_play,,0,99,,,,,
SYN-00003-00725,725,1906.2,1906.2,1,32,carry,away,A11,34.3,1,29.3,2.1,complete,,0,99,,24.7,5.2,,
SYN-00003-00726,726,1907,1907,1,32,pass,away,A11,29.3,2.1,2.6,0,out,A10,0,99,82.9,,34.7,left_foot,
SYN-00003-00727,727,1908.5,1908.5,1,32,possession_change,home,H02,2.6,1,,,out_of_play,,0,100,,,,,
SYN-00003-00728,728,1926,1926,1,33,pass,home,H02,2.6,1,7.9,27.2,complete,H01,0,100,63.7,,26.7,right_foot,
SYN-00003-00729,729,1928.7,1928.7,1,33,pass,home,H01,7.9,27.2,33.3,24.3,complete,H07,0,100,58.4,,25.5,right_foot,
SYN-00003-00730,730,1933.1,1933.1,1,33,pass,home,H07,33.3,24.3,12.7,36.7,complete,H04,0,100,55,,24,right_foot,
SYN-00003-00731,731,1936.7,1936.7,1,33,pressure,away,A10,12.7,36.7,,,,,0,100,,,,,
SYN-00003-00732,732,1936.7,1936.7,1,33,pass,home,H04,12.7,36.7,38.1,54.7,complete,H08,1,100,74.4,,31.2,left_foot,
SYN-00003-00733,733,1939.3,1939.3,1,33,pass,home,H08,38.1,54.7,34.1,35.5,complete,H06,0,100,49.9,,19.6,left_foot,
SYN-00003-00734,734,1943.4,1943.4,1,33,pass,home,H06,34.1,35.5,12.4,22.7,complete,H03,0,100,61.4,,25.2,right_foot,
SYN-00003-00735,735,1946.6,1946.6,1,33,pass,home,H03,12.4,22.7,22.8,5,complete,H02,0,100,51.4,,20.5,right_foot,
SYN-00003-00736,736,1949.6,1949.6,1,33,pass,home,H02,22.8,5,42.9,0,out,H07,0,100,51.5,,23.3,right_foot,
SYN-00003-00737,737,1951.3,1951.3,1,33,possession_change,away,A11,42.9,1,,,out_of_play,,0,101,,,,,
SYN-00003-00738,738,1970.2,1970.2,1,33,pass,away,A11,42.9,1,54.1,26.7,complete,A06,0,101,60.7,,28,right_foot,
SYN-00003-00739,739,1974.7,1974.7,1,33,pass,away,A06,54.1,26.7,80.9,37.6,intercepted,A03,0,101,81.5,,30.8,right_foot,
SYN-00003-00740,740,1976,1976,1,33,interception,home,H10,80.9,37.6,,,won,,0,101,,,,,
SYN-00003-00741,741,1976,1976,1,33,possession_change,home,H10,80.9,37.6,,,interception,,0,102,,,,,
SYN-00003-00742,742,1976.9,1976.9,1,33,shot,home,H10,80.9,37.6,105,25.6,off_target,,0,102,96.5,,24.3,foot,0.038
SYN-00003-00743,743,1978.3,1978.3,1,33,possession_change,away,A01,99,34,,,goal_kick,,0,103,,,,,
SYN-00003-00744,744,2007.2,2007.2,1,34,pass,away,A01,99,34,68.9,20.8,complete,A08,0,103,70,,32.9,left_foot,
SYN-00003-00745,745,2010.5,2010.5,1,34,pressure,home,H10,68.9,20.8,,,,,0,103,,,,,
SYN-00003-00746,746,2010.5,2010.5,1,34,pass,away,A08,68.9,20.8,89.5,40.1,complete,A03,1,103,70.4,,28.3,left_foot,
SYN-00003-00747,747,2013.1,2013.1,1,34,pressure,home,H10,89.5,40.1,,,,,0,103,,,,,
SYN-00003-00748,748,2013.1,2013.1,1,34,pass,away,A03,89.5,40.1,88.5,20,complete,A05,1,103,56.7,,20.2,left_foot,
SYN-00003-00749,749,2016.2,2016.2,1,34,pass,away,A05,88.5,20,98.1,39.2,complete,A03,0,103,54.2,,21.4,right_foot,
SYN-00003-00750,750,2020.2,2020.2,1,34,pressure,home,H10,98.1,39.2,,,,,0,103,,,,,
SYN-00003-00751,751,2020.2,2020.2,1,34,carry,away,A03,98.1,39.2,89,34.9,complete,,1,103,,16,10,,
SYN-00003-00752,752,2022.4,2022.4,1,34,pass,away,A03,89,34.9,62.2,51.8,complete,A07,0,103,71.3,,31.7,right_foot,
SYN-00003-00753,753,2025.4,2025.4,1,34,pass,away,A07,62.2,51.8,26.2,60.9,complete,A09,0,103,71.3,,37.1,left_foot,
SYN-00003-00754,754,2028.5,2028.5,1,34,pass,away,A09,26.2,60.9,0,68,out,A10,0,103,77.7,,31.8,left_foot,
SYN-00003-00755,755,2030,2030,1,34,possession_change,home,H05,1,67,,,out_of_play,,0,104,,,,,
SYN-00003-00756,756,2038.9,2038.9,1,34,pressure,away,A09,1,67,,,,,0,104,,,,,
SYN-00003-00757,757,2038.9,2038.9,1,34,carry,home,H05,1,67,4.8,67,dispossessed,,1,104,,16.4,4,,
SYN-00003-00758,758,2039.8,2039.8,1,34,foul,away,A09,4.8,67,,,free_kick,,0,104,,,,,
SYN-00003-00759,759,2056.5,2056.5,1,35,pass,home,H05,4.8,67,33.3,57.6,complete,H08,0,105,60.4,,30,right_foot,
SYN-00003-00760,760,2059.4,2059.4,1,35,pass,home,H08,33.3,57.6,15.5,48.7,complete,H04,0,105,54.3,,19.9,right_foot,
SYN-00003-00761,761,2062,2062,1,35,pass,home,H04,15.5,48.7,9.3,29.4,complete,H03,0,105,51.2,,20.3,right_foot,
SYN-00003-00762,762,2064.9,2064.9,1,35,pass,home,H03,9.3,29.4,13.9,5.4,complete,H02,0,105,56.3,,24.4,right_foot,
SYN-00003-00763,763,2069,2069,1,35,pass,home,H02,13.9,5.4,7.3,41.5,complete,H04,0,105,79.3,,36.7,left_foot,
SYN-00003-00764,764,2072.7,2072.7,1,35,pass,home,H04,7.3,41.5,4.8,24.5,complete,H03,0,105,54.2,,17.2,left_foot,
SYN-00003-00765,765,2075.2,2075.2,1,35,pressure,away,A10,4.8,24.5,,,,,0,105,,,,,
SYN-00003-00766,766,2075.2,2075.2,1,35,pass,home,H03,4.8,24.5,9.6,57.2,incomplete,H05,1,105,69.1,,28.8,right_foot,
SYN-00003-00767,767,2078.9,2078.9,1,35,possession_change,away,A09,9.6,57.2,,,recovery,,0,106,,,,,
SYN-00003-00768,768,2078.9,2078.9,1,35,pass,away,A09,9.6,57.2,0,68,out,A10,0,106,60.9,,18.3,left_foot,
SYN-00003-00769,769,2080,2080,1,35,possession_change,home,H05,1,67,,,out_of_play,,0,107,,,,,
SYN-00003-00770,770,2088.6,2088.6,1,35,pass,home,H05,1,67,1,56.2,complete,H04,0,107,42.1,,10.8,head,
SYN-00003-00771,771,2092.2,2092.2,1,35,pass,home,H04,1,56.2,7.4,64.6,complete,H05,0,107,38.3,,10.6,right_foot,
SYN-00003-00772,772,2096,2096,1,35,pass,home,H05,7.4,64.6,24.2,46.2,complete,H06,0,107,71.7,,24.9,right_foot,
SYN-00003-00773,773,2098.2,2098.2,1,35,carry,home,H06,24.2,46.2,37.7,38.3,complete,,0,107,,21.5,15.6,,
SYN-00003-00774,774,2100.9,2100.9,1,36,pressure,away,A10,37.7,38.3,,,,,0,107,,,,,
SYN-00003-00775,775,2100.9,2100.9,1,36,pass,home,H06,37.7,38.3,48.7,46,complete,H08,1,107,41.7,,13.4,left_foot,
SYN-00003-00776,776,2103.2,2103.2,1,36,pass,home,H08,48.7,46,42.7,34.8,complete,H06,0,107,49.7,,12.6,left_foot,
SYN-00003-00777,777,2105.9,2105.9,1,36,pass,home,H06,42.7,34.8,14.2,41.3,complete,H04,0,107,69.6,,29.2,left_foot,
SYN-00003-00778,778,2109.9,2109.9,1,36,carry,home,H04,14.2,41.3,22.6,34.8,complete,,0,107,,21.1,10.6,,
SYN-00003-00779,779,2111.7,2111.7,1,36,pass,home,H04,22.6,34.8,32.6,38.1,complete,H06,0,107,48.1,,10.5,right_foot,
SYN-00003-00780,780,2114.4,2114.4,1,36,pass,home,H06,32.6,38.1,13.3,26.5,complete,H03,0,107,59,,22.5,right_foot,
SYN-00003-00781,781,2117,2117,1,36,pressure,away,A10,13.3,26.5,,,,,0,107,,,,,
SYN-00003-00782,782,2117,2117,1,36,pass,home,H03,13.3,26.5,1,29.2,complete,H01,1,107,49.8,,12.6,right_foot,
SYN-00003-00783,783,2119.9,2119.9,1,36,pass,home,H01,1,29.2,2.9,27.9,incomplete,H03,0,107,36,,5.9,head,
SYN-00003-00784,784,2122,2122,1,36,possession_change,away,A10,2.9,27.9,,,recovery,,0,108,,,,,
SYN-00003-00785,785,2122,2122,1,36,pressure,home,H01,2.9,27.9,,,,,0,108,,,,,
SYN-00003-00786,786,2122,2122,1,36,carry,away,A10,2.9,27.9,2,30.4,dispossessed,,1,108,,21.2,5,,
SYN-00003-00787,787,2122.9,2122.9,1,36,tackle,home,H01,2,30.4,,,won,,0,108,,,,,
SYN-00003-00788,788,2122.9,2122.9,1,36,possession_change,home,H01,2,30.4,,,tackle,,0,109,,,,,
SYN-00003-00789,789,2123.5,2123.5,1,36,carry,home,H01,2,30.4,4,26.6,complete,,0,109,,25.3,4.3,,
SYN-00003-00790,790,2124.2,2124.2,1,36,carry,home,H01,4,26.6,7,29.8,dispossessed,,0,109,,21.1,4.4,,
SYN-00003-00791,791,2124.9,2124.9,1,36,foul,away,A10,7,29.8,,,free_kick,,0,109,,,,,
SYN-00003-00792,792,2159.9,2159.9,1,36,sprint,away,A10,35,32.3,,,,,0,110,,33.3,22.7,,
SYN-00003-00793,793,2159.9,2159.9,1,36,pass,home,H01,7,29.8,34.6,43.4,complete,H08,0,110,61.4,,30.8,right_foot,
SYN-00003-00794,794,2163.1,2163.1,1,37,carry,home,H08,34.6,43.4,45.8,42.5,complete,,0,110,,23.3,11.2,,
SYN-00003-00795,795,2164.8,2164.8,1,37,pressure,away,A10,45.8,42.5,,,,,0,110,,,,,
SYN-00003-00796,796,2164.8,2164.8,1,37,pass,home,H08,45.8,42.5,17.9,42.8,complete,H04,1,110,69.7,,27.9,left_foot,
SYN-00003-00797,797,2168.8,2168.8,1,37,pressure,away,A10,17.9,42.8,,,,,0,110,,,,,
SYN-00003-00798,798,2168.8,2168.8,1,37,pass,home,H04,17.9,42.8,19.5,57.1,complete,H05,1,110,42.6,,14.3,right_foot,
SYN-00003-00799,799,2172.4,2172.4,1,37,sprint,home,H02,18.5,15.8,,,,,0,110,,32.3,38.6,,
SYN-00003-00800,800,2172.4,2172.4,1,37,pass,home,H05,19.5,57.1,24.2,38.7,complete,H06,0,110,50.2,,19,right_foot,
SYN-00003-00801,801,2176.7,2176.7,1,37,pass,home,H06,24.2,38.7,18.6,13.4,complete,H02,0,110,66,,25.9,right_foot,
SYN-00003-00802,802,2180.4,2180.4,1,37,pass,home,H02,18.6,13.4,32.6,30.6,complete,H06,0,110,64.7,,22.2,right_foot,
SYN-00003-00803,803,2183.1,2183.1,1,37,pass,home,H06,32.6,30.6,42,68,out,H08,0,110,52.2,,15.1,right_foot,
SYN-00003-00804,804,2184.1,2184.1,1,37,possession_change,away,A09,42,67,,,out_of_play,,0,111,,,,,
SYN-00003-00805,805,2198.2,2198.2,1,37,carry,away,A09,42,67,36.3,64.2,dispossessed,,0,111,,14.7,6.4,,
SYN-00003-00806,806,2199.8,2199.8,1,37,tackle,home,H08,36.3,64.2,,,won,,0,111,,,,,
SYN-00003-00807,807,2199.8,2199.8,1,37,possession_change,home,H08,36.3,64.2,,,tackle,,0,112,,,,,
SYN-00003-00808,808,2200.8,2200.8,1,37,carry,home,H08,36.3,64.2,41.6,67,complete,,0,112,,16.3,8.1,,
SYN-00003-00809,809,2202.6,2202.6,1,37,pass,home,H08,41.6,67,31.8,68,out,H05,0,112,37.3,,8.9,left_foot,
SYN-00003-00810,810,2203.5,2203.5,1,37,possession_change,away,A09,31.8,67,,,out_of_play,,0,113,,,,,
SYN-00003-00811,811,2222,2222,1,38,pass,away,A09,31.8,67,55.8,44.5,complete,A06,0,113,82.2,,32.9,left_foot,
SYN-00003-00812,812,2225.1,2225.1,1,38,pass,away,A06,55.8,44.5,69.5,60,complete,A02,0,113,68.4,,20.7,right_foot,
SYN-00003-00813,813,2227.3,2227.3,1,38,pass,away,A02,69.5,60,86.4,28.1,complete,A04,0,113,74.7,,36.1,right_foot,
SYN-00003-00814,814,2230.4,2230.4,1,38,pressure,home,H10,86.4,28.1,,,,,0,113,,,,,
SYN-00003-00815,815,2230.4,2230.4,1,38,pass,away,A04,86.4,28.1,91.1,41.7,intercepted,A03,1,113,51.2,,15.4,right_foot,
SYN-00003-00816,816,2231.4,2231.4,1,38,interception,home,H10,91.1,41.7,,,won,,0,113,,,,,
SYN-00003-00817,817,2231.4,2231.4,1,38,possession_change,home,H10,91.1,41.7,,,interception,,0,114,,,,,
SYN-00003-00818,818,2232.1,2232.1,1,38,pressure,away,A06,91.1,41.7,,,,,0,114,,,,,
SYN-00003-00819,819,2232.1,2232.1,1,38,carry,home,H10,91.1,41.7,98.2,47.1,complete,,1,114,,17.2,8.9,,
SYN-00003-00820,820,2234,2234,1,38,pressure,away,A03,98.2,47.1,,,,,0,114,,,,,
SYN-00003-00821,821,2234,2234,1,38,carry,home,H10,98.2,47.1,104,42.2,complete,,1,114,,25.6,15.5,,
SYN-00003-00822,822,2236.1,2236.1,1,38,carry,home,H10,104,42.2,104,37.8,complete,,0,114,,16.3,15.2,,
SYN-00003-00823,823,2239.5,2239.5,1,38,shot,home,H10,104,37.8,105,34.2,goal,,0,114,81.9,,3.9,foot,0.633
SYN-00003-00824,824,2292.7,2292.7,1,39,kickoff,away,A10,52.5,34,,,,,0,115,,,,,
SYN-00003-00825,825,2293.7,2293.7,1,39,carry,away,A10,52.5,34,43.1,34.2,complete,,0,115,,24.2,9.4,,
SYN-00003-00826,826,2295.1,2295.1,1,39,pass,away,A10,43.1,34.2,44,40,complete,A07,0,115,38.4,,5.9,right_foot,
SYN-00003-00827,827,2298.3,2298.3,1,39,carry,away,A07,44,40,41.1,46.1,dispossessed,,0,115,,24.9,6.7,,
SYN-00003-00828,828,2299.3,2299.3,1,39,foul,home,H08,41.1,46.1,,,free_kick,,0,115,,,,,
SYN-00003-00829,829,2320.4,2320.4,1,39,pass,away,A07,41.1,46.1,20.2,64,complete,A09,0,116,65.7,,27.5,right_foot,
SYN-00003-00830,830,2324.8,2324.8,1,39,carry,away,A09,20.2,64,14.7,62.8,complete,,0,116,,22.9,5.7,,
SYN-00003-00831,831,2325.7,2325.7,1,39,pass,away,A09,14.7,62.8,6.7,43.1,complete,A10,0,116,54.9,,21.2,right_foot,
SYN-00003-00832,832,2328.7,2328.7,1,39,carry,away,A10,6.7,43.1,2.9,29.5,complete,,0,116,,21.3,14.1,,
SYN-00003-00833,833,2331.1,2331.1,1,39,carry,away,A10,2.9,29.5,1,27.8,complete,,0,116,,23.3,8.3,,
SYN-00003-00834,834,2332.3,2332.3,1,39,carry,away,A10,1,27.8,1,20.8,complete,,0,116,,22.5,14.8,,
SYN-00003-00835,835,2334.7,2334.7,1,39,pass,away,A10,1,20.8,3,7.4,complete,A11,0,116,45.3,,13.6,right_foot,
SYN-00003-00836,836,2336.9,2336.9,1,39,pressure,home,H03,3,7.4,,,,,0,116,,,,,
SYN-00003-00837,837,2336.9,2336.9,1,39,pass,away,A11,3,7.4,24.7,21.5,incomplete,A08,1,116,61.5,,25.9,head,
SYN-00003-00838,838,2340.9,2340.9,1,40,possession_change,home,H07,24.7,21.5,,,recovery,,0,117,,,,,
SYN-00003-00839,839,2340.9,2340.9,1,40,pass,home,H07,24.7,21.5,37.9,68,out,H08,0,117,65.6,,29.9,head,
SYN-00003-00840,840,2342.6,2342.6,1,40,possession_change,away,A09,37.9,67,,,out_of_play,,0,118,,,,,
SYN-00003-00841,841,2359.9,2359.9,1,40,pressure,home,H11,37.9,67,,,,,0,118,,,,,
SYN-00003-00842,842,2359.9,2359.9,1,40,pass,away,A09,37.9,67,56.5,46.8,complete,A06,1,118,69,,27.4,left_foot,
SYN-00003-00843,843,2362.8,2362.8,1,40,pass,away,A06,56.5,46.8,53.9,19.4,complete,A08,0,118,68.4,,27.6,right_foot,
SYN-00003-00844,844,2365.9,2365.9,1,40,pass,away,A08,53.9,19.4,12.7,0,out,A10,0,118,73.6,,37.3,right_foot,
SYN-00003-00845,845,2367.7,2367.7,1,40,possession_change,home,H02,12.7,1,,,out_of_play,,0,119,,,,,
SYN-00003-00846,846,2379.3,2379.3,1,40,pass,home,H02,12.7,1,7.7,14.6,complete,H03,0,119,44.4,,14.5,right_foot,
SYN-00003-00847,847,2383.5,2383.5,1,40,pass,home,H03,7.7,14.6,1,25.7,complete,H01,0,119,51.5,,13,right_foot,
SYN-00003-00848,848,2387.3,2387.3,1,40,pass,home,H01,1,25.7,18.3,29.6,complete,H06,0,119,43.6,,17.7,left_foot,
SYN-00003-00849,849,2390.4,2390.4,1,40,pass,home,H06,18.3,29.6,35.4,25,complete,H07,0,119,54.5,,17.7,left_foot,
SYN-00003-00850,850,2394.3,2394.3,1,40,pass,home,H07,35.4,25,22.4,60.2,incomplete,H05,0,119,57.7,,27.8,left_foot,
SYN-00003-00851,851,2398.6,2398.6,1,40,possession_change,away,A09,22.4,60.2,,,recovery,,0,120,,,,,
SYN-00003-00852,852,2398.6,2398.6,1,40,pass,away,A09,22.4,60.2,1,45.6,incomplete,A10,0,120,67.5,,29,left_foot,
SYN-00003-00853,853,2401.3,2401.3,1,41,possession_change,home,H01,1,45.6,,,recovery,,0,121,,,,,
SYN-00003-00854,854,2401.3,2401.3,1,41,carry,home,H01,1,45.6,14.4,42.1,complete,,0,121,,25.7,13.9,,
SYN-00003-00855,855,2403.2,2403.2,1,41,pass,home,H01,14.4,42.1,9,45.4,complete,H04,0,121,34.5,,6.4,right_foot,
SYN-00003-00856,856,2405.1,2405.1,1,41,pass,home,H04,9,45.4,15.7,58.1,complete,H05,0,121,51.2,,14.4,right_foot,
SYN-00003-00857,857,2408,2408,1,41,sprint,home,H08,38.8,52,,,,,0,121,,28.6,37.1,,
SYN-00003-00858,858,2408,2408,1,41,pass,home,H05,15.7,58.1,5.8,28,complete,H03,0,121,71.2,,31.7,right_foot,
SYN-00003-00859,859,2412.5,2412.5,1,41,pass,home,H03,5.8,28,5.1,42.1,complete,H04,0,121,47.5,,14.1,left_foot,
SYN-00003-00860,860,2415.5,2415.5,1,41,pass,home,H04,5.1,42.1,25.4,39.6,complete,H06,0,121,51.7,,20.4,right_foot,
SYN-00003-00861,861,2418.4,2418.4,1,41,carry,home,H06,25.4,39.6,28.4,43.8,complete,,0,121,,17.2,5.1,,
SYN-00003-00862,862,2419.5,2419.5,1,41,pass,home,H06,28.4,43.8,39.5,28.9,complete,H07,0,121,51.3,,18.6,right_foot,
SYN-00003-00863,863,2423.3,2423.3,1,41,pass,home,H07,39.5,28.9,28.6,7.2,complete,H02,0,121,65.3,,24.2,right_foot,
SYN-00003-00864,864,2425.9,2425.9,1,41,pass,home,H02,28.6,7.2,29.5,21.3,incomplete,H06,0,121,54.7,,19.3,left_foot,
SYN-00003-00865,865,2428.8,2428.8,1,41,possession_change,away,A10,29.5,21.3,,,recovery,,0,122,,,,,
SYN-00003-00866,866,2428.8,2428.8,1,41,pass,away,A10,29.5,21.3,50.5,32.4,complete,A06,0,122,49.4,,23.7,right_foot,
SYN-00003-00867,867,2431.8,2431.8,1,41,pass,away,A06,50.5,32.4,73.7,60,complete,A02,0,122,65.7,,36.1,right_foot,
SYN-00003-00868,868,2435,2435,1,41,pass,away,A02,73.7,60,86.6,45.3,complete,A03,0,122,45.6,,19.6,right_foot,
SYN-00003-00869,869,2438.6,2438.6,1,41,pass,away,A03,86.6,45.3,93.5,22.6,complete,A04,0,122,59.6,,23.7,head,
SYN-00003-00870,870,2442.8,2442.8,1,41,pass,away,A04,93.5,22.6,100.6,32.2,complete,A01,0,122,33.9,,11.9,right_foot,
SYN-00003-00871,871,2445.9,2445.9,1,41,pass,away,A01,100.6,32.2,97.4,10.9,complete,A05,0,122,53.4,,21.5,left_foot,
SYN-00003-00872,872,2450.2,2450.2,1,41,pressure,home,H10,97.4,10.9,,,,,0,122,,,,,
SYN-00003-00873,873,2450.2,2450.2,1,41,pass,away,A05,97.4,10.9,79,28.2,complete,A06,1,122,56.2,,25.3,right_foot,
SYN-00003-00874,874,2454.6,2454.6,1,41,carry,away,A06,79,28.2,74.8,27.5,complete,,0,122,,20.3,4.3,,
SYN-00003-00875,875,2455.3,2455.3,1,41,pass,away,A06,74.8,27.5,84.5,12.5,complete,A05,0,122,48.5,,17.9,right_foot,
SYN-00003-00876,876,2458.5,2458.5,1,41,carry,away,A05,84.5,12.5,80.4,22.6,complete,,0,122,,23.1,10.9,,
SYN-00003-00877,877,2460.2,2460.2,1,42,pressure,home,H10,80.4,22.6,,,,,0,122,,,,,
SYN-00003-00878,878,2460.2,2460.2,1,42,carry,away,A05,80.4,22.6,76,25.2,complete,,1,122,,15.6,5.1,,
SYN-00003-00879,879,2461.4,2461.4,1,42,pressure,home,H10,76,25.2,,,,,0,122,,,,,
SYN-00003-00880,880,2461.4,2461.4,1,42,pass,away,A05,76,25.2,65.3,16.7,complete,A08,1,122,50.2,,13.6,right_foot,
SYN-00003-00881,881,2464.3,2464.3,1,42,pressure,home,H10,65.3,16.7,,,,,0,122,,,,,
SYN-00003-00882,882,2464.3,2464.3,1,42,pass,away,A08,65.3,16.7,70.8,30.1,complete,A06,1,122,43.1,,14.5,left_foot,
SYN-00003-00883,883,2466.7,2466.7,1,42,pass,away,A06,70.8,30.1,59.8,19.2,complete,A08,0,122,47.1,,15.5,right_foot,
SYN-00003-00884,884,2469,2469,1,42,sprint,away,A05,74.9,6.3,,,,,0,122,,28.2,25.4,,
SYN-00003-00885,885,2469,2469,1,42,pass,away,A08,59.8,19.2,31.6,2.6,complete,A11,0,122,75.3,,32.7,left_foot,
SYN-00003-00886,886,2471.6,2471.6,1,42,pass,away,A11,31.6,2.6,8,29.2,complete,A10,0,122,65.5,,35.5,left_foot,
SYN-00003-00887,887,2475.4,2475.4,1,42,pass,away,A10,8,29.2,30.2,19.9,complete,A08,0,122,62.3,,24.1,left_foot,
SYN-00003-00888,888,2479.5,2479.5,1,42,pass,away,A08,30.2,19.9,1,27.5,incomplete,A10,0,122,73.8,,26.9,right_foot,
SYN-00003-00889,889,2483.1,2483.1,1,42,possession_change,home,H01,1,27.5,,,recovery,,0,123,,,,,
SYN-00003-00890,890,2483.1,2483.1,1,42,pass,home,H01,1,27.5,10.2,5,complete,H02,0,123,69.1,,24.3,right_foot,
SYN-00003-00891,891,2485.8,2485.8,1,42,pass,home,H02,10.2,5,7.5,34,complete,H04,0,123,66,,29.2,right_foot,
SYN-00003-00892,892,2489,2489,1,42,carry,home,H04,7.5,34,16.9,34.9,complete,,0,123,,25.2,9.4,,
SYN-00003-00893,893,2490.3,2490.3,1,42,carry,home,H04,16.9,34.9,24.3,37,complete,,0,123,,17.7,7.7,,
SYN-00003-00894,894,2491.9,2491.9,1,42,pressure,away,A10,24.3,37,,,,,0,123,,,,,
SYN-00003-00895,895,2491.9,2491.9,1,42,pass,home,H04,24.3,37,41.8,45.7,complete,H08,1,123,50,,19.6,right_foot,
SYN-00003-00896,896,2495.2,2495.2,1,42,sprint,away,A02,79.4,62.7,,,,,0,123,,31.6,44.5,,
SYN-00003-00897,897,2495.2,2495.2,1,42,carry,home,H08,41.8,45.7,47.8,43.9,dispossessed,,0,123,,22.2,6.2,,
SYN-00003-00898,898,2496.2,2496.2,1,42,tackle,away,A10,47.8,43.9,,,won,,0,123,,,,,
SYN-00003-00899,899,2496.2,2496.2,1,42,possession_change,away,A10,47.8,43.9,,,tackle,,0,124,,,,,
SYN-00003-00900,900,2496.9,2496.9,1,42,pass,away,A10,47.8,43.9,35.1,29.4,intercepted,A11,0,124,73.5,,41.2,right_foot,
SYN-00003-00901,901,2497.8,2497.8,1,42,interception,home,H07,35.1,29.4,,,won,,0,124,,,,,
SYN-00003-00902,902,2497.8,2497.8,1,42,possession_change,home,H07,35.1,29.4,,,interception,,0,125,,,,,
SYN-00003-00903,903,2498.9,2498.9,1,42,pass,home,H07,35.1,29.4,45,43.5,incomplete,H08,0,125,58.6,,19.5,left_foot,
SYN-00003-00904,904,2502.1,2502.1,1,42,possession_change,away,A10,45,43.5,,,recovery,,0,126,,,,,
SYN-00003-00905,905,2502.1,2502.1,1,42,pass,away,A10,45,43.5,70.8,61.4,complete,A02,0,126,70.1,,31.4,right_foot,
SYN-00003-00906,906,2506,2506,1,42,pass,away,A02,70.8,61.4,58.3,28.1,complete,A08,0,126,79,,35.6,right_foot,
SYN-00003-00907,907,2508.7,2508.7,1,42,pass,away,A08,58.3,28.1,54.3,49.9,incomplete,A07,0,126,47.9,,16.3,left_foot,
SYN-00003-00908,908,2511,2511,1,42,possession_change,home,H11,54.3,49.9,,,recovery,,0,127,,,,,
SYN-00003-00909,909,2511,2511,1,42,pass,home,H11,54.3,49.9,75.7,43,intercepted,H10,0,127,79.6,,36.4,right_foot,
SYN-00003-00910,910,2512,2512,1,42,interception,away,A06,75.7,43,,,won,,0,127,,,,,
SYN-00003-00911,911,2512,2512,1,42,possession_change,away,A06,75.7,43,,,interception,,0,128,,,,,
SYN-00003-00912,912,2512.8,2512.8,1,42,pass,away,A06,75.7,43,88,46.3,complete,A03,0,128,39.5,,12.8,left_foot,
SYN-00003-00913,913,2516,2516,1,42,pass,away,A03,88,46.3,89.4,26.6,intercepted,A05,0,128,54.6,,28.8,right_foot,
SYN-00003-00914,914,2517.3,2517.3,1,42,interception,home,H10,89.4,26.6,,,won,,0,128,,,,,
SYN-00003-00915,915,2517.3,2517.3,1,42,possession_change,home,H10,89.4,26.6,,,interception,,0,129,,,,,
SYN-00003-00916,916,2518.3,2518.3,1,42,pass,home,H10,89.4,26.6,95,11.5,complete,H09,0,129,57.8,,16.1,left_foot,
SYN-00003-00917,917,2520.4,2520.4,1,43,pass,home,H09,95,11.5,97.3,48.5,complete,H11,0,129,77.7,,37.1,left_foot,
SYN-00003-00918,918,2523.5,2523.5,1,43,pass,home,H11,97.3,48.5,63,38.1,complete,H06,0,129,80.7,,35.8,left_foot,
SYN-00003-00919,919,2527.8,2527.8,1,43,pass,home,H06,63,38.1,94.1,38.9,complete,H10,0,129,69.1,,31.1,left_foot,
SYN-00003-00920,920,2531.9,2531.9,1,43,pass,home,H10,94.1,38.9,103.1,59.3,incomplete,H11,0,129,48.3,,19.2,right_foot,
SYN-00003-00921,921,2534.9,2534.9,1,43,possession_change,away,A02,103.1,59.3,,,recovery,,0,130,,,,,
SYN-00003-00922,922,2534.9,2534.9,1,43,pressure,home,H10,103.1,59.3,,,,,0,130,,,,,
SYN-00003-00923,923,2534.9,2534.9,1,43,pass,away,A02,103.1,59.3,99.2,30.8,complete,A04,1,130,60.6,,28.8,right_foot,
SYN-00003-00924,924,2539.1,2539.1,1,43,pressure,home,H10,99.2,30.8,,,,,0,130,,,,,
SYN-00003-00925,925,2539.1,2539.1,1,43,pass,away,A04,99.2,30.8,84.6,31.5,complete,A06,1,130,35,,14.6,left_foot,
SYN-00003-00926,926,2543.5,2543.5,1,43,sprint,away,A07,64.1,45.4,,,,,0,130,,24.5,31.4,,
SYN-00003-00927,927,2543.5,2543.5,1,43,carry,away,A06,84.6,31.5,70.1,37.8,complete,,0,130,,21.1,15.8,,
SYN-00003-00928,928,2546.2,2546.2,1,43,pass,away,A06,70.1,37.8,62.6,25.9,complete,A08,0,130,47.6,,14.1,head,
SYN-00003-00929,929,2549.8,2549.8,1,43,pass,away,A08,62.6,25.9,33,15.2,intercepted,A11,0,130,88.6,,41.5,right_foot,
SYN-00003-00930,930,2551.1,2551.1,1,43,interception,home,H07,33,15.2,,,won,,0,130,,,,,
SYN-00003-00931,931,2551.1,2551.1,1,43,possession_change,home,H07,33,15.2,,,interception,,0,131,,,,,
SYN-00003-00932,932,2552.1,2552.1,1,43,pass,home,H07,33,15.2,34.9,31.6,complete,H06,0,131,47.8,,16.5,right_foot,
SYN-00003-00933,933,2555.6,2555.6,1,43,pass,home,H06,34.9,31.6,46.9,17.6,complete,H07,0,131,49.5,,18.5,left_foot,
SYN-00003-00934,934,2559.7,2559.7,1,43,pass,home,H07,46.9,17.6,32.7,8.5,complete,H02,0,131,50,,16.9,left_foot,
SYN-00003-00935,935,2563.4,2563.4,1,43,pass,home,H02,32.7,8.5,13.1,17,complete,H03,0,131,57.3,,21.3,right_foot,
SYN-00003-00936,936,2567.1,2567.1,1,43,pressure,away,A10,13.1,17,,,,,0,131,,,,,
SYN-00003-00937,937,2567.1,2567.1,1,43,pass,home,H03,13.1,17,2.8,29.8,complete,H01,1,131,44.3,,16.5,right_foot,
SYN-00003-00938,938,2569.9,2569.9,1,43,pass,home,H01,2.8,29.8,35.9,22.7,complete,H07,0,131,74.8,,33.9,right_foot,
SYN-00003-00939,939,2574,2574,1,43,pressure,away,A10,35.9,22.7,,,,,0,131,,,,,
SYN-00003-00940,940,2574,2574,1,43,pass,home,H07,35.9,22.7,51.9,41.7,complete,H08,1,131,63.7,,24.8,right_foot,
SYN-00003-00941,941,2577.6,2577.6,1,43,pass,home,H08,51.9,41.7,32.9,67,complete,H05,0,131,69.5,,31.7,left_foot,
SYN-00003-00942,942,2581,2581,1,44,pass,home,H05,32.9,67,36,45.5,complete,H06,0,131,59.8,,21.7,left_foot,
SYN-00003-00943,943,2583.3,2583.3,1,44,pass,home,H06,36,45.5,17.7,24.3,complete,H03,0,131,62,,28,right_foot,
SYN-00003-00944,944,2587.1,2587.1,1,44,pass,home,H03,17.7,24.3,7.6,37.5,complete,H04,0,131,49.9,,16.6,right_foot,
SYN-00003-00945,945,2590.1,2590.1,1,44,pressure,away,A10,7.6,37.5,,,,,0,131,,,,,
SYN-00003-00946,946,2590.1,2590.1,1,44,pass,home,H04,7.6,37.5,31.1,55,complete,H08,1,131,64.8,,29.2,left_foot,
SYN-00003-00947,947,2593.2,2593.2,1,44,pass,home,H08,31.1,55,63.3,59.2,complete,H11,0,131,58.5,,32.6,head,
SYN-00003-00948,948,2596.7,2596.7,1,44,pressure,away,A09,63.3,59.2,,,,,0,131,,,,,
SYN-00003-00949,949,2596.7,2596.7,1,44,pass,home,H11,63.3,59.2,55.8,53.7,complete,H08,1,131,44.9,,9.3,right_foot,
SYN-00003-00950,950,2599.1,2599.1,1,44,carry,home,H08,55.8,53.7,67.9,55.6,complete,,0,131,,22.3,12.2,,
SYN-00003-00951,951,2601.1,2601.1,1,44,pass,home,H08,67.9,55.6,86.6,67,complete,H11,0,131,56.8,,21.9,right_foot,
SYN-00003-00952,952,2604.6,2604.6,1,44,shot,home,H11,86.6,67,88.6,67,blocked,,0,131,81.1,,37.8,foot,0.005
SYN-00003-00953,953,2607.7,2607.7,1,44,pass,home,H11,77.7,67,53.5,47.6,complete,H06,0,131,74.6,,31,right_foot,
SYN-00003-00954,954,2612.2,2612.2,1,44,pass,home,H06,53.5,47.6,60,0,out,H07,0,131,68.4,,23.4,right_foot,
SYN-00003-00955,955,2613.4,2613.4,1,44,possession_change,away,A11,60,1,,,out_of_play,,0,132,,,,,
SYN-00003-00956,956,2628,2628,1,44,pass,away,A11,60,1,52.6,22.4,complete,A08,0,132,60.3,,22.7,right_foot,
SYN-00003-00957,957,2631.6,2631.6,1,44,pass,away,A08,52.6,22.4,70.5,4.8,complete,A05,0,132,60.3,,25.1,right_foot,
SYN-00003-00958,958,2634.7,2634.7,1,44,pass,away,A05,70.5,4.8,59.1,15.9,complete,A08,0,132,51,,15.9,right_foot,
SYN-00003-00959,959,2638.5,2638.5,1,44,pass,away,A08,59.1,15.9,49.1,45.3,complete,A07,0,132,71.8,,31.1,right_foot,
SYN-00003-00960,960,2642.2,2642.2,1,45,pass,away,A07,49.1,45.3,13.6,34.9,complete,A10,0,132,72,,36.9,right_foot,
SYN-00003-00961,961,2647,2647,1,45,pressure,home,H06,13.6,34.9,,,,,0,132,,,,,
SYN-00003-00962,962,2647,2647,1,45,shot,away,A10,13.6,34.9,0,34.3,saved,,1,132,70.9,,13.7,foot,0.122
SYN-00003-00963,963,2648.2,2648.2,1,45,possession_change,home,H01,6,34,,,goalkeeper_save,,0,133,,,,,
SYN-00003-00964,964,2657.1,2657.1,1,45,pass,home,H01,6,34,2.5,28,complete,H03,0,133,34.3,,6.9,left_foot,
SYN-00003-00965,965,2659.4,2659.4,1,45,pass,home,H03,2.5,28,16.6,0,out,H02,0,133,57.8,,21.7,left_foot,
SYN-00003-00966,966,2660.7,2660.7,1,45,possession_change,away,A11,16.6,1,,,out_of_play,,0,134,,,,,
SYN-00003-00967,967,2680.1,2680.1,1,45,pressure,home,H02,16.6,1,,,,,0,134,,,,,
SYN-00003-00968,968,2680.1,2680.1,1,45,pass,away,A11,16.6,1,36.4,47.3,complete,A07,1,134,96.4,,50.3,left_foot,
SYN-00003-00969,969,2683.8,2683.8,1,45,pass,away,A07,36.4,47.3,6.9,39.7,complete,A10,0,134,61.7,,30.4,right_foot,
SYN-00003-00970,970,2688,2688,1,45,pass,away,A10,6.9,39.7,7.4,61.9,incomplete,A09,0,134,60,,25,right_foot,
SYN-00003-00971,971,2691.4,2691.4,1,45,possession_change,home,H05,7.4,61.9,,,recovery,,0,135,,,,,
SYN-00003-00972,972,2691.4,2691.4,1,45,pass,home,H05,7.4,61.9,33.2,50,complete,H08,0,135,74.5,,28.4,right_foot,
SYN-00003-00973,973,2694.5,2694.5,1,45,pass,home,H08,33.2,50,21.1,13.6,complete,H02,0,135,77.9,,38.4,left_foot,
SYN-00003-00974,974,2697.5,2697.5,1,45,pass,home,H02,21.1,13.6,33.2,18.6,incomplete,H07,0,135,47.3,,18.6,right_foot,
SYN-00003-00975,975,2700.4,2700.4,1,46,possession_change,away,A10,33.2,18.6,,,recovery,,0,136,,,,,
SYN-00003-00976,976,2700.4,2700.4,1,46,pass,away,A10,33.2,18.6,14.8,3.8,complete,A11,0,136,61.4,,23.6,right_foot,
SYN-00003-00977,977,2704.2,2704.2,1,46,pass,away,A11,14.8,3.8,7.6,27.2,incomplete,A10,0,136,58.1,,21.2,left_foot,
SYN-00003-00978,978,2707.3,2707.3,1,46,possession_change,home,H04,7.6,27.2,,,recovery,,0,137,,,,,
SYN-00003-00979,979,2707.3,2707.3,1,46,carry,home,H04,7.6,27.2,19,19.2,complete,,0,137,,24.7,13.9,,
SYN-00003-00980,980,2709.4,2709.4,1,46,pass,home,H04,19,19.2,28.7,28.3,complete,H06,0,137,46.9,,13.3,left_foot,
SYN-00003-00981,981,2713.2,2713.2,1,46,pass,home,H06,28.7,28.3,48,19.1,complete,H07,0,137,52.1,,21.3,right_foot,
SYN-00003-00982,982,2717.6,2717.6,1,46,pass,home,H07,48,19.1,32.5,9,complete,H02,0,137,57.1,,18.5,left_foot,
SYN-00003-00983,983,2720.8,2720.8,1,46,pass,home,H02,32.5,9,35.9,29.4,complete,H06,0,137,52.6,,20.6,right_foot,
SYN-00003-00984,984,2724,2724,1,46,pass,home,H06,35.9,29.4,21.4,3.1,incomplete,H02,0,137,66.3,,21.9,left_foot,
SYN-00003-00985,985,2726.3,2726.3,1,46,possession_change,away,A11,21.4,3.1,,,recovery,,0,138,,,,,
SYN-00003-00986,986,2726.3,2726.3,1,46,pressure,home,H07,21.4,3.1,,,,,0,138,,,,,
SYN-00003-00987,987,2726.3,2726.3,1,46,pass,away,A11,21.4,3.1,4.5,26.3,intercepted,A10,1,138,73,,34.7,left_foot,
SYN-00003-00988,988,2727.7,2727.7,1,46,interception,home,H01,4.5,26.3,,,won,,0,138,,,,,
SYN-00003-00989,989,2727.7,2727.7,1,46,possession_change,home,H01,4.5,26.3,,,interception,,0,139,,,,,
SYN-00003-00990,990,2728.6,2728.6,1,46,sprint,home,H10,67.8,32.1,,,,,0,139,,27.2,49.6,,
SYN-00003-00991,991,2728.6,2728.6,1,46,carry,home,H01,4.5,26.3,10.8,40.5,complete,,0,139,,19.1,15.5,,
SYN-00003-00992,992,2731.5,2731.5,1,46,sprint,home,H04,4.6,44.6,,,,,0,139,,28.2,39.7,,
SYN-00003-00993,993,2731.5,2731.5,1,46,carry,home,H01,10.8,40.5,21.2,44,complete,,0,139,,21.8,11,,
SYN-00003-00994,994,2733.4,2733.4,1,46,pass,home,H01,21.2,44,22.7,66.6,complete,H05,0,139,63.6,,22.7,right_foot,
SYN-00003-00995,995,2736.6,2736.6,1,46,pressure,away,A09,22.7,66.6,,,,,0,139,,,,,
SYN-00003-00996,996,2736.6,2736.6,1,46,pass,home,H05,22.7,66.6,11.3,29.5,complete,H03,1,139,76.9,,38.8,head,
SYN-00003-00997,997,2740.4,2740.4,1,46,carry,home,H03,11.3,29.5,22.3,31.1,complete,,0,139,,19.7,11.1,,
SYN-00003-00998,998,2742.4,2742.4,1,46,pressure,away,A10,22.3,31.1,,,,,0,139,,,,,
SYN-00003-00999,999,2742.4,2742.4,1,46,pass,home,H03,22.3,31.1,27.8,28.7,complete,H06,1,139,36.8,,6,right_foot,
SYN-00003-01000,1000,2744.9,2744.9,1,46,pass,home,H06,27.8,28.7,52.1,46.5,complete,H08,0,139,60.2,,30.1,right_foot,
SYN-00003-01001,1001,2749.1,2749.1,1,46,pass,home,H08,52.1,46.5,78.7,40.5,intercepted,H10,0,139,76.5,,41.4,right_foot,
SYN-00003-01002,1002,2750.4,2750.4,1,46,interception,away,A06,78.7,40.5,,,won,,0,139,,,,,
SYN-00003-01003,1003,2750.4,2750.4,1,46,possession_change,away,A06,78.7,40.5,,,interception,,0,140,,,,,
SYN-00003-01004,1004,2751.1,2751.1,1,46,pass,away,A06,78.7,40.5,78.8,60.5,complete,A02,0,140,58.1,,20,right_foot,
SYN-00003-01005,1005,2754.7,2754.7,1,46,pass,away,A02,78.8,60.5,104,41.9,complete,A01,0,140,69.4,,31.3,left_foot,
SYN-00003-01006,1006,2758.5,2758.5,1,46,pressure,home,H10,104,41.9,,,,,0,140,,,,,
SYN-00003-01007,1007,2758.5,2758.5,1,46,pass,away,A01,104,41.9,93.1,61.6,complete,A02,1,140,66.4,,22.5,right_foot,
SYN-00003-01008,1008,2760.8,2760.8,1,47,carry,away,A02,93.1,61.6,80.2,58.4,complete,,0,140,,25.1,13.3,,
SYN-00003-01009,1009,2762.7,2762.7,1,47,carry,away,A02,80.2,58.4,72.2,56.1,complete,,0,140,,14.7,8.3,,
SYN-00003-01010,1010,2764.8,2764.8,1,47,pass,away,A02,72.2,56.1,72,40.5,complete,A06,0,140,48.6,,15.5,right_foot,
SYN-00003-01011,1011,2768.1,2768.1,1,47,pass,away,A06,72,40.5,88.7,13.3,complete,A05,0,140,66.5,,32,right_foot,
SYN-00003-01012,1012,2772.9,2772.9,1,47,pass,away,A05,88.7,13.3,102,18.8,complete,A04,0,140,50.8,,14.4,right_foot,
SYN-00003-01013,1013,2775.1,2775.1,1,47,pressure,home,H10,102,18.8,,,,,0,140,,,,,
SYN-00003-01014,1014,2775.1,2775.1,1,47,carry,away,A04,102,18.8,88.2,24.6,complete,,1,140,,18.5,14.9,,
SYN-00003-01015,1015,2778,2778,1,47,pass,away,A04,88.2,24.6,73.2,45.3,complete,A07,0,140,57.1,,25.6,right_foot,
SYN-00003-01016,1016,2782.3,2782.3,1,47,pass,away,A07,73.2,45.3,89.4,46.7,complete,A03,0,140,52.7,,16.3,right_foot,
SYN-00003-01017,1017,2785.5,2785.5,1,47,pass,away,A03,89.4,46.7,93.1,66.7,complete,A02,0,140,49.8,,20.3,right_foot,
SYN-00003-01018,1018,2788.4,2788.4,1,47,carry,away,A02,93.1,66.7,78.6,67,complete,,0,140,,23.4,14.5,,
SYN-00003-01019,1019,2790.6,2790.6,1,47,pressure,home,H11,78.6,67,,,,,0,140,,,,,
SYN-00003-01020,1020,2790.6,2790.6,1,47,pass,away,A02,78.6,67,65,33.7,incomplete,A06,1,140,63.3,,29.6,right_foot,
SYN-00003-01021,1021,2794.6,2794.6,1,47,possession_change,home,H09,65,33.7,,,recovery,,0,141,,,,,
SYN-00003-01022,1022,2794.6,2794.6,1,47,pass,home,H09,65,33.7,97.6,34.4,complete,H10,0,141,60,,32.6,right_foot,
SYN-00003-01023,1023,2797.7,2797.7,1,47,carry,home,H10,97.6,34.4,101.3,39.2,complete,,0,141,,24.6,6.1,,
SYN-00003-01024,1024,2798.6,2798.6,1,47,carry,home,H10,101.3,39.2,102.6,37.7,dispossessed,,0,141,,20.7,5.4,,
SYN-00003-01025,1025,2799.5,2799.5,1,47,tackle,away,A01,102.6,37.7,,,won,,0,141,,,,,
SYN-00003-01026,1026,2799.5,2799.5,1,47,possession_change,away,A01,102.6,37.7,,,tackle,,0,142,,,,,
SYN-00003-01027,1027,2801,2801,1,47,pass,away,A01,102.6,37.7,95.1,63.6,complete,A02,0,142,71.1,,27,left_foot,
SYN-00003-01028,1028,2804.3,2804.3,1,47,pressure,home,H10,95.1,63.6,,,,,0,142,,,,,
SYN-00003-01029,1029,2804.3,2804.3,1,47,pass,away,A02,95.1,63.6,64.3,54.7,complete,A07,1,142,62.8,,32.1,left_foot,
SYN-00003-01030,1030,2807.6,2807.6,1,47,pass,away,A07,64.3,54.7,59.8,37.8,complete,A06,0,142,44.2,,17.5,left_foot,
SYN-00003-01031,1031,2811.7,2811.7,1,47,pass,away,A06,59.8,37.8,75.5,61.3,complete,A02,0,142,62.4,,28.2,left_foot,
SYN-00003-01032,1032,2815.6,2815.6,1,47,pass,away,A02,75.5,61.3,63.5,44.4,incomplete,A07,0,142,47.6,,19,head,
SYN-00003-01033,1033,2818.4,2818.4,1,47,possession_change,home,H10,63.5,44.4,,,recovery,,0,143,,,,,
SYN-00003-01034,1034,2818.4,2818.4,1,47,carry,home,H10,63.5,44.4,72.5,45.2,complete,,0,143,,19.2,9,,
SYN-00003-01035,1035,2820.1,2820.1,1,48,pass,home,H10,72.5,45.2,56.9,41.4,complete,H06,0,143,42.1,,16,left_foot,
SYN-00003-01036,1036,2822.9,2822.9,1,48,pass,home,H06,56.9,41.4,80.6,58.8,complete,H11,0,143,62.5,,29.3,left_foot,
SYN-00003-01037,1037,2826.6,2826.6,1,48,pressure,away,A07,80.6,58.8,,,,,0,143,,,,,
SYN-00003-01038,1038,2826.6,2826.6,1,48,pass,home,H11,80.6,58.8,52.5,43.7,complete,H06,1,143,72.5,,31.8,right_foot,
SYN-00003-01039,1039,2830.9,2830.9,1,48,pass,home,H06,52.5,43.7,84.7,68,out,H10,0,143,74.1,,32.5,right_foot,
SYN-00003-01040,1040,2832.5,2832.5,1,48,possession_change,away,A02,84.7,67,,,out_of_play,,0,144,,,,,
SYN-00003-01041,1041,2851.5,2851.5,1,48,pressure,home,H11,84.7,67,,,,,0,144,,,,,
SYN-00003-01042,1042,2851.5,2851.5,1,48,pass,away,A02,84.7,67,65.7,49,complete,A07,1,144,65.8,,26.1,left_foot,
SYN-00003-01043,1043,2855.7,2855.7,1,48,pass,away,A07,65.7,49,68.4,42.1,complete,A06,0,144,32.9,,7.4,left_foot,
SYN-00003-01044,1044,2858,2858,1,48,period_end,home,,,,,,end_of_period_1,,0,144,,,,,
SYN-00003-01045,1045,2859,2700,2,46,kickoff,home,H10,52.5,34,,,,,0,145,,,,,
SYN-00003-01046,1046,2860,2701,2,46,pass,home,H10,52.5,34,58.4,45.6,complete,H08,0,145,50.4,,13,right_foot,
SYN-00003-01047,1047,2862.6,2703.6,2,46,pass,home,H08,58.4,45.6,33.4,63.3,complete,H05,0,145,70.1,,30.7,left_foot,
SYN-00003-01048,1048,2866.8,2707.7,2,46,pass,home,H05,33.4,63.3,47,46.9,complete,H08,0,145,56,,21.4,right_foot,
SYN-00003-01049,1049,2869.8,2710.8,2,46,pass,home,H08,47,46.9,55.7,0,out,H07,0,145,57.5,,20.7,right_foot,
SYN-00003-01050,1050,2871.1,2712.1,2,46,possession_change,away,A11,55.7,1,,,out_of_play,,0,146,,,,,
SYN-00003-01051,1051,2880.5,2721.4,2,46,pressure,home,H09,55.7,1,,,,,0,146,,,,,
SYN-00003-01052,1052,2880.5,2721.4,2,46,pass,away,A11,55.7,1,18,24.8,complete,A10,1,146,98.2,,44.6,left_foot,
SYN-00003-01053,1053,2883.9,2724.8,2,46,pass,away,A10,18,24.8,35.4,41.8,intercepted,A07,0,146,63.7,,31.1,left_foot,
SYN-00003-01054,1054,2885.2,2726.2,2,46,interception,home,H08,35.4,41.8,,,won,,0,146,,,,,
SYN-00003-01055,1055,2885.2,2726.2,2,46,possession_change,home,H08,35.4,41.8,,,interception,,0,147,,,,,
SYN-00003-01056,1056,2885.8,2726.7,2,46,carry,home,H08,35.4,41.8,38.8,34.1,complete,,0,147,,14.6,8.4,,
SYN-00003-01057,1057,2887.9,2728.8,2,46,pressure,away,A10,38.8,34.1,,,,,0,147,,,,,
SYN-00003-01058,1058,2887.9,2728.8,2,46,pass,home,H08,38.8,34.1,16.3,0,out,H02,1,147,65.6,,31,left_foot,
SYN-00003-01059,1059,2889.6,2730.5,2,46,possession_change,away,A11,16.3,1,,,out_of_play,,0,148,,,,,
SYN-00003-01060,1060,2899.4,2740.4,2,46,shot,away,A11,16.3,1,0,37.2,saved,,0,148,91.9,,36.8,foot,0.006
SYN-00003-01061,1061,2901.3,2742.3,2,46,possession_change,home,H01,6,34,,,goalkeeper_save,,0,149,,,,,
SYN-00003-01062,1062,2909.9,2750.9,2,46,pressure,away,A10,6,34,,,,,0,149,,,,,
SYN-00003-01063,1063,2909.9,2750.9,2,46,pass,home,H01,6,34,22,31.7,incomplete,H06,1,149,57.8,,17.4,right_foot,
SYN-00003-01064,1064,2913.1,2754,2,46,possession_change,away,A10,22,31.7,,,recovery,,0,150,,,,,
SYN-00003-01065,1065,2913.1,2754,2,46,pressure,home,H06,22,31.7,,,,,0,150,,,,,
SYN-00003-01066,1066,2913.1,2754,2,46,pass,away,A10,22,31.7,10.9,5.9,incomplete,A11,1,150,69.9,,27,right_foot,
SYN-00003-01067,1067,2916.6,2757.6,2,46,possession_change,home,H02,10.9,5.9,,,recovery,,0,151,,,,,
SYN-00003-01068,1068,2916.6,2757.6,2,46,pass,home,H02,10.9,5.9,2.6,21.1,complete,H03,0,151,51.5,,17.4,right_foot,
SYN-00003-01069,1069,2919.6,2760.6,2,47,pass,home,H03,2.6,21.1,20.2,32,complete,H06,0,151,61.3,,20.7,right_foot,
SYN-00003-01070,1070,2922.1,2763.1,2,47,pressure,away,A10,20.2,32,,,,,0,151,,,,,
SYN-00003-01071,1071,2922.1,2763.1,2,47,pass,home,H06,20.2,32,22.5,4.3,complete,H02,1,151,60.1,,27.8,right_foot,
SYN-00003-01072,1072,2926.5,2767.5,2,47,carry,home,H02,22.5,4.3,31.7,1,complete,,0,151,,21.4,12.8,,
SYN-00003-01073,1073,2928.7,2769.6,2,47,pressure,away,A11,31.7,1,,,,,0,151,,,,,
SYN-00003-01074,1074,2928.7,2769.6,2,47,pass,home,H02,31.7,1,38.2,9.1,intercepted,H07,1,151,50.3,,16.4,left_foot,
SYN-00003-01075,1075,2929.4,2770.4,2,47,interception,away,A11,38.2,9.1,,,won,,0,151,,,,,
SYN-00003-01076,1076,2929.4,2770.4,2,47,possession_change,away,A11,38.2,9.1,,,interception,,0,152,,,,,
SYN-00003-01077,1077,2930.5,2771.5,2,47,pass,away,A11,38.2,9.1,47.3,11.8,complete,A08,0,152,37.6,,9.5,left_foot,
SYN-00003-01078,1078,2933.8,2774.7,2,47,pressure,home,H09,47.3,11.8,,,,,0,152,,,,,
SYN-00003-01079,1079,2933.8,2774.7,2,47,pass,away,A08,47.3,11.8,56.6,34.1,complete,A06,1,152,58.4,,24.1,left_foot,
SYN-00003-01080,1080,2937.3,2778.3,2,47,pass,away,A06,56.6,34.1,55.9,18.1,complete,A08,0,152,48.9,,16,left_foot,
SYN-00003-01081,1081,2940.6,2781.6,2,47,pass,away,A08,55.9,18.1,56,27.5,complete,A06,0,152,40.7,,9.4,left_foot,
SYN-00003-01082,1082,2942.5,2783.5,2,47,carry,away,A06,56,27.5,51.7,29.4,complete,,0,152,,23.8,4.7,,
SYN-00003-01083,1083,2943.2,2784.2,2,47,pass,away,A06,51.7,29.4,51.1,37.8,complete,A07,0,152,35.9,,8.4,right_foot,
SYN-00003-01084,1084,2946.9,2787.8,2,47,pass,away,A07,51.1,37.8,25.8,57.3,complete,A09,0,152,76.6,,31.9,right_foot,
SYN-00003-01085,1085,2949.8,2790.7,2,47,carry,away,A09,25.8,57.3,20.1,57.2,complete,,0,152,,19.2,5.7,,
SYN-00003-01086,1086,2950.8,2791.8,2,47,pass,away,A09,20.1,57.2,36.7,46.6,complete,A07,0,152,53.3,,19.7,right_foot,
SYN-00003-01087,1087,2955,2795.9,2,47,pressure,home,H08,36.7,46.6,,,,,0,152,,,,,
SYN-00003-01088,1088,2955,2795.9,2,47,pass,away,A07,36.7,46.6,53.4,39.3,complete,A06,1,152,46.6,,18.2,right_foot,
SYN-00003-01089,1089,2959,2800,2,47,pass,away,A06,53.4,39.3,46.9,27.5,complete,A08,0,152,44.2,,13.6,right_foot,
SYN-00003-01090,1090,2962.8,2803.8,2,47,pass,away,A08,46.9,27.5,51.6,41.7,complete,A07,0,152,50.3,,15,right_foot,
SYN-00003-01091,1091,2966.7,2807.6,2,47,carry,away,A07,51.6,41.7,46.8,31,complete,,0,152,,15.9,11.6,,
SYN-00003-01092,1092,2969.3,2810.3,2,47,pass,away,A07,46.8,31,77.1,29,complete,A04,0,152,60.8,,30.4,right_foot,
SYN-00003-01093,1093,2974.1,2815,2,47,pass,away,A04,77.1,29,73.6,31.4,complete,A06,0,152,39.8,,4.2,right_foot,
SYN-00003-01094,1094,2976.5,2817.5,2,47,pass,away,A06,73.6,31.4,88.7,47.1,complete,A03,0,152,53.9,,21.8,right_foot,
SYN-00003-01095,1095,2979.6,2820.6,2,48,pass,away,A03,88.7,47.1,79.1,43.5,complete,A06,0,152,38.4,,10.2,right_foot,
SYN-00003-01096,1096,2982.8,2823.8,2,48,pass,away,A06,79.1,43.5,61.1,26.8,complete,A08,0,152,62.6,,24.5,right_foot,
SYN-00003-01097,1097,2985.3,2826.3,2,48,pass,away,A08,61.1,26.8,53,43.5,complete,A07,0,152,55.7,,18.5,left_foot,
SYN-00003-01098,1098,2987.6,2828.6,2,48,pass,away,A07,53,43.5,28.2,58.2,complete,A09,0,152,66,,28.9,right_foot,
SYN-00003-01099,1099,2991.1,2832,2,48,pass,away,A09,28.2,58.2,40,24.8,complete,A08,0,152,73.1,,35.4,left_foot,
SYN-00003-01100,1100,2994.6,2835.6,2,48,pass,away,A08,40,24.8,39.1,45.1,incomplete,A07,0,152,48.2,,20.2,right_foot,
SYN-00003-01101,1101,2998.1,2839,2,48,possession_change,home,H08,39.1,45.1,,,recovery,,0,153,,,,,
SYN-00003-01102,1102,2998.1,2839,2,48,pass,home,H08,39.1,45.1,34.4,31.4,complete,H06,0,153,51.7,,14.5,left_foot,
SYN-00003-01103,1103,3001,2842,2,48,pass,home,H06,34.4,31.4,25.8,6.6,complete,H02,0,153,55,,26.2,left_foot,
SYN-00003-01104,1104,3004.3,2845.2,2,48,pass,home,H02,25.8,6.6,45.9,14.8,complete,H07,0,153,58.9,,21.6,right_foot,
SYN-00003-01105,1105,3008.2,2849.1,2,48,pass,home,H07,45.9,14.8,22.8,39.4,complete,H04,0,153,72.5,,33.8,right_foot,
SYN-00003-01106,1106,3012.3,2853.2,2,48,pass,home,H04,22.8,39.4,6.4,26.6,complete,H03,0,153,43.6,,20.9,right_foot,
SYN-00003-01107,1107,3016.7,2857.6,2,48,pass,home,H03,6.4,26.6,1,42.1,incomplete,H04,0,153,49.1,,16.1,right_foot,
SYN-00003-01108,1108,3019.6,2860.6,2,48,possession_change,away,A10,1,42.1,,,recovery,,0,154,,,,,
SYN-00003-01109,1109,3019.6,2860.6,2,48,pass,away,A10,1,42.1,30.5,27.8,complete,A08,0,154,62.8,,32.8,right_foot,
SYN-00003-01110,1110,3023.5,2864.5,2,48,pass,away,A08,30.5,27.8,6.6,29.9,incomplete,A10,0,154,56.5,,23.7,right_foot,
SYN-00003-01111,1111,3026.4,2867.3,2,48,possession_change,home,H01,6.6,29.9,,,recovery,,0,155,,,,,
SYN-00003-01112,1112,3026.4,2867.3,2,48,pass,home,H01,6.6,29.9,34.8,15.7,incomplete,H07,0,155,76.9,,27.9,left_foot,
SYN-00003-01113,1113,3030.1,2871.1,2,48,possession_change,away,A11,34.8,15.7,,,recovery,,0,156,,,,,
SYN-00003-01114,1114,3030.1,2871.1,2,48,pass,away,A11,34.8,15.7,38.6,17,complete,A08,0,156,30.5,,4,right_foot,
SYN-00003-01115,1115,3031.8,2872.7,2,48,pass,away,A08,38.6,17,7.2,31.9,incomplete,A10,0,156,78,,35.7,right_foot,
SYN-00003-01116,1116,3034.9,2875.8,2,48,possession_change,home,H01,7.2,31.9,,,recovery,,0,157,,,,,
SYN-00003-01117,1117,3034.9,2875.8,2,48,pressure,away,A10,7.2,31.9,,,,,0,157,,,,,
SYN-00003-01118,1118,3034.9,2875.8,2,48,pass,home,H01,7.2,31.9,2.5,40.4,complete,H04,1,157,45.4,,9.8,left_foot,
SYN-00003-01119,1119,3038.5,2879.5,2,48,pass,home,H04,2.5,40.4,30.5,54.2,complete,H08,0,157,70.9,,31.2,left_foot,
SYN-00003-01120,1120,3041.9,2882.8,2,49,pass,home,H08,30.5,54.2,7.3,50.1,complete,H04,0,157,54.3,,23.5,right_foot,
SYN-00003-01121,1121,3046,2887,2,49,pressure,away,A10,7.3,50.1,,,,,0,157,,,,,
SYN-00003-01122,1122,3046,2887,2,49,pass,home,H04,7.3,50.1,4.5,36.3,complete,H01,1,157,48.4,,14.1,right_foot,
SYN-00003-01123,1123,3049.5,2890.5,2,49,pass,home,H01,4.5,36.3,11.7,47.4,complete,H04,0,157,48.1,,13.3,right_foot,
SYN-00003-01124,1124,3052.1,2893,2,49,pass,home,H04,11.7,47.4,37.8,46.8,complete,H08,0,157,68.6,,26.2,left_foot,
SYN-00003-01125,1125,3056.3,2897.2,2,49,pass,home,H08,37.8,46.8,20.2,46.9,complete,H04,0,157,48.1,,17.6,right_foot,
SYN-00003-01126,1126,3059.9,2900.9,2,49,pass,home,H04,20.2,46.9,27.4,43.3,complete,H06,0,157,41.7,,8.1,left_foot,
SYN-00003-01127,1127,3061.9,2902.8,2,49,pass,home,H06,27.4,43.3,47.1,44.9,incomplete,H08,0,157,47.7,,15.1,right_foot,
SYN-00003-01128,1128,3064.5,2905.4,2,49,possession_change,away,A10,47.1,44.9,,,recovery,,0,158,,,,,
SYN-00003-01129,1129,3064.5,2905.4,2,49,pass,away,A10,47.1,44.9,49.7,49.6,complete,A07,0,158,30.1,,5.3,left_foot,
SYN-00003-01130,1130,3066.1,2907.1,2,49,carry,away,A07,49.7,49.6,39.8,50.6,complete,,0,158,,24.9,10,,
SYN-00003-01131,1131,3067.6,2908.5,2,49,pass,away,A07,39.8,50.6,53.3,36.3,complete,A06,0,158,46.8,,19.7,left_foot,
SYN-00003-01132,1132,3070.3,2911.2,2,49,carry,away,A06,53.3,36.3,47.8,24.3,complete,,0,158,,16.4,13.2,,
SYN-00003-01133,1133,3073.2,2914.1,2,49,pass,away,A06,47.8,24.3,42.7,41.1,complete,A07,0,158,50.7,,17.5,right_foot,
SYN-00003-01134,1134,3076.3,2917.3,2,49,pass,away,A07,42.7,41.1,59.8,38.6,complete,A06,0,158,48.6,,17.2,left_foot,
SYN-00003-01135,1135,3078.8,2919.7,2,49,pass,away,A06,59.8,38.6,50.9,23.1,complete,A08,0,158,45.5,,17.9,right_foot,
SYN-00003-01136,1136,3081.4,2922.3,2,49,pass,away,A08,50.9,23.1,77.1,26.1,complete,A04,0,158,61.3,,26.4,left_foot,
SYN-00003-01137,1137,3084.9,2925.9,2,49,pass,away,A04,77.1,26.1,81.9,9.9,complete,A05,0,158,62.9,,16.9,right_foot,
SYN-00003-01138,1138,3087,2927.9,2,49,carry,away,A05,81.9,9.9,75.1,4.3,complete,,0,158,,16.1,8.8,,
SYN-00003-01139,1139,3088.9,2929.9,2,49,pass,away,A05,75.1,4.3,71.9,28.2,complete,A06,0,158,55.6,,24.1,left_foot,
SYN-00003-01140,1140,3093,2934,2,49,pass,away,A06,71.9,28.2,83.2,10.6,complete,A05,0,158,64,,20.9,right_foot,
SYN-00003-01141,1141,3095.7,2936.6,2,49,pass,away,A05,83.2,10.6,104,22.9,complete,A04,0,158,67,,24.2,left_foot,
SYN-00003-01142,1142,3098.4,2939.3,2,49,pressure,home,H10,104,22.9,,,,,0,158,,,,,
SYN-00003-01143,1143,3098.4,2939.3,2,49,carry,away,A04,104,22.9,92,29.1,complete,,1,158,,18.8,13.5,,
SYN-00003-01144,1144,3101,2941.9,2,50,pressure,home,H10,92,29.1,,,,,0,158,,,,,
SYN-00003-01145,1145,3101,2941.9,2,50,pass,away,A04,92,29.1,83.1,0,out,A06,1,158,46.5,,13.8,left_foot,
SYN-00003-01146,1146,3102,2943,2,50,possession_change,home,H09,83.1,1,,,out_of_play,,0,159,,,,,
SYN-00003-01147,1147,3112.3,2953.3,2,50,pass,home,H09,83.1,1,102.6,30,incomplete,H10,0,159,63.3,,30.7,right_foot,
SYN-00003-01148,1148,3115.2,2956.2,2,50,possession_change,away,A03,102.6,30,,,recovery,,0,160,,,,,
SYN-00003-01149,1149,3115.2,2956.2,2,50,pass,away,A03,102.6,30,93.9,61.1,complete,A02,0,160,62.8,,32.3,right_foot,
SYN-00003-01150,1150,3118.7,2959.7,2,50,pass,away,A02,93.9,61.1,79.4,40.1,complete,A06,0,160,56.9,,25.6,left_foot,
SYN-00003-01151,1151,3122.6,2963.6,2,50,pass,away,A06,79.4,40.1,59.6,49.2,complete,A07,0,160,52.9,,21.9,right_foot,
SYN-00003-01152,1152,3125.3,2966.2,2,50,pressure,home,H10,59.6,49.2,,,,,0,160,,,,,
SYN-00003-01153,1153,3125.3,2966.2,2,50,pass,away,A07,59.6,49.2,77.9,62.5,complete,A02,1,160,50.3,,22.6,left_foot,
SYN-00003-01154,1154,3128.8,2969.8,2,50,pass,away,A02,77.9,62.5,56,52.8,complete,A07,0,160,60.1,,24,right_foot,
SYN-00003-01155,1155,3132.4,2973.4,2,50,pass,away,A07,56,52.8,82.5,42.1,complete,A03,0,160,74.4,,28.6,right_foot,
SYN-00003-01156,1156,3135,2976,2,50,carry,away,A03,82.5,42.1,68.8,34.6,complete,,0,160,,25.4,15.6,,
SYN-00003-01157,1157,3137.2,2978.2,2,50,pass,away,A03,68.8,34.6,63.8,35.7,complete,A06,0,160,25.9,,5.1,right_foot,
SYN-00003-01158,1158,3139.2,2980.2,2,50,pass,away,A06,63.8,35.7,58.6,24.1,complete,A08,0,160,50.5,,12.7,right_foot,
SYN-00003-01159,1159,3141.5,2982.5,2,50,pass,away,A08,58.6,24.1,52.6,42.7,complete,A07,0,160,50,,19.5,left_foot,
SYN-00003-01160,1160,3145.7,2986.7,2,50,pass,away,A07,52.6,42.7,61,29.4,complete,A06,0,160,45.5,,15.7,right_foot,
SYN-00003-01161,1161,3148.2,2989.1,2,50,pass,away,A06,61,29.4,56.9,29,complete,A08,0,160,33.2,,4.2,right_foot,
SYN-00003-01162,1162,3150.8,2991.7,2,50,pass,away,A08,56.9,29,53,44.2,complete,A07,0,160,49.6,,15.7,right_foot,
SYN-00003-01163,1163,3153.5,2994.5,2,50,pass,away,A07,53,44.2,69.1,60,complete,A02,0,160,64.8,,22.5,left_foot,
SYN-00003-01164,1164,3156.2,2997.1,2,50,carry,away,A02,69.1,60,55.1,57.8,complete,,0,160,,22.3,14.1,,
SYN-00003-01165,1165,3158.5,2999.4,2,50,pass,away,A02,55.1,57.8,28.6,67,complete,A09,0,160,61.7,,28,left_foot,
SYN-00003-01166,1166,3163,3004,2,51,carry,away,A09,28.6,67,22.4,65.5,complete,,0,160,,14.6,6.4,,
SYN-00003-01167,1167,3164.6,3005.5,2,51,pressure,home,H08,22.4,65.5,,,,,0,160,,,,,
SYN-00003-01168,1168,3164.6,3005.5,2,51,pass,away,A09,22.4,65.5,1,43.8,complete,A10,1,160,67.6,,30.5,right_foot,
SYN-00003-01169,1169,3169,3010,2,51,pass,away,A10,1,43.8,16.7,68,out,A07,0,160,49.7,,17.7,left_foot,
SYN-00003-01170,1170,3170.3,3011.2,2,51,possession_change,home,H05,16.7,67,,,out_of_play,,0,161,,,,,
SYN-00003-01171,1171,3190,3031,2,51,sprint,home,H09,63.3,18.2,,,,,0,161,,32.1,38.1,,
SYN-00003-01172,1172,3190,3031,2,51,carry,home,H05,16.7,67,23.3,67,complete,,0,161,,24.5,6.8,,
SYN-00003-01173,1173,3191,3032,2,51,pass,home,H05,23.3,67,1,42.8,complete,H01,0,161,60,,32.9,left_foot,
SYN-00003-01174,1174,3194.8,3035.8,2,51,pass,home,H01,1,42.8,3.2,22.5,complete,H03,0,161,53.2,,20.4,right_foot,
SYN-00003-01175,1175,3198.3,3039.3,2,51,pass,home,H03,3.2,22.5,20.4,27.2,complete,H06,0,161,52.7,,17.9,left_foot,
SYN-00003-01176,1176,3201.5,3042.5,2,51,pass,home,H06,20.4,27.2,22.9,11.8,complete,H02,0,161,47,,15.6,right_foot,
SYN-00003-01177,1177,3204,3044.9,2,51,pass,home,H02,22.9,11.8,30.8,28.2,complete,H06,0,161,57.9,,18.3,left_foot,
SYN-00003-01178,1178,3207.3,3048.3,2,51,pass,home,H06,30.8,28.2,14.4,25.5,complete,H03,0,161,57.8,,16.7,right_foot,
SYN-00003-01179,1179,3209.7,3050.7,2,51,pass,home,H03,14.4,25.5,35,17.7,incomplete,H07,0,161,68.3,,27.5,right_foot,
SYN-00003-01180,1180,3212.7,3053.6,2,51,possession_change,away,A10,35,17.7,,,recovery,,0,162,,,,,
SYN-00003-01181,1181,3212.7,3053.6,2,51,pass,away,A10,35,17.7,45.7,42.2,complete,A07,0,162,63.2,,26.7,right_foot,
SYN-00003-01182,1182,3216.5,3057.4,2,51,pressure,home,H10,45.7,42.2,,,,,0,162,,,,,
SYN-00003-01183,1183,3216.5,3057.4,2,51,pass,away,A07,45.7,42.2,22.3,59.5,complete,A09,1,162,66.5,,29.1,right_foot,
SYN-00003-01184,1184,3220,3060.9,2,52,pass,away,A09,22.3,59.5,32.4,49,complete,A07,0,162,43.9,,14.5,right_foot,
SYN-00003-01185,1185,3222.5,3063.5,2,52,carry,away,A07,32.4,49,23.2,43,complete,,0,162,,20.6,11,,
SYN-00003-01186,1186,3224.5,3065.4,2,52,shot,away,A07,23.2,43,0,25.3,off_target,,0,162,83.6,,24.9,foot,0.035
SYN-00003-01187,1187,3226,3067,2,52,possession_change,home,H01,6,34,,,goal_kick,,0,163,,,,,
SYN-00003-01188,1188,3242,3082.9,2,52,pass,home,H01,6,34,2.2,25.7,complete,H03,0,163,47,,9.1,right_foot,
SYN-00003-01189,1189,3244.9,3085.9,2,52,pass,home,H03,2.2,25.7,14,68,out,H05,0,163,67.1,,31,right_foot,
SYN-00003-01190,1190,3246.6,3087.6,2,52,possession_change,away,A09,14,67,,,out_of_play,,0,164,,,,,
SYN-00003-01191,1191,3264.2,3105.2,2,52,shot,away,A09,14,67,12,67,blocked,,0,164,97.8,,35.9,foot,0.007
SYN-00003-01192,1192,3267.1,3108,2,52,carry,away,A09,22.1,67,17.6,67,complete,,0,164,,16.5,4.5,,
SYN-00003-01193,1193,3268.1,3109,2,52,pass,away,A09,17.6,67,4.2,49,intercepted,A10,0,164,60.4,,27.8,left_foot,
SYN-00003-01194,1194,3269.4,3110.4,2,52,interception,home,H01,4.2,49,,,won,,0,164,,,,,
SYN-00003-01195,1195,3269.4,3110.4,2,52,possession_change,home,H01,4.2,49,,,interception,,0,165,,,,,
SYN-00003-01196,1196,3270.2,3111.2,2,52,carry,home,H01,4.2,49,10.1,53.3,complete,,0,165,,22.4,7.3,,
SYN-00003-01197,1197,3271.4,3112.4,2,52,pass,home,H01,10.1,53.3,6.9,50.5,complete,H04,0,165,29.8,,4.2,right_foot,
SYN-00003-01198,1198,3273.8,3114.7,2,52,pass,home,H04,6.9,50.5,13.4,67,complete,H05,0,165,46.8,,17.7,left_foot,
SYN-00003-01199,1199,3277.6,3118.5,2,52,pass,home,H05,13.4,67,31.5,45.8,complete,H06,0,165,63.8,,27.8,right_foot,
SYN-00003-01200,1200,3282.1,3123,2,53,pass,home,H06,31.5,45.8,47.7,44.7,incomplete,H08,0,165,53.5,,17.2,left_foot,
SYN-00003-01201,1201,3285.1,3126,2,53,possession_change,away,A10,47.7,44.7,,,recovery,,0,166,,,,,
SYN-00003-01202,1202,3285.1,3126,2,53,pass,away,A10,47.7,44.7,24.5,57,complete,A09,0,166,56.3,,26.2,right_foot,
SYN-00003-01203,1203,3288.1,3129,2,53,pass,away,A09,24.5,57,5.9,45.5,complete,A10,0,166,60,,21.9,left_foot,
SYN-00003-01204,1204,3291.3,3132.2,2,53,pass,away,A10,5.9,45.5,28.4,44.5,complete,A07,0,166,56.9,,22.5,left_foot,
SYN-00003-01205,1205,3294.9,3135.9,2,53,pass,away,A07,28.4,44.5,6.1,40.5,complete,A10,0,166,53.3,,22.7,right_foot,
SYN-00003-01206,1206,3298.8,3139.7,2,53,pass,away,A10,6.1,40.5,2.5,58,complete,A09,0,166,52.6,,17.8,right_foot,
SYN-00003-01207,1207,3301,3142,2,53,pass,away,A09,2.5,58,24.6,59,complete,A07,0,166,58.4,,22.1,left_foot,
SYN-00003-01208,1208,3303.5,3144.4,2,53,sprint,home,H02,14,20,,,,,0,166,,28.5,43.1,,
SYN-00003-01209,1209,3303.5,3144.4,2,53,pass,away,A07,24.6,59,1,36.4,incomplete,A10,0,166,61.7,,27.2,right_foot,
SYN-00003-01210,1210,3306.9,3147.9,2,53,possession_change,home,H03,1,36.4,,,recovery,,0,167,,,,,
SYN-00003-01211,1211,3306.9,3147.9,2,53,pass,home,H03,1,36.4,5.8,12.6,incomplete,H02,0,167,68,,25.7,left_foot,
SYN-00003-01212,1212,3309.6,3150.5,2,53,possession_change,away,A11,5.8,12.6,,,recovery,,0,168,,,,,
SYN-00003-01213,1213,3309.6,3150.5,2,53,pass,away,A11,5.8,12.6,6.4,32.5,complete,A10,0,168,51.9,,20,right_foot,
SYN-00003-01214,1214,3312.2,3153.2,2,53,pass,away,A10,6.4,32.5,5.3,10.8,incomplete,A11,0,168,55.2,,20.9,right_foot,
SYN-00003-01215,1215,3314.9,3155.9,2,53,possession_change,home,H02,5.3,10.8,,,recovery,,0,169,,,,,
SYN-00003-01216,1216,3314.9,3155.9,2,53,pass,home,H02,5.3,10.8,42,13.7,complete,H07,0,169,68.2,,36.9,left_foot,
SYN-00003-01217,1217,3319.5,3160.5,2,53,pressure,away,A10,42,13.7,,,,,0,169,,,,,
SYN-00003-01218,1218,3319.5,3160.5,2,53,pass,home,H07,42,13.7,19,16.9,complete,H03,1,169,59.2,,23.3,right_foot,
SYN-00003-01219,1219,3323.3,3164.2,2,53,sprint,home,H06,28.3,29.7,,,,,0,169,,27.8,33.3,,
SYN-00003-01220,1220,3323.3,3164.2,2,53,pass,home,H03,19,16.9,1,35.4,complete,H01,0,169,54,,25.7,left_foot,
SYN-00003-01221,1221,3327.6,3168.6,2,53,pass,home,H01,1,35.4,7.7,62.8,complete,H05,0,169,61.1,,28.2,left_foot,
SYN-00003-01222,1222,3331,3171.9,2,53,sprint,home,H09,59.2,17.2,,,,,0,169,,29.7,34.1,,
SYN-00003-01223,1223,3331,3171.9,2,53,pass,home,H05,7.7,62.8,2.9,46.5,complete,H04,0,169,47.9,,17,left_foot,
SYN-00003-01224,1224,3334.7,3175.6,2,53,pass,home,H04,2.9,46.5,29.6,49.7,complete,H08,0,169,71.4,,26.9,right_foot,
SYN-00003-01225,1225,3337.6,3178.5,2,53,carry,home,H08,29.6,49.7,35.7,45.3,complete,,0,169,,25.6,7.5,,
SYN-00003-01226,1226,3338.6,3179.6,2,53,pass,home,H08,35.7,45.3,14.4,24,complete,H03,0,169,76.5,,30.1,right_foot,
SYN-00003-01227,1227,3343,3184,2,54,pass,home,H03,14.4,24,16.7,5.7,complete,H02,0,169,54,,18.5,right_foot,
SYN-00003-01228,1228,3345.9,3186.9,2,54,pass,home,H02,16.7,5.7,1,29.1,complete,H01,0,169,64.4,,28.2,left_foot,
SYN-00003-01229,1229,3349.4,3190.3,2,54,pass,home,H01,1,29.1,21.3,31.7,complete,H06,0,169,60.9,,20.5,right_foot,
SYN-00003-01230,1230,3352,3193,2,54,carry,home,H06,21.3,31.7,25.3,30.5,dispossessed,,0,169,,19.2,4.1,,
SYN-00003-01231,1231,3352.8,3193.8,2,54,foul,away,A10,25.3,30.5,,,free_kick,,0,169,,,,,
SYN-00003-01232,1232,3372.2,3213.2,2,54,pass,home,H06,25.3,30.5,11.2,23.6,complete,H03,0,170,54.4,,15.7,right_foot,
SYN-00003-01233,1233,3375.1,3216.1,2,54,pressure,away,A10,11.2,23.6,,,,,0,170,,,,,
SYN-00003-01234,1234,3375.1,3216.1,2,54,carry,home,H03,11.2,23.6,13.6,23.6,dispossessed,,1,170,,14.8,2.4,,
SYN-00003-01235,1235,3375.7,3216.7,2,54,tackle,away,A10,13.6,23.6,,,won,,0,170,,,,,
SYN-00003-01236,1236,3375.7,3216.7,2,54,possession_change,away,A10,13.6,23.6,,,tackle,,0,171,,,,,
SYN-00003-01237,1237,3376.7,3217.7,2,54,pass,away,A10,13.6,23.6,6,5.5,complete,A11,0,171,51.2,,19.6,right_foot,
SYN-00003-01238,1238,3380.8,3221.8,2,54,pressure,home,H02,6,5.5,,,,,0,171,,,,,
SYN-00003-01239,1239,3380.8,3221.8,2,54,pass,away,A11,6,5.5,5.3,27.3,complete,A10,1,171,44.6,,21.8,left_foot,
SYN-00003-01240,1240,3384,3225,2,54,pressure,home,H01,5.3,27.3,,,,,0,171,,,,,
SYN-00003-01241,1241,3384,3225,2,54,pass,away,A10,5.3,27.3,6.5,6.4,complete,A11,1,171,50.7,,20.9,right_foot,
SYN-00003-01242,1242,3387.4,3228.3,2,54,pressure,home,H02,6.5,6.4,,,,,0,171,,,,,
SYN-00003-01243,1243,3387.4,3228.3,2,54,carry,away,A11,6.5,6.4,1,7.5,complete,,1,171,,21.6,10.2,,
SYN-00003-01244,1244,3389.1,3230,2,54,pressure,home,H03,1,7.5,,,,,0,171,,,,,
SYN-00003-01245,1245,3389.1,3230,2,54,carry,away,A11,1,7.5,1,4.3,dispossessed,,1,171,,18.5,6.9,,
SYN-00003-01246,1246,3390.4,3231.4,2,54,tackle,home,H02,1,4.3,,,won,,0,171,,,,,
SYN-00003-01247,1247,3390.4,3231.4,2,54,possession_change,home,H02,1,4.3,,,tackle,,0,172,,,,,
SYN-00003-01248,1248,3391,3231.9,2,54,pass,home,H02,1,4.3,1,12.4,complete,H03,0,172,40.9,,8.2,right_foot,
SYN-00003-01249,1249,3394.1,3235.1,2,54,pass,home,H03,1,12.4,7.1,31.5,complete,H01,0,172,51,,20.1,left_foot,
SYN-00003-01250,1250,3398.3,3239.2,2,54,pressure,away,A10,7.1,31.5,,,,,0,172,,,,,
SYN-00003-01251,1251,3398.3,3239.2,2,54,carry,home,H01,7.1,31.5,11.9,26.2,dispossessed,,1,172,,22.6,7.2,,
SYN-00003-01252,1252,3399.4,3240.4,2,55,tackle,away,A10,11.9,26.2,,,won,,0,172,,,,,
SYN-00003-01253,1253,3399.4,3240.4,2,55,possession_change,away,A10,11.9,26.2,,,tackle,,0,173,,,,,
SYN-00003-01254,1254,3400.9,3241.8,2,55,pass,away,A10,11.9,26.2,11.4,7.6,complete,A11,0,173,48.9,,18.6,right_foot,
SYN-00003-01255,1255,3405,3245.9,2,55,pass,away,A11,11.4,7.6,1.4,25.3,complete,A10,0,173,47.5,,20.3,right_foot,
SYN-00003-01256,1256,3408.3,3249.3,2,55,pass,away,A10,1.4,25.3,28.5,0,out,A08,0,173,66.5,,25.2,head,
SYN-00003-01257,1257,3409.7,3250.6,2,55,possession_change,home,H09,28.5,1,,,out_of_play,,0,174,,,,,
SYN-00003-01258,1258,3422.1,3263.1,2,55,pass,home,H09,28.5,1,31.4,27.8,complete,H06,0,174,62.9,,26.9,left_foot,
SYN-00003-01259,1259,3426,3266.9,2,55,carry,home,H06,31.4,27.8,39.6,33.2,complete,,0,174,,21,9.9,,
SYN-00003-01260,1260,3427.6,3268.6,2,55,carry,home,H06,39.6,33.2,54.6,37.8,complete,,0,174,,15.6,15.6,,
SYN-00003-01261,1261,3431.3,3272.2,2,55,pass,home,H06,54.6,37.8,81.3,54.1,complete,H11,0,174,69.3,,31.3,right_foot,
SYN-00003-01262,1262,3435.9,3276.8,2,55,pass,home,H11,81.3,54.1,71,31.6,complete,H07,0,174,56,,24.7,right_foot,
SYN-00003-01263,1263,3440,3281,2,55,pass,home,H07,71,31.6,103,28.8,incomplete,H10,0,174,70,,32.5,right_foot,
SYN-00003-01264,1264,3443.3,3284.3,2,55,possession_change,away,A01,103,28.8,,,recovery,,0,175,,,,,
SYN-00003-01265,1265,3443.3,3284.3,2,55,pass,away,A01,103,28.8,91.1,12.3,complete,A05,0,175,64.7,,20.3,right_foot,
SYN-00003-01266,1266,3446.6,3287.6,2,55,pressure,home,H10,91.1,12.3,,,,,0,175,,,,,
SYN-00003-01267,1267,3446.6,3287.6,2,55,pass,away,A05,91.1,12.3,100.4,28.5,complete,A01,1,175,48.8,,18.6,left_foot,
SYN-00003-01268,1268,3449.6,3290.5,2,55,pass,away,A01,100.4,28.5,71.2,17.2,complete,A08,0,175,74.1,,31.3,left_foot,
SYN-00003-01269,1269,3453.4,3294.3,2,55,pass,away,A08,71.2,17.2,70.7,29.8,complete,A06,0,175,46,,12.5,right_foot,
SYN-00003-01270,1270,3457,3298,2,55,sprint,away,A07,57.8,44.9,,,,,0,175,,30.7,21.6,,
SYN-00003-01271,1271,3457,3298,2,55,pressure,home,H10,70.7,29.8,,,,,0,175,,,,,
SYN-00003-01272,1272,3457,3298,2,55,pass,away,A06,70.7,29.8,63.4,42.6,intercepted,A07,1,175,38.5,,15.8,right_foot,
SYN-00003-01273,1273,3458.4,3299.3,2,55,interception,home,H10,63.4,42.6,,,won,,0,175,,,,,
SYN-00003-01274,1274,3458.4,3299.3,2,55,possession_change,home,H10,63.4,42.6,,,interception,,0,176,,,,,
SYN-00003-01275,1275,3459.7,3300.6,2,56,pass,home,H10,63.4,42.6,80.8,60.1,incomplete,H11,0,176,51.6,,22.9,right_foot,
SYN-00003-01276,1276,3462.4,3303.3,2,56,possession_change,away,A02,80.8,60.1,,,recovery,,0,177,,,,,
SYN-00003-01277,1277,3462.4,3303.3,2,56,pass,away,A02,80.8,60.1,88.3,56.3,complete,A03,0,177,42.9,,8.4,right_foot,
SYN-00003-01278,1278,3464.8,3305.8,2,56,pass,away,A03,88.3,56.3,63.9,48.2,complete,A07,0,177,58.9,,25.7,right_foot,
SYN-00003-01279,1279,3469,3309.9,2,56,pass,away,A07,63.9,48.2,22.8,61.8,complete,A09,0,177,87.9,,43.3,left_foot,
SYN-00003-01280,1280,3472,3313,2,56,pass,away,A09,22.8,61.8,47.8,39.1,complete,A06,0,177,61.7,,33.8,right_foot,
SYN-00003-01281,1281,3476.5,3317.4,2,56,carry,away,A06,47.8,39.1,40.4,31.9,complete,,0,177,,15.7,10.3,,
SYN-00003-01282,1282,3478.8,3319.8,2,56,pressure,home,H10,40.4,31.9,,,,,0,177,,,,,
SYN-00003-01283,1283,3478.8,3319.8,2,56,carry,away,A06,40.4,31.9,26.4,32.6,complete,,1,177,,20.3,14,,
SYN-00003-01284,1284,3481.3,3322.3,2,56,carry,away,A06,26.4,32.6,20.1,31.6,complete,,0,177,,16.2,6.4,,
SYN-00003-01285,1285,3482.7,3323.7,2,56,pass,away,A06,20.1,31.6,33.1,40.5,complete,A07,0,177,48.7,,15.7,head,
SYN-00003-01286,1286,3485.8,3326.8,2,56,pass,away,A07,33.1,40.5,21.6,38,intercepted,A10,0,177,62.8,,22.3,right_foot,
SYN-00003-01287,1287,3486.5,3327.5,2,56,interception,home,H06,21.6,38,,,won,,0,177,,,,,
SYN-00003-01288,1288,3486.5,3327.5,2,56,possession_change,home,H06,21.6,38,,,interception,,0,178,,,,,
SYN-00003-01289,1289,3487.3,3328.2,2,56,pass,home,H06,21.6,38,2.7,37.9,complete,H01,0,178,49.4,,18.8,right_foot,
SYN-00003-01290,1290,3490.7,3331.6,2,56,pass,home,H01,2.7,37.9,5.3,24.5,complete,H03,0,178,46.5,,13.6,right_foot,
SYN-00003-01291,1291,3494,3335,2,56,pass,home,H03,5.3,24.5,30.5,0,out,H06,0,178,50.7,,16.6,right_foot,
SYN-00003-01292,1292,3495.2,3336.1,2,56,possession_change,away,A11,30.5,1,,,out_of_play,,0,179,,,,,
SYN-00003-01293,1293,3506.3,3347.3,2,56,carry,away,A11,30.5,1,25.6,1,complete,,0,179,,21.9,8.3,,
SYN-00003-01294,1294,3507.7,3348.6,2,56,pressure,home,H07,25.6,1,,,,,0,179,,,,,
SYN-00003-01295,1295,3507.7,3348.6,2,56,pass,away,A11,25.6,1,36.4,8,complete,A08,1,179,45.2,,12.8,right_foot,
SYN-00003-01296,1296,3510.9,3351.9,2,56,pass,away,A08,36.4,8,10.8,27.1,incomplete,A10,0,179,73.6,,32.1,right_foot,
SYN-00003-01297,1297,3514.9,3355.8,2,56,possession_change,home,H04,10.8,27.1,,,recovery,,0,180,,,,,
SYN-00003-01298,1298,3514.9,3355.8,2,56,pass,home,H04,10.8,27.1,1,35.8,complete,H01,0,180,45.8,,13.1,right_foot,
SYN-00003-01299,1299,3518.7,3359.7,2,56,pressure,away,A10,1,35.8,,,,,0,180,,,,,
SYN-00003-01300,1300,3518.7,3359.7,2,56,pass,home,H01,1,35.8,23.1,32.1,complete,H06,1,180,53.9,,22.4,right_foot,
SYN-00003-01301,1301,3522.4,3363.4,2,57,pass,home,H06,23.1,32.1,45.1,68,out,H08,0,180,53.1,,25.7,right_foot,
SYN-00003-01302,1302,3524.2,3365.1,2,57,possession_change,away,A09,45.1,67,,,out_of_play,,0,181,,,,,
SYN-00003-01303,1303,3543.2,3384.2,2,57,sprint,away,A08,46.3,30.2,,,,,0,181,,34.3,15.6,,
SYN-00003-01304,1304,3543.2,3384.2,2,57,pass,away,A09,45.1,67,68.7,65.6,complete,A02,0,181,49.9,,23.6,right_foot,
SYN-00003-01305,1305,3547.8,3388.7,2,57,pass,away,A02,68.7,65.6,83.3,51.1,intercepted,A03,0,181,66.1,,29.1,right_foot,
SYN-00003-01306,1306,3548.9,3389.9,2,57,interception,home,H10,83.3,51.1,,,won,,0,181,,,,,
SYN-00003-01307,1307,3548.9,3389.9,2,57,possession_change,home,H10,83.3,51.1,,,interception,,0,182,,,,,
SYN-00003-01308,1308,3549.7,3390.6,2,57,pass,home,H10,83.3,51.1,67.5,25.1,complete,H07,0,182,65.6,,30.4,right_foot,
SYN-00003-01309,1309,3552.8,3393.8,2,57,pass,home,H07,67.5,25.1,83.8,0,out,H09,0,182,57.4,,22.1,right_foot,
SYN-00003-01310,1310,3554.2,3395.1,2,57,possession_change,away,A05,83.8,1,,,out_of_play,,0,183,,,,,
SYN-00003-01311,1311,3564.3,3405.3,2,57,pass,away,A05,83.8,1,91.7,18.1,complete,A04,0,183,48.2,,18.8,left_foot,
SYN-00003-01312,1312,3566.8,3407.7,2,57,pass,away,A04,91.7,18.1,97.2,36.3,complete,A03,0,183,56.3,,19.1,right_foot,
SYN-00003-01313,1313,3569,3410,2,57,pass,away,A03,97.2,36.3,104,28.4,complete,A04,0,183,37.4,,10.5,right_foot,
SYN-00003-01314,1314,3572.9,3413.9,2,57,sprint,away,A11,48.8,8.6,,,,,0,183,,33.6,40.6,,
SYN-00003-01315,1315,3572.9,3413.9,2,57,carry,away,A04,104,28.4,88.9,28.8,complete,,0,183,,23.7,15.2,,
SYN-00003-01316,1316,3575.2,3416.2,2,57,pass,away,A04,88.9,28.8,64.2,21,complete,A08,0,183,63.5,,25.8,right_foot,
SYN-00003-01317,1317,3578.3,3419.2,2,57,sprint,away,A10,20.9,30.7,,,,,0,183,,28,18.1,,
SYN-00003-01318,1318,3578.3,3419.2,2,57,pass,away,A08,64.2,21,74.6,6.9,complete,A05,0,183,50.2,,17.5,right_foot,
SYN-00003-01319,1319,3582.5,3423.4,2,58,carry,away,A05,74.6,6.9,68.6,3.8,complete,,0,183,,18.7,6.8,,
SYN-00003-01320,1320,3583.8,3424.7,2,58,pass,away,A05,68.6,3.8,65.6,25.7,complete,A06,0,183,55.4,,22.1,left_foot,
SYN-00003-01321,1321,3586.6,3427.5,2,58,pass,away,A06,65.6,25.7,89.8,28.5,complete,A04,0,183,62.5,,24.4,right_foot,
SYN-00003-01322,1322,3590.5,3431.5,2,58,pass,away,A04,89.8,28.5,96,42.2,complete,A03,0,183,50.6,,15.1,right_foot,
SYN-00003-01323,1323,3594.3,3435.3,2,58,pass,away,A03,96,42.2,81,36,complete,A06,0,183,38.9,,16.2,left_foot,
SYN-00003-01324,1324,3598.3,3439.2,2,58,pass,away,A06,81,36,84.9,63.8,complete,A02,0,183,66.3,,28.1,left_foot,
SYN-00003-01325,1325,3602.3,3443.3,2,58,pass,away,A02,84.9,63.8,95.1,49.2,complete,A03,0,183,50.6,,17.8,right_foot,
SYN-00003-01326,1326,3604.8,3445.8,2,58,pass,away,A03,95.1,49.2,66.6,46.6,complete,A07,0,183,72.3,,28.6,right_foot,
SYN-00003-01327,1327,3608.9,3449.9,2,58,pass,away,A07,66.6,46.6,56.3,23.6,complete,A08,0,183,64.1,,25.2,right_foot,
SYN-00003-01328,1328,3612.5,3453.5,2,58,pressure,home,H10,56.3,23.6,,,,,0,183,,,,,
SYN-00003-01329,1329,3612.5,3453.5,2,58,pass,away,A08,56.3,23.6,51.5,44.6,complete,A07,1,183,53.2,,21.5,right_foot,
SYN-00003-01330,1330,3615,3456,2,58,pass,away,A07,51.5,44.6,28.9,61.8,complete,A09,0,183,71.7,,28.4,right_foot,
SYN-00003-01331,1331,3618.5,3459.5,2,58,pass,away,A09,28.9,61.8,6.7,46.2,complete,A10,0,183,72.1,,27.2,right_foot,
SYN-00003-01332,1332,3620.9,3461.8,2,58,pass,away,A10,6.7,46.2,9.5,15.2,complete,A11,0,183,70.7,,31.1,right_foot,
SYN-00003-01333,1333,3624.3,3465.3,2,58,carry,away,A11,9.5,15.2,5.5,24.3,complete,,0,183,,24.5,10,,
SYN-00003-01334,1334,3625.8,3466.7,2,58,carry,away,A11,5.5,24.3,3.2,27.8,dispossessed,,0,183,,15.2,4.3,,
SYN-00003-01335,1335,3626.8,3467.7,2,58,tackle,home,H01,3.2,27.8,,,won,,0,183,,,,,
SYN-00003-01336,1336,3626.8,3467.7,2,58,possession_change,home,H01,3.2,27.8,,,tackle,,0,184,,,,,
SYN-00003-01337,1337,3627.5,3468.5,2,58,pass,home,H01,3.2,27.8,24.3,36.4,complete,H06,0,184,50.9,,22.7,right_foot,
SYN-00003-01338,1338,3631.3,3472.2,2,58,substitution,home,H13,,,,,substitution,,0,184,,,,,
SYN-00003-01339,1339,3631.3,3472.2,2,58,pass,home,H06,24.3,36.4,42.5,21.7,complete,H07,0,184,63.3,,23.4,right_foot,
SYN-00003-01340,1340,3635.3,3476.3,2,58,carry,home,H07,42.5,21.7,50.5,24.9,complete,,0,184,,15.2,8.7,,
SYN-00003-01341,1341,3637.4,3478.3,2,58,pass,home,H07,50.5,24.9,22.7,20.8,complete,H13,0,184,62.1,,28.2,right_foot,
SYN-00003-01342,1342,3641.1,3482,2,59,carry,home,H13,22.7,20.8,32.6,22.5,complete,,0,184,,18.6,10,,
SYN-00003-01343,1343,3643,3484,2,59,pressure,away,A10,32.6,22.5,,,,,0,184,,,,,
SYN-00003-01344,1344,3643,3484,2,59,pass,home,H13,32.6,22.5,43.2,20.9,complete,H07,1,184,33.4,,10.8,right_foot,
SYN-00003-01345,1345,3646.1,3487.1,2,59,pass,home,H07,43.2,20.9,21,22.7,complete,H13,0,184,49.7,,22.3,left_foot,
SYN-00003-01346,1346,3650.3,3491.3,2,59,substitution,home,H14,,,,,substitution,,0,184,,,,,
SYN-00003-01347,1347,3650.3,3491.3,2,59,pass,home,H13,21,22.7,17.1,1.8,complete,H02,0,184,64.7,,21.3,left_foot,
SYN-00003-01348,1348,3654.3,3495.3,2,59,pass,home,H02,17.1,1.8,27.6,24.5,complete,H14,0,184,60.8,,25,right_foot,
SYN-00003-01349,1349,3656.8,3497.8,2,59,pass,home,H14,27.6,24.5,26.1,10.3,complete,H02,0,184,58.6,,14.2,right_foot,
SYN-00003-01350,1350,3659.2,3500.1,2,59,pass,home,H02,26.1,10.3,40.9,12.4,complete,H07,0,184,50.7,,15,right_foot,
SYN-00003-01351,1351,3663.1,3504.1,2,59,pass,home,H07,40.9,12.4,74.7,8.2,incomplete,H09,0,184,79.1,,38.7,right_foot,
SYN-00003-01352,1352,3666.5,3507.5,2,59,possession_change,away,A05,74.7,8.2,,,recovery,,0,185,,,,,
SYN-00003-01353,1353,3666.5,3507.5,2,59,pass,away,A05,74.7,8.2,93.9,21.3,complete,A04,0,185,52.5,,23.2,right_foot,
SYN-00003-01354,1354,3670.6,3511.6,2,59,pressure,home,H10,93.9,21.3,,,,,0,185,,,,,
SYN-00003-01355,1355,3670.6,3511.6,2,59,carry,away,A04,93.9,21.3,89,17.6,dispossessed,,1,185,,17.5,6.2,,
SYN-00003-01356,1356,3671.9,3512.9,2,59,tackle,home,H10,89,17.6,,,won,,0,185,,,,,
SYN-00003-01357,1357,3671.9,3512.9,2,59,possession_change,home,H10,89,17.6,,,tackle,,0,186,,,,,
SYN-00003-01358,1358,3672.7,3513.7,2,59,pass,home,H10,89,17.6,72,18.4,complete,H07,0,186,50.7,,17,head,
SYN-00003-01359,1359,3675.1,3516.1,2,59,pass,home,H07,72,18.4,65.4,38.8,complete,H08,0,186,44.5,,21.4,right_foot,
SYN-00003-01360,1360,3678,3518.9,2,59,pass,home,H08,65.4,38.8,46.1,28.8,incomplete,H14,0,186,59.2,,23.9,right_foot,
SYN-00003-01361,1361,3680.5,3521.5,2,59,possession_change,away,A10,46.1,28.8,,,recovery,,0,187,,,,,
SYN-00003-01362,1362,3680.5,3521.5,2,59,pressure,home,H10,46.1,28.8,,,,,0,187,,,,,
SYN-00003-01363,1363,3680.5,3521.5,2,59,pass,away,A10,46.1,28.8,44.1,17.7,complete,A08,1,187,41.2,,11.3,right_foot,
SYN-00003-01364,1364,3683.2,3524.2,2,59,pass,away,A08,44.1,17.7,59.4,29.6,complete,A06,0,187,53.6,,19.4,right_foot,
SYN-00003-01365,1365,3687.1,3528.1,2,59,sprint,away,A04,84.8,23.9,,,,,0,187,,30.9,37.8,,
SYN-00003-01366,1366,3687.1,3528.1,2,59,pass,away,A06,59.4,29.6,20,44.1,incomplete,A10,0,187,82.4,,40.6,left_foot,
SYN-00003-01367,1367,3690.6,3531.5,2,59,possession_change,home,H04,20,44.1,,,recovery,,0,188,,,,,
SYN-00003-01368,1368,3690.6,3531.5,2,59,pass,home,H04,20,44.1,17.3,10.2,complete,H02,0,188,65.6,,34,right_foot,
SYN-00003-01369,1369,3694.6,3535.6,2,59,pass,home,H02,17.3,10.2,39.1,17.4,complete,H07,0,188,53.3,,23,right_foot,
SYN-00003-01370,1370,3699.1,3540.1,2,60,carry,home,H07,39.1,17.4,53,21,complete,,0,188,,15,14.4,,
SYN-00003-01371,1371,3702.6,3543.6,2,60,pass,home,H07,53,21,79.6,21.8,incomplete,H10,0,188,68.5,,34.6,left_foot,
SYN-00003-01372,1372,3706.5,3547.4,2,60,possession_change,away,A06,79.6,21.8,,,recovery,,0,189,,,,,
SYN-00003-01373,1373,3706.5,3547.4,2,60,pass,away,A06,79.6,21.8,64.4,18.5,complete,A08,0,189,48.2,,15.6,right_foot,
SYN-00003-01374,1374,3710,3551,2,60,pass,away,A08,64.4,18.5,83.2,5.6,complete,A05,0,189,49.6,,22.8,right_foot,
SYN-00003-01375,1375,3713,3554,2,60,pass,away,A05,83.2,5.6,62.4,35.8,complete,A07,0,189,72.8,,36.7,left_foot,
SYN-00003-01376,1376,3716.3,3557.3,2,60,pass,away,A07,62.4,35.8,27.6,9.9,complete,A11,0,189,89.1,,43.3,right_foot,
SYN-00003-01377,1377,3720.4,3561.4,2,60,pass,away,A11,27.6,9.9,10.5,28.8,complete,A10,0,189,57.1,,25.5,right_foot,
SYN-00003-01378,1378,3723.9,3564.9,2,60,carry,away,A10,10.5,28.8,8.5,28.6,dispossessed,,0,189,,15.2,2,,
SYN-00003-01379,1379,3724.4,3565.4,2,60,foul,home,H01,8.5,28.6,,,free_kick,,0,189,,,,,
SYN-00003-01380,1380,3754.3,3595.2,2,60,pass,away,A10,8.5,28.6,6.4,53.7,incomplete,A09,0,190,65.1,,26,right_foot,
SYN-00003-01381,1381,3756.8,3597.8,2,60,possession_change,home,H05,6.4,53.7,,,recovery,,0,191,,,,,
SYN-00003-01382,1382,3756.8,3597.8,2,60,pass,home,H05,6.4,53.7,2.9,27.4,complete,H13,0,191,62.7,,26.6,right_foot,
SYN-00003-01383,1383,3759.8,3600.8,2,61,pass,home,H13,2.9,27.4,5.3,34.6,complete,H01,0,191,42.8,,7.6,right_foot,
SYN-00003-01384,1384,3762.3,3603.3,2,61,pressure,away,A10,5.3,34.6,,,,,0,191,,,,,
SYN-00003-01385,1385,3762.3,3603.3,2,61,pass,home,H01,5.3,34.6,14.7,52.1,complete,H05,1,191,53.3,,19.8,right_foot,
SYN-00003-01386,1386,3766,3606.9,2,61,pass,home,H05,14.7,52.1,36,48.1,incomplete,H08,0,191,67.8,,25.4,right_foot,
SYN-00003-01387,1387,3768.7,3609.7,2,61,possession_change,away,A10,36,48.1,,,recovery,,0,192,,,,,
SYN-00003-01388,1388,3768.7,3609.7,2,61,carry,away,A10,36,48.1,33,39.4,complete,,0,192,,15,9.2,,
SYN-00003-01389,1389,3770.9,3611.9,2,61,pass,away,A10,33,39.4,23.7,48,intercepted,A09,0,192,66.9,,26.9,right_foot,
SYN-00003-01390,1390,3771.6,3612.6,2,61,interception,home,H08,23.7,48,,,won,,0,192,,,,,
SYN-00003-01391,1391,3771.6,3612.6,2,61,possession_change,home,H08,23.7,48,,,interception,,0,193,,,,,
SYN-00003-01392,1392,3773,3613.9,2,61,pass,home,H08,23.7,48,19.1,67,complete,H05,0,193,50.2,,19.6,right_foot,
SYN-00003-01393,1393,3775.8,3616.8,2,61,pressure,away,A09,19.1,67,,,,,0,193,,,,,
SYN-00003-01394,1394,3775.8,3616.8,2,61,pass,home,H05,19.1,67,13.5,49.6,complete,H04,1,193,46.8,,18.3,left_foot,
SYN-00003-01395,1395,3779.8,3620.8,2,61,pass,home,H04,13.5,49.6,3.9,43.1,complete,H01,0,193,41.3,,11.6,right_foot,
SYN-00003-01396,1396,3783.3,3624.2,2,61,pass,home,H01,3.9,43.1,13.6,61.7,complete,H05,0,193,51.6,,21,left_foot,
SYN-00003-01397,1397,3786.3,3627.2,2,61,pass,home,H05,13.6,61.7,14.9,52,incomplete,H04,0,193,44.1,,10.4,right_foot,
SYN-00003-01398,1398,3788.7,3629.7,2,61,possession_change,away,A10,14.9,52,,,recovery,,0,194,,,,,
SYN-00003-01399,1399,3788.7,3629.7,2,61,sprint,away,A06,44.7,38.5,,,,,0,194,,25.9,39.3,,
SYN-00003-01400,1400,3788.7,3629.7,2,61,carry,away,A10,14.9,52,3.5,54.2,complete,,0,194,,17.3,11.5,,
SYN-00003-01401,1401,3791.1,3632.1,2,61,pass,away,A10,3.5,54.2,28.3,56.3,complete,A07,0,194,48.3,,24.9,left_foot,
SYN-00003-01402,1402,3794.5,3635.4,2,61,pressure,home,H08,28.3,56.3,,,,,0,194,,,,,
SYN-00003-01403,1403,3794.5,3635.4,2,61,carry,away,A07,28.3,56.3,20.5,55.8,complete,,1,194,,14.7,7.9,,
SYN-00003-01404,1404,3796.4,3637.4,2,61,pressure,home,H08,20.5,55.8,,,,,0,194,,,,,
SYN-00003-01405,1405,3796.4,3637.4,2,61,shot,away,A07,20.5,55.8,18.5,55.8,blocked,,1,194,92,,29.9,foot,0.011
SYN-00003-01406,1406,3798.1,3639,2,61,possession_change,home,H08,20.5,55.8,,,blocked_shot,,0,195,,,,,
SYN-00003-01407,1407,3799.1,3640,2,61,carry,home,H08,20.5,55.8,35.4,57.2,complete,,0,195,,18.7,15,,
SYN-00003-01408,1408,3802,3642.9,2,61,carry,home,H08,35.4,57.2,45,65.9,complete,,0,195,,22.1,12.9,,
SYN-00003-01409,1409,3804.1,3645,2,61,pass,home,H08,45,65.9,32.1,67,complete,H05,0,195,51.5,,12.9,right_foot,
SYN-00003-01410,1410,3806.5,3647.4,2,61,carry,home,H05,32.1,67,43,65.3,complete,,0,195,,23.3,11,,
SYN-00003-01411,1411,3808.2,3649.1,2,61,carry,home,H05,43,65.3,56.2,67,complete,,0,195,,18.5,14.3,,
SYN-00003-01412,1412,3810.9,3651.9,2,61,pass,home,H05,56.2,67,59.5,53.3,complete,H08,0,195,42.4,,14.1,left_foot,
SYN-00003-01413,1413,3813.9,3654.9,2,61,pass,home,H08,59.5,53.3,30.9,68,out,H05,0,195,75.9,,31.9,right_foot,
SYN-00003-01414,1414,3815.4,3656.4,2,61,possession_change,away,A09,30.9,67,,,out_of_play,,0,196,,,,,
SYN-00003-01415,1415,3825,3666,2,62,pass,away,A09,30.9,67,67.4,63.8,complete,A02,0,196,67.5,,36.7,right_foot,
SYN-00003-01416,1416,3829.7,3670.7,2,62,pass,away,A02,67.4,63.8,68.2,40.2,complete,A06,0,196,57.4,,23.5,right_foot,
SYN-00003-01417,1417,3834.1,3675.1,2,62,pass,away,A06,68.2,40.2,53,49.4,intercepted,A09,0,196,68.9,,33.5,right_foot,
SYN-00003-01418,1418,3835,3676,2,62,interception,home,H11,53,49.4,,,won,,0,196,,,,,
SYN-00003-01419,1419,3835,3676,2,62,possession_change,home,H11,53,49.4,,,interception,,0,197,,,,,
SYN-00003-01420,1420,3835.7,3676.6,2,62,pass,home,H11,53,49.4,18.1,43.8,complete,H04,0,197,81.2,,35.3,left_foot,
SYN-00003-01421,1421,3839.5,3680.4,2,62,pass,home,H04,18.1,43.8,21.4,61.4,complete,H05,0,197,57.7,,17.9,right_foot,
SYN-00003-01422,1422,3841.8,3682.8,2,62,pass,home,H05,21.4,61.4,10.3,46.8,complete,H04,0,197,44.6,,18.2,right_foot,
SYN-00003-01423,1423,3846.2,3687.1,2,62,pressure,away,A10,10.3,46.8,,,,,0,197,,,,,
SYN-00003-01424,1424,3846.2,3687.1,2,62,pass,home,H04,10.3,46.8,37,46.3,complete,H08,1,197,67.7,,26.7,right_foot,
SYN-00003-01425,1425,3849.7,3690.7,2,62,pass,home,H08,37,46.3,44.5,30.9,complete,H07,0,197,50.7,,17.2,right_foot,
SYN-00003-01426,1426,3853,3694,2,62,pass,home,H07,44.5,30.9,52.1,40.7,complete,H08,0,197,33.2,,12.5,left_foot,
SYN-00003-01427,1427,3855.4,3696.3,2,62,carry,home,H08,52.1,40.7,61.2,44,complete,,0,197,,17.8,9.6,,
SYN-00003-01428,1428,3857.3,3698.3,2,62,carry,home,H08,61.2,44,66.7,41.2,complete,,0,197,,22.1,6.2,,
SYN-00003-01429,1429,3858.3,3699.3,2,62,carry,home,H08,66.7,41.2,71.5,42.6,complete,,0,197,,24.9,5,,
SYN-00003-01430,1430,3859,3700,2,62,pass,home,H08,71.5,42.6,53.4,36.2,complete,H14,0,197,49.7,,19.2,left_foot,
SYN-00003-01431,1431,3862.7,3703.6,2,62,carry,home,H14,53.4,36.2,68.4,35.8,complete,,0,197,,23.9,15.1,,
SYN-00003-01432,1432,3864.9,3705.9,2,62,pressure,away,A07,68.4,35.8,,,,,0,197,,,,,
SYN-00003-01433,1433,3864.9,3705.9,2,62,carry,home,H14,68.4,35.8,72.8,32.5,complete,,1,197,,23.7,5.4,,
SYN-00003-01434,1434,3865.7,3706.7,2,62,substitution,away,A13,,,,,substitution,,0,197,,,,,
SYN-00003-01435,1435,3865.7,3706.7,2,62,shot,home,H14,72.8,32.5,105,36.9,saved,,0,197,104.8,,32.3,foot,0.013
SYN-00003-01436,1436,3867.4,3708.3,2,62,possession_change,away,A01,99,34,,,goalkeeper_save,,0,198,,,,,
SYN-00003-01437,1437,3876.3,3717.3,2,62,pressure,home,H10,99,34,,,,,0,198,,,,,
SYN-00003-01438,1438,3876.3,3717.3,2,62,pass,away,A01,99,34,101.9,41.3,complete,A03,1,198,39.4,,7.9,right_foot,
SYN-00003-01439,1439,3878.5,3719.4,2,62,carry,away,A03,101.9,41.3,90.8,35.7,complete,,0,198,,24.7,12.4,,
SYN-00003-01440,1440,3880.3,3721.3,2,63,sprint,away,A06,78.9,34.4,,,,,0,198,,30.6,40.4,,
SYN-00003-01441,1441,3880.3,3721.3,2,63,pass,away,A03,90.8,35.7,66.2,49.6,complete,A07,0,198,60.5,,28.3,right_foot,
SYN-00003-01442,1442,3884.8,3725.7,2,63,pass,away,A07,66.2,49.6,70.8,33.8,complete,A06,0,198,56.6,,16.5,right_foot,
SYN-00003-01443,1443,3887.1,3728,2,63,pressure,home,H10,70.8,33.8,,,,,0,198,,,,,
SYN-00003-01444,1444,3887.1,3728,2,63,pass,away,A06,70.8,33.8,55,21,complete,A08,1,198,57.6,,20.3,left_foot,
SYN-00003-01445,1445,3890.9,3731.9,2,63,pass,away,A08,55,21,52.9,28.8,complete,A06,0,198,41.9,,8.1,right_foot,
SYN-00003-01446,1446,3894.5,3735.5,2,63,pass,away,A06,52.9,28.8,73.1,55.5,complete,A13,0,198,78.8,,33.5,left_foot,
SYN-00003-01447,1447,3897.3,3738.2,2,63,pass,away,A13,73.1,55.5,74.5,37.6,complete,A06,0,198,47.6,,18,right_foot,
SYN-00003-01448,1448,3901.6,3742.5,2,63,pass,away,A06,74.5,37.6,60.8,47,incomplete,A07,0,198,57.2,,17.7,right_foot,
SYN-00003-01449,1449,3905.1,3746,2,63,possession_change,home,H10,60.8,47,,,recovery,,0,199,,,,,
SYN-00003-01450,1450,3905.1,3746,2,63,pass,home,H10,60.8,47,43.6,32.8,complete,H14,0,199,49.6,,22.4,left_foot,
SYN-00003-01451,1451,3907.9,3748.9,2,63,pass,home,H14,43.6,32.8,48.9,40.7,complete,H08,0,199,31.9,,9.5,right_foot,
SYN-00003-01452,1452,3910.3,3751.2,2,63,pass,home,H08,48.9,40.7,55.5,22.7,complete,H07,0,199,52.3,,19.2,left_foot,
SYN-00003-01453,1453,3912.9,3753.9,2,63,pass,home,H07,55.5,22.7,79.3,1.7,complete,H09,0,199,73.2,,31.8,left_foot,
SYN-00003-01454,1454,3915.8,3756.8,2,63,pass,home,H09,79.3,1.7,56.8,23.9,complete,H14,0,199,71.8,,31.7,left_foot,
SYN-00003-01455,1455,3918.6,3759.5,2,63,pass,home,H14,56.8,23.9,61.8,47.1,complete,H08,0,199,57.9,,23.7,right_foot,
SYN-00003-01456,1456,3922.3,3763.3,2,63,pass,home,H08,61.8,47.1,94.6,37.4,complete,H10,0,199,67.3,,34.2,right_foot,
SYN-00003-01457,1457,3926.7,3767.7,2,63,carry,home,H10,94.6,37.4,99.7,27.8,complete,,0,199,,17.6,10.9,,
SYN-00003-01458,1458,3929,3769.9,2,63,pass,home,H10,99.7,27.8,104,6.8,complete,H09,0,199,47.4,,21.4,left_foot,
SYN-00003-01459,1459,3932.6,3773.6,2,63,pass,home,H09,104,6.8,81,24,complete,H07,0,199,60.1,,28.8,head,
SYN-00003-01460,1460,3935.4,3776.4,2,63,pass,home,H07,81,24,66.8,41.4,complete,H08,0,199,58.9,,22.4,left_foot,
SYN-00003-01461,1461,3939.1,3780,2,64,pressure,away,A07,66.8,41.4,,,,,0,199,,,,,
SYN-00003-01462,1462,3939.1,3780,2,64,pass,home,H08,66.8,41.4,82.6,68,out,H11,1,199,66.1,,27.2,right_foot,
SYN-00003-01463,1463,3940.6,3781.5,2,64,possession_change,away,A13,82.6,67,,,out_of_play,,0,200,,,,,
SYN-00003-01464,1464,3948.9,3789.9,2,64,pass,away,A13,82.6,67,63.7,68,out,A07,0,200,46.8,,22.7,left_foot,
SYN-00003-01465,1465,3950.7,3791.6,2,64,possession_change,home,H11,63.7,67,,,out_of_play,,0,201,,,,,
SYN-00003-01466,1466,3966.1,3807.1,2,64,pass,home,H11,63.7,67,39.3,67,complete,H05,0,201,58.4,,24.4,right_foot,
SYN-00003-01467,1467,3968.9,3809.9,2,64,carry,home,H05,39.3,67,44.4,67,complete,,0,201,,16.9,7.2,,
SYN-00003-01468,1468,3970.5,3811.4,2,64,pass,home,H05,44.4,67,48.7,34.8,complete,H07,0,201,64.2,,32.5,left_foot,
SYN-00003-01469,1469,3974.7,3815.6,2,64,pressure,away,A10,48.7,34.8,,,,,0,201,,,,,
SYN-00003-01470,1470,3974.7,3815.6,2,64,pass,home,H07,48.7,34.8,23.1,25.9,complete,H13,1,201,69.7,,27.1,right_foot,
SYN-00003-01471,1471,3977.4,3818.3,2,64,pass,home,H13,23.1,25.9,6,35.9,complete,H04,0,201,54.6,,19.8,left_foot,
SYN-00003-01472,1472,3980.9,3821.9,2,64,pass,home,H04,6,35.9,12.5,7.5,complete,H02,0,201,68.5,,29.1,left_foot,
SYN-00003-01473,1473,3984.1,3825,2,64,carry,home,H02,12.5,7.5,18.2,3.9,complete,,0,201,,17,6.7,,
SYN-00003-01474,1474,3985.5,3826.4,2,64,carry,home,H02,18.2,3.9,20.7,7.9,complete,,0,201,,19.8,4.7,,
SYN-00003-01475,1475,3986.3,3827.3,2,64,pass,home,H02,20.7,7.9,30.1,26.8,complete,H14,0,201,53.3,,21.1,right_foot,
SYN-00003-01476,1476,3988.9,3829.8,2,64,pass,home,H14,30.1,26.8,42.2,16.9,complete,H07,0,201,49,,15.6,right_foot,
SYN-00003-01477,1477,3991.8,3832.8,2,64,carry,home,H07,42.2,16.9,44.5,24.7,complete,,0,201,,20,8.2,,
SYN-00003-01478,1478,3993.3,3834.3,2,64,pass,home,H07,44.5,24.7,27.1,7.3,complete,H02,0,201,55.2,,24.6,head,
SYN-00003-01479,1479,3996.7,3837.6,2,64,pressure,away,A11,27.1,7.3,,,,,0,201,,,,,
SYN-00003-01480,1480,3996.7,3837.6,2,64,carry,home,H02,27.1,7.3,27.7,11.3,complete,,1,201,,23,4,,
SYN-00003-01481,1481,3997.3,3838.2,2,64,pressure,away,A10,27.7,11.3,,,,,0,201,,,,,
SYN-00003-01482,1482,3997.3,3838.2,2,64,pass,home,H02,27.7,11.3,11.7,20.6,complete,H13,1,201,50,,18.4,left_foot,
SYN-00003-01483,1483,4001.5,3842.5,2,65,pass,home,H13,11.7,20.6,6.7,31.8,intercepted,H04,0,201,60.3,,21.8,right_foot,
SYN-00003-01484,1484,4002.2,3843.2,2,65,interception,away,A10,6.7,31.8,,,won,,0,201,,,,,
SYN-00003-01485,1485,4002.2,3843.2,2,65,possession_change,away,A10,6.7,31.8,,,interception,,0,202,,,,,
SYN-00003-01486,1486,4003.6,3844.5,2,65,carry,away,A10,6.7,31.8,1,33.4,complete,,0,202,,16.9,9.5,,
SYN-00003-01487,1487,4005.6,3846.6,2,65,pressure,home,H01,1,33.4,,,,,0,202,,,,,
SYN-00003-01488,1488,4005.6,3846.6,2,65,shot,away,A10,1,33.4,0,34.1,goal,,1,202,63.1,,1.2,foot,0.874
SYN-00003-01489,1489,4070,3910.9,2,66,kickoff,home,H10,52.5,34,,,,,0,203,,,,,
SYN-00003-01490,1490,4071,3911.9,2,66,pass,home,H10,52.5,34,57.1,21,complete,H07,0,203,35.1,,13.8,head,
SYN-00003-01491,1491,4073.5,3914.5,2,66,pass,home,H07,57.1,21,59.1,48.2,complete,H08,0,203,64.6,,27.2,head,
SYN-00003-01492,1492,4077,3918,2,66,pass,home,H08,59.1,48.2,31.4,31.9,complete,H13,0,203,72.8,,32.2,left_foot,
SYN-00003-01493,1493,4079.7,3920.7,2,66,pass,home,H13,31.4,31.9,13,40.1,complete,H04,0,203,59.6,,20.2,left_foot,
SYN-00003-01494,1494,4083.6,3924.6,2,66,sprint,home,H10,71.6,35.5,,,,,0,203,,31.4,43,,
SYN-00003-01495,1495,4083.6,3924.6,2,66,substitution,away,A14,,,,,substitution,,0,203,,,,,
SYN-00003-01496,1496,4083.6,3924.6,2,66,pass,home,H04,13,40.1,6.4,29,complete,H13,0,203,40.8,,12.9,right_foot,
SYN-00003-01497,1497,4087.2,3928.2,2,66,pass,home,H13,6.4,29,15.6,58.7,incomplete,H05,0,203,61,,28.4,right_foot,
SYN-00003-01498,1498,4091.4,3932.3,2,66,possession_change,away,A09,15.6,58.7,,,recovery,,0,204,,,,,
SYN-00003-01499,1499,4091.4,3932.3,2,66,shot,away,A09,15.6,58.7,0,25.3,off_target,,0,204,88.2,,29.2,foot,0.017
SYN-00003-01500,1500,4093.1,3934,2,66,possession_change,home,H01,6,34,,,goal_kick,,0,205,,,,,
SYN-00003-01501,1501,4110.7,3951.6,2,66,pass,home,H01,6,34,32,22,complete,H07,0,205,65.8,,28.7,right_foot,
SYN-00003-01502,1502,4114.7,3955.6,2,66,pass,home,H07,32,22,37.3,29,intercepted,H14,0,205,44.3,,13.7,right_foot,
SYN-00003-01503,1503,4115.4,3956.3,2,66,interception,away,A10,37.3,29,,,won,,0,205,,,,,
SYN-00003-01504,1504,4115.4,3956.3,2,66,possession_change,away,A10,37.3,29,,,interception,,0,206,,,,,
SYN-00003-01505,1505,4115.9,3956.9,2,66,sprint,home,H10,52.5,32,,,,,0,206,,32.9,33.8,,
SYN-00003-01506,1506,4115.9,3956.9,2,66,pass,away,A10,37.3,29,41.6,26.1,complete,A14,0,206,33.3,,5.2,right_foot,
SYN-00003-01507,1507,4118.9,3959.9,2,66,carry,away,A14,41.6,26.1,35.9,17.2,complete,,0,206,,14.6,10.6,,
SYN-00003-01508,1508,4121.6,3962.5,2,67,pass,away,A14,35.9,17.2,14.2,0,out,A11,0,206,61.4,,25.4,left_foot,
SYN-00003-01509,1509,4123.1,3964,2,67,possession_change,home,H02,14.2,1,,,out_of_play,,0,207,,,,,
SYN-00003-01510,1510,4133.7,3974.7,2,67,pressure,away,A11,14.2,1,,,,,0,207,,,,,
SYN-00003-01511,1511,4133.7,3974.7,2,67,pass,home,H02,14.2,1,6,17.9,complete,H13,1,207,51.9,,18.8,right_foot,
SYN-00003-01512,1512,4137.1,3978.1,2,67,pressure,away,A10,6,17.9,,,,,0,207,,,,,
SYN-00003-01513,1513,4137.1,3978.1,2,67,pass,home,H13,6,17.9,35.4,21,complete,H07,1,207,70.1,,29.6,left_foot,
SYN-00003-01514,1514,4141,3981.9,2,67,pass,home,H07,35.4,21,16.6,20.9,complete,H13,0,207,50.7,,18.8,left_foot,
SYN-00003-01515,1515,4143.8,3984.7,2,67,pass,home,H13,16.6,20.9,31.7,43.3,complete,H08,0,207,65.8,,26.9,right_foot,
SYN-00003-01516,1516,4146.3,3987.3,2,67,pass,home,H08,31.7,43.3,12.7,28.8,complete,H13,0,207,56.5,,23.9,right_foot,
SYN-00003-01517,1517,4149.1,3990.1,2,67,pass,home,H13,12.7,28.8,41.5,48.4,complete,H08,0,207,80.4,,34.8,right_foot,
SYN-00003-01518,1518,4151.8,3992.8,2,67,pass,home,H08,41.5,48.4,49.3,22.9,complete,H07,0,207,62,,26.7,left_foot,
SYN-00003-01519,1519,4154.7,3995.6,2,67,pass,home,H07,49.3,22.9,35.1,1,complete,H02,0,207,54.9,,26.1,left_foot,
SYN-00003-01520,1520,4159.1,4000,2,67,pass,home,H02,35.1,1,46.7,10,complete,H07,0,207,52.6,,14.7,right_foot,
SYN-00003-01521,1521,4161.8,4002.7,2,67,pass,home,H07,46.7,10,23.2,31.3,complete,H04,0,207,79.7,,31.7,right_foot,
SYN-00003-01522,1522,4165,4006,2,67,pressure,away,A10,23.2,31.3,,,,,0,207,,,,,
SYN-00003-01523,1523,4165,4006,2,67,pass,home,H04,23.2,31.3,19.6,54.9,complete,H05,1,207,57.2,,23.9,right_foot,
SYN-00003-01524,1524,4168.2,4009.1,2,67,pass,home,H05,19.6,54.9,3.9,35.2,incomplete,H01,0,207,61.7,,27.2,right_foot,
SYN-00003-01525,1525,4171.4,4012.3,2,67,possession_change,away,A10,3.9,35.2,,,recovery,,0,208,,,,,
SYN-00003-01526,1526,4171.4,4012.3,2,67,pass,away,A10,3.9,35.2,8.9,9.1,complete,A11,0,208,64,,26.5,right_foot,
SYN-00003-01527,1527,4175.4,4016.4,2,67,carry,away,A11,8.9,9.1,4.9,7.9,dispossessed,,0,208,,15.5,4.5,,
SYN-00003-01528,1528,4176.5,4017.4,2,67,foul,home,H02,4.9,7.9,,,free_kick,,0,208,,,,,
SYN-00003-01529,1529,4205.9,4046.8,2,68,pressure,home,H02,4.9,7.9,,,,,0,209,,,,,
SYN-00003-01530,1530,4205.9,4046.8,2,68,pass,away,A11,4.9,7.9,26.6,15.6,complete,A14,1,209,55.4,,23,right_foot,
SYN-00003-01531,1531,4209.9,4050.9,2,68,carry,away,A14,26.6,15.6,10.7,17.5,complete,,0,209,,19,16,,
SYN-00003-01532,1532,4212.9,4053.9,2,68,carry,away,A14,10.7,17.5,5.9,15.7,dispossessed,,0,209,,24.1,6.4,,
SYN-00003-01533,1533,4213.9,4054.8,2,68,foul,home,H13,5.9,15.7,,,free_kick,,0,209,,,,,
SYN-00003-01534,1534,4231.8,4072.7,2,68,pass,away,A14,5.9,15.7,7.2,1.6,complete,A11,0,210,55.1,,14.2,right_foot,
SYN-00003-01535,1535,4234.2,4075.1,2,68,pass,away,A11,7.2,1.6,6.2,0,out,A10,0,210,47.1,,24.3,head,
SYN-00003-01536,1536,4236,4077,2,68,possession_change,home,H02,6.2,1,,,out_of_play,,0,211,,,,,
SYN-00003-01537,1537,4252.1,4093,2,69,pass,home,H02,6.2,1,1,34.7,complete,H04,0,211,72,,34.1,right_foot,
SYN-00003-01538,1538,4256.2,4097.2,2,69,pressure,away,A10,1,34.7,,,,,0,211,,,,,
SYN-00003-01539,1539,4256.2,4097.2,2,69,pass,home,H04,1,34.7,10.2,4.1,incomplete,H02,1,211,62,,28.1,head,
SYN-00003-01540,1540,4259.8,4100.8,2,69,possession_change,away,A11,10.2,4.1,,,recovery,,0,212,,,,,
SYN-00003-01541,1541,4259.8,4100.8,2,69,pressure,home,H02,10.2,4.1,,,,,0,212,,,,,
SYN-00003-01542,1542,4259.8,4100.8,2,69,shot,away,A11,10.2,4.1,8.2,4.1,blocked,,1,212,93.4,,31.6,foot,0.008
SYN-00003-01543,1543,4262.5,4103.5,2,69,pass,away,A11,16,4.1,32.7,15.2,intercepted,A14,0,212,58.5,,22.1,right_foot,
SYN-00003-01544,1544,4263.8,4104.7,2,69,interception,home,H07,32.7,15.2,,,won,,0,212,,,,,
SYN-00003-01545,1545,4263.8,4104.7,2,69,possession_change,home,H07,32.7,15.2,,,interception,,0,213,,,,,
SYN-00003-01546,1546,4265.2,4106.2,2,69,carry,home,H07,32.7,15.2,38.4,15.7,complete,,0,213,,23.3,5.7,,
SYN-00003-01547,1547,4266.1,4107.1,2,69,pass,home,H07,38.4,15.7,19.5,39.8,complete,H04,0,213,65.6,,30.6,right_foot,
SYN-00003-01548,1548,4269.6,4110.5,2,69,pressure,away,A10,19.5,39.8,,,,,0,213,,,,,
SYN-00003-01549,1549,4269.6,4110.5,2,69,pass,home,H04,19.5,39.8,41.2,46.3,complete,H08,1,213,61.1,,22.6,left_foot,
SYN-00003-01550,1550,4272.8,4113.8,2,69,pass,home,H08,41.2,46.3,29.7,66.9,complete,H05,0,213,56.5,,23.6,right_foot,
SYN-00003-01551,1551,4277.2,4118.2,2,69,pressure,away,A09,29.7,66.9,,,,,0,213,,,,,
SYN-00003-01552,1552,4277.2,4118.2,2,69,pass,home,H05,29.7,66.9,35.2,43.4,complete,H14,1,213,60.2,,24.2,right_foot,
SYN-00003-01553,1553,4281.6,4122.6,2,69,pass,home,H14,35.2,43.4,26.3,12.4,complete,H02,0,213,66.1,,32.2,left_foot,
SYN-00003-01554,1554,4285.4,4126.4,2,69,pressure,away,A10,26.3,12.4,,,,,0,213,,,,,
SYN-00003-01555,1555,4285.4,4126.4,2,69,carry,home,H02,26.3,12.4,36.2,4.2,complete,,1,213,,19.3,12.9,,
SYN-00003-01556,1556,4287.8,4128.8,2,69,pass,home,H02,36.2,4.2,17.8,22.8,complete,H13,0,213,62,,26.2,right_foot,
SYN-00003-01557,1557,4290.3,4131.3,2,69,pass,home,H13,17.8,22.8,23.4,31,complete,H14,0,213,38.6,,9.9,right_foot,
SYN-00003-01558,1558,4293.3,4134.2,2,69,pass,home,H14,23.4,31,44.8,52.2,complete,H08,0,213,67.3,,30.2,head,
SYN-00003-01559,1559,4295.9,4136.9,2,69,pass,home,H08,44.8,52.2,25.3,64.3,complete,H05,0,213,72.3,,23,right_foot,
SYN-00003-01560,1560,4298.4,4139.3,2,69,carry,home,H05,25.3,64.3,32.6,59,complete,,0,213,,23.7,8.9,,
SYN-00003-01561,1561,4299.7,4140.7,2,70,pass,home,H05,32.6,59,37.8,38.5,complete,H14,0,213,55.2,,21.2,left_foot,
SYN-00003-01562,1562,4302.6,4143.6,2,70,pass,home,H14,37.8,38.5,18.4,45.9,complete,H04,0,213,59.9,,20.7,left_foot,
SYN-00003-01563,1563,4306.4,4147.4,2,70,carry,home,H04,18.4,45.9,20.4,47,dispossessed,,0,213,,19,2.3,,
SYN-00003-01564,1564,4306.8,4147.8,2,70,foul,away,A10,20.4,47,,,free_kick,,0,213,,,,,
SYN-00003-01565,1565,4332.8,4173.8,2,70,pass,home,H04,20.4,47,44.6,54,complete,H08,0,214,56.5,,25.2,right_foot,
SYN-00003-01566,1566,4336.9,4177.9,2,70,pass,home,H08,44.6,54,37,39.4,complete,H14,0,214,50.7,,16.5,right_foot,
SYN-00003-01567,1567,4339.5,4180.4,2,70,carry,home,H14,37,39.4,46.3,34.1,complete,,0,214,,18.8,10.7,,
SYN-00003-01568,1568,4341.5,4182.5,2,70,pass,home,H14,46.3,34.1,51.1,47.8,complete,H08,0,214,43.1,,14.5,left_foot,
SYN-00003-01569,1569,4344,4185,2,70,pass,home,H08,51.1,47.8,73.6,60.8,incomplete,H11,0,214,57.6,,28.9,right_foot,
SYN-00003-01570,1570,4348.3,4189.2,2,70,possession_change,away,A13,73.6,60.8,,,recovery,,0,215,,,,,
SYN-00003-01571,1571,4348.3,4189.2,2,70,pass,away,A13,73.6,60.8,70.8,39.4,complete,A06,0,215,60,,21.6,right_foot,
SYN-00003-01572,1572,4351.2,4192.2,2,70,pass,away,A06,70.8,39.4,59.3,49.6,complete,A07,0,215,45.3,,15.3,left_foot,
SYN-00003-01573,1573,4354.9,4195.9,2,70,pass,away,A07,59.3,49.6,53.7,27,complete,A14,0,215,60.2,,23.2,left_foot,
SYN-00003-01574,1574,4358.7,4199.7,2,70,pressure,home,H10,53.7,27,,,,,0,215,,,,,
SYN-00003-01575,1575,4358.7,4199.7,2,70,pass,away,A14,53.7,27,26.5,6.3,complete,A11,1,215,73.5,,34.2,right_foot,
SYN-00003-01576,1576,4362.5,4203.5,2,71,pressure,home,H07,26.5,6.3,,,,,0,215,,,,,
SYN-00003-01577,1577,4362.5,4203.5,2,71,pass,away,A11,26.5,6.3,44,21,intercepted,A06,1,215,64.7,,32.8,right_foot,
SYN-00003-01578,1578,4363.8,4204.8,2,71,interception,home,H10,44,21,,,won,,0,215,,,,,
SYN-00003-01579,1579,4363.8,4204.8,2,71,possession_change,home,H10,44,21,,,interception,,0,216,,,,,
SYN-00003-01580,1580,4364.7,4205.6,2,71,carry,home,H10,44,21,50.8,19.7,dispossessed,,0,216,,23,6.9,,
SYN-00003-01581,1581,4365.8,4206.7,2,71,foul,away,A10,50.8,19.7,,,free_kick,,0,216,,,,,
SYN-00003-01582,1582,4399.8,4240.8,2,71,carry,home,H10,50.8,19.7,62.3,22.1,complete,,0,217,,15.6,11.8,,
SYN-00003-01583,1583,4402.6,4243.5,2,71,pass,home,H10,62.3,22.1,62.2,19.9,complete,H07,0,217,29.6,,2.3,right_foot,
SYN-00003-01584,1584,4405.1,4246.1,2,71,pass,home,H07,62.2,19.9,32.7,6.1,complete,H02,0,217,76.7,,32.5,left_foot,
SYN-00003-01585,1585,4408.6,4249.6,2,71,pressure,away,A11,32.7,6.1,,,,,0,217,,,,,
SYN-00003-01586,1586,4408.6,4249.6,2,71,pass,home,H02,32.7,6.1,15.9,24.4,complete,H13,1,217,56.1,,24.8,left_foot,
SYN-00003-01587,1587,4411.8,4252.7,2,71,pass,home,H13,15.9,24.4,8.7,42.2,complete,H04,0,217,55.3,,19.3,left_foot,
SYN-00003-01588,1588,4415.2,4256.1,2,71,carry,home,H04,8.7,42.2,13.7,46.8,complete,,0,217,,17.9,6.8,,
SYN-00003-01589,1589,4416.5,4257.5,2,71,pressure,away,A10,13.7,46.8,,,,,0,217,,,,,
SYN-00003-01590,1590,4416.5,4257.5,2,71,carry,home,H04,13.7,46.8,19.3,48.4,complete,,1,217,,20.5,5.8,,
SYN-00003-01591,1591,4417.6,4258.5,2,71,pass,home,H04,19.3,48.4,17.9,66.9,complete,H05,0,217,52,,18.5,left_foot,
SYN-00003-01592,1592,4420.6,4261.5,2,72,pass,home,H05,17.9,66.9,38,55.4,incomplete,H08,0,217,55.2,,25.3,right_foot,
SYN-00003-01593,1593,4424.4,4265.4,2,72,possession_change,away,A10,38,55.4,,,recovery,,0,218,,,,,
SYN-00003-01594,1594,4424.4,4265.4,2,72,pass,away,A10,38,55.4,53.8,41.4,complete,A06,0,218,44.3,,21.1,left_foot,
SYN-00003-01595,1595,4428.6,4269.5,2,72,pass,away,A06,53.8,41.4,9.6,68,out,A10,0,218,76.5,,39.2,left_foot,
SYN-00003-01596,1596,4430.4,4271.4,2,72,possession_change,home,H05,9.6,67,,,out_of_play,,0,219,,,,,
SYN-00003-01597,1597,4448.1,4289.1,2,72,pass,home,H05,9.6,67,1,52.8,complete,H04,0,219,50.1,,16.6,right_foot,
SYN-00003-01598,1598,4451.3,4292.3,2,72,pass,home,H04,1,52.8,21.4,41.5,complete,H14,0,219,60.3,,23.3,right_foot,
SYN-00003-01599,1599,4453.8,4294.7,2,72,pass,home,H14,21.4,41.5,44.7,16.3,incomplete,H07,0,219,64.4,,27.2,right_foot,
SYN-00003-01600,1600,4456.4,4297.4,2,72,possession_change,away,A11,44.7,16.3,,,recovery,,0,220,,,,,
SYN-00003-01601,1601,4456.4,4297.4,2,72,pass,away,A11,44.7,16.3,78.1,17.4,complete,A04,0,220,70.7,,33.5,right_foot,
SYN-00003-01602,1602,4460.9,4301.9,2,72,pressure,home,H10,78.1,17.4,,,,,0,220,,,,,
SYN-00003-01603,1603,4460.9,4301.9,2,72,pass,away,A04,78.1,17.4,59.7,19.2,complete,A14,1,220,50.4,,18.5,left_foot,
SYN-00003-01604,1604,4463.9,4304.9,2,72,pass,away,A14,59.7,19.2,53.9,43.2,incomplete,A07,0,220,63.8,,26.9,left_foot,
SYN-00003-01605,1605,4466.6,4307.5,2,72,possession_change,home,H11,53.9,43.2,,,recovery,,0,221,,,,,
SYN-00003-01606,1606,4466.6,4307.5,2,72,pass,home,H11,53.9,43.2,53,21.5,complete,H07,0,221,60.5,,21.7,right_foot,
SYN-00003-01607,1607,4469.1,4310,2,72,pressure,away,A10,53,21.5,,,,,0,221,,,,,
SYN-00003-01608,1608,4469.1,4310,2,72,pass,home,H07,53,21.5,34.2,22.6,incomplete,H13,1,221,52.7,,22.6,right_foot,
SYN-00003-01609,1609,4472.8,4313.8,2,72,possession_change,away,A10,34.2,22.6,,,recovery,,0,222,,,,,
SYN-00003-01610,1610,4472.8,4313.8,2,72,pass,away,A10,34.2,22.6,42.5,21.5,complete,A14,0,222,36,,8.4,left_foot,
SYN-00003-01611,1611,4475.4,4316.4,2,72,carry,away,A14,42.5,21.5,37.4,26,complete,,0,222,,17.5,6.8,,
SYN-00003-01612,1612,4476.8,4317.8,2,72,pass,away,A14,37.4,26,39.9,40.5,complete,A07,0,222,44.5,,14.8,right_foot,
SYN-00003-01613,1613,4480.2,4321.2,2,73,pass,away,A07,39.9,40.5,51.9,34.7,complete,A06,0,222,53,,13.3,left_foot,
SYN-00003-01614,1614,4483.2,4324.1,2,73,pass,away,A06,51.9,34.7,49.6,46.8,complete,A07,0,222,51.3,,12.3,right_foot,
SYN-00003-01615,1615,4486,4326.9,2,73,pass,away,A07,49.6,46.8,14.5,40.8,complete,A10,0,222,72.2,,35.6,left_foot,
SYN-00003-01616,1616,4489.1,4330,2,73,pressure,home,H14,14.5,40.8,,,,,0,222,,,,,
SYN-00003-01617,1617,4489.1,4330,2,73,pass,away,A10,14.5,40.8,7.5,57.8,complete,A09,1,222,55.2,,18.4,head,
SYN-00003-01618,1618,4491.9,4332.8,2,73,carry,away,A09,7.5,57.8,1,61.5,complete,,0,222,,14,8,,
SYN-00003-01619,1619,4493.9,4334.9,2,73,pass,away,A09,1,61.5,1.9,41.2,complete,A10,0,222,60.8,,20.3,right_foot,
SYN-00003-01620,1620,4496.5,4337.4,2,73,pass,away,A10,1.9,41.2,3.1,3.9,complete,A11,0,222,79.3,,37.3,right_foot,
SYN-00003-01621,1621,4500.6,4341.6,2,73,pass,away,A11,3.1,3.9,3.4,14.9,intercepted,A10,0,222,56,,20.2,right_foot,
SYN-00003-01622,1622,4501.3,4342.3,2,73,interception,home,H13,3.4,14.9,,,won,,0,222,,,,,
SYN-00003-01623,1623,4501.3,4342.3,2,73,possession_change,home,H13,3.4,14.9,,,interception,,0,223,,,,,
SYN-00003-01624,1624,4502.2,4343.2,2,73,pass,home,H13,3.4,14.9,34.6,11.1,complete,H07,0,223,69.5,,31.4,left_foot,
SYN-00003-01625,1625,4505.1,4346,2,73,pass,home,H07,34.6,11.1,34.2,23.3,complete,H14,0,223,52.1,,12.1,head,
SYN-00003-01626,1626,4508.5,4349.4,2,73,pass,home,H14,34.2,23.3,14.6,20.5,complete,H13,0,223,53.9,,19.8,head,
SYN-00003-01627,1627,4512.6,4353.5,2,73,pressure,away,A10,14.6,20.5,,,,,0,223,,,,,
SYN-00003-01628,1628,4512.6,4353.5,2,73,carry,home,H13,14.6,20.5,21.6,21.1,dispossessed,,1,223,,17.8,7,,
SYN-00003-01629,1629,4514,4354.9,2,73,foul,away,A10,21.6,21.1,,,free_kick,,0,223,,,,,
SYN-00003-01630,1630,4530.2,4371.1,2,73,pressure,away,A10,21.6,21.1,,,,,0,224,,,,,
SYN-00003-01631,1631,4530.2,4371.1,2,73,pass,home,H13,21.6,21.1,4.2,31.1,complete,H01,1,224,61.8,,20,right_foot,
SYN-00003-01632,1632,4533.6,4374.6,2,73,carry,home,H01,4.2,31.1,9.6,31.4,complete,,0,224,,22.1,5.3,,
SYN-00003-01633,1633,4534.5,4375.5,2,73,pressure,away,A10,9.6,31.4,,,,,0,224,,,,,
SYN-00003-01634,1634,4534.5,4375.5,2,73,pass,home,H01,9.6,31.4,38.3,26.2,complete,H07,1,224,73.3,,29.2,left_foot,
SYN-00003-01635,1635,4537.7,4378.6,2,73,sprint,away,A09,49.9,54.9,,,,,0,224,,30.2,15.6,,
SYN-00003-01636,1636,4537.7,4378.6,2,73,carry,home,H07,38.3,26.2,49.1,26.4,complete,,0,224,,25,10.7,,
SYN-00003-01637,1637,4539.2,4380.2,2,74,pass,home,H07,49.1,26.4,34.2,32.7,complete,H14,0,224,50.1,,16.1,left_foot,
SYN-00003-01638,1638,4541.8,4382.7,2,74,pass,home,H14,34.2,32.7,47.8,46.1,complete,H08,0,224,56.1,,19,left_foot,
SYN-00003-01639,1639,4545.2,4386.2,2,74,pass,home,H08,47.8,46.1,28.5,64.1,complete,H05,0,224,52.4,,26.4,right_foot,
SYN-00003-01640,1640,4548.7,4389.7,2,74,pass,home,H05,28.5,64.1,4.9,40.9,complete,H01,0,224,68.4,,33.2,right_foot,
SYN-00003-01641,1641,4552.9,4393.9,2,74,pass,home,H01,4.9,40.9,29.7,24.9,complete,H07,0,224,66.6,,29.5,left_foot,
SYN-00003-01642,1642,4556.4,4397.4,2,74,pass,home,H07,29.7,24.9,41.5,43.5,complete,H08,0,224,52.8,,22,right_foot,
SYN-00003-01643,1643,4559.3,4400.2,2,74,pass,home,H08,41.5,43.5,26.8,56,complete,H05,0,224,46.6,,19.3,right_foot,
SYN-00003-01644,1644,4562.1,4403.1,2,74,pass,home,H05,26.8,56,32.4,43.1,complete,H14,0,224,39.7,,14,left_foot,
SYN-00003-01645,1645,4565.1,4406.1,2,74,sprint,home,H08,46.3,48.3,,,,,0,224,,34.3,41.2,,
SYN-00003-01646,1646,4565.1,4406.1,2,74,pass,home,H14,32.4,43.1,22.6,60.6,complete,H05,0,224,59.4,,20,head,
SYN-00003-01647,1647,4568.6,4409.5,2,74,pass,home,H05,22.6,60.6,42.5,55.6,complete,H08,0,224,59.3,,20.5,right_foot,
SYN-00003-01648,1648,4571.3,4412.2,2,74,pressure,away,A10,42.5,55.6,,,,,0,224,,,,,
SYN-00003-01649,1649,4571.3,4412.2,2,74,pass,home,H08,42.5,55.6,30.7,58.9,complete,H05,1,224,43.4,,12.3,right_foot,
SYN-00003-01650,1650,4574.3,4415.3,2,74,pressure,away,A09,30.7,58.9,,,,,0,224,,,,,
SYN-00003-01651,1651,4574.3,4415.3,2,74,pass,home,H05,30.7,58.9,32.6,45,intercepted,H14,1,224,60.2,,22.6,left_foot,
SYN-00003-01652,1652,4575.2,4416.1,2,74,interception,away,A10,32.6,45,,,won,,0,224,,,,,
SYN-00003-01653,1653,4575.2,4416.1,2,74,possession_change,away,A10,32.6,45,,,interception,,0,225,,,,,
SYN-00003-01654,1654,4576.3,4417.2,2,74,pass,away,A10,32.6,45,38,22.8,complete,A14,0,225,50.1,,22.9,right_foot,
SYN-00003-01655,1655,4579.7,4420.6,2,74,pressure,home,H07,38,22.8,,,,,0,225,,,,,
SYN-00003-01656,1656,4579.7,4420.6,2,74,pass,away,A14,38,22.8,52.1,28.8,complete,A06,1,225,41.8,,15.4,right_foot,
SYN-00003-01657,1657,4583.5,4424.5,2,74,pass,away,A06,52.1,28.8,50.2,42,complete,A07,0,225,50,,13.3,right_foot,
SYN-00003-01658,1658,4585.6,4426.5,2,74,pass,away,A07,50.2,42,60.5,35.2,complete,A06,0,225,44.3,,12.3,right_foot,
SYN-00003-01659,1659,4589.4,4430.4,2,74,pressure,home,H10,60.5,35.2,,,,,0,225,,,,,
SYN-00003-01660,1660,4589.4,4430.4,2,74,pass,away,A06,60.5,35.2,90.2,45.6,complete,A03,1,225,68,,31.5,right_foot,
SYN-00003-01661,1661,4592.5,4433.4,2,74,pass,away,A03,90.2,45.6,66.4,55.4,complete,A07,0,225,57.5,,25.8,right_foot,
SYN-00003-01662,1662,4595.2,4436.2,2,74,pass,away,A07,66.4,55.4,79.2,64.9,complete,A13,0,225,45.2,,16,left_foot,
SYN-00003-01663,1663,4598.4,4439.4,2,74,pass,away,A13,79.2,64.9,59.8,51.3,complete,A07,0,225,51.7,,23.7,right_foot,
SYN-00003-01664,1664,4602.6,4443.6,2,75,pass,away,A07,59.8,51.3,53.6,30.2,complete,A14,0,225,59.4,,22,right_foot,
SYN-00003-01665,1665,4605.4,4446.3,2,75,carry,away,A14,53.6,30.2,41.1,30,complete,,0,225,,23.8,12.4,,
SYN-00003-01666,1666,4607.3,4448.2,2,75,pass,away,A14,41.1,30,59.8,48.1,intercepted,A13,0,225,83.2,,35.4,left_foot,
SYN-00003-01667,1667,4608.4,4449.3,2,75,interception,home,H11,59.8,48.1,,,won,,0,225,,,,,
SYN-00003-01668,1668,4608.4,4449.3,2,75,possession_change,home,H11,59.8,48.1,,,interception,,0,226,,,,,
SYN-00003-01669,1669,4608.9,4449.8,2,75,pass,home,H11,59.8,48.1,24.7,46.5,complete,H04,0,226,70.7,,35.2,left_foot,
SYN-00003-01670,1670,4612.2,4453.2,2,75,pass,home,H04,24.7,46.5,44.1,48.8,complete,H08,0,226,56.6,,19.5,right_foot,
SYN-00003-01671,1671,4616,4457,2,75,pass,home,H08,44.1,48.8,50.9,24.7,complete,H07,0,226,67.4,,25,left_foot,
SYN-00003-01672,1672,4619.6,4460.6,2,75,pass,home,H07,50.9,24.7,41.3,29.3,complete,H14,0,226,38.6,,10.6,right_foot,
SYN-00003-01673,1673,4621.9,4462.9,2,75,pass,home,H14,41.3,29.3,22.2,41.4,complete,H04,0,226,54.4,,22.7,right_foot,
SYN-00003-01674,1674,4625.7,4466.6,2,75,pass,home,H04,22.2,41.4,26.3,63.1,incomplete,H05,0,226,63.8,,19.1,right_foot,
SYN-00003-01675,1675,4628.3,4469.2,2,75,possession_change,away,A09,26.3,63.1,,,recovery,,0,227,,,,,
SYN-00003-01676,1676,4628.3,4469.2,2,75,pass,away,A09,26.3,63.1,35.2,53.4,complete,A07,0,227,46.7,,13.1,left_foot,
SYN-00003-01677,1677,4631.9,4472.9,2,75,carry,away,A07,35.2,53.4,30.2,45.6,complete,,0,227,,18.9,9.3,,
SYN-00003-01678,1678,4633.7,4474.6,2,75,carry,away,A07,30.2,45.6,18.5,50.5,complete,,0,227,,15.4,12.8,,
SYN-00003-01679,1679,4636.7,4477.6,2,75,pressure,home,H08,18.5,50.5,,,,,0,227,,,,,
SYN-00003-01680,1680,4636.7,4477.6,2,75,pass,away,A07,18.5,50.5,8,41,complete,A10,1,227,41.1,,14.2,right_foot,
SYN-00003-01681,1681,4640,4480.9,2,75,pass,away,A10,8,41,9.5,12.8,complete,A11,0,227,66,,28.2,left_foot,
SYN-00003-01682,1682,4642.9,4483.9,2,75,pass,away,A11,9.5,12.8,30.6,16.2,complete,A14,0,227,61.4,,21.3,right_foot,
SYN-00003-01683,1683,4646,4487,2,75,pass,away,A14,30.6,16.2,11.3,5.8,complete,A11,0,227,57.9,,21.9,right_foot,
SYN-00003-01684,1684,4650,4491,2,75,carry,away,A11,11.3,5.8,6.2,9.9,complete,,0,227,,23.8,6.6,,
SYN-00003-01685,1685,4651,4492,2,75,pass,away,A11,6.2,9.9,1,29,complete,A10,0,227,49.2,,19.9,right_foot,
SYN-00003-01686,1686,4655.3,4496.3,2,75,pass,away,A10,1,29,3.1,56.3,complete,A09,0,227,57.3,,27.3,right_foot,
SYN-00003-01687,1687,4659.3,4500.2,2,76,pressure,home,H04,3.1,56.3,,,,,0,227,,,,,
SYN-00003-01688,1688,4659.3,4500.2,2,76,carry,away,A09,3.1,56.3,1,52.5,complete,,1,227,,25.9,6.2,,
SYN-00003-01689,1689,4660.1,4501.1,2,76,pressure,home,H04,1,52.5,,,,,0,227,,,,,
SYN-00003-01690,1690,4660.1,4501.1,2,76,pass,away,A09,1,52.5,3.9,40.3,complete,A10,1,227,47.2,,12.5,right_foot,
SYN-00003-01691,1691,4662.2,4503.2,2,76,pass,away,A10,3.9,40.3,1,59.5,complete,A09,0,227,52.3,,19.4,right_foot,
SYN-00003-01692,1692,4664.7,4505.6,2,76,pass,away,A09,1,59.5,26,32,complete,A14,0,227,82.1,,37.2,left_foot,
SYN-00003-01693,1693,4669.1,4510.1,2,76,pass,away,A14,26,32,5.7,32.8,complete,A10,0,227,54.9,,20.4,right_foot,
SYN-00003-01694,1694,4673.1,4514.1,2,76,pass,away,A10,5.7,32.8,1.8,9.2,intercepted,A11,0,227,67.6,,28.7,right_foot,
SYN-00003-01695,1695,4674.4,4515.4,2,76,interception,home,H02,1.8,9.2,,,won,,0,227,,,,,
SYN-00003-01696,1696,4674.4,4515.4,2,76,possession_change,home,H02,1.8,9.2,,,interception,,0,228,,,,,
SYN-00003-01697,1697,4675.1,4516,2,76,pass,home,H02,1.8,9.2,18.1,28.1,complete,H14,0,228,61.9,,25,right_foot,
SYN-00003-01698,1698,4677.6,4518.6,2,76,pressure,away,A10,18.1,28.1,,,,,0,228,,,,,
SYN-00003-01699,1699,4677.6,4518.6,2,76,pass,home,H14,18.1,28.1,20,9,complete,H02,1,228,51.1,,19.2,left_foot,
SYN-00003-01700,1700,4680.8,4521.7,2,76,pass,home,H02,20,9,35.6,58.4,incomplete,H05,0,228,93.8,,47.8,left_foot,
SYN-00003-01701,1701,4684.6,4525.6,2,76,possession_change,away,A09,35.6,58.4,,,recovery,,0,229,,,,,
SYN-00003-01702,1702,4684.6,4525.6,2,76,substitution,away,A15,,,,,substitution,,0,229,,,,,
SYN-00003-01703,1703,4684.6,4525.6,2,76,carry,away,A09,35.6,58.4,22.6,56.2,complete,,0,229,,18.7,13.2,,
SYN-00003-01704,1704,4687.2,4528.1,2,76,pass,away,A09,22.6,56.2,1,41.2,complete,A10,0,229,57.4,,26.3,right_foot,
SYN-00003-01705,1705,4690.4,4531.3,2,76,pressure,home,H04,1,41.2,,,,,0,229,,,,,
SYN-00003-01706,1706,4690.4,4531.3,2,76,pass,away,A10,1,41.2,4.2,11.9,complete,A11,1,229,66.6,,29.5,right_foot,
SYN-00003-01707,1707,4694.3,4535.2,2,76,pass,away,A11,4.2,11.9,4.9,24.9,complete,A10,0,229,47.4,,13,left_foot,
SYN-00003-01708,1708,4697.2,4538.2,2,76,pressure,home,H13,4.9,24.9,,,,,0,229,,,,,
SYN-00003-01709,1709,4697.2,4538.2,2,76,pass,away,A10,4.9,24.9,30.1,17.3,complete,A14,1,229,60.4,,26.3,right_foot,
SYN-00003-01710,1710,4701.8,4542.7,2,76,pass,away,A14,30.1,17.3,13.6,41.8,incomplete,A10,0,229,61.6,,27.6,right_foot,
SYN-00003-01711,1711,4705.8,4546.7,2,76,possession_change,home,H04,13.6,41.8,,,recovery,,0,230,,,,,
SYN-00003-01712,1712,4705.8,4546.7,2,76,pass,home,H04,13.6,41.8,25.1,34.1,intercepted,H14,0,230,54.3,,14.8,right_foot,
SYN-00003-01713,1713,4706.7,4547.7,2,76,interception,away,A10,25.1,34.1,,,won,,0,230,,,,,
SYN-00003-01714,1714,4706.7,4547.7,2,76,possession_change,away,A10,25.1,34.1,,,interception,,0,231,,,,,
SYN-00003-01715,1715,4707.4,4548.4,2,76,pass,away,A10,25.1,34.1,38,26.4,complete,A14,0,231,52.4,,15,right_foot,
SYN-00003-01716,1716,4710.8,4551.7,2,76,pass,away,A14,38,26.4,24,13.5,complete,A11,0,231,60.8,,19,right_foot,
SYN-00003-01717,1717,4713.4,4554.4,2,76,pass,away,A11,24,13.5,6.6,22.1,complete,A10,0,231,52.1,,19.4,left_foot,
SYN-00003-01718,1718,4717.5,4558.5,2,76,pass,away,A10,6.6,22.1,5.8,56.8,complete,A09,0,231,67.2,,34.7,left_foot,
SYN-00003-01719,1719,4721,4561.9,2,77,carry,away,A09,5.8,56.8,4.1,61.7,complete,,0,231,,20.5,5.2,,
SYN-00003-01720,1720,4721.9,4562.8,2,77,pass,away,A09,4.1,61.7,7.1,39.5,complete,A10,0,231,47.8,,22.5,right_foot,
SYN-00003-01721,1721,4725.3,4566.3,2,77,pass,away,A10,7.1,39.5,4,53.5,complete,A09,0,231,46.9,,14.4,left_foot,
SYN-00003-01722,1722,4727.8,4568.8,2,77,pass,away,A09,4,53.5,4.1,43.4,intercepted,A10,0,231,50.1,,19.8,right_foot,
SYN-00003-01723,1723,4728.5,4569.5,2,77,interception,home,H01,4.1,43.4,,,won,,0,231,,,,,
SYN-00003-01724,1724,4728.5,4569.5,2,77,possession_change,home,H01,4.1,43.4,,,interception,,0,232,,,,,
SYN-00003-01725,1725,4730,4570.9,2,77,pass,home,H01,4.1,43.4,31.3,53.8,complete,H08,0,232,58,,29.2,left_foot,
SYN-00003-01726,1726,4733.8,4574.8,2,77,pass,home,H08,31.3,53.8,34.1,18.1,incomplete,H02,0,232,92.7,,41.5,left_foot,
SYN-00003-01727,1727,4737.2,4578.1,2,77,possession_change,away,A11,34.1,18.1,,,recovery,,0,233,,,,,
SYN-00003-01728,1728,4737.2,4578.1,2,77,pressure,home,H07,34.1,18.1,,,,,0,233,,,,,
SYN-00003-01729,1729,4737.2,4578.1,2,77,pass,away,A11,34.1,18.1,16.2,23.1,intercepted,A10,1,233,54.6,,26.2,left_foot,
SYN-00003-01730,1730,4738.4,4579.4,2,77,interception,home,H13,16.2,23.1,,,won,,0,233,,,,,
SYN-00003-01731,1731,4738.4,4579.4,2,77,possession_change,home,H13,16.2,23.1,,,interception,,0,234,,,,,
SYN-00003-01732,1732,4739.7,4580.7,2,77,carry,home,H13,16.2,23.1,19.1,17.6,complete,,0,234,,21.3,6.2,,
SYN-00003-01733,1733,4740.8,4581.8,2,77,carry,home,H13,19.1,17.6,32.9,18.3,complete,,0,234,,23.8,13.8,,
SYN-00003-01734,1734,4742.9,4583.8,2,77,pass,home,H13,32.9,18.3,31.7,28,complete,H14,0,234,39.5,,9.7,right_foot,
SYN-00003-01735,1735,4746.6,4587.6,2,77,pass,home,H14,31.7,28,46.5,20.8,complete,H07,0,234,51.2,,16.4,right_foot,
SYN-00003-01736,1736,4749.8,4590.8,2,77,pass,home,H07,46.5,20.8,56.9,43,complete,H08,0,234,59.1,,24.5,right_foot,
SYN-00003-01737,1737,4753.8,4594.8,2,77,pass,home,H08,56.9,43,88.2,59.9,complete,H11,0,234,72.8,,35.6,head,
SYN-00003-01738,1738,4757.6,4598.6,2,77,pass,home,H11,88.2,59.9,66.5,51.5,complete,H08,0,234,56.4,,23.3,right_foot,
SYN-00003-01739,1739,4761.4,4602.3,2,77,carry,home,H08,66.5,51.5,73.2,48,complete,,0,234,,18.9,7.5,,
SYN-00003-01740,1740,4762.8,4603.8,2,77,shot,home,H08,73.2,48,105,34.2,goal,,0,234,105.8,,34.8,foot,0.009
SYN-00003-01741,1741,4828.7,4669.7,2,78,kickoff,away,A10,52.5,34,,,,,0,235,,,,,
SYN-00003-01742,1742,4829.7,4670.7,2,78,substitution,home,H15,,,,,substitution,,0,235,,,,,
SYN-00003-01743,1743,4829.7,4670.7,2,78,pass,away,A10,52.5,34,53.4,48.3,complete,A07,0,235,49,,14.3,right_foot,
SYN-00003-01744,1744,4832.9,4673.8,2,78,pass,away,A07,53.4,48.3,29.7,60.6,complete,A09,0,235,64.1,,26.7,right_foot,
SYN-00003-01745,1745,4836.8,4677.7,2,78,pass,away,A09,29.7,60.6,35.1,48.7,complete,A07,0,235,40.1,,13.1,left_foot,
SYN-00003-01746,1746,4839.9,4680.8,2,79,pass,away,A07,35.1,48.7,16.4,62.4,complete,A09,0,235,45.7,,23.2,right_foot,
SYN-00003-01747,1747,4844.2,4685.2,2,79,carry,away,A09,16.4,62.4,7.8,59.7,complete,,0,235,,22.9,9,,
SYN-00003-01748,1748,4845.6,4686.6,2,79,pressure,home,H05,7.8,59.7,,,,,0,235,,,,,
SYN-00003-01749,1749,4845.6,4686.6,2,79,pass,away,A09,7.8,59.7,0,68,out,A10,1,235,50.1,,17.8,right_foot,
SYN-00003-01750,1750,4846.9,4687.8,2,79,possession_change,home,H05,1,67,,,out_of_play,,0,236,,,,,
SYN-00003-01751,1751,4863.7,4704.7,2,79,pressure,away,A09,1,67,,,,,0,236,,,,,
SYN-00003-01752,1752,4863.7,4704.7,2,79,pass,home,H05,1,67,19.1,68,out,H14,1,236,62.6,,30.2,right_foot,
SYN-00003-01753,1753,4865.5,4706.4,2,79,possession_change,away,A09,19.1,67,,,out_of_play,,0,237,,,,,
SYN-00003-01754,1754,4874.5,4715.5,2,79,pressure,home,H05,19.1,67,,,,,0,237,,,,,
SYN-00003-01755,1755,4874.5,4715.5,2,79,pass,away,A09,19.1,67,45.7,40.8,complete,A06,1,237,76.6,,37.4,right_foot,
SYN-00003-01756,1756,4877.7,4718.7,2,79,pressure,home,H10,45.7,40.8,,,,,0,237,,,,,
SYN-00003-01757,1757,4877.7,4718.7,2,79,pass,away,A06,45.7,40.8,25.1,56.3,complete,A09,1,237,65.9,,25.7,right_foot,
SYN-00003-01758,1758,4880.8,4721.8,2,79,pass,away,A09,25.1,56.3,8.2,68,out,A10,0,237,73.5,,32.2,left_foot,
SYN-00003-01759,1759,4882.4,4723.4,2,79,possession_change,home,H05,8.2,67,,,out_of_play,,0,238,,,,,
SYN-00003-01760,1760,4893.9,4734.9,2,79,pass,home,H05,8.2,67,6.1,47.6,complete,H01,0,238,38.6,,19.5,right_foot,
SYN-00003-01761,1761,4897.1,4738.1,2,79,carry,home,H01,6.1,47.6,11.2,48.2,complete,,0,238,,23.9,5.1,,
SYN-00003-01762,1762,4897.9,4738.9,2,79,pass,home,H01,11.2,48.2,38.4,23.2,complete,H15,0,238,79.8,,37,left_foot,
SYN-00003-01763,1763,4902.5,4743.5,2,80,pressure,away,A10,38.4,23.2,,,,,0,238,,,,,
SYN-00003-01764,1764,4902.5,4743.5,2,80,pass,home,H15,38.4,23.2,26.8,52.9,complete,H05,1,238,71.1,,31.9,left_foot,
SYN-00003-01765,1765,4906.3,4747.3,2,80,pass,home,H05,26.8,52.9,45,55.1,complete,H08,0,238,57.6,,18.3,head,
SYN-00003-01766,1766,4908.8,4749.7,2,80,pass,home,H08,45,55.1,18.3,51,complete,H04,0,238,56.5,,27,left_foot,
SYN-00003-01767,1767,4911.7,4752.6,2,80,pass,home,H04,18.3,51,29.7,40,complete,H14,0,238,52.9,,15.9,right_foot,
SYN-00003-01768,1768,4915,4756,2,80,pass,home,H14,29.7,40,8.5,45.1,complete,H04,0,238,56,,21.8,left_foot,
SYN-00003-01769,1769,4917.8,4758.8,2,80,carry,home,H04,8.5,45.1,13.1,43.1,complete,,0,238,,22.7,5,,
SYN-00003-01770,1770,4918.6,4759.6,2,80,pass,home,H04,13.1,43.1,39.6,51.6,complete,H08,0,238,67.3,,27.8,left_foot,
SYN-00003-01771,1771,4922.9,4763.8,2,80,carry,home,H08,39.6,51.6,49.7,58.4,complete,,0,238,,16.5,12.2,,
SYN-00003-01772,1772,4925.5,4766.5,2,80,pass,home,H08,49.7,58.4,34.2,66.9,complete,H05,0,238,44,,17.6,right_foot,
SYN-00003-01773,1773,4929.5,4770.5,2,80,pass,home,H05,34.2,66.9,17.7,49.6,complete,H04,0,238,58.7,,23.9,right_foot,
SYN-00003-01774,1774,4932.5,4773.4,2,80,pass,home,H04,17.7,49.6,23.1,36.8,complete,H14,0,238,52.8,,13.9,right_foot,
SYN-00003-01775,1775,4934.7,4775.6,2,80,pass,home,H14,23.1,36.8,2,32.9,complete,H01,0,238,50.5,,21.4,left_foot,
SYN-00003-01776,1776,4938.3,4779.3,2,80,pass,home,H01,2,32.9,7.1,25.8,complete,H13,0,238,47.5,,8.8,right_foot,
SYN-00003-01777,1777,4940.9,4781.8,2,80,pass,home,H13,7.1,25.8,4.9,27,complete,H01,0,238,34,,2.6,right_foot,
SYN-00003-01778,1778,4942.9,4783.9,2,80,sprint,away,A10,35,31.2,,,,,0,238,,27.7,17.2,,
SYN-00003-01779,1779,4942.9,4783.9,2,80,carry,home,H01,4.9,27,13.4,26.7,complete,,0,238,,22.2,8.5,,
SYN-00003-01780,1780,4944.3,4785.2,2,80,pressure,away,A10,13.4,26.7,,,,,0,238,,,,,
SYN-00003-01781,1781,4944.3,4785.2,2,80,pass,home,H01,13.4,26.7,29.7,39.9,incomplete,H08,1,238,64.9,,27.2,left_foot,
SYN-00003-01782,1782,4948.1,4789.1,2,80,possession_change,away,A10,29.7,39.9,,,recovery,,0,239,,,,,
SYN-00003-01783,1783,4948.1,4789.1,2,80,pressure,home,H08,29.7,39.9,,,,,0,239,,,,,
SYN-00003-01784,1784,4948.1,4789.1,2,80,pass,away,A10,29.7,39.9,41.8,20,complete,A14,1,239,60.1,,23.4,right_foot,
SYN-00003-01785,1785,4951,4792,2,80,pressure,home,H15,41.8,20,,,,,0,239,,,,,
SYN-00003-01786,1786,4951,4792,2,80,pass,away,A14,41.8,20,9.5,36.8,incomplete,A10,1,239,84.3,,33.6,right_foot,
SYN-00003-01787,1787,4954.2,4795.2,2,80,possession_change,home,H04,9.5,36.8,,,recovery,,0,240,,,,,
SYN-00003-01788,1788,4954.2,4795.2,2,80,pass,home,H04,9.5,36.8,2.2,35.7,complete,H01,0,240,36.8,,7.4,right_foot,
SYN-00003-01789,1789,4957.3,4798.3,2,80,pressure,away,A10,2.2,35.7,,,,,0,240,,,,,
SYN-00003-01790,1790,4957.3,4798.3,2,80,pass,home,H01,2.2,35.7,19.6,30.4,complete,H14,1,240,58.3,,18.2,left_foot,
SYN-00003-01791,1791,4960.9,4801.8,2,81,pass,home,H14,19.6,30.4,17.8,9.2,complete,H02,0,240,49.3,,21.3,left_foot,
SYN-00003-01792,1792,4964.4,4805.4,2,81,carry,home,H02,17.8,9.2,22.9,16.1,complete,,0,240,,20.1,8.6,,
SYN-00003-01793,1793,4966,4806.9,2,81,pressure,away,A10,22.9,16.1,,,,,0,240,,,,,
SYN-00003-01794,1794,4966,4806.9,2,81,pass,home,H02,22.9,16.1,35.9,68,out,H08,1,240,75.6,,30.2,right_foot,
SYN-00003-01795,1795,4967.4,4808.4,2,81,possession_change,away,A09,35.9,67,,,out_of_play,,0,241,,,,,
SYN-00003-01796,1796,4985.6,4826.6,2,81,pass,away,A09,35.9,67,77,50.6,complete,A03,0,241,78.9,,44.2,right_foot,
SYN-00003-01797,1797,4989.4,4830.4,2,81,sprint,away,A10,26.6,38.2,,,,,0,241,,29.6,45,,
SYN-00003-01798,1798,4989.4,4830.4,2,81,pass,away,A03,77,50.6,61.6,24.4,complete,A14,0,241,67.1,,30.3,left_foot,
SYN-00003-01799,1799,4992.1,4833.1,2,81,pass,away,A14,61.6,24.4,46.9,47.3,complete,A07,0,241,63.6,,27.2,right_foot,
SYN-00003-01800,1800,4996.1,4837.1,2,81,pass,away,A07,46.9,47.3,23.6,59,complete,A09,0,241,61.5,,26.1,right_foot,
SYN-00003-01801,1801,5000.2,4841.2,2,81,pass,away,A09,23.6,59,38.4,51.4,complete,A07,0,241,54.7,,16.7,left_foot,
SYN-00003-01802,1802,5002.6,4843.6,2,81,pressure,home,H08,38.4,51.4,,,,,0,241,,,,,
SYN-00003-01803,1803,5002.6,4843.6,2,81,pass,away,A07,38.4,51.4,10.9,44.5,incomplete,A10,1,241,64.3,,30.8,right_foot,
SYN-00003-01804,1804,5006.8,4847.7,2,81,possession_change,home,H04,10.9,44.5,,,recovery,,0,242,,,,,
SYN-00003-01805,1805,5006.8,4847.7,2,81,pressure,away,A10,10.9,44.5,,,,,0,242,,,,,
SYN-00003-01806,1806,5006.8,4847.7,2,81,pass,home,H04,10.9,44.5,1,35,complete,H01,1,242,42.8,,13.7,right_foot,
SYN-00003-01807,1807,5009.4,4850.4,2,81,pressure,away,A10,1,35,,,,,0,242,,,,,
SYN-00003-01808,1808,5009.4,4850.4,2,81,pass,home,H01,1,35,20,30.9,complete,H14,1,242,47,,19.5,left_foot,
SYN-00003-01809,1809,5013.4,4854.3,2,81,pass,home,H14,20,30.9,35.2,38.6,complete,H08,0,242,60.3,,17,right_foot,
SYN-00003-01810,1810,5016.2,4857.2,2,81,pass,home,H08,35.2,38.6,13.5,26.6,complete,H13,0,242,59.6,,24.8,right_foot,
SYN-00003-01811,1811,5018.9,4859.8,2,81,pressure,away,A10,13.5,26.6,,,,,0,242,,,,,
SYN-00003-01812,1812,5018.9,4859.8,2,81,pass,home,H13,13.5,26.6,22.7,29,complete,H14,1,242,34.4,,9.6,left_foot,
SYN-00003-01813,1813,5022.5,4863.4,2,82,pass,home,H14,22.7,29,39.5,48.2,complete,H08,0,242,63,,25.5,right_foot,
SYN-00003-01814,1814,5025.1,4866,2,82,pass,home,H08,39.5,48.2,11.1,47.2,complete,H04,0,242,68.1,,28.5,right_foot,
SYN-00003-01815,1815,5029.2,4870.2,2,82,pressure,away,A10,11.1,47.2,,,,,0,242,,,,,
SYN-00003-01816,1816,5029.2,4870.2,2,82,pass,home,H04,11.1,47.2,1.2,34.9,complete,H01,1,242,48.9,,15.8,right_foot,
SYN-00003-01817,1817,5032.7,4873.7,2,82,pass,home,H01,1.2,34.9,33.7,21.1,complete,H15,0,242,69.5,,35.4,right_foot,
SYN-00003-01818,1818,5035.6,4876.5,2,82,pass,home,H15,33.7,21.1,49.3,41.6,complete,H08,0,242,65.7,,25.7,left_foot,
SYN-00003-01819,1819,5038.1,4879.1,2,82,pass,home,H08,49.3,41.6,58,24.9,complete,H15,0,242,47.6,,18.8,right_foot,
SYN-00003-01820,1820,5041.6,4882.5,2,82,pass,home,H15,58,24.9,75.1,31,intercepted,H10,0,242,71.2,,35.9,right_foot,
SYN-00003-01821,1821,5042.5,4883.5,2,82,interception,away,A06,75.1,31,,,won,,0,242,,,,,
SYN-00003-01822,1822,5042.5,4883.5,2,82,possession_change,away,A06,75.1,31,,,interception,,0,243,,,,,
SYN-00003-01823,1823,5043.8,4884.8,2,82,pass,away,A06,75.1,31,58.9,22.1,complete,A14,0,243,42.1,,18.5,left_foot,
SYN-00003-01824,1824,5047.6,4888.5,2,82,pressure,home,H10,58.9,22.1,,,,,0,243,,,,,
SYN-00003-01825,1825,5047.6,4888.5,2,82,pass,away,A14,58.9,22.1,64.8,30.8,complete,A06,1,243,34.9,,10.5,right_foot,
SYN-00003-01826,1826,5051.4,4892.4,2,82,pass,away,A06,64.8,30.8,77.9,8,complete,A15,0,243,62.2,,26.4,right_foot,
SYN-00003-01827,1827,5055.2,4896.1,2,82,pass,away,A15,77.9,8,92.9,19.9,complete,A04,0,243,56.1,,19.2,right_foot,
SYN-00003-01828,1828,5059.1,4900,2,82,pressure,home,H10,92.9,19.9,,,,,0,243,,,,,
SYN-00003-01829,1829,5059.1,4900,2,82,pass,away,A04,92.9,19.9,67.4,22.6,incomplete,A14,1,243,60.4,,24.1,right_foot,
SYN-00003-01830,1830,5062.1,4903.1,2,82,possession_change,home,H10,67.4,22.6,,,recovery,,0,244,,,,,
SYN-00003-01831,1831,5062.1,4903.1,2,82,pass,home,H10,67.4,22.6,46.9,33.8,complete,H14,0,244,54.6,,23.3,right_foot,
SYN-00003-01832,1832,5066.3,4907.3,2,82,pass,home,H14,46.9,33.8,31.2,57.9,complete,H05,0,244,65.8,,28.8,left_foot,
SYN-00003-01833,1833,5069.3,4910.3,2,82,pass,home,H05,31.2,57.9,69.2,63.4,incomplete,H11,0,244,83.9,,45.5,left_foot,
SYN-00003-01834,1834,5073.5,4914.4,2,82,possession_change,away,A13,69.2,63.4,,,recovery,,0,245,,,,,
SYN-00003-01835,1835,5073.5,4914.4,2,82,pass,away,A13,69.2,63.4,53,54.6,complete,A07,0,245,45,,18.4,left_foot,
SYN-00003-01836,1836,5076.1,4917.1,2,82,pass,away,A07,53,54.6,71.3,60.5,complete,A13,0,245,53.3,,19.2,right_foot,
SYN-00003-01837,1837,5079.5,4920.5,2,83,carry,away,A13,71.3,60.5,65,61.3,complete,,0,245,,21.6,6.3,,
SYN-00003-01838,1838,5080.6,4921.5,2,83,pass,away,A13,65,61.3,68.1,39.7,complete,A06,0,245,54.3,,21.8,right_foot,
SYN-00003-01839,1839,5085,4925.9,2,83,pass,away,A06,68.1,39.7,55.8,48,complete,A07,0,245,39.8,,14.8,right_foot,
SYN-00003-01840,1840,5087.5,4928.4,2,83,pass,away,A07,55.8,48,53.9,25.2,complete,A14,0,245,51,,22.9,left_foot,
SYN-00003-01841,1841,5091.7,4932.7,2,83,pass,away,A14,53.9,25.2,63.7,30.5,complete,A06,0,245,45.6,,11.2,left_foot,
SYN-00003-01842,1842,5093.8,4934.7,2,83,pass,away,A06,63.7,30.5,71.9,10.8,complete,A15,0,245,59.4,,21.4,right_foot,
SYN-00003-01843,1843,5097.4,4938.4,2,83,pass,away,A15,71.9,10.8,71.2,29.4,complete,A06,0,245,55.6,,18.7,right_foot,
SYN-00003-01844,1844,5101,4941.9,2,83,pressure,home,H10,71.2,29.4,,,,,0,245,,,,,
SYN-00003-01845,1845,5101,4941.9,2,83,carry,away,A06,71.2,29.4,64.5,39.5,complete,,1,245,,17,12,,
SYN-00003-01846,1846,5103.5,4944.5,2,83,pass,away,A06,64.5,39.5,52.1,54.9,incomplete,A07,0,245,46.3,,18.5,left_foot,
SYN-00003-01847,1847,5106.6,4947.6,2,83,possession_change,home,H11,52.1,54.9,,,recovery,,0,246,,,,,
SYN-00003-01848,1848,5106.6,4947.6,2,83,pass,home,H11,52.1,54.9,52.7,53.8,complete,H08,0,246,33.7,,1.3,right_foot,
SYN-00003-01849,1849,5108,4949,2,83,pass,home,H08,52.7,53.8,35.6,66.7,incomplete,H05,0,246,57.2,,22.5,right_foot,
SYN-00003-01850,1850,5111.8,4952.8,2,83,possession_change,away,A09,35.6,66.7,,,recovery,,0,247,,,,,
SYN-00003-01851,1851,5111.8,4952.8,2,83,pass,away,A09,35.6,66.7,2.3,68,out,A10,0,247,78.3,,38.3,head,
SYN-00003-01852,1852,5113.6,4954.5,2,83,possession_change,home,H04,2.3,67,,,out_of_play,,0,248,,,,,
SYN-00003-01853,1853,5121.9,4962.9,2,83,pass,home,H04,2.3,67,18.4,46.9,complete,H14,0,248,59.7,,25.7,right_foot,
SYN-00003-01854,1854,5125.7,4966.6,2,83,pass,home,H14,18.4,46.9,12.6,42.3,complete,H04,0,248,39.3,,7.4,left_foot,
SYN-00003-01855,1855,5128.9,4969.8,2,83,pass,home,H04,12.6,42.3,16.8,7.6,complete,H02,0,248,76.7,,35,right_foot,
SYN-00003-01856,1856,5131.9,4972.9,2,83,pass,home,H02,16.8,7.6,8.4,12.8,complete,H13,0,248,40.7,,9.9,right_foot,
SYN-00003-01857,1857,5134.6,4975.5,2,83,pressure,away,A10,8.4,12.8,,,,,0,248,,,,,
SYN-00003-01858,1858,5134.6,4975.5,2,83,pass,home,H13,8.4,12.8,15.9,4.1,complete,H02,1,248,44.2,,11.4,right_foot,
SYN-00003-01859,1859,5137.5,4978.5,2,83,pressure,away,A11,15.9,4.1,,,,,0,248,,,,,
SYN-00003-01860,1860,5137.5,4978.5,2,83,pass,home,H02,15.9,4.1,26,27.9,incomplete,H14,1,248,59.6,,25.7,right_foot,
SYN-00003-01861,1861,5141.2,4982.2,2,84,possession_change,away,A10,26,27.9,,,recovery,,0,249,,,,,
SYN-00003-01862,1862,5141.2,4982.2,2,84,pressure,home,H14,26,27.9,,,,,0,249,,,,,
SYN-00003-01863,1863,5141.2,4982.2,2,84,pass,away,A10,26,27.9,18.4,58.1,complete,A09,1,249,73.8,,31.2,right_foot,
SYN-00003-01864,1864,5144.7,4985.6,2,84,pressure,home,H08,18.4,58.1,,,,,0,249,,,,,
SYN-00003-01865,1865,5144.7,4985.6,2,84,pass,away,A09,18.4,58.1,2.1,40.9,intercepted,A10,1,249,64.1,,25.3,right_foot,
SYN-00003-01866,1866,5146,4987,2,84,interception,home,H01,2.1,40.9,,,won,,0,249,,,,,
SYN-00003-01867,1867,5146,4987,2,84,possession_change,home,H01,2.1,40.9,,,interception,,0,250,,,,,
SYN-00003-01868,1868,5147.5,4988.4,2,84,pressure,away,A10,2.1,40.9,,,,,0,250,,,,,
SYN-00003-01869,1869,5147.5,4988.4,2,84,pass,home,H01,2.1,40.9,20.6,37.2,complete,H14,1,250,51.5,,18.9,right_foot,
SYN-00003-01870,1870,5151.1,4992,2,84,pass,home,H14,20.6,37.2,10.1,34,complete,H01,0,250,49.1,,11,left_foot,
SYN-00003-01871,1871,5154,4994.9,2,84,pass,home,H01,10.1,34,34.3,25,complete,H15,0,250,60.7,,25.8,right_foot,
SYN-00003-01872,1872,5157.7,4998.7,2,84,pressure,away,A10,34.3,25,,,,,0,250,,,,,
SYN-00003-01873,1873,5157.7,4998.7,2,84,pass,home,H15,34.3,25,72.4,57.1,complete,H11,1,250,91.4,,49.8,left_foot,
SYN-00003-01874,1874,5161.7,5002.7,2,84,pass,home,H11,72.4,57.1,64.2,22,complete,H15,0,250,74.3,,36,right_foot,
SYN-00003-01875,1875,5165.7,5006.7,2,84,pressure,away,A14,64.2,22,,,,,0,250,,,,,
SYN-00003-01876,1876,5165.7,5006.7,2,84,pass,home,H15,64.2,22,82,10.2,complete,H09,1,250,55.2,,21.4,left_foot,
SYN-00003-01877,1877,5169.5,5010.4,2,84,pass,home,H09,82,10.2,93.8,23.5,incomplete,H10,0,250,43.8,,15,head,
SYN-00003-01878,1878,5171.9,5012.9,2,84,possession_change,away,A01,93.8,23.5,,,recovery,,0,251,,,,,
SYN-00003-01879,1879,5171.9,5012.9,2,84,pass,away,A01,93.8,23.5,76.2,29.8,complete,A06,0,251,44.9,,18.7,right_foot,
SYN-00003-01880,1880,5174.7,5015.6,2,84,sprint,away,A03,92.3,41.9,,,,,0,251,,26.5,22.4,,
SYN-00003-01881,1881,5174.7,5015.6,2,84,pass,away,A06,76.2,29.8,50.3,45.5,complete,A07,0,251,68.6,,30.3,left_foot,
SYN-00003-01882,1882,5178.3,5019.3,2,84,pass,away,A07,50.3,45.5,30.4,40.1,intercepted,A10,0,251,81.3,,40.4,right_foot,
SYN-00003-01883,1883,5179.3,5020.2,2,84,interception,home,H14,30.4,40.1,,,won,,0,251,,,,,
SYN-00003-01884,1884,5179.3,5020.2,2,84,possession_change,home,H14,30.4,40.1,,,interception,,0,252,,,,,
SYN-00003-01885,1885,5179.8,5020.8,2,84,pass,home,H14,30.4,40.1,42.2,20,complete,H15,0,252,64.3,,23.3,right_foot,
SYN-00003-01886,1886,5182.2,5023.2,2,84,pass,home,H15,42.2,20,20.2,22.7,complete,H13,0,252,66.6,,22.2,left_foot,
SYN-00003-01887,1887,5185.1,5026.1,2,84,pressure,away,A10,20.2,22.7,,,,,0,252,,,,,
SYN-00003-01888,1888,5185.1,5026.1,2,84,pass,home,H13,20.2,22.7,6.5,31.1,complete,H01,1,252,50.3,,16,right_foot,
SYN-00003-01889,1889,5188.2,5029.1,2,84,pass,home,H01,6.5,31.1,21.3,37,complete,H14,0,252,48.9,,15.9,right_foot,
SYN-00003-01890,1890,5192.3,5033.2,2,84,sprint,home,H11,65.3,58.7,,,,,0,252,,30.8,21.7,,
SYN-00003-01891,1891,5192.3,5033.2,2,84,pressure,away,A10,21.3,37,,,,,0,252,,,,,
SYN-00003-01892,1892,5192.3,5033.2,2,84,pass,home,H14,21.3,37,41.9,46.9,complete,H08,1,252,59.7,,22.8,left_foot,
SYN-00003-01893,1893,5196.6,5037.5,2,84,carry,home,H08,41.9,46.9,55.5,40.5,complete,,0,252,,20.3,15.1,,
SYN-00003-01894,1894,5199.3,5040.2,2,85,pass,home,H08,55.5,40.5,55.2,25.7,complete,H15,0,252,47,,14.7,right_foot,
SYN-00003-01895,1895,5203.4,5044.3,2,85,pass,home,H15,55.2,25.7,80.9,57,complete,H11,0,252,79.3,,40.6,right_foot,
SYN-00003-01896,1896,5206.4,5047.4,2,85,shot,home,H11,80.9,57,82.9,57,blocked,,0,252,94.7,,33.3,foot,0.011
SYN-00003-01897,1897,5208.2,5049.1,2,85,possession_change,away,A07,80.9,57,,,blocked_shot,,0,253,,,,,
SYN-00003-01898,1898,5209.2,5050.1,2,85,pass,away,A07,80.9,57,98.2,42.2,complete,A01,0,253,57.4,,22.8,right_foot,
SYN-00003-01899,1899,5211.8,5052.7,2,85,pass,away,A01,98.2,42.2,91.5,57.4,complete,A13,0,253,60.3,,16.6,right_foot,
SYN-00003-01900,1900,5215.3,5056.2,2,85,carry,away,A13,91.5,57.4,83.9,57.8,complete,,0,253,,25.7,7.6,,
SYN-00003-01901,1901,5216.3,5057.3,2,85,pass,away,A13,83.9,57.8,64.3,53,complete,A07,0,253,52.1,,20.2,right_foot,
SYN-00003-01902,1902,5219.7,5060.7,2,85,carry,away,A07,64.3,53,55.9,53.2,complete,,0,253,,16.8,8.4,,
SYN-00003-01903,1903,5221.5,5062.5,2,85,pass,away,A07,55.9,53.2,76.1,62,complete,A13,0,253,56.4,,22.1,left_foot,
SYN-00003-01904,1904,5225.2,5066.2,2,85,pressure,home,H11,76.1,62,,,,,0,253,,,,,
SYN-00003-01905,1905,5225.2,5066.2,2,85,pass,away,A13,76.1,62,56.7,48.5,complete,A07,1,253,65.6,,23.7,right_foot,
SYN-00003-01906,1906,5227.6,5068.6,2,85,carry,away,A07,56.7,48.5,50.5,42.5,complete,,0,253,,24.1,8.6,,
SYN-00003-01907,1907,5228.9,5069.9,2,85,pass,away,A07,50.5,42.5,9.4,68,out,A10,0,253,71.5,,36.3,right_foot,
SYN-00003-01908,1908,5230.8,5071.7,2,85,possession_change,home,H05,9.4,67,,,out_of_play,,0,254,,,,,
SYN-00003-01909,1909,5239.4,5080.4,2,85,pass,home,H05,9.4,67,3.6,47.9,complete,H01,0,254,49.7,,20,right_foot,
SYN-00003-01910,1910,5242.8,5083.8,2,85,pass,home,H01,3.6,47.9,19.8,42.1,complete,H14,0,254,44.3,,17.2,right_foot,
SYN-00003-01911,1911,5245.9,5086.8,2,85,pass,home,H14,19.8,42.1,4.9,30.3,complete,H13,0,254,66.7,,19,left_foot,
SYN-00003-01912,1912,5247.9,5088.8,2,85,pass,home,H13,4.9,30.3,24.9,32.3,complete,H14,0,254,49.4,,20.1,left_foot,
SYN-00003-01913,1913,5251.2,5092.1,2,85,pass,home,H14,24.9,32.3,14.9,44.4,complete,H04,0,254,54.8,,15.6,right_foot,
SYN-00003-01914,1914,5253.5,5094.4,2,85,pass,home,H04,14.9,44.4,23.5,40.8,complete,H14,0,254,39.1,,9.3,left_foot,
SYN-00003-01915,1915,5257.2,5098.2,2,85,pass,home,H14,23.5,40.8,20.4,52.2,intercepted,H05,0,254,53.5,,20.9,left_foot,
SYN-00003-01916,1916,5258,5098.9,2,85,interception,away,A10,20.4,52.2,,,won,,0,254,,,,,
SYN-00003-01917,1917,5258,5098.9,2,85,possession_change,away,A10,20.4,52.2,,,interception,,0,255,,,,,
SYN-00003-01918,1918,5258.5,5099.5,2,85,pressure,home,H08,20.4,52.2,,,,,0,255,,,,,
SYN-00003-01919,1919,5258.5,5099.5,2,85,pass,away,A10,20.4,52.2,14.8,59.8,intercepted,A09,1,255,41.1,,14.2,right_foot,
SYN-00003-01920,1920,5259.3,5100.3,2,86,interception,home,H05,14.8,59.8,,,won,,0,255,,,,,
SYN-00003-01921,1921,5259.3,5100.3,2,86,possession_change,home,H05,14.8,59.8,,,interception,,0,256,,,,,
SYN-00003-01922,1922,5260.4,5101.3,2,86,pressure,away,A10,14.8,59.8,,,,,0,256,,,,,
SYN-00003-01923,1923,5260.4,5101.3,2,86,pass,home,H05,14.8,59.8,35.3,53.6,complete,H08,1,256,55,,21.4,head,
SYN-00003-01924,1924,5263.3,5104.2,2,86,pass,home,H08,35.3,53.6,13.8,51,complete,H04,0,256,53.6,,21.7,right_foot,
SYN-00003-01925,1925,5266.5,5107.4,2,86,pressure,away,A10,13.8,51,,,,,0,256,,,,,
SYN-00003-01926,1926,5266.5,5107.4,2,86,pass,home,H04,13.8,51,12.6,31.9,complete,H13,1,256,48.3,,19.1,right_foot,
SYN-00003-01927,1927,5269.5,5110.4,2,86,pass,home,H13,12.6,31.9,12.8,56.6,complete,H05,0,256,59,,24.7,right_foot,
SYN-00003-01928,1928,5272.4,5113.4,2,86,sprint,home,H10,71.5,39.7,,,,,0,256,,28.3,38.8,,
SYN-00003-01929,1929,5272.4,5113.4,2,86,pass,home,H05,12.8,56.6,20.8,68,out,H14,0,256,43.5,,17,head,
SYN-00003-01930,1930,5273.8,5114.8,2,86,possession_change,away,A09,20.8,67,,,out_of_play,,0,257,,,,,
SYN-00003-01931,1931,5285.5,5126.4,2,86,pass,away,A09,20.8,67,9.4,41.8,incomplete,A10,0,257,69.3,,28.9,right_foot,
SYN-00003-01932,1932,5288.4,5129.4,2,86,possession_change,home,H13,9.4,41.8,,,recovery,,0,258,,,,,
SYN-00003-01933,1933,5288.4,5129.4,2,86,pass,home,H13,9.4,41.8,15.3,21.4,incomplete,H02,0,258,56.2,,28.8,right_foot,
SYN-00003-01934,1934,5291.4,5132.4,2,86,possession_change,away,A10,15.3,21.4,,,recovery,,0,259,,,,,
SYN-00003-01935,1935,5291.4,5132.4,2,86,pass,away,A10,15.3,21.4,6.2,4.9,complete,A11,0,259,45.1,,18.9,right_foot,
SYN-00003-01936,1936,5294.3,5135.2,2,86,pass,away,A11,6.2,4.9,5.9,28.2,complete,A10,0,259,68.5,,23.3,right_foot,
SYN-00003-01937,1937,5296.8,5137.8,2,86,shot,away,A10,5.9,28.2,0,35.5,goal,,0,259,70.2,,8.3,foot,0.327
SYN-00003-01938,1938,5364,5204.9,2,87,kickoff,home,H10,52.5,34,,,,,0,260,,,,,
SYN-00003-01939,1939,5365,5205.9,2,87,pass,home,H10,52.5,34,55.6,47.8,complete,H08,0,260,54.6,,14.2,right_foot,
SYN-00003-01940,1940,5367.1,5208,2,87,pass,home,H08,55.6,47.8,33.4,59.1,complete,H05,0,260,56.4,,24.9,left_foot,
SYN-00003-01941,1941,5371.3,5212.3,2,87,pass,home,H05,33.4,59.1,49.3,55.2,complete,H08,0,260,46.5,,16.3,right_foot,
SYN-00003-01942,1942,5374.1,5215,2,87,pass,home,H08,49.3,55.2,72.4,66.4,complete,H11,0,260,55.7,,25.7,left_foot,
SYN-00003-01943,1943,5378.6,5219.5,2,87,pass,home,H11,72.4,66.4,93.1,38.1,complete,H10,0,260,72.7,,35,left_foot,
SYN-00003-01944,1944,5383,5224,2,88,sprint,away,A10,60.1,35.6,,,,,0,260,,32.4,43,,
SYN-00003-01945,1945,5383,5224,2,88,pass,home,H10,93.1,38.1,62.9,36.1,complete,H14,0,260,69,,30.3,left_foot,
SYN-00003-01946,1946,5387.4,5228.4,2,88,pass,home,H14,62.9,36.1,62.2,52.9,complete,H08,0,260,51.9,,16.8,right_foot,
SYN-00003-01947,1947,5389.9,5230.8,2,88,pass,home,H08,62.2,52.9,93.5,39.4,complete,H10,0,260,82.6,,34,left_foot,
SYN-00003-01948,1948,5392.4,5233.3,2,88,carry,home,H10,93.5,39.4,102.1,47.5,complete,,0,260,,16.6,11.9,,
SYN-00003-01949,1949,5394.9,5235.9,2,88,pressure,away,A03,102.1,47.5,,,,,0,260,,,,,
SYN-00003-01950,1950,5394.9,5235.9,2,88,pass,home,H10,102.1,47.5,82.9,43.7,incomplete,H08,1,260,59,,23.1,right_foot,
SYN-00003-01951,1951,5398,5238.9,2,88,possession_change,away,A07,82.9,43.7,,,recovery,,0,261,,,,,
SYN-00003-01952,1952,5398,5238.9,2,88,pass,away,A07,82.9,43.7,96.5,49.1,complete,A03,0,261,44.4,,14.6,head,
SYN-00003-01953,1953,5400.5,5241.5,2,88,sprint,away,A11,45.4,13.8,,,,,0,261,,28.4,39.9,,
SYN-00003-01954,1954,5400.5,5241.5,2,88,pressure,home,H10,96.5,49.1,,,,,0,261,,,,,
SYN-00003-01955,1955,5400.5,5241.5,2,88,pass,away,A03,96.5,49.1,103.2,26.2,complete,A04,1,261,59.1,,23.8,left_foot,
SYN-00003-01956,1956,5403.9,5244.8,2,88,carry,away,A04,103.2,26.2,91.7,19.6,complete,,0,261,,24.2,13.2,,
SYN-00003-01957,1957,5405.8,5246.8,2,88,pass,away,A04,91.7,19.6,87.9,54.9,complete,A13,0,261,70.5,,35.5,right_foot,
SYN-00003-01958,1958,5409.9,5250.9,2,88,pass,away,A13,87.9,54.9,67,55.2,complete,A07,0,261,53.1,,20.9,right_foot,
SYN-00003-01959,1959,5412.8,5253.8,2,88,pass,away,A07,67,55.2,70.1,42.5,complete,A06,0,261,47,,13.1,right_foot,
SYN-00003-01960,1960,5415.2,5256.1,2,88,pass,away,A06,70.1,42.5,54.4,47.8,complete,A07,0,261,47.5,,16.5,left_foot,
SYN-00003-01961,1961,5418,5258.9,2,88,pressure,home,H10,54.4,47.8,,,,,0,261,,,,,
SYN-00003-01962,1962,5418,5258.9,2,88,pass,away,A07,54.4,47.8,27.8,61.7,complete,A09,1,261,58.1,,30,right_foot,
SYN-00003-01963,1963,5422.3,5263.3,2,88,pass,away,A09,27.8,61.7,37.4,68,out,A07,0,261,50.1,,13.3,left_foot,
SYN-00003-01964,1964,5423.3,5264.2,2,88,possession_change,home,H11,37.4,67,,,out_of_play,,0,262,,,,,
SYN-00003-01965,1965,5436.8,5277.7,2,88,pass,home,H11,37.4,67,23.8,66.4,incomplete,H05,0,262,45.2,,10.2,left_foot,
SYN-00003-01966,1966,5439.5,5280.5,2,89,possession_change,away,A09,23.8,66.4,,,recovery,,0,263,,,,,
SYN-00003-01967,1967,5439.5,5280.5,2,89,pass,away,A09,23.8,66.4,39.8,53.4,complete,A07,0,263,45.2,,20.6,right_foot,
SYN-00003-01968,1968,5443.5,5284.5,2,89,pass,away,A07,39.8,53.4,52.1,40.8,complete,A06,0,263,56.5,,17.6,right_foot,
SYN-00003-01969,1969,5447.2,5288.2,2,89,pass,away,A06,52.1,40.8,53.6,23.1,complete,A14,0,263,52.3,,17.7,left_foot,
SYN-00003-01970,1970,5451,5292,2,89,carry,away,A14,53.6,23.1,43.1,24.2,complete,,0,263,,25,10.6,,
SYN-00003-01971,1971,5452.6,5293.5,2,89,pressure,home,H15,43.1,24.2,,,,,0,263,,,,,
SYN-00003-01972,1972,5452.6,5293.5,2,89,pass,away,A14,43.1,24.2,14.8,26.9,intercepted,A10,1,263,84.5,,34.8,right_foot,
SYN-00003-01973,1973,5453.8,5294.7,2,89,interception,home,H13,14.8,26.9,,,won,,0,263,,,,,
SYN-00003-01974,1974,5453.8,5294.7,2,89,possession_change,home,H13,14.8,26.9,,,interception,,0,264,,,,,
SYN-00003-01975,1975,5454.9,5295.9,2,89,pass,home,H13,14.8,26.9,5.2,41,complete,H04,0,264,44.8,,17,right_foot,
SYN-00003-01976,1976,5457.5,5298.5,2,89,pass,home,H04,5.2,41,1,28,complete,H13,0,264,49.6,,13.7,right_foot,
SYN-00003-01977,1977,5460.6,5301.6,2,89,pass,home,H13,1,28,9.9,10.6,complete,H02,0,264,51.4,,19.5,right_foot,
SYN-00003-01978,1978,5464.4,5305.3,2,89,pass,home,H02,9.9,10.6,23.5,29.1,complete,H14,0,264,63.9,,23,left_foot,
SYN-00003-01979,1979,5467,5307.9,2,89,pass,home,H14,23.5,29.1,4,35.1,complete,H01,0,264,58.4,,20.4,right_foot,
SYN-00003-01980,1980,5469.4,5310.3,2,89,pass,home,H01,4,35.1,12.2,52.3,intercepted,H05,0,264,65.8,,26.5,right_foot,
SYN-00003-01981,1981,5470.4,5311.4,2,89,interception,away,A09,12.2,52.3,,,won,,0,264,,,,,
SYN-00003-01982,1982,5470.4,5311.4,2,89,possession_change,away,A09,12.2,52.3,,,interception,,0,265,,,,,
SYN-00003-01983,1983,5471.4,5312.4,2,89,pass,away,A09,12.2,52.3,6.3,40.1,complete,A10,0,265,40.9,,13.5,right_foot,
SYN-00003-01984,1984,5474.1,5315.1,2,89,pass,away,A10,6.3,40.1,4.3,11,complete,A11,0,265,63.6,,29.1,head,
SYN-00003-01985,1985,5476.9,5317.9,2,89,pass,away,A11,4.3,11,11.3,0,out,A10,0,265,53.8,,19.1,right_foot,
SYN-00003-01986,1986,5478.2,5319.2,2,89,possession_change,home,H02,11.3,1,,,out_of_play,,0,266,,,,,
SYN-00003-01987,1987,5491.8,5332.7,2,89,pass,home,H02,11.3,1,1,39.9,complete,H04,0,266,80.5,,40.2,right_foot,
SYN-00003-01988,1988,5496,5336.9,2,89,carry,home,H04,1,39.9,12.1,35.7,complete,,0,266,,15.5,11.8,,
SYN-00003-01989,1989,5498.7,5339.7,2,89,pass,home,H04,12.1,35.7,15.8,7,complete,H02,0,266,63.5,,28.9,right_foot,
SYN-00003-01990,1990,5501.6,5342.6,2,90,pass,home,H02,15.8,7,41.9,34.4,complete,H08,0,266,76.2,,37.7,right_foot,
SYN-00003-01991,1991,5505.5,5346.4,2,90,carry,home,H08,41.9,34.4,46.9,31.3,dispossessed,,0,266,,25.4,5.9,,
SYN-00003-01992,1992,5506.3,5347.2,2,90,tackle,away,A10,46.9,31.3,,,won,,0,266,,,,,
SYN-00003-01993,1993,5506.3,5347.2,2,90,possession_change,away,A10,46.9,31.3,,,tackle,,0,267,,,,,
SYN-00003-01994,1994,5507.2,5348.2,2,90,pass,away,A10,46.9,31.3,40.6,31.3,incomplete,A07,0,267,49.3,,11.8,right_foot,
SYN-00003-01995,1995,5510.2,5351.1,2,90,possession_change,home,H15,40.6,31.3,,,recovery,,0,268,,,,,
SYN-00003-01996,1996,5510.2,5351.1,2,90,pass,home,H15,40.6,31.3,29.2,2.9,complete,H02,0,268,60.6,,30.6,right_foot,
SYN-00003-01997,1997,5514,5355,2,90,pass,home,H02,29.2,2.9,65.3,1,incomplete,H09,0,268,69.5,,37.5,right_foot,
SYN-00003-01998,1998,5517.5,5358.4,2,90,possession_change,away,A14,65.3,1,,,recovery,,0,269,,,,,
SYN-00003-01999,1999,5517.5,5358.4,2,90,pressure,home,H09,65.3,1,,,,,0,269,,,,,
SYN-00003-02000,2000,5517.5,5358.4,2,90,pass,away,A14,65.3,1,95.8,21.4,complete,A04,1,269,83.2,,36.7,right_foot,
SYN-00003-02001,2001,5521.6,5362.5,2,90,carry,away,A04,95.8,21.4,84.1,18.9,complete,,0,269,,22.9,11.9,,
SYN-00003-02002,2002,5523.5,5364.4,2,90,pass,away,A04,84.1,18.9,79.8,1.4,complete,A15,0,269,56.1,,18,right_foot,
SYN-00003-02003,2003,5526.1,5367.1,2,90,pass,away,A15,79.8,1.4,33.3,4.8,complete,A11,0,269,82.1,,46.5,right_foot,
SYN-00003-02004,2004,5529.9,5370.9,2,90,pass,away,A11,33.3,4.8,47,31.6,complete,A06,0,269,69.1,,30.1,right_foot,
SYN-00003-02005,2005,5534.2,5375.1,2,90,pass,away,A06,47,31.6,24.2,8.6,complete,A11,0,269,72.1,,32.4,right_foot,
SYN-00003-02006,2006,5537.3,5378.2,2,90,pass,away,A11,24.2,8.6,40.9,19,complete,A14,0,269,47.4,,19.6,head,
SYN-00003-02007,2007,5540.6,5381.5,2,90,pressure,home,H15,40.9,19,,,,,0,269,,,,,
SYN-00003-02008,2008,5540.6,5381.5,2,90,pass,away,A14,40.9,19,24,6.4,complete,A11,1,269,50.1,,21,left_foot,
SYN-00003-02009,2009,5543.9,5384.8,2,90,pass,away,A11,24,6.4,2,30,complete,A10,0,269,71.5,,32.3,right_foot,
SYN-00003-02010,2010,5548.1,5389,2,90,sprint,away,A04,58.9,24,,,,,0,269,,32.1,47.7,,
SYN-00003-02011,2011,5548.1,5389,2,90,pass,away,A10,2,30,30.5,20.9,complete,A14,0,269,64.6,,29.9,right_foot,
SYN-00003-02012,2012,5551,5391.9,2,90,pass,away,A14,30.5,20.9,12.1,2.8,complete,A11,0,269,61.2,,25.8,head,
SYN-00003-02013,2013,5555.2,5396.1,2,90,pass,away,A11,12.1,2.8,1,20.7,complete,A10,0,269,49.3,,21.1,right_foot,
SYN-00003-02014,2014,5558.1,5399.1,2,90,carry,away,A10,1,20.7,1,19.3,dispossessed,,0,269,,18.4,2.3,,
SYN-00003-02015,2015,5558.6,5399.5,2,90,tackle,home,H13,1,19.3,,,won,,0,269,,,,,
SYN-00003-02016,2016,5558.6,5399.5,2,90,possession_change,home,H13,1,19.3,,,tackle,,0,270,,,,,
SYN-00003-02017,2017,5560,5401,2,91,carry,home,H13,1,19.3,15,15.9,complete,,0,270,,25.8,14.4,,
SYN-00003-02018,2018,5562,5403,2,91,pass,home,H13,15,15.9,2.4,26.6,complete,H01,0,270,50,,16.5,head,
SYN-00003-02019,2019,5564.5,5405.5,2,91,pass,home,H01,2.4,26.6,1,41.4,complete,H04,0,270,38.8,,14.9,right_foot,
SYN-00003-02020,2020,5568.4,5409.3,2,91,pressure,away,A10,1,41.4,,,,,0,270,,,,,
SYN-00003-02021,2021,5568.4,5409.3,2,91,pass,home,H04,1,41.4,4.9,27.1,complete,H13,1,270,47.2,,14.8,right_foot,
SYN-00003-02022,2022,5572.1,5413.1,2,91,pass,home,H13,4.9,27.1,34.9,19,complete,H15,0,270,68.4,,31,right_foot,
SYN-00003-02023,2023,5575.8,5416.7,2,91,pass,home,H15,34.9,19,34.5,28,complete,H14,0,270,38.5,,9,right_foot,
SYN-00003-02024,2024,5578.5,5419.5,2,91,pass,home,H14,34.5,28,51.1,16.7,complete,H15,0,270,57,,20.1,left_foot,
SYN-00003-02025,2025,5581.9,5422.8,2,91,pass,home,H15,51.1,16.7,55.8,40.7,complete,H08,0,270,53,,24.4,right_foot,
SYN-00003-02026,2026,5586.1,5427,2,91,pass,home,H08,55.8,40.7,53.2,24.5,complete,H15,0,270,45.6,,16.4,right_foot,
SYN-00003-02027,2027,5588.7,5429.7,2,91,pass,home,H15,53.2,24.5,25.2,22.3,complete,H13,0,270,64.3,,28.1,right_foot,
SYN-00003-02028,2028,5592.5,5433.5,2,91,pass,home,H13,25.2,22.3,53.3,39.3,incomplete,H08,0,270,76.8,,32,right_foot,
SYN-00003-02029,2029,5596.1,5437.1,2,91,possession_change,away,A07,53.3,39.3,,,recovery,,0,271,,,,,
SYN-00003-02030,2030,5596.1,5437.1,2,91,pass,away,A07,53.3,39.3,29.4,59,complete,A09,0,271,67.3,,31,head,
SYN-00003-02031,2031,5600.6,5441.5,2,91,pass,away,A09,29.4,59,39.4,45.7,complete,A07,0,271,47.7,,16.6,right_foot,
SYN-00003-02032,2032,5604.2,5445.2,2,91,pressure,home,H08,39.4,45.7,,,,,0,271,,,,,
SYN-00003-02033,2033,5604.2,5445.2,2,91,pass,away,A07,39.4,45.7,26.6,41.1,intercepted,A10,1,271,69.7,,27.4,right_foot,
SYN-00003-02034,2034,5604.9,5445.9,2,91,interception,home,H14,26.6,41.1,,,won,,0,271,,,,,
SYN-00003-02035,2035,5604.9,5445.9,2,91,possession_change,home,H14,26.6,41.1,,,interception,,0,272,,,,,
SYN-00003-02036,2036,5605.9,5446.8,2,91,pass,home,H14,26.6,41.1,16.6,9.4,complete,H02,0,272,80.9,,33.2,left_foot,
SYN-00003-02037,2037,5608.6,5449.6,2,91,pass,home,H02,16.6,9.4,5.9,22.9,complete,H13,0,272,52.5,,17.3,right_foot,
SYN-00003-02038,2038,5612.3,5453.2,2,91,pressure,away,A10,5.9,22.9,,,,,0,272,,,,,
SYN-00003-02039,2039,5612.3,5453.2,2,91,carry,home,H13,5.9,22.9,9.3,24.2,dispossessed,,1,272,,14.3,3.6,,
SYN-00003-02040,2040,5613.2,5454.2,2,91,foul,away,A10,9.3,24.2,,,free_kick,,0,272,,,,,
SYN-00003-02041,2041,5634.1,5475.1,2,92,pass,home,H13,9.3,24.2,4.7,37.4,complete,H04,0,273,48.7,,14,right_foot,
SYN-00003-02042,2042,5637.6,5478.6,2,92,pass,home,H04,4.7,37.4,24.2,32.6,complete,H14,0,273,52.8,,20.1,left_foot,
SYN-00003-02043,2043,5641.7,5482.7,2,92,pass,home,H14,24.2,32.6,43.9,21.6,complete,H15,0,273,54.9,,22.6,left_foot,
SYN-00003-02044,2044,5646,5486.9,2,92,pass,home,H15,43.9,21.6,76.2,2.1,complete,H09,0,273,82.9,,37.7,right_foot,
SYN-00003-02045,2045,5649.8,5490.8,2,92,pressure,away,A14,76.2,2.1,,,,,0,273,,,,,
SYN-00003-02046,2046,5649.8,5490.8,2,92,pass,home,H09,76.2,2.1,65.1,16,complete,H15,1,273,52,,17.7,left_foot,
SYN-00003-02047,2047,5653,5494,2,92,pass,home,H15,65.1,16,83.8,6.9,complete,H09,0,273,54.5,,20.8,left_foot,
SYN-00003-02048,2048,5656.2,5497.2,2,92,pass,home,H09,83.8,6.9,54.7,24,complete,H14,0,273,72.1,,33.8,right_foot,
SYN-00003-02049,2049,5660.2,5501.2,2,92,pass,home,H14,54.7,24,55.9,22.7,complete,H15,0,273,27.9,,1.7,left_foot,
SYN-00003-02050,2050,5662.6,5503.5,2,92,pass,home,H15,55.9,22.7,81.2,4.7,complete,H09,0,273,71.2,,31,right_foot,
SYN-00003-02051,2051,5665.3,5506.3,2,92,pass,home,H09,81.2,4.7,64.5,20.2,incomplete,H14,0,273,62.2,,29.5,right_foot,
SYN-00003-02052,2052,5668.2,5509.1,2,92,possession_change,away,A10,64.5,20.2,,,recovery,,0,274,,,,,
SYN-00003-02053,2053,5668.2,5509.1,2,92,period_end,home,,,,,,end_of_period_2,,0,274,,,,,
