id,seq,t,clock,period,minute,type,team,player_id,x,y,end_x,end_y,outcome,receiver_id,under_pressure,possession,ball_speed_kmh,player_speed_kmh,distance_m,body_part,xg
SYN-00001-00001,1,0,0,1,1,kickoff,away,A10,52.5,34,,,,,0,1,,,,,
SYN-00001-00002,2,1,1,1,1,pass,away,A10,52.5,34,79.9,31.8,complete,A04,0,1,73,,27.5,right_foot,
SYN-00001-00003,3,5.2,5.2,1,1,pass,away,A04,79.9,31.8,73.5,68,out,A06,0,1,36.3,,8.3,left_foot,
SYN-00001-00004,4,6,6,1,1,possession_change,home,H11,73.5,67,,,out_of_play,,0,2,,,,,
SYN-00001-00005,5,23.9,23.9,1,1,pass,home,H11,73.5,67,67.2,54.1,complete,H08,0,2,54.9,,14.4,right_foot,
SYN-00001-00006,6,26.7,26.7,1,1,pass,home,H08,67.2,54.1,51.3,40.5,complete,H06,0,2,51.9,,20.9,left_foot,
SYN-00001-00007,7,29.2,29.2,1,1,pass,home,H06,51.3,40.5,61.2,26,complete,H07,0,2,54.1,,17.6,left_foot,
SYN-00001-00008,8,33.1,33.1,1,1,pressure,away,A10,61.2,26,,,,,0,2,,,,,
SYN-00001-00009,9,33.1,33.1,1,1,pass,home,H07,61.2,26,45.4,34.9,complete,H06,1,2,58.3,,18.1,left_foot,
SYN-00001-00010,10,35.5,35.5,1,1,carry,home,H06,45.4,34.9,55.4,28,complete,,0,2,,21.8,12.1,,
SYN-00001-00011,11,37.5,37.5,1,1,pressure,away,A10,55.4,28,,,,,0,2,,,,,
SYN-00001-00012,12,37.5,37.5,1,1,pass,home,H06,55.4,28,57.1,18.2,complete,H07,1,2,41.5,,10,right_foot,
SYN-00001-00013,13,40.3,40.3,1,1,sprint,home,H09,81.5,6.1,,,,,0,2,,31,42.1,,
SYN-00001-00014,14,40.3,40.3,1,1,pass,home,H07,57.1,18.2,54.6,34.2,complete,H08,0,2,50.7,,16.2,left_foot,
SYN-00001-00015,15,43.3,43.3,1,1,pass,home,H08,54.6,34.2,78,61.9,complete,H11,0,2,72.9,,36.2,left_foot,
SYN-00001-00016,16,47.4,47.4,1,1,pass,home,H11,78,61.9,65,52.5,complete,H08,0,2,50.1,,16.1,right_foot,
SYN-00001-00017,17,51.5,51.5,1,1,pass,home,H08,65,52.5,67,0,out,H07,0,2,60.4,,25.9,right_foot,
SYN-00001-00018,18,53,53,1,1,possession_change,away,A11,67,1,,,out_of_play,,0,3,,,,,
SYN-00001-00019,19,62.9,62.9,1,2,pass,away,A11,67,1,75.8,12.3,intercepted,A04,0,3,58,,22.2,right_foot,
SYN-00001-00020,20,63.8,63.8,1,2,interception,home,H10,75.8,12.3,,,won,,0,3,,,,,
SYN-00001-00021,21,63.8,63.8,1,2,possession_change,home,H10,75.8,12.3,,,interception,,0,4,,,,,
SYN-00001-00022,22,64.9,64.9,1,2,pass,home,H10,75.8,12.3,63.3,40.7,complete,H08,0,4,72.7,,31,right_foot,
SYN-00001-00023,23,69.3,69.3,1,2,pass,home,H08,63.3,40.7,98.1,38.3,incomplete,H10,0,4,78.1,,35,right_foot,
SYN-00001-00024,24,73,73,1,2,possession_change,away,A01,98.1,38.3,,,recovery,,0,5,,,,,
SYN-00001-00025,25,73,73,1,2,carry,away,A01,98.1,38.3,83.8,43.3,complete,,0,5,,23.5,15.1,,
SYN-00001-00026,26,75.3,75.3,1,2,pass,away,A01,83.8,43.3,72.1,40.4,complete,A06,0,5,45.9,,12.1,right_foot,
SYN-00001-00027,27,78.3,78.3,1,2,pass,away,A06,72.1,40.4,85.6,61.7,complete,A02,0,5,50.4,,25.2,right_foot,
SYN-00001-00028,28,82.5,82.5,1,2,pass,away,A02,85.6,61.7,99.9,32.3,complete,A04,0,5,78.1,,32.6,right_foot,
SYN-00001-00029,29,86.4,86.4,1,2,pass,away,A04,99.9,32.3,81.2,35,complete,A06,0,5,49.7,,18.9,right_foot,
SYN-00001-00030,30,90.6,90.6,1,2,carry,away,A06,81.2,35,78.6,38.3,complete,,0,5,,17.9,4.2,,
SYN-00001-00031,31,91.4,91.4,1,2,carry,away,A06,78.6,38.3,73.1,39.9,complete,,0,5,,25.7,5.7,,
SYN-00001-00032,32,92.2,92.2,1,2,pressure,home,H10,73.1,39.9,,,,,0,5,,,,,
SYN-00001-00033,33,92.2,92.2,1,2,carry,away,A06,73.1,39.9,61.1,47.4,complete,,1,5,,25.7,14.2,,
SYN-00001-00034,34,94.2,94.2,1,2,pass,away,A06,61.1,47.4,54.2,29.3,complete,A08,0,5,60.2,,19.4,left_foot,
SYN-00001-00035,35,96.9,96.9,1,2,pass,away,A08,54.2,29.3,51.7,45.9,complete,A07,0,5,50.6,,16.8,right_foot,
SYN-00001-00036,36,100.7,100.7,1,2,sprint,away,A08,49.2,25,,,,,0,5,,33.3,48.2,,
SYN-00001-00037,37,100.7,100.7,1,2,pressure,home,H10,51.7,45.9,,,,,0,5,,,,,
SYN-00001-00038,38,100.7,100.7,1,2,pass,away,A07,51.7,45.9,70.1,10.7,complete,A05,1,5,88.4,,39.8,right_foot,
SYN-00001-00039,39,104.2,104.2,1,2,pressure,home,H10,70.1,10.7,,,,,0,5,,,,,
SYN-00001-00040,40,104.2,104.2,1,2,pass,away,A05,70.1,10.7,55.7,14.7,complete,A08,1,5,47,,15,right_foot,
SYN-00001-00041,41,107.4,107.4,1,2,pressure,home,H10,55.7,14.7,,,,,0,5,,,,,
SYN-00001-00042,42,107.4,107.4,1,2,pass,away,A08,55.7,14.7,64.4,25.8,complete,A06,1,5,33.5,,14.2,right_foot,
SYN-00001-00043,43,110.8,110.8,1,2,pass,away,A06,64.4,25.8,56.1,18.8,complete,A08,0,5,33.8,,10.9,right_foot,
SYN-00001-00044,44,114.3,114.3,1,2,pass,away,A08,56.1,18.8,29.8,7.6,complete,A11,0,5,61.7,,28.6,head,
SYN-00001-00045,45,118.5,118.5,1,2,pass,away,A11,29.8,7.6,52.9,28,complete,A06,0,5,70.9,,30.8,left_foot,
SYN-00001-00046,46,122.4,122.4,1,3,pressure,home,H10,52.9,28,,,,,0,5,,,,,
SYN-00001-00047,47,122.4,122.4,1,3,pass,away,A06,52.9,28,53.5,44.9,complete,A07,1,5,49,,16.8,left_foot,
SYN-00001-00048,48,124.7,124.7,1,3,pass,away,A07,53.5,44.9,65,39.1,complete,A06,0,5,49.4,,12.9,right_foot,
SYN-00001-00049,49,127.9,127.9,1,3,pass,away,A06,65,39.1,61.1,44.8,complete,A07,0,5,37.8,,7,right_foot,
SYN-00001-00050,50,130.7,130.7,1,3,pass,away,A07,61.1,44.8,83.7,49.7,complete,A03,0,5,62.3,,23.1,left_foot,
SYN-00001-00051,51,133.3,133.3,1,3,pass,away,A03,83.7,49.7,85.8,60.7,complete,A02,0,5,38.9,,11.2,right_foot,
SYN-00001-00052,52,135.4,135.4,1,3,pass,away,A02,85.8,60.7,72.3,48.2,incomplete,A06,0,5,48.9,,19.1,right_foot,
SYN-00001-00053,53,139.1,139.1,1,3,possession_change,home,H10,72.3,48.2,,,recovery,,0,6,,,,,
SYN-00001-00054,54,139.1,139.1,1,3,pass,home,H10,72.3,48.2,88.3,63.5,intercepted,H11,0,6,56.5,,24.4,left_foot,
SYN-00001-00055,55,140.5,140.5,1,3,interception,away,A02,88.3,63.5,,,won,,0,6,,,,,
SYN-00001-00056,56,140.5,140.5,1,3,possession_change,away,A02,88.3,63.5,,,interception,,0,7,,,,,
SYN-00001-00057,57,141.2,141.2,1,3,pass,away,A02,88.3,63.5,94.6,51.3,complete,A03,0,7,41.8,,13.7,left_foot,
SYN-00001-00058,58,144.3,144.3,1,3,sprint,away,A08,68.6,26.3,,,,,0,7,,30.9,46.3,,
SYN-00001-00059,59,144.3,144.3,1,3,pass,away,A03,94.6,51.3,90.8,67,complete,A02,0,7,47.5,,16.2,left_foot,
SYN-00001-00060,60,147.1,147.1,1,3,pass,away,A02,90.8,67,78.5,41.5,complete,A06,0,7,59.7,,28.3,right_foot,
SYN-00001-00061,61,150.9,150.9,1,3,pass,away,A06,78.5,41.5,95.2,43,complete,A03,0,7,41,,16.7,right_foot,
SYN-00001-00062,62,154.3,154.3,1,3,pressure,home,H10,95.2,43,,,,,0,7,,,,,
SYN-00001-00063,63,154.3,154.3,1,3,pass,away,A03,95.2,43,92.6,60.6,complete,A02,1,7,40.5,,17.7,right_foot,
SYN-00001-00064,64,158.6,158.6,1,3,sprint,home,H09,62.9,20.6,,,,,0,7,,26.1,31.6,,
SYN-00001-00065,65,158.6,158.6,1,3,pass,away,A02,92.6,60.6,81.6,40.3,complete,A06,0,7,56.4,,23,right_foot,
SYN-00001-00066,66,161.6,161.6,1,3,pass,away,A06,81.6,40.3,63.8,45.5,complete,A07,0,7,51.2,,18.5,right_foot,
SYN-00001-00067,67,165,165,1,3,pass,away,A07,63.8,45.5,90.2,29.7,incomplete,A04,0,7,63.2,,29.2,left_foot,
SYN-00001-00068,68,168.6,168.6,1,3,possession_change,home,H10,90.2,29.7,,,recovery,,0,8,,,,,
SYN-00001-00069,69,168.6,168.6,1,3,pass,home,H10,90.2,29.7,66.1,43.4,complete,H08,0,8,67.2,,27.7,right_foot,
SYN-00001-00070,70,171.3,171.3,1,3,pass,home,H08,66.1,43.4,61,26.9,complete,H07,0,8,45.6,,17.3,left_foot,
SYN-00001-00071,71,175.1,175.1,1,3,pass,home,H07,61,26.9,47.6,31.4,complete,H06,0,8,47,,14.1,right_foot,
SYN-00001-00072,72,177.7,177.7,1,3,pass,home,H06,47.6,31.4,73.8,57.3,complete,H11,0,8,74.4,,36.8,right_foot,
SYN-00001-00073,73,180.8,180.8,1,4,pass,home,H11,73.8,57.3,86.7,47.8,intercepted,H10,0,8,78.3,,31.7,right_foot,
SYN-00001-00074,74,181.5,181.5,1,4,interception,away,A06,86.7,47.8,,,won,,0,8,,,,,
SYN-00001-00075,75,181.5,181.5,1,4,possession_change,away,A06,86.7,47.8,,,interception,,0,9,,,,,
SYN-00001-00076,76,182.7,182.7,1,4,pass,away,A06,86.7,47.8,69.3,46,complete,A07,0,9,52.2,,17.5,right_foot,
SYN-00001-00077,77,186.5,186.5,1,4,carry,away,A07,69.3,46,61.8,54.1,complete,,0,9,,19.3,11,,
SYN-00001-00078,78,188.6,188.6,1,4,pass,away,A07,61.8,54.1,72.8,61,complete,A02,0,9,43.1,,13,left_foot,
SYN-00001-00079,79,191,191,1,4,pass,away,A02,72.8,61,63.4,45.6,complete,A07,0,9,52.3,,18,right_foot,
SYN-00001-00080,80,195.1,195.1,1,4,pass,away,A07,63.4,45.6,26.9,61.2,complete,A09,0,9,83.5,,39.7,right_foot,
SYN-00001-00081,81,198.7,198.7,1,4,pass,away,A09,26.9,61.2,13.4,48.3,intercepted,A10,0,9,71.1,,29.3,right_foot,
SYN-00001-00082,82,199.6,199.6,1,4,interception,home,H04,13.4,48.3,,,won,,0,9,,,,,
SYN-00001-00083,83,199.6,199.6,1,4,possession_change,home,H04,13.4,48.3,,,interception,,0,10,,,,,
SYN-00001-00084,84,200.2,200.2,1,4,pressure,away,A10,13.4,48.3,,,,,0,10,,,,,
SYN-00001-00085,85,200.2,200.2,1,4,carry,home,H04,13.4,48.3,18.1,46.4,complete,,1,10,,22.7,5.1,,
SYN-00001-00086,86,201,201,1,4,pass,home,H04,18.1,46.4,13.6,30.4,incomplete,H03,0,10,56,,20.8,left_foot,
SYN-00001-00087,87,203.4,203.4,1,4,possession_change,away,A10,13.6,30.4,,,recovery,,0,11,,,,,
SYN-00001-00088,88,203.4,203.4,1,4,pass,away,A10,13.6,30.4,7.5,49.5,intercepted,A09,0,11,67.6,,28.5,left_foot,
SYN-00001-00089,89,204.5,204.5,1,4,interception,home,H05,7.5,49.5,,,won,,0,11,,,,,
SYN-00001-00090,90,204.5,204.5,1,4,possession_change,home,H05,7.5,49.5,,,interception,,0,12,,,,,
SYN-00001-00091,91,205.3,205.3,1,4,carry,home,H05,7.5,49.5,11.8,52.2,complete,,0,12,,17.1,5.1,,
SYN-00001-00092,92,206.4,206.4,1,4,pass,home,H05,11.8,52.2,24.6,37.9,complete,H06,0,12,51.2,,19.2,right_foot,
SYN-00001-00093,93,209.6,209.6,1,4,pass,home,H06,24.6,37.9,43.3,40.9,complete,H08,0,12,46.7,,18.9,right_foot,
SYN-00001-00094,94,214,214,1,4,pass,home,H08,43.3,40.9,33.3,55.4,complete,H05,0,12,52.5,,17.6,right_foot,
SYN-00001-00095,95,216.9,216.9,1,4,pass,home,H05,33.3,55.4,12.1,33.3,complete,H03,0,12,76.4,,30.7,right_foot,
SYN-00001-00096,96,220.7,220.7,1,4,pass,home,H03,12.1,33.3,10.8,7.4,complete,H02,0,12,60.5,,25.9,right_foot,
SYN-00001-00097,97,224.7,224.7,1,4,carry,home,H02,10.8,7.4,13.3,1,complete,,0,12,,19.7,14,,
SYN-00001-00098,98,227.2,227.2,1,4,pass,home,H02,13.3,1,1,14.8,complete,H03,0,12,54,,18.5,right_foot,
SYN-00001-00099,99,229.5,229.5,1,4,pressure,away,A10,1,14.8,,,,,0,12,,,,,
SYN-00001-00100,100,229.5,229.5,1,4,pass,home,H03,1,14.8,19.6,36.6,complete,H06,1,12,59.3,,28.7,left_foot,
SYN-00001-00101,101,233.9,233.9,1,4,pass,home,H06,19.6,36.6,37.8,16.6,incomplete,H07,0,12,74.5,,26.5,left_foot,
SYN-00001-00102,102,237.6,237.6,1,4,possession_change,away,A11,37.8,16.6,,,recovery,,0,13,,,,,
SYN-00001-00103,103,237.6,237.6,1,4,pass,away,A11,37.8,16.6,54.6,32.6,complete,A06,0,13,57.2,,23.2,right_foot,
SYN-00001-00104,104,240.7,240.7,1,5,pass,away,A06,54.6,32.6,52,47.1,complete,A07,0,13,42.8,,14.8,right_foot,
SYN-00001-00105,105,244.6,244.6,1,5,pass,away,A07,52,47.1,23.2,60.7,incomplete,A09,0,13,74.2,,34.2,left_foot,
SYN-00001-00106,106,248.1,248.1,1,5,possession_change,home,H05,23.2,60.7,,,recovery,,0,14,,,,,
SYN-00001-00107,107,248.1,248.1,1,5,pressure,away,A10,23.2,60.7,,,,,0,14,,,,,
SYN-00001-00108,108,248.1,248.1,1,5,pass,home,H05,23.2,60.7,29.3,42.4,complete,H06,1,14,52.5,,19.4,left_foot,
SYN-00001-00109,109,250.7,250.7,1,5,pass,home,H06,29.3,42.4,16.3,41.7,complete,H04,0,14,39.5,,13,right_foot,
SYN-00001-00110,110,254.3,254.3,1,5,pass,home,H04,16.3,41.7,40.6,53.6,complete,H08,0,14,60.1,,27.1,right_foot,
SYN-00001-00111,111,258.6,258.6,1,5,pass,home,H08,40.6,53.6,51.5,23,complete,H07,0,14,71.7,,32.5,right_foot,
SYN-00001-00112,112,262.5,262.5,1,5,pass,home,H07,51.5,23,56.2,46.1,complete,H08,0,14,58.5,,23.5,right_foot,
SYN-00001-00113,113,264.9,264.9,1,5,pass,home,H08,56.2,46.1,46.7,33.3,complete,H06,0,14,47.4,,15.9,right_foot,
SYN-00001-00114,114,269,269,1,5,pass,home,H06,46.7,33.3,33.6,62.3,complete,H05,0,14,64.2,,31.9,right_foot,
SYN-00001-00115,115,272.5,272.5,1,5,pass,home,H05,33.6,62.3,68.7,63.6,complete,H11,0,14,62.5,,35.2,left_foot,
SYN-00001-00116,116,275.9,275.9,1,5,pass,home,H11,68.7,63.6,62.9,55.5,complete,H08,0,14,44.3,,10,right_foot,
SYN-00001-00117,117,279.2,279.2,1,5,pass,home,H08,62.9,55.5,58.4,25.7,complete,H07,0,14,75.3,,30.2,right_foot,
SYN-00001-00118,118,283.7,283.7,1,5,carry,home,H07,58.4,25.7,61.1,18.5,complete,,0,14,,14.7,7.7,,
SYN-00001-00119,119,285.5,285.5,1,5,sprint,away,A09,56.7,51.8,,,,,0,14,,30.6,40.7,,
SYN-00001-00120,120,285.5,285.5,1,5,carry,home,H07,61.1,18.5,75.5,14.8,complete,,0,14,,14.6,14.8,,
SYN-00001-00121,121,289.2,289.2,1,5,pass,home,H07,75.5,14.8,98.9,24.8,complete,H10,0,14,57,,25.5,right_foot,
SYN-00001-00122,122,293.1,293.1,1,5,pass,home,H10,98.9,24.8,95.6,56.3,complete,H11,0,14,65.1,,31.7,right_foot,
SYN-00001-00123,123,297.6,297.6,1,5,carry,home,H11,95.6,56.3,99.8,54.4,dispossessed,,0,14,,14.3,5.7,,
SYN-00001-00124,124,299.1,299.1,1,5,tackle,away,A03,99.8,54.4,,,won,,0,14,,,,,
SYN-00001-00125,125,299.1,299.1,1,5,possession_change,away,A03,99.8,54.4,,,tackle,,0,15,,,,,
SYN-00001-00126,126,299.9,299.9,1,5,pass,away,A03,99.8,54.4,88,38.7,complete,A06,0,15,56.7,,19.6,left_foot,
SYN-00001-00127,127,303.9,303.9,1,6,pass,away,A06,88,38.7,99.4,26.5,complete,A04,0,15,39.2,,16.6,right_foot,
SYN-00001-00128,128,307.1,307.1,1,6,pass,away,A04,99.4,26.5,80.1,31.1,complete,A06,0,15,52.2,,19.8,right_foot,
SYN-00001-00129,129,309.7,309.7,1,6,pass,away,A06,80.1,31.1,92.8,24.7,complete,A04,0,15,38.4,,14.2,right_foot,
SYN-00001-00130,130,313.3,313.3,1,6,carry,away,A04,92.8,24.7,88.8,23.6,dispossessed,,0,15,,21,4.1,,
SYN-00001-00131,131,314,314,1,6,tackle,home,H10,88.8,23.6,,,won,,0,15,,,,,
SYN-00001-00132,132,314,314,1,6,possession_change,home,H10,88.8,23.6,,,tackle,,0,16,,,,,
SYN-00001-00133,133,315.1,315.1,1,6,pressure,away,A06,88.8,23.6,,,,,0,16,,,,,
SYN-00001-00134,134,315.1,315.1,1,6,pass,home,H10,88.8,23.6,89.4,0,out,H09,1,16,54.8,,22,right_foot,
SYN-00001-00135,135,316.6,316.6,1,6,possession_change,away,A05,89.4,1,,,out_of_play,,0,17,,,,,
SYN-00001-00136,136,336.4,336.4,1,6,pass,away,A05,89.4,1,97.9,31.4,incomplete,A03,0,17,66,,32.8,right_foot,
SYN-00001-00137,137,340.5,340.5,1,6,possession_change,home,H10,97.9,31.4,,,recovery,,0,18,,,,,
SYN-00001-00138,138,340.5,340.5,1,6,pass,home,H10,97.9,31.4,94.3,0,out,H09,0,18,61.3,,27,left_foot,
SYN-00001-00139,139,342.1,342.1,1,6,possession_change,away,A05,94.3,1,,,out_of_play,,0,19,,,,,
SYN-00001-00140,140,358.6,358.6,1,6,pressure,home,H09,94.3,1,,,,,0,19,,,,,
SYN-00001-00141,141,358.6,358.6,1,6,pass,away,A05,94.3,1,99.8,27.4,incomplete,A01,1,19,62,,26.4,left_foot,
SYN-00001-00142,142,361.5,361.5,1,7,possession_change,home,H10,99.8,27.4,,,recovery,,0,20,,,,,
SYN-00001-00143,143,361.5,361.5,1,7,pressure,away,A01,99.8,27.4,,,,,0,20,,,,,
SYN-00001-00144,144,361.5,361.5,1,7,pass,home,H10,99.8,27.4,90.2,23.3,intercepted,H07,1,20,55,,16.6,right_foot,
SYN-00001-00145,145,362.2,362.2,1,7,interception,away,A08,90.2,23.3,,,won,,0,20,,,,,
SYN-00001-00146,146,362.2,362.2,1,7,possession_change,away,A08,90.2,23.3,,,interception,,0,21,,,,,
SYN-00001-00147,147,363.4,363.4,1,7,pass,away,A08,90.2,23.3,63.7,44.9,incomplete,A07,0,21,68.8,,29.2,left_foot,
SYN-00001-00148,148,366.9,366.9,1,7,possession_change,home,H11,63.7,44.9,,,recovery,,0,22,,,,,
SYN-00001-00149,149,366.9,366.9,1,7,pass,home,H11,63.7,44.9,49.2,36.8,complete,H06,0,22,44,,16.6,right_foot,
SYN-00001-00150,150,371,371,1,7,pass,home,H06,49.2,36.8,51.2,51.7,complete,H08,0,22,46,,15,left_foot,
SYN-00001-00151,151,374.7,374.7,1,7,pressure,away,A10,51.2,51.7,,,,,0,22,,,,,
SYN-00001-00152,152,374.7,374.7,1,7,pass,home,H08,51.2,51.7,32.4,64.4,complete,H05,1,22,60.1,,22.7,right_foot,
SYN-00001-00153,153,377.7,377.7,1,7,pass,home,H05,32.4,64.4,44.9,52.2,complete,H08,0,22,61.9,,17.5,right_foot,
SYN-00001-00154,154,380.8,380.8,1,7,pass,home,H08,44.9,52.2,44.3,37.8,complete,H06,0,22,49.4,,14.4,right_foot,
SYN-00001-00155,155,384.2,384.2,1,7,pass,home,H06,44.3,37.8,80.6,10.6,complete,H09,0,22,92.7,,45.4,left_foot,
SYN-00001-00156,156,388,388,1,7,pass,home,H09,80.6,10.6,67.5,36.2,complete,H08,0,22,65,,28.7,left_foot,
SYN-00001-00157,157,391.8,391.8,1,7,pass,home,H08,67.5,36.2,48.6,33.6,complete,H06,0,22,54.1,,19.1,right_foot,
SYN-00001-00158,158,395.1,395.1,1,7,pressure,away,A10,48.6,33.6,,,,,0,22,,,,,
SYN-00001-00159,159,395.1,395.1,1,7,pass,home,H06,48.6,33.6,59.4,17.7,complete,H07,1,22,52.9,,19.2,right_foot,
SYN-00001-00160,160,398.3,398.3,1,7,pass,home,H07,59.4,17.7,82.2,11.3,incomplete,H09,0,22,55.2,,24.2,right_foot,
SYN-00001-00161,161,401.3,401.3,1,7,possession_change,away,A05,82.2,11.3,,,recovery,,0,23,,,,,
SYN-00001-00162,162,401.3,401.3,1,7,pass,away,A05,82.2,11.3,98.5,22,complete,A04,0,23,55.3,,19.5,head,
SYN-00001-00163,163,405.1,405.1,1,7,pass,away,A04,98.5,22,86.2,28.2,complete,A06,0,23,42,,13.8,right_foot,
SYN-00001-00164,164,408.8,408.8,1,7,pass,away,A06,86.2,28.2,104,35.9,complete,A01,0,23,60.8,,19.4,right_foot,
SYN-00001-00165,165,412.8,412.8,1,7,pressure,home,H10,104,35.9,,,,,0,23,,,,,
SYN-00001-00166,166,412.8,412.8,1,7,pass,away,A01,104,35.9,104,32.1,incomplete,A04,1,23,35.9,,5.9,right_foot,
SYN-00001-00167,167,414.5,414.5,1,7,possession_change,home,H10,104,32.1,,,recovery,,0,24,,,,,
SYN-00001-00168,168,414.5,414.5,1,7,carry,home,H10,104,32.1,104,41.4,complete,,0,24,,16.9,9.8,,
SYN-00001-00169,169,416.6,416.6,1,7,pressure,away,A03,104,41.4,,,,,0,24,,,,,
SYN-00001-00170,170,416.6,416.6,1,7,pass,home,H10,104,41.4,79.2,24.3,complete,H07,1,24,69.5,,30.2,right_foot,
SYN-00001-00171,171,420.8,420.8,1,8,pass,home,H07,79.2,24.3,96.4,31.2,incomplete,H10,0,24,53.2,,22.5,left_foot,
SYN-00001-00172,172,424.2,424.2,1,8,possession_change,away,A01,96.4,31.2,,,recovery,,0,25,,,,,
SYN-00001-00173,173,424.2,424.2,1,8,pass,away,A01,96.4,31.2,99.9,44.1,complete,A03,0,25,44.9,,13.4,head,
SYN-00001-00174,174,426.3,426.3,1,8,pressure,home,H10,99.9,44.1,,,,,0,25,,,,,
SYN-00001-00175,175,426.3,426.3,1,8,pass,away,A03,99.9,44.1,72.2,48.1,complete,A07,1,25,61.8,,28,left_foot,
SYN-00001-00176,176,429.2,429.2,1,8,pass,away,A07,72.2,48.1,91.2,47.9,complete,A03,0,25,53.2,,19.1,left_foot,
SYN-00001-00177,177,431.8,431.8,1,8,pressure,home,H10,91.2,47.9,,,,,0,25,,,,,
SYN-00001-00178,178,431.8,431.8,1,8,pass,away,A03,91.2,47.9,103.4,39.3,complete,A01,1,25,44.5,,14.9,right_foot,
SYN-00001-00179,179,435.8,435.8,1,8,pass,away,A01,103.4,39.3,94.8,53.2,complete,A02,0,25,53.1,,16.3,left_foot,
SYN-00001-00180,180,439.5,439.5,1,8,pressure,home,H10,94.8,53.2,,,,,0,25,,,,,
SYN-00001-00181,181,439.5,439.5,1,8,carry,away,A02,94.8,53.2,84.3,57,complete,,1,25,,17.2,11.2,,
SYN-00001-00182,182,441.9,441.9,1,8,pass,away,A02,84.3,57,104,39.2,complete,A01,0,25,70.7,,26.5,right_foot,
SYN-00001-00183,183,444.3,444.3,1,8,pressure,home,H10,104,39.2,,,,,0,25,,,,,
SYN-00001-00184,184,444.3,444.3,1,8,pass,away,A01,104,39.2,85.7,32.3,complete,A06,1,25,60.1,,19.6,left_foot,
SYN-00001-00185,185,447.5,447.5,1,8,pass,away,A06,85.7,32.3,62.9,44.7,complete,A07,0,25,61.5,,25.9,right_foot,
SYN-00001-00186,186,451.2,451.2,1,8,pass,away,A07,62.9,44.7,66.6,36.5,complete,A06,0,25,39.1,,9,right_foot,
SYN-00001-00187,187,454.8,454.8,1,8,pass,away,A06,66.6,36.5,85.6,29.9,complete,A04,0,25,46.8,,20.1,right_foot,
SYN-00001-00188,188,459.1,459.1,1,8,pass,away,A04,85.6,29.9,94.7,38.6,complete,A03,0,25,43.3,,12.6,right_foot,
SYN-00001-00189,189,462.3,462.3,1,8,pass,away,A03,94.7,38.6,73.1,31.4,complete,A06,0,25,56.4,,22.8,left_foot,
SYN-00001-00190,190,465.4,465.4,1,8,pass,away,A06,73.1,31.4,57,48.7,complete,A07,0,25,55.3,,23.7,left_foot,
SYN-00001-00191,191,468.6,468.6,1,8,pressure,home,H10,57,48.7,,,,,0,25,,,,,
SYN-00001-00192,192,468.6,468.6,1,8,pass,away,A07,57,48.7,80,63.8,complete,A02,1,25,66.5,,27.5,left_foot,
SYN-00001-00193,193,471.5,471.5,1,8,pass,away,A02,80,63.8,40,61.1,complete,A09,0,25,85.3,,40.1,right_foot,
SYN-00001-00194,194,475.5,475.5,1,8,carry,away,A09,40,61.1,33.2,67,complete,,0,25,,18.9,12.6,,
SYN-00001-00195,195,477.9,477.9,1,8,pass,away,A09,33.2,67,44.6,54.8,complete,A07,0,25,54.2,,16.7,left_foot,
SYN-00001-00196,196,481.4,481.4,1,9,pass,away,A07,44.6,54.8,54.8,40.7,complete,A06,0,25,47.2,,17.4,right_foot,
SYN-00001-00197,197,484.2,484.2,1,9,pass,away,A06,54.8,40.7,84.6,42.8,complete,A03,0,25,62.2,,29.9,right_foot,
SYN-00001-00198,198,488.9,488.9,1,9,sprint,away,A07,64.1,48.2,,,,,0,25,,31.9,16.9,,
SYN-00001-00199,199,488.9,488.9,1,9,pass,away,A03,84.6,42.8,63.7,31,complete,A08,0,25,60.1,,24.1,right_foot,
SYN-00001-00200,200,492.4,492.4,1,9,pass,away,A08,63.7,31,70.6,12.8,complete,A05,0,25,59.9,,19.5,right_foot,
SYN-00001-00201,201,495.2,495.2,1,9,pressure,home,H10,70.6,12.8,,,,,0,25,,,,,
SYN-00001-00202,202,495.2,495.2,1,9,pass,away,A05,70.6,12.8,90,35.6,complete,A03,1,25,64.7,,30,left_foot,
SYN-00001-00203,203,499.1,499.1,1,9,pressure,home,H10,90,35.6,,,,,0,25,,,,,
SYN-00001-00204,204,499.1,499.1,1,9,pass,away,A03,90,35.6,98.6,24,complete,A04,1,25,46.9,,14.5,right_foot,
SYN-00001-00205,205,502.5,502.5,1,9,pass,away,A04,98.6,24,102.2,39.4,complete,A03,0,25,40.2,,15.8,right_foot,
SYN-00001-00206,206,506.8,506.8,1,9,pass,away,A03,102.2,39.4,98.4,8.9,complete,A05,0,25,71.9,,30.7,left_foot,
SYN-00001-00207,207,511.1,511.1,1,9,carry,away,A05,98.4,8.9,91.5,6,complete,,0,25,,17.9,7.5,,
SYN-00001-00208,208,512.6,512.6,1,9,pass,away,A05,91.5,6,83.3,0,out,A06,0,25,56.8,,24,left_foot,
SYN-00001-00209,209,514.2,514.2,1,9,possession_change,home,H09,83.3,1,,,out_of_play,,0,26,,,,,
SYN-00001-00210,210,524.3,524.3,1,9,pass,home,H09,83.3,1,68.7,15.8,complete,H07,0,26,51.3,,20.8,left_foot,
SYN-00001-00211,211,527.1,527.1,1,9,pass,home,H07,68.7,15.8,59.4,42.8,complete,H08,0,26,66.6,,28.5,left_foot,
SYN-00001-00212,212,530.1,530.1,1,9,pass,home,H08,59.4,42.8,39.5,13.3,complete,H02,0,26,71.9,,35.6,head,
SYN-00001-00213,213,532.9,532.9,1,9,pass,home,H02,39.5,13.3,17.6,19.3,complete,H03,0,26,63.6,,22.7,right_foot,
SYN-00001-00214,214,537.1,537.1,1,9,pass,home,H03,17.6,19.3,44.5,15.9,complete,H07,0,26,66.3,,27.1,right_foot,
SYN-00001-00215,215,539.6,539.6,1,9,pressure,away,A10,44.5,15.9,,,,,0,26,,,,,
SYN-00001-00216,216,539.6,539.6,1,9,pass,home,H07,44.5,15.9,82,4.6,complete,H09,1,26,73,,39.1,left_foot,
SYN-00001-00217,217,542.9,542.9,1,10,pass,home,H09,82,4.6,64.7,19.7,complete,H07,0,26,52.8,,23,right_foot,
SYN-00001-00218,218,546.8,546.8,1,10,carry,home,H07,64.7,19.7,73.8,19.1,complete,,0,26,,24.3,9.1,,
SYN-00001-00219,219,548.1,548.1,1,10,pass,home,H07,73.8,19.1,64.6,42.9,complete,H08,0,26,68.2,,25.5,right_foot,
SYN-00001-00220,220,552.4,552.4,1,10,pass,home,H08,64.6,42.9,84.2,19.3,intercepted,H09,0,26,73,,33.9,right_foot,
SYN-00001-00221,221,554,554,1,10,interception,away,A05,84.2,19.3,,,won,,0,26,,,,,
SYN-00001-00222,222,554,554,1,10,possession_change,away,A05,84.2,19.3,,,interception,,0,27,,,,,
SYN-00001-00223,223,554.9,554.9,1,10,pressure,home,H10,84.2,19.3,,,,,0,27,,,,,
SYN-00001-00224,224,554.9,554.9,1,10,carry,away,A05,84.2,19.3,75.9,8.8,complete,,1,27,,25.5,13.4,,
SYN-00001-00225,225,556.7,556.7,1,10,pressure,home,H10,75.9,8.8,,,,,0,27,,,,,
SYN-00001-00226,226,556.7,556.7,1,10,pass,away,A05,75.9,8.8,97.6,25.1,complete,A01,1,27,70.8,,27.2,right_foot,
SYN-00001-00227,227,559.8,559.8,1,10,pressure,home,H10,97.6,25.1,,,,,0,27,,,,,
SYN-00001-00228,228,559.8,559.8,1,10,pass,away,A01,97.6,25.1,77.7,31.2,complete,A06,1,27,54.2,,20.8,left_foot,
SYN-00001-00229,229,563.9,563.9,1,10,pressure,home,H10,77.7,31.2,,,,,0,27,,,,,
SYN-00001-00230,230,563.9,563.9,1,10,pass,away,A06,77.7,31.2,61.9,47.1,complete,A07,1,27,55.2,,22.4,right_foot,
SYN-00001-00231,231,568,568,1,10,pass,away,A07,61.9,47.1,53.9,23.2,complete,A08,0,27,63.6,,25.3,right_foot,
SYN-00001-00232,232,571.3,571.3,1,10,carry,away,A08,53.9,23.2,44.4,24.5,complete,,0,27,,15.9,9.6,,
SYN-00001-00233,233,573.5,573.5,1,10,pass,away,A08,44.4,24.5,65.8,9.9,complete,A05,0,27,63.7,,25.9,right_foot,
SYN-00001-00234,234,577.8,577.8,1,10,pass,away,A05,65.8,9.9,86.9,21.3,complete,A04,0,27,59.7,,24,right_foot,
SYN-00001-00235,235,581.1,581.1,1,10,pass,away,A04,86.9,21.3,66.4,39.9,complete,A07,0,27,63.3,,27.7,right_foot,
SYN-00001-00236,236,584.9,584.9,1,10,pressure,home,H10,66.4,39.9,,,,,0,27,,,,,
SYN-00001-00237,237,584.9,584.9,1,10,pass,away,A07,66.4,39.9,89.9,26.4,incomplete,A04,1,27,63.7,,25.9,right_foot,
SYN-00001-00238,238,588.7,588.7,1,10,possession_change,home,H10,89.9,26.4,,,recovery,,0,28,,,,,
SYN-00001-00239,239,588.7,588.7,1,10,carry,home,H10,89.9,26.4,104,32.6,complete,,0,28,,18,15.8,,
SYN-00001-00240,240,591.8,591.8,1,10,shot,home,H10,104,32.6,105,37.2,goal,,0,28,75.8,,1.7,foot,0.899
SYN-00001-00241,241,651.8,651.8,1,11,kickoff,away,A10,52.5,34,,,,,0,29,,,,,
SYN-00001-00242,242,652.8,652.8,1,11,pass,away,A10,52.5,34,51.5,23.8,complete,A08,0,29,30.6,,10.2,head,
SYN-00001-00243,243,655.8,655.8,1,11,carry,away,A08,51.5,23.8,40.4,30.4,complete,,0,29,,20.6,12.8,,
SYN-00001-00244,244,658,658,1,11,pass,away,A08,40.4,30.4,56.5,36,complete,A06,0,29,49.2,,17,left_foot,
SYN-00001-00245,245,661,661,1,12,carry,away,A06,56.5,36,50.7,35.2,complete,,0,29,,14.3,5.8,,
SYN-00001-00246,246,662.5,662.5,1,12,pass,away,A06,50.7,35.2,26,54.6,complete,A09,0,29,69,,31.5,right_foot,
SYN-00001-00247,247,666.3,666.3,1,12,pass,away,A09,26,54.6,48.2,45.4,complete,A06,0,29,53.5,,24,right_foot,
SYN-00001-00248,248,670,670,1,12,pass,away,A06,48.2,45.4,69,60.2,complete,A02,0,29,68.1,,25.6,right_foot,
SYN-00001-00249,249,674.1,674.1,1,12,pressure,home,H11,69,60.2,,,,,0,29,,,,,
SYN-00001-00250,250,674.1,674.1,1,12,pass,away,A02,69,60.2,35.9,65.1,complete,A09,1,29,73.4,,33.5,right_foot,
SYN-00001-00251,251,678.4,678.4,1,12,pass,away,A09,35.9,65.1,55.4,35.1,complete,A06,0,29,68.1,,35.8,right_foot,
SYN-00001-00252,252,681.5,681.5,1,12,pass,away,A06,55.4,35.1,25.3,14,complete,A11,0,29,73.8,,36.8,right_foot,
SYN-00001-00253,253,685.7,685.7,1,12,shot,away,A11,25.3,14,0,32.9,saved,,0,29,99.3,,32.3,foot,0.012
SYN-00001-00254,254,687.3,687.3,1,12,possession_change,home,H01,6,34,,,goalkeeper_save,,0,30,,,,,
SYN-00001-00255,255,695.6,695.6,1,12,pass,home,H01,6,34,1,29.2,complete,H03,0,30,31.4,,6.9,right_foot,
SYN-00001-00256,256,697.9,697.9,1,12,carry,home,H03,1,29.2,9.2,19.6,complete,,0,30,,14.9,12.6,,
SYN-00001-00257,257,700.9,700.9,1,12,pass,home,H03,9.2,19.6,3.6,31.6,complete,H01,0,30,45.6,,13.2,right_foot,
SYN-00001-00258,258,704.4,704.4,1,12,pass,home,H01,3.6,31.6,1,23.4,complete,H03,0,30,39,,8.6,left_foot,
SYN-00001-00259,259,706.2,706.2,1,12,pass,home,H03,1,23.4,25.3,68,out,H08,0,30,71.9,,35,left_foot,
SYN-00001-00260,260,708,708,1,12,possession_change,away,A09,25.3,67,,,out_of_play,,0,31,,,,,
SYN-00001-00261,261,721.8,721.8,1,13,pressure,home,H08,25.3,67,,,,,0,31,,,,,
SYN-00001-00262,262,721.8,721.8,1,13,carry,away,A09,25.3,67,22.1,67,dispossessed,,1,31,,19.2,3.7,,
SYN-00001-00263,263,722.5,722.5,1,13,tackle,home,H05,22.1,67,,,won,,0,31,,,,,
SYN-00001-00264,264,722.5,722.5,1,13,possession_change,home,H05,22.1,67,,,tackle,,0,32,,,,,
SYN-00001-00265,265,723.7,723.7,1,13,pass,home,H05,22.1,67,2.3,68,out,H01,0,32,77.7,,36,left_foot,
SYN-00001-00266,266,725.3,725.3,1,13,possession_change,away,A10,2.3,67,,,out_of_play,,0,33,,,,,
SYN-00001-00267,267,736.3,736.3,1,13,pressure,home,H05,2.3,67,,,,,0,33,,,,,
SYN-00001-00268,268,736.3,736.3,1,13,carry,away,A10,2.3,67,1,60.2,complete,,1,33,,14.8,8.7,,
SYN-00001-00269,269,738.5,738.5,1,13,pressure,home,H04,1,60.2,,,,,0,33,,,,,
SYN-00001-00270,270,738.5,738.5,1,13,pass,away,A10,1,60.2,1.4,55.9,complete,A09,1,33,42,,4.3,left_foot,
SYN-00001-00271,271,741.4,741.4,1,13,shot,away,A09,1.4,55.9,0,39,off_target,,0,33,86.5,,21.9,foot,0.039
SYN-00001-00272,272,742.9,742.9,1,13,possession_change,home,H01,6,34,,,goal_kick,,0,34,,,,,
SYN-00001-00273,273,763.7,763.7,1,13,pass,home,H01,6,34,20,37.8,complete,H06,0,34,49,,14.5,right_foot,
SYN-00001-00274,274,767.5,767.5,1,13,pass,home,H06,20,37.8,18.7,59.9,complete,H05,0,34,56.7,,22.1,left_foot,
SYN-00001-00275,275,771.3,771.3,1,13,pass,home,H05,18.7,59.9,43.1,53.7,complete,H08,0,34,57.8,,25.2,right_foot,
SYN-00001-00276,276,774.3,774.3,1,13,pass,home,H08,43.1,53.7,54.9,32.5,complete,H07,0,34,56.6,,24.3,left_foot,
SYN-00001-00277,277,778.5,778.5,1,13,pass,home,H07,54.9,32.5,48.3,30.1,complete,H06,0,34,36.4,,7,right_foot,
SYN-00001-00278,278,781.4,781.4,1,14,pass,home,H06,48.3,30.1,53.2,44.9,complete,H08,0,34,51,,15.6,right_foot,
SYN-00001-00279,279,784.9,784.9,1,14,pass,home,H08,53.2,44.9,77.5,60.6,complete,H11,0,34,67.4,,29,right_foot,
SYN-00001-00280,280,789.3,789.3,1,14,carry,home,H11,77.5,60.6,79.8,63.9,complete,,0,34,,25,4,,
SYN-00001-00281,281,789.9,789.9,1,14,pass,home,H11,79.8,63.9,102.5,40.8,incomplete,H10,0,34,72.7,,31.9,right_foot,
SYN-00001-00282,282,792.9,792.9,1,14,possession_change,away,A01,102.5,40.8,,,recovery,,0,35,,,,,
SYN-00001-00283,283,792.9,792.9,1,14,pass,away,A01,102.5,40.8,83.2,38,complete,A06,0,35,55.7,,19.5,left_foot,
SYN-00001-00284,284,796.8,796.8,1,14,pass,away,A06,83.2,38,63.5,24,complete,A08,0,35,68.6,,24.1,right_foot,
SYN-00001-00285,285,800.9,800.9,1,14,pass,away,A08,63.5,24,74.7,3.9,complete,A05,0,35,57.1,,23,right_foot,
SYN-00001-00286,286,804,804,1,14,pass,away,A05,74.7,3.9,93,14.5,incomplete,A04,0,35,51.3,,19.5,right_foot,
SYN-00001-00287,287,806.9,806.9,1,14,possession_change,home,H10,93,14.5,,,recovery,,0,36,,,,,
SYN-00001-00288,288,806.9,806.9,1,14,shot,home,H10,93,14.5,95,14.5,blocked,,0,36,83.7,,22.9,foot,0.04
SYN-00001-00289,289,809.4,809.4,1,14,pass,home,H10,86.8,14.5,62.7,31.7,complete,H06,0,36,64,,29.6,left_foot,
SYN-00001-00290,290,812.5,812.5,1,14,pass,home,H06,62.7,31.7,85.4,56.7,complete,H11,0,36,62.4,,33.7,left_foot,
SYN-00001-00291,291,817.5,817.5,1,14,pass,home,H11,85.4,56.7,104,44.9,complete,H10,0,36,56.1,,22.1,right_foot,
SYN-00001-00292,292,820.8,820.8,1,14,pass,home,H10,104,44.9,98.1,11.6,complete,H09,0,36,74.1,,33.8,right_foot,
SYN-00001-00293,293,824.7,824.7,1,14,pressure,away,A04,98.1,11.6,,,,,0,36,,,,,
SYN-00001-00294,294,824.7,824.7,1,14,pass,home,H09,98.1,11.6,78.6,9.3,complete,H07,1,36,53.2,,19.6,right_foot,
SYN-00001-00295,295,827.9,827.9,1,14,pass,home,H07,78.6,9.3,69.2,45.7,complete,H08,0,36,77.6,,37.6,right_foot,
SYN-00001-00296,296,831,831,1,14,pressure,away,A07,69.2,45.7,,,,,0,36,,,,,
SYN-00001-00297,297,831,831,1,14,carry,home,H08,69.2,45.7,77,48.2,complete,,1,36,,19.5,8.2,,
SYN-00001-00298,298,832.5,832.5,1,14,carry,home,H08,77,48.2,84.7,57.5,complete,,0,36,,20.5,12,,
SYN-00001-00299,299,834.6,834.6,1,14,pass,home,H08,84.7,57.5,97.7,67,incomplete,H11,0,36,44.6,,13.7,left_foot,
SYN-00001-00300,300,836.9,836.9,1,14,possession_change,away,A02,97.7,67,,,recovery,,0,37,,,,,
SYN-00001-00301,301,836.9,836.9,1,14,pass,away,A02,97.7,67,104,49.7,complete,A03,0,37,52,,18.4,right_foot,
SYN-00001-00302,302,839.2,839.2,1,14,pressure,home,H10,104,49.7,,,,,0,37,,,,,
SYN-00001-00303,303,839.2,839.2,1,14,pass,away,A03,104,49.7,75.3,68,out,A06,1,37,58.2,,18.8,right_foot,
SYN-00001-00304,304,840.3,840.3,1,15,possession_change,home,H11,75.3,67,,,out_of_play,,0,38,,,,,
SYN-00001-00305,305,860.3,860.3,1,15,pass,home,H11,75.3,67,61.3,58.6,complete,H08,0,38,54.6,,16.4,left_foot,
SYN-00001-00306,306,863.8,863.8,1,15,pass,home,H08,61.3,58.6,86.4,67,incomplete,H11,0,38,58,,22.9,right_foot,
SYN-00001-00307,307,866.9,866.9,1,15,possession_change,away,A02,86.4,67,,,recovery,,0,39,,,,,
SYN-00001-00308,308,866.9,866.9,1,15,pass,away,A02,86.4,67,104,37.5,complete,A01,0,39,73.4,,34.3,right_foot,
SYN-00001-00309,309,870.1,870.1,1,15,pass,away,A01,104,37.5,94.1,63.9,complete,A02,0,39,69.6,,28.2,right_foot,
SYN-00001-00310,310,873.5,873.5,1,15,pressure,home,H10,94.1,63.9,,,,,0,39,,,,,
SYN-00001-00311,311,873.5,873.5,1,15,pass,away,A02,94.1,63.9,102.6,68,out,A04,1,39,68.3,,28.2,right_foot,
SYN-00001-00312,312,874.9,874.9,1,15,possession_change,home,H11,102.6,67,,,out_of_play,,0,40,,,,,
SYN-00001-00313,313,888.7,888.7,1,15,pressure,away,A02,102.6,67,,,,,0,40,,,,,
SYN-00001-00314,314,888.7,888.7,1,15,pass,home,H11,102.6,67,101,44.8,incomplete,H10,1,40,50.2,,23.1,right_foot,
SYN-00001-00315,315,892.2,892.2,1,15,possession_change,away,A01,101,44.8,,,recovery,,0,41,,,,,
SYN-00001-00316,316,892.2,892.2,1,15,pass,away,A01,101,44.8,92.2,67,incomplete,A02,0,41,60.3,,21.4,right_foot,
SYN-00001-00317,317,894.6,894.6,1,15,possession_change,home,H11,92.2,67,,,recovery,,0,42,,,,,
SYN-00001-00318,318,894.6,894.6,1,15,pass,home,H11,92.2,67,72.5,55.3,complete,H08,0,42,56.1,,22.9,right_foot,
SYN-00001-00319,319,897.1,897.1,1,15,pass,home,H08,72.5,55.3,85.5,64.6,complete,H11,0,42,50.4,,16,right_foot,
SYN-00001-00320,320,899.5,899.5,1,15,sprint,away,A07,78.9,58.2,,,,,0,42,,30.8,45.3,,
SYN-00001-00321,321,899.5,899.5,1,15,pass,home,H11,85.5,64.6,102.8,39.3,complete,H10,0,42,60,,30.6,right_foot,
SYN-00001-00322,322,903.9,903.9,1,16,pressure,away,A01,102.8,39.3,,,,,0,42,,,,,
SYN-00001-00323,323,903.9,903.9,1,16,shot,home,H10,102.8,39.3,105,40.2,off_target,,1,42,82.6,,5.7,foot,0.317
SYN-00001-00324,324,904.7,904.7,1,16,possession_change,away,A01,99,34,,,goal_kick,,0,43,,,,,
SYN-00001-00325,325,934.5,934.5,1,16,pass,away,A01,99,34,70.5,23.1,complete,A08,0,43,70.5,,30.5,right_foot,
SYN-00001-00326,326,937.4,937.4,1,16,pass,away,A08,70.5,23.1,75.7,6.4,complete,A05,0,43,48.9,,17.5,left_foot,
SYN-00001-00327,327,940.8,940.8,1,16,pass,away,A05,75.7,6.4,84.2,51.9,complete,A02,0,43,84.5,,46.2,left_foot,
SYN-00001-00328,328,944.4,944.4,1,16,pressure,home,H10,84.2,51.9,,,,,0,43,,,,,
SYN-00001-00329,329,944.4,944.4,1,16,carry,away,A02,84.2,51.9,75.8,46.3,complete,,1,43,,19.8,10,,
SYN-00001-00330,330,946.2,946.2,1,16,carry,away,A02,75.8,46.3,70.3,43.3,complete,,0,43,,16.2,6.3,,
SYN-00001-00331,331,947.6,947.6,1,16,carry,away,A02,70.3,43.3,54.9,43.3,complete,,0,43,,15,15.5,,
SYN-00001-00332,332,951.3,951.3,1,16,pass,away,A02,54.9,43.3,81.8,48.6,complete,A03,0,43,68.5,,27.4,left_foot,
SYN-00001-00333,333,954.4,954.4,1,16,pass,away,A03,81.8,48.6,102.4,43.1,incomplete,A01,0,43,61.3,,23.6,right_foot,
SYN-00001-00334,334,957.3,957.3,1,16,possession_change,home,H10,102.4,43.1,,,recovery,,0,44,,,,,
SYN-00001-00335,335,957.3,957.3,1,16,carry,home,H10,102.4,43.1,104,42.8,complete,,0,44,,19.2,9,,
SYN-00001-00336,336,958.9,958.9,1,16,pass,home,H10,104,42.8,104,59.4,complete,H11,0,44,48.8,,16.5,right_foot,
SYN-00001-00337,337,963,963,1,17,carry,home,H11,104,59.4,104,57.3,complete,,0,44,,20.4,5.7,,
SYN-00001-00338,338,964,964,1,17,pass,home,H11,104,57.3,100.5,68,out,H10,0,44,56.6,,21,left_foot,
SYN-00001-00339,339,965.3,965.3,1,17,possession_change,away,A02,100.5,67,,,out_of_play,,0,45,,,,,
SYN-00001-00340,340,977.2,977.2,1,17,pressure,home,H11,100.5,67,,,,,0,45,,,,,
SYN-00001-00341,341,977.2,977.2,1,17,carry,away,A02,100.5,67,96.5,66,dispossessed,,1,45,,23.7,4.1,,
SYN-00001-00342,342,977.8,977.8,1,17,foul,home,H11,96.5,66,,,free_kick,,0,45,,,,,
SYN-00001-00343,343,1008,1008,1,17,pass,away,A02,96.5,66,82.8,41.8,complete,A06,0,46,64.2,,27.8,right_foot,
SYN-00001-00344,344,1011.2,1011.2,1,17,pass,away,A06,82.8,41.8,87.3,55.5,complete,A02,0,46,42.2,,14.4,right_foot,
SYN-00001-00345,345,1014.1,1014.1,1,17,pass,away,A02,87.3,55.5,104,43.1,complete,A01,0,46,60.8,,20.7,left_foot,
SYN-00001-00346,346,1017.3,1017.3,1,17,pass,away,A01,104,43.1,87.7,36.2,incomplete,A06,0,46,49.4,,18.5,right_foot,
SYN-00001-00347,347,1019.8,1019.8,1,17,possession_change,home,H10,87.7,36.2,,,recovery,,0,47,,,,,
SYN-00001-00348,348,1019.8,1019.8,1,17,pass,home,H10,87.7,36.2,90.8,56.3,incomplete,H11,0,47,46.6,,21.1,left_foot,
SYN-00001-00349,349,1023.8,1023.8,1,18,possession_change,away,A02,90.8,56.3,,,recovery,,0,48,,,,,
SYN-00001-00350,350,1023.8,1023.8,1,18,pass,away,A02,90.8,56.3,79.7,36.9,complete,A06,0,48,56.8,,22.4,right_foot,
SYN-00001-00351,351,1026.4,1026.4,1,18,pressure,home,H10,79.7,36.9,,,,,0,48,,,,,
SYN-00001-00352,352,1026.4,1026.4,1,18,pass,away,A06,79.7,36.9,59.2,26.3,complete,A08,1,48,57.1,,23.1,right_foot,
SYN-00001-00353,353,1029.8,1029.8,1,18,carry,away,A08,59.2,26.3,49.8,20.7,complete,,0,48,,21.2,11,,
SYN-00001-00354,354,1031.7,1031.7,1,18,pass,away,A08,49.8,20.7,74.2,2.9,complete,A05,0,48,69.4,,30.2,right_foot,
SYN-00001-00355,355,1035.3,1035.3,1,18,pass,away,A05,74.2,2.9,85.1,17,complete,A04,0,48,48.7,,17.8,left_foot,
SYN-00001-00356,356,1038.6,1038.6,1,18,carry,away,A04,85.1,17,77.8,21.4,complete,,0,48,,17.4,8.5,,
SYN-00001-00357,357,1040.4,1040.4,1,18,pass,away,A04,77.8,21.4,86.4,6,complete,A05,0,48,40.6,,17.6,right_foot,
SYN-00001-00358,358,1043.8,1043.8,1,18,pass,away,A05,86.4,6,66.9,12.8,complete,A08,0,48,49.6,,20.6,right_foot,
SYN-00001-00359,359,1047.6,1047.6,1,18,pass,away,A08,66.9,12.8,93.7,39.6,complete,A03,0,48,77.2,,37.9,right_foot,
SYN-00001-00360,360,1051.1,1051.1,1,18,pass,away,A03,93.7,39.6,91.8,10.8,complete,A05,0,48,64.8,,28.9,right_foot,
SYN-00001-00361,361,1054.7,1054.7,1,18,pressure,home,H10,91.8,10.8,,,,,0,48,,,,,
SYN-00001-00362,362,1054.7,1054.7,1,18,pass,away,A05,91.8,10.8,62.5,0,out,A08,1,48,73.5,,29,head,
SYN-00001-00363,363,1056.1,1056.1,1,18,possession_change,home,H09,62.5,1,,,out_of_play,,0,49,,,,,
SYN-00001-00364,364,1072,1072,1,18,pass,home,H09,62.5,1,57.7,12.2,complete,H07,0,49,51.2,,12.2,left_foot,
SYN-00001-00365,365,1074.1,1074.1,1,18,pressure,away,A11,57.7,12.2,,,,,0,49,,,,,
SYN-00001-00366,366,1074.1,1074.1,1,18,carry,home,H07,57.7,12.2,63.2,16.6,complete,,1,49,,14.2,7.1,,
SYN-00001-00367,367,1075.9,1075.9,1,18,pass,home,H07,63.2,16.6,53.1,25.1,complete,H06,0,49,37.3,,13.2,left_foot,
SYN-00001-00368,368,1079.6,1079.6,1,18,pass,home,H06,53.1,25.1,54.5,43.5,complete,H08,0,49,51.4,,18.5,right_foot,
SYN-00001-00369,369,1083.4,1083.4,1,19,pressure,away,A10,54.5,43.5,,,,,0,49,,,,,
SYN-00001-00370,370,1083.4,1083.4,1,19,pass,home,H08,54.5,43.5,44.6,33.8,complete,H06,1,49,39,,13.9,right_foot,
SYN-00001-00371,371,1085.9,1085.9,1,19,pressure,away,A10,44.6,33.8,,,,,0,49,,,,,
SYN-00001-00372,372,1085.9,1085.9,1,19,pass,home,H06,44.6,33.8,75.1,61.3,incomplete,H11,1,49,76.9,,37.6,head,
SYN-00001-00373,373,1089.6,1089.6,1,19,possession_change,away,A02,75.1,61.3,,,recovery,,0,50,,,,,
SYN-00001-00374,374,1089.6,1089.6,1,19,pass,away,A02,75.1,61.3,93.9,49,complete,A03,0,50,54.4,,22.5,left_foot,
SYN-00001-00375,375,1093.8,1093.8,1,19,carry,away,A03,93.9,49,84.8,45.4,complete,,0,50,,21.8,9.8,,
SYN-00001-00376,376,1095.4,1095.4,1,19,pass,away,A03,84.8,45.4,62.6,24.8,complete,A08,0,50,64.4,,30.3,right_foot,
SYN-00001-00377,377,1099.7,1099.7,1,19,pass,away,A08,62.6,24.8,52,40.2,complete,A07,0,50,55.3,,18.7,right_foot,
SYN-00001-00378,378,1103.7,1103.7,1,19,carry,away,A07,52,40.2,45.7,41.6,complete,,0,50,,20.5,6.5,,
SYN-00001-00379,379,1104.8,1104.8,1,19,pass,away,A07,45.7,41.6,24.8,63.6,complete,A09,0,50,75.4,,30.4,right_foot,
SYN-00001-00380,380,1108.2,1108.2,1,19,pass,away,A09,24.8,63.6,44.3,41,complete,A06,0,50,64.9,,29.9,right_foot,
SYN-00001-00381,381,1111.3,1111.3,1,19,pass,away,A06,44.3,41,20.2,58.4,complete,A09,0,50,64.1,,29.8,right_foot,
SYN-00001-00382,382,1115.6,1115.6,1,19,pass,away,A09,20.2,58.4,1.3,36.8,incomplete,A10,0,50,57.5,,24.5,left_foot,
SYN-00001-00383,383,1119.5,1119.5,1,19,possession_change,home,H03,1.3,36.8,,,recovery,,0,51,,,,,
SYN-00001-00384,384,1119.5,1119.5,1,19,pass,home,H03,1.3,36.8,5.7,8.4,complete,H02,0,51,68.8,,28.7,right_foot,
SYN-00001-00385,385,1122.7,1122.7,1,19,pass,home,H02,5.7,8.4,1.6,25.3,complete,H01,0,51,49.4,,17.4,right_foot,
SYN-00001-00386,386,1125.1,1125.1,1,19,pressure,away,A10,1.6,25.3,,,,,0,51,,,,,
SYN-00001-00387,387,1125.1,1125.1,1,19,carry,home,H01,1.6,25.3,8.8,24.9,complete,,1,51,,20.5,7.2,,
SYN-00001-00388,388,1126.4,1126.4,1,19,pressure,away,A10,8.8,24.9,,,,,0,51,,,,,
SYN-00001-00389,389,1126.4,1126.4,1,19,pass,home,H01,8.8,24.9,36,68,out,H08,1,51,79.1,,34.3,right_foot,
SYN-00001-00390,390,1128,1128,1,19,possession_change,away,A09,36,67,,,out_of_play,,0,52,,,,,
SYN-00001-00391,391,1143.9,1143.9,1,20,pass,away,A09,36,67,61.3,62.9,complete,A02,0,52,63.4,,25.6,left_foot,
SYN-00001-00392,392,1147.4,1147.4,1,20,pass,away,A02,61.3,62.9,55.1,52.9,complete,A07,0,52,42.4,,11.7,left_foot,
SYN-00001-00393,393,1151,1151,1,20,carry,away,A07,55.1,52.9,50.2,56.1,complete,,0,52,,18.4,5.8,,
SYN-00001-00394,394,1152.1,1152.1,1,20,pass,away,A07,50.2,56.1,81.2,51,complete,A03,0,52,76.8,,31.3,right_foot,
SYN-00001-00395,395,1155.3,1155.3,1,20,pass,away,A03,81.2,51,60.5,29.8,complete,A08,0,52,69.1,,29.6,right_foot,
SYN-00001-00396,396,1159,1159,1,20,sprint,home,H10,59.5,32.3,,,,,0,52,,28.6,40.7,,
SYN-00001-00397,397,1159,1159,1,20,pass,away,A08,60.5,29.8,64.2,33.3,complete,A06,0,52,33.9,,5.1,right_foot,
SYN-00001-00398,398,1161.7,1161.7,1,20,pass,away,A06,64.2,33.3,55.3,18.3,complete,A08,0,52,44.6,,17.4,left_foot,
SYN-00001-00399,399,1165.1,1165.1,1,20,pass,away,A08,55.3,18.3,76.3,48.1,complete,A02,0,52,76.2,,36.5,right_foot,
SYN-00001-00400,400,1169,1169,1,20,carry,away,A02,76.3,48.1,66.6,47.6,complete,,0,52,,19,9.8,,
SYN-00001-00401,401,1170.9,1170.9,1,20,pass,away,A02,66.6,47.6,59.9,27.5,complete,A08,0,52,56.7,,21.2,right_foot,
SYN-00001-00402,402,1174,1174,1,20,carry,away,A08,59.9,27.5,52.8,33.1,complete,,0,52,,24.9,9,,
SYN-00001-00403,403,1175.3,1175.3,1,20,pressure,home,H10,52.8,33.1,,,,,0,52,,,,,
SYN-00001-00404,404,1175.3,1175.3,1,20,pass,away,A08,52.8,33.1,11.9,30.8,incomplete,A10,1,52,73.7,,37.5,left_foot,
SYN-00001-00405,405,1178.5,1178.5,1,20,possession_change,home,H03,11.9,30.8,,,recovery,,0,53,,,,,
SYN-00001-00406,406,1178.5,1178.5,1,20,pass,home,H03,11.9,30.8,24.9,33.1,complete,H06,0,53,33.2,,13.2,right_foot,
SYN-00001-00407,407,1181.2,1181.2,1,20,pass,home,H06,24.9,33.1,42.1,21.7,complete,H07,0,53,65.9,,20.6,right_foot,
SYN-00001-00408,408,1184.7,1184.7,1,20,pass,home,H07,42.1,21.7,77.9,9.9,complete,H09,0,53,75.5,,37.7,right_foot,
SYN-00001-00409,409,1188.5,1188.5,1,20,pass,home,H09,77.9,9.9,64.6,16.3,complete,H07,0,53,41.8,,14.7,right_foot,
SYN-00001-00410,410,1191,1191,1,20,pressure,away,A08,64.6,16.3,,,,,0,53,,,,,
SYN-00001-00411,411,1191,1191,1,20,pass,home,H07,64.6,16.3,87.2,33.5,incomplete,H10,1,53,67.7,,30.5,right_foot,
SYN-00001-00412,412,1195.1,1195.1,1,20,possession_change,away,A03,87.2,33.5,,,recovery,,0,54,,,,,
SYN-00001-00413,413,1195.1,1195.1,1,20,pressure,home,H10,87.2,33.5,,,,,0,54,,,,,
SYN-00001-00414,414,1195.1,1195.1,1,20,carry,away,A03,87.2,33.5,82.2,33.9,dispossessed,,1,54,,22.5,5,,
SYN-00001-00415,415,1195.9,1195.9,1,20,foul,home,H10,82.2,33.9,,,free_kick,,0,54,,,,,
SYN-00001-00416,416,1228.5,1228.5,1,21,pass,away,A03,82.2,33.9,96.3,28.9,complete,A04,0,55,55.2,,14.9,head,
SYN-00001-00417,417,1231.1,1231.1,1,21,carry,away,A04,96.3,28.9,87.6,38.2,complete,,0,55,,22.2,12.8,,
SYN-00001-00418,418,1233.1,1233.1,1,21,pass,away,A04,87.6,38.2,65.8,28.4,complete,A08,0,55,58.3,,23.9,left_foot,
SYN-00001-00419,419,1237.3,1237.3,1,21,pass,away,A08,65.8,28.4,87.1,25.4,complete,A04,0,55,62.7,,21.5,head,
SYN-00001-00420,420,1241.2,1241.2,1,21,pass,away,A04,87.1,25.4,63.9,17.5,incomplete,A08,0,55,46.1,,20.9,left_foot,
SYN-00001-00421,421,1244.9,1244.9,1,21,possession_change,home,H09,63.9,17.5,,,recovery,,0,56,,,,,
SYN-00001-00422,422,1244.9,1244.9,1,21,pass,home,H09,63.9,17.5,44.6,29.3,complete,H06,0,56,49.5,,22.6,right_foot,
SYN-00001-00423,423,1248,1248,1,21,pass,home,H06,44.6,29.3,54.3,49.6,complete,H08,0,56,60.8,,22.5,left_foot,
SYN-00001-00424,424,1252,1252,1,21,pass,home,H08,54.3,49.6,40.8,38.8,complete,H06,0,56,50.3,,17.3,right_foot,
SYN-00001-00425,425,1254.9,1254.9,1,21,pass,home,H06,40.8,38.8,21.9,23.8,incomplete,H03,0,56,61.5,,27.8,right_foot,
SYN-00001-00426,426,1257.5,1257.5,1,21,possession_change,away,A10,21.9,23.8,,,recovery,,0,57,,,,,
SYN-00001-00427,427,1257.5,1257.5,1,21,pass,away,A10,21.9,23.8,32.7,43.3,complete,A07,0,57,58.3,,22.3,right_foot,
SYN-00001-00428,428,1261.1,1261.1,1,22,pass,away,A07,32.7,43.3,15.4,59.4,complete,A09,0,57,58.1,,23.7,left_foot,
SYN-00001-00429,429,1265,1265,1,22,shot,away,A09,15.4,59.4,13.4,59.4,blocked,,0,57,81.9,,29.7,foot,0.016
SYN-00001-00430,430,1267.8,1267.8,1,22,carry,away,A09,24.7,59.4,10.4,58.4,complete,,0,57,,14.5,14.3,,
SYN-00001-00431,431,1271.4,1271.4,1,22,pass,away,A09,10.4,58.4,24.8,53,complete,A07,0,57,50.3,,15.4,left_foot,
SYN-00001-00432,432,1274.6,1274.6,1,22,pass,away,A07,24.8,53,27,0,out,A08,0,57,68.1,,26.1,right_foot,
SYN-00001-00433,433,1275.9,1275.9,1,22,possession_change,home,H02,27,1,,,out_of_play,,0,58,,,,,
SYN-00001-00434,434,1289.8,1289.8,1,22,pass,home,H02,27,1,12,17.1,complete,H03,0,58,68.7,,22,left_foot,
SYN-00001-00435,435,1293.3,1293.3,1,22,pass,home,H03,12,17.1,18.8,28.7,complete,H06,0,58,49.4,,13.5,right_foot,
SYN-00001-00436,436,1297.2,1297.2,1,22,pressure,away,A10,18.8,28.7,,,,,0,58,,,,,
SYN-00001-00437,437,1297.2,1297.2,1,22,carry,home,H06,18.8,28.7,23.4,38.6,complete,,1,58,,20.4,11,,
SYN-00001-00438,438,1299.2,1299.2,1,22,pass,home,H06,23.4,38.6,42.2,44.5,complete,H08,0,58,45.2,,19.8,left_foot,
SYN-00001-00439,439,1303.6,1303.6,1,22,carry,home,H08,42.2,44.5,48.4,48.3,complete,,0,58,,23.3,7.2,,
SYN-00001-00440,440,1304.7,1304.7,1,22,pressure,away,A10,48.4,48.3,,,,,0,58,,,,,
SYN-00001-00441,441,1304.7,1304.7,1,22,pass,home,H08,48.4,48.3,72.5,57,incomplete,H11,1,58,66.3,,31.2,left_foot,
SYN-00001-00442,442,1308.5,1308.5,1,22,possession_change,away,A07,72.5,57,,,recovery,,0,59,,,,,
SYN-00001-00443,443,1308.5,1308.5,1,22,pass,away,A07,72.5,57,90,68,out,A03,0,59,55,,21.8,left_foot,
SYN-00001-00444,444,1309.9,1309.9,1,22,possession_change,home,H11,90,67,,,out_of_play,,0,60,,,,,
SYN-00001-00445,445,1328.8,1328.8,1,23,carry,home,H11,90,67,101.7,65.8,complete,,0,60,,21.1,11.8,,
SYN-00001-00446,446,1330.9,1330.9,1,23,pass,home,H11,101.7,65.8,101.4,46.4,complete,H10,0,60,57.8,,19.4,head,
SYN-00001-00447,447,1333.6,1333.6,1,23,pass,home,H10,101.4,46.4,97,8.5,complete,H09,0,60,77.5,,38.2,left_foot,
SYN-00001-00448,448,1336.6,1336.6,1,23,pass,home,H09,97,8.5,72.4,14,complete,H07,0,60,52.4,,25.2,right_foot,
SYN-00001-00449,449,1341.2,1341.2,1,23,pass,home,H07,72.4,14,90.7,3.4,complete,H09,0,60,52.5,,21.2,left_foot,
SYN-00001-00450,450,1344.6,1344.6,1,23,pressure,away,A05,90.7,3.4,,,,,0,60,,,,,
SYN-00001-00451,451,1344.6,1344.6,1,23,shot,home,H09,90.7,3.4,105,34.7,saved,,1,60,88.8,,33.8,foot,0.006
SYN-00001-00452,452,1346.5,1346.5,1,23,possession_change,away,A01,99,34,,,goalkeeper_save,,0,61,,,,,
SYN-00001-00453,453,1350.7,1350.7,1,23,pass,away,A01,99,34,92,68,out,A02,0,61,52.2,,21.4,left_foot,
SYN-00001-00454,454,1352.2,1352.2,1,23,possession_change,home,H11,92,67,,,out_of_play,,0,62,,,,,
SYN-00001-00455,455,1365.7,1365.7,1,23,pressure,away,A02,92,67,,,,,0,62,,,,,
SYN-00001-00456,456,1365.7,1365.7,1,23,carry,home,H11,92,67,96.9,67,complete,,1,62,,18.6,5,,
SYN-00001-00457,457,1366.6,1366.6,1,23,pass,home,H11,96.9,67,101.1,49.2,complete,H10,0,62,59.6,,18.3,right_foot,
SYN-00001-00458,458,1369.8,1369.8,1,23,pass,home,H10,101.1,49.2,103.6,59.8,complete,H11,0,62,35.3,,10.9,left_foot,
SYN-00001-00459,459,1373.3,1373.3,1,23,carry,home,H11,103.6,59.8,104,59.6,complete,,0,62,,25.1,13.8,,
SYN-00001-00460,460,1375.3,1375.3,1,23,pass,home,H11,104,59.6,100.8,45,complete,H10,0,62,56.7,,15,right_foot,
SYN-00001-00461,461,1378.2,1378.2,1,23,pass,home,H10,100.8,45,97.6,62.2,complete,H11,0,62,56.4,,17.5,left_foot,
SYN-00001-00462,462,1380.9,1380.9,1,24,carry,home,H11,97.6,62.2,104,66.5,complete,,0,62,,20.6,7.8,,
SYN-00001-00463,463,1382.2,1382.2,1,24,carry,home,H11,104,66.5,104,56.7,complete,,0,62,,18.7,12.4,,
SYN-00001-00464,464,1384.6,1384.6,1,24,pass,home,H11,104,56.7,105,68,out,H10,0,62,50.6,,19.2,right_foot,
SYN-00001-00465,465,1386,1386,1,24,possession_change,away,A02,104,67,,,out_of_play,,0,63,,,,,
SYN-00001-00466,466,1397.8,1397.8,1,24,pass,away,A02,104,67,100.6,51,complete,A03,0,63,48,,16.4,right_foot,
SYN-00001-00467,467,1400.4,1400.4,1,24,pressure,home,H10,100.6,51,,,,,0,63,,,,,
SYN-00001-00468,468,1400.4,1400.4,1,24,pass,away,A03,100.6,51,79.7,42.4,complete,A06,1,63,58.3,,22.6,right_foot,
SYN-00001-00469,469,1403.2,1403.2,1,24,pass,away,A06,79.7,42.4,59.6,50,complete,A07,0,63,56.2,,21.5,right_foot,
SYN-00001-00470,470,1405.9,1405.9,1,24,pass,away,A07,59.6,50,76.6,67,complete,A02,0,63,66.3,,24,right_foot,
SYN-00001-00471,471,1408.3,1408.3,1,24,pass,away,A02,76.6,67,61.8,30,complete,A08,0,63,87.6,,39.9,left_foot,
SYN-00001-00472,472,1411.7,1411.7,1,24,pass,away,A08,61.8,30,19.5,31.9,complete,A10,0,63,88.5,,42.3,left_foot,
SYN-00001-00473,473,1414.5,1414.5,1,24,pass,away,A10,19.5,31.9,32.2,43.9,complete,A07,0,63,50.1,,17.4,right_foot,
SYN-00001-00474,474,1417.8,1417.8,1,24,pass,away,A07,32.2,43.9,50.3,36.8,complete,A06,0,63,58.2,,19.4,right_foot,
SYN-00001-00475,475,1421.7,1421.7,1,24,pass,away,A06,50.3,36.8,26.5,53.6,complete,A09,0,63,65.9,,29.1,right_foot,
SYN-00001-00476,476,1424.5,1424.5,1,24,pass,away,A09,26.5,53.6,8.8,45.3,intercepted,A10,0,63,65.4,,24.1,left_foot,
SYN-00001-00477,477,1425.6,1425.6,1,24,interception,home,H04,8.8,45.3,,,won,,0,63,,,,,
SYN-00001-00478,478,1425.6,1425.6,1,24,possession_change,home,H04,8.8,45.3,,,interception,,0,64,,,,,
SYN-00001-00479,479,1426.3,1426.3,1,24,sprint,away,A06,63.3,38.5,,,,,0,64,,29.7,37.7,,
SYN-00001-00480,480,1426.3,1426.3,1,24,pass,home,H04,8.8,45.3,25.9,35.8,complete,H06,0,64,42.4,,19.6,right_foot,
SYN-00001-00481,481,1430.1,1430.1,1,24,pass,home,H06,25.9,35.8,44.2,51.4,complete,H08,0,64,47.3,,24,left_foot,
SYN-00001-00482,482,1434.9,1434.9,1,24,pass,home,H08,44.2,51.4,19.8,50.5,complete,H04,0,64,60,,24.4,left_foot,
SYN-00001-00483,483,1437.5,1437.5,1,24,pressure,away,A10,19.8,50.5,,,,,0,64,,,,,
SYN-00001-00484,484,1437.5,1437.5,1,24,pass,home,H04,19.8,50.5,37.9,47.6,complete,H08,1,64,60.4,,18.3,left_foot,
SYN-00001-00485,485,1440.9,1440.9,1,25,pass,home,H08,37.9,47.6,25.2,11.6,complete,H02,0,64,77.3,,38.2,right_foot,
SYN-00001-00486,486,1444.6,1444.6,1,25,pass,home,H02,25.2,11.6,1,30.6,complete,H01,0,64,75.9,,30.8,right_foot,
SYN-00001-00487,487,1447.6,1447.6,1,25,pressure,away,A10,1,30.6,,,,,0,64,,,,,
SYN-00001-00488,488,1447.6,1447.6,1,25,pass,home,H01,1,30.6,5.7,35.3,incomplete,H04,1,64,47.4,,8.4,right_foot,
SYN-00001-00489,489,1450.3,1450.3,1,25,possession_change,away,A10,5.7,35.3,,,recovery,,0,65,,,,,
SYN-00001-00490,490,1450.3,1450.3,1,25,pressure,home,H01,5.7,35.3,,,,,0,65,,,,,
SYN-00001-00491,491,1450.3,1450.3,1,25,pass,away,A10,5.7,35.3,2.4,54.9,incomplete,A09,1,65,63.2,,20.5,left_foot,
SYN-00001-00492,492,1453.4,1453.4,1,25,possession_change,home,H05,2.4,54.9,,,recovery,,0,66,,,,,
SYN-00001-00493,493,1453.4,1453.4,1,25,pressure,away,A10,2.4,54.9,,,,,0,66,,,,,
SYN-00001-00494,494,1453.4,1453.4,1,25,pass,home,H05,2.4,54.9,7.5,40.2,complete,H01,1,66,47.4,,15.6,right_foot,
SYN-00001-00495,495,1456.6,1456.6,1,25,pass,home,H01,7.5,40.2,12.1,59.2,complete,H05,0,66,52.4,,19.5,right_foot,
SYN-00001-00496,496,1460.9,1460.9,1,25,pass,home,H05,12.1,59.2,1,32.4,complete,H03,0,66,67.8,,28.9,right_foot,
SYN-00001-00497,497,1464.3,1464.3,1,25,pass,home,H03,1,32.4,7.5,54.2,intercepted,H05,0,66,76.8,,28.3,head,
SYN-00001-00498,498,1465.4,1465.4,1,25,interception,away,A09,7.5,54.2,,,won,,0,66,,,,,
SYN-00001-00499,499,1465.4,1465.4,1,25,possession_change,away,A09,7.5,54.2,,,interception,,0,67,,,,,
SYN-00001-00500,500,1466.4,1466.4,1,25,pressure,home,H04,7.5,54.2,,,,,0,67,,,,,
SYN-00001-00501,501,1466.4,1466.4,1,25,carry,away,A09,7.5,54.2,4.3,54.1,dispossessed,,1,67,,18.3,3.2,,
SYN-00001-00502,502,1467,1467,1,25,foul,home,H04,4.3,54.1,,,free_kick,,0,67,,,,,
SYN-00001-00503,503,1487.9,1487.9,1,25,carry,away,A09,4.3,54.1,2.6,51.7,dispossessed,,0,68,,23.7,4.3,,
SYN-00001-00504,504,1488.6,1488.6,1,25,foul,home,H04,2.6,51.7,,,free_kick,,0,68,,,,,
SYN-00001-00505,505,1521.4,1521.4,1,26,pass,away,A09,2.6,51.7,5,44.2,intercepted,A10,0,69,44.6,,11.1,right_foot,
SYN-00001-00506,506,1522,1522,1,26,interception,home,H01,5,44.2,,,won,,0,69,,,,,
SYN-00001-00507,507,1522,1522,1,26,possession_change,home,H01,5,44.2,,,interception,,0,70,,,,,
SYN-00001-00508,508,1523.5,1523.5,1,26,carry,home,H01,5,44.2,18,47.2,complete,,0,70,,14.6,13.4,,
SYN-00001-00509,509,1526.8,1526.8,1,26,pressure,away,A10,18,47.2,,,,,0,70,,,,,
SYN-00001-00510,510,1526.8,1526.8,1,26,pass,home,H01,18,47.2,33.1,0,out,H07,1,70,64.5,,26.7,right_foot,
SYN-00001-00511,511,1528.3,1528.3,1,26,possession_change,away,A11,33.1,1,,,out_of_play,,0,71,,,,,
SYN-00001-00512,512,1547.5,1547.5,1,26,pass,away,A11,33.1,1,13.5,0,out,A10,0,71,72.8,,37,right_foot,
SYN-00001-00513,513,1549.3,1549.3,1,26,possession_change,home,H02,13.5,1,,,out_of_play,,0,72,,,,,
SYN-00001-00514,514,1559.9,1559.9,1,26,pass,home,H02,13.5,1,1,17.2,complete,H03,0,72,53.9,,20.5,right_foot,
SYN-00001-00515,515,1563.6,1563.6,1,27,pass,home,H03,1,17.2,35.6,24.8,complete,H07,0,72,72.1,,35.5,right_foot,
SYN-00001-00516,516,1566.7,1566.7,1,27,pass,home,H07,35.6,24.8,48,44.4,complete,H08,0,72,57.3,,23.2,left_foot,
SYN-00001-00517,517,1570,1570,1,27,pass,home,H08,48,44.4,40.2,54.5,complete,H05,0,72,34.2,,12.8,right_foot,
SYN-00001-00518,518,1572.4,1572.4,1,27,pass,home,H05,40.2,54.5,37.4,41.5,complete,H06,0,72,50.8,,13.3,left_foot,
SYN-00001-00519,519,1576,1576,1,27,pass,home,H06,37.4,41.5,16.3,42.9,complete,H04,0,72,65.4,,21.2,right_foot,
SYN-00001-00520,520,1579.3,1579.3,1,27,pass,home,H04,16.3,42.9,13.9,29.2,incomplete,H03,0,72,49.2,,15.6,right_foot,
SYN-00001-00521,521,1582.1,1582.1,1,27,possession_change,away,A10,13.9,29.2,,,recovery,,0,73,,,,,
SYN-00001-00522,522,1582.1,1582.1,1,27,pass,away,A10,13.9,29.2,34.8,0,out,A08,0,73,66.1,,20.6,right_foot,
SYN-00001-00523,523,1583.2,1583.2,1,27,possession_change,home,H09,34.8,1,,,out_of_play,,0,74,,,,,
SYN-00001-00524,524,1593.4,1593.4,1,27,pass,home,H09,34.8,1,48.5,13.8,complete,H07,0,74,61.5,,18.8,left_foot,
SYN-00001-00525,525,1596.3,1596.3,1,27,pressure,away,A10,48.5,13.8,,,,,0,74,,,,,
SYN-00001-00526,526,1596.3,1596.3,1,27,pass,home,H07,48.5,13.8,46.8,21.6,complete,H06,1,74,39,,8,left_foot,
SYN-00001-00527,527,1598.4,1598.4,1,27,carry,home,H06,46.8,21.6,51.7,20.2,complete,,0,74,,22.6,5.2,,
SYN-00001-00528,528,1599.2,1599.2,1,27,pressure,away,A10,51.7,20.2,,,,,0,74,,,,,
SYN-00001-00529,529,1599.2,1599.2,1,27,pass,home,H06,51.7,20.2,53.4,49,incomplete,H08,1,74,64.7,,27.3,head,
SYN-00001-00530,530,1602.7,1602.7,1,27,possession_change,away,A09,53.4,49,,,recovery,,0,75,,,,,
SYN-00001-00531,531,1602.7,1602.7,1,27,pass,away,A09,53.4,49,64.8,41.2,complete,A06,0,75,49.6,,13.8,right_foot,
SYN-00001-00532,532,1605.7,1605.7,1,27,pass,away,A06,64.8,41.2,74.2,59.8,incomplete,A02,0,75,57.1,,21.4,right_foot,
SYN-00001-00533,533,1609.1,1609.1,1,27,possession_change,home,H11,74.2,59.8,,,recovery,,0,76,,,,,
SYN-00001-00534,534,1609.1,1609.1,1,27,carry,home,H11,74.2,59.8,82,58.4,complete,,0,76,,18.9,7.9,,
SYN-00001-00535,535,1610.6,1610.6,1,27,pass,home,H11,82,58.4,103.8,31.9,incomplete,H10,0,76,72.2,,30.3,right_foot,
SYN-00001-00536,536,1614.1,1614.1,1,27,possession_change,away,A04,103.8,31.9,,,recovery,,0,77,,,,,
SYN-00001-00537,537,1614.1,1614.1,1,27,pass,away,A04,103.8,31.9,98.7,43.2,complete,A03,0,77,41.9,,12.5,head,
SYN-00001-00538,538,1617.5,1617.5,1,27,carry,away,A03,98.7,43.2,93.6,43.3,complete,,0,77,,17.6,5.1,,
SYN-00001-00539,539,1618.6,1618.6,1,27,sprint,away,A10,34.1,36.3,,,,,0,77,,25.3,47.6,,
SYN-00001-00540,540,1618.6,1618.6,1,27,pass,away,A03,93.6,43.3,69,49.4,complete,A07,0,77,66.4,,25.3,head,
SYN-00001-00541,541,1621.1,1621.1,1,28,pressure,home,H10,69,49.4,,,,,0,77,,,,,
SYN-00001-00542,542,1621.1,1621.1,1,28,pass,away,A07,69,49.4,51.9,0,out,A08,1,77,59.9,,28.5,right_foot,
SYN-00001-00543,543,1622.9,1622.9,1,28,possession_change,home,H09,51.9,1,,,out_of_play,,0,78,,,,,
SYN-00001-00544,544,1639.4,1639.4,1,28,pass,home,H09,51.9,1,52,18.3,complete,H07,0,78,43.9,,17.3,right_foot,
SYN-00001-00545,545,1643.3,1643.3,1,28,pass,home,H07,52,18.3,74.3,4.8,complete,H09,0,78,60,,26,right_foot,
SYN-00001-00546,546,1647.2,1647.2,1,28,shot,home,H09,74.3,4.8,105,35.7,saved,,0,78,115.9,,42.4,foot,0.003
SYN-00001-00547,547,1649,1649,1,28,possession_change,away,A01,99,34,,,goalkeeper_save,,0,79,,,,,
SYN-00001-00548,548,1657.9,1657.9,1,28,pass,away,A01,99,34,99,26.5,complete,A04,0,79,36.7,,7.5,right_foot,
SYN-00001-00549,549,1660.5,1660.5,1,28,pass,away,A04,99,26.5,99.3,46.3,complete,A03,0,79,51.4,,19.8,right_foot,
SYN-00001-00550,550,1664.4,1664.4,1,28,pass,away,A03,99.3,46.3,93.6,63.2,complete,A02,0,79,46.2,,17.8,right_foot,
SYN-00001-00551,551,1666.8,1666.8,1,28,pressure,home,H10,93.6,63.2,,,,,0,79,,,,,
SYN-00001-00552,552,1666.8,1666.8,1,28,pass,away,A02,93.6,63.2,86,38.4,complete,A06,1,79,59.7,,25.9,right_foot,
SYN-00001-00553,553,1670.7,1670.7,1,28,pass,away,A06,86,38.4,96.8,22.2,complete,A04,0,79,54.5,,19.5,right_foot,
SYN-00001-00554,554,1674.5,1674.5,1,28,pass,away,A04,96.8,22.2,95.4,53.4,complete,A02,0,79,65.6,,31.3,right_foot,
SYN-00001-00555,555,1677.8,1677.8,1,28,pass,away,A02,95.4,53.4,71.9,54.6,complete,A07,0,79,51.9,,23.6,right_foot,
SYN-00001-00556,556,1681.3,1681.3,1,29,pass,away,A07,71.9,54.6,83.6,49.1,complete,A03,0,79,45.3,,13,head,
SYN-00001-00557,557,1684.4,1684.4,1,29,pressure,home,H10,83.6,49.1,,,,,0,79,,,,,
SYN-00001-00558,558,1684.4,1684.4,1,29,pass,away,A03,83.6,49.1,63,25.8,complete,A08,1,79,68.9,,31.1,left_foot,
SYN-00001-00559,559,1687.4,1687.4,1,29,pass,away,A08,63,25.8,83.9,40.5,complete,A03,0,79,57.9,,25.5,right_foot,
SYN-00001-00560,560,1690.3,1690.3,1,29,pass,away,A03,83.9,40.5,63,45.4,complete,A07,0,79,58.6,,21.5,left_foot,
SYN-00001-00561,561,1694.4,1694.4,1,29,pass,away,A07,63,45.4,85.2,45,complete,A03,0,79,57,,22.3,left_foot,
SYN-00001-00562,562,1697.6,1697.6,1,29,sprint,away,A11,40.4,12.7,,,,,0,79,,27.4,31.8,,
SYN-00001-00563,563,1697.6,1697.6,1,29,pass,away,A03,85.2,45,63.8,22,complete,A08,0,79,65.9,,31.4,head,
SYN-00001-00564,564,1701.6,1701.6,1,29,pass,away,A08,63.8,22,76.2,6.6,complete,A05,0,79,62.3,,19.7,right_foot,
SYN-00001-00565,565,1705,1705,1,29,carry,away,A05,76.2,6.6,70.7,8.9,complete,,0,79,,22.5,5.9,,
SYN-00001-00566,566,1705.9,1705.9,1,29,pass,away,A05,70.7,8.9,95.7,36.5,complete,A03,0,79,77.2,,37.2,right_foot,
SYN-00001-00567,567,1710.1,1710.1,1,29,pass,away,A03,95.7,36.5,94.5,7.7,complete,A05,0,79,62.1,,28.8,right_foot,
SYN-00001-00568,568,1714.2,1714.2,1,29,carry,away,A05,94.5,7.7,86.3,5.1,complete,,0,79,,18.2,8.6,,
SYN-00001-00569,569,1715.9,1715.9,1,29,pass,away,A05,86.3,5.1,99.7,20.3,complete,A04,0,79,52,,20.2,right_foot,
SYN-00001-00570,570,1720,1720,1,29,pass,away,A04,99.7,20.3,87.2,29.2,complete,A06,0,79,54,,15.4,left_foot,
SYN-00001-00571,571,1722.1,1722.1,1,29,carry,away,A06,87.2,29.2,74.6,20,complete,,0,79,,17.6,15.6,,
SYN-00001-00572,572,1725.3,1725.3,1,29,pass,away,A06,74.6,20,91.6,21.5,complete,A04,0,79,42.4,,17.1,left_foot,
SYN-00001-00573,573,1728.6,1728.6,1,29,pass,away,A04,91.6,21.5,47.7,6,complete,A11,0,79,88.7,,46.5,right_foot,
SYN-00001-00574,574,1733.4,1733.4,1,29,sprint,away,A10,13.5,27,,,,,0,79,,30.4,21.8,,
SYN-00001-00575,575,1733.4,1733.4,1,29,pass,away,A11,47.7,6,44.2,17,complete,A08,0,79,41.1,,11.5,right_foot,
SYN-00001-00576,576,1736.3,1736.3,1,29,pass,away,A08,44.2,17,47.3,42.5,complete,A07,0,79,64,,25.7,left_foot,
SYN-00001-00577,577,1740.5,1740.5,1,30,pressure,home,H10,47.3,42.5,,,,,0,79,,,,,
SYN-00001-00578,578,1740.5,1740.5,1,30,pass,away,A07,47.3,42.5,12.1,39.3,complete,A10,1,79,74.4,,35.4,left_foot,
SYN-00001-00579,579,1743.3,1743.3,1,30,pass,away,A10,12.1,39.3,37.4,23.7,complete,A08,0,79,64.4,,29.8,right_foot,
SYN-00001-00580,580,1746.4,1746.4,1,30,carry,away,A08,37.4,23.7,32,23.8,complete,,0,79,,21,5.5,,
SYN-00001-00581,581,1747.3,1747.3,1,30,carry,away,A08,32,23.8,26.6,22.8,complete,,0,79,,18.5,5.4,,
SYN-00001-00582,582,1748.4,1748.4,1,30,pressure,home,H07,26.6,22.8,,,,,0,79,,,,,
SYN-00001-00583,583,1748.4,1748.4,1,30,carry,away,A08,26.6,22.8,17,22.8,complete,,1,79,,24.4,9.6,,
SYN-00001-00584,584,1749.8,1749.8,1,30,shot,away,A08,17,22.8,0,36.7,saved,,0,79,77.9,,20.4,foot,0.063
SYN-00001-00585,585,1751.2,1751.2,1,30,possession_change,home,H01,6,34,,,goalkeeper_save,,0,80,,,,,
SYN-00001-00586,586,1758.8,1758.8,1,30,carry,home,H01,6,34,11.4,36.4,complete,,0,80,,18.3,5.9,,
SYN-00001-00587,587,1760,1760,1,30,carry,home,H01,11.4,36.4,16.1,39.3,complete,,0,80,,18.7,5.5,,
SYN-00001-00588,588,1761,1761,1,30,pass,home,H01,16.1,39.3,37.4,46.4,complete,H08,0,80,60.9,,22.4,right_foot,
SYN-00001-00589,589,1765.1,1765.1,1,30,pass,home,H08,37.4,46.4,48.2,24,complete,H07,0,80,63.2,,24.8,left_foot,
SYN-00001-00590,590,1768.9,1768.9,1,30,carry,home,H07,48.2,24,52.2,17,complete,,0,80,,14.2,8.1,,
SYN-00001-00591,591,1771,1771,1,30,pass,home,H07,52.2,17,79.4,1,complete,H09,0,80,65.2,,31.6,right_foot,
SYN-00001-00592,592,1775,1775,1,30,pass,home,H09,79.4,1,100.7,0,out,H10,0,80,65.1,,29.2,left_foot,
SYN-00001-00593,593,1776.6,1776.6,1,30,possession_change,away,A05,100.7,1,,,out_of_play,,0,81,,,,,
SYN-00001-00594,594,1788.7,1788.7,1,30,pass,away,A05,100.7,1,104,23.8,complete,A01,0,81,63.4,,23.1,right_foot,
SYN-00001-00595,595,1792.6,1792.6,1,30,pressure,home,H10,104,23.8,,,,,0,81,,,,,
SYN-00001-00596,596,1792.6,1792.6,1,30,pass,away,A01,104,23.8,104,37.1,complete,A03,1,81,43.6,,13.3,left_foot,
SYN-00001-00597,597,1796.6,1796.6,1,30,pass,away,A03,104,37.1,87.7,37.2,complete,A06,0,81,38.7,,16.3,right_foot,
SYN-00001-00598,598,1800.2,1800.2,1,31,pressure,home,H10,87.7,37.2,,,,,0,81,,,,,
SYN-00001-00599,599,1800.2,1800.2,1,31,pass,away,A06,87.7,37.2,66,43.9,complete,A07,1,81,55.2,,22.7,left_foot,
SYN-00001-00600,600,1804.1,1804.1,1,31,pass,away,A07,66,43.9,21.8,40.9,complete,A10,0,81,83.5,,44.3,right_foot,
SYN-00001-00601,601,1808.7,1808.7,1,31,pass,away,A10,21.8,40.9,38.7,46.8,complete,A07,0,81,52.8,,17.9,right_foot,
SYN-00001-00602,602,1812.7,1812.7,1,31,pass,away,A07,38.7,46.8,68.2,58.6,complete,A02,0,81,72.3,,31.7,head,
SYN-00001-00603,603,1817,1817,1,31,pass,away,A02,68.2,58.6,34.3,68,out,A09,0,81,69.2,,35.5,right_foot,
SYN-00001-00604,604,1818.9,1818.9,1,31,possession_change,home,H05,34.3,67,,,out_of_play,,0,82,,,,,
SYN-00001-00605,605,1836.3,1836.3,1,31,carry,home,H05,34.3,67,38.7,61.7,complete,,0,82,,17.9,6.8,,
SYN-00001-00606,606,1837.7,1837.7,1,31,pressure,away,A09,38.7,61.7,,,,,0,82,,,,,
SYN-00001-00607,607,1837.7,1837.7,1,31,pass,home,H05,38.7,61.7,44.1,21.6,complete,H07,1,82,81.5,,40.4,left_foot,
SYN-00001-00608,608,1841.4,1841.4,1,31,pass,home,H07,44.1,21.6,22.4,5.4,complete,H02,0,82,69.6,,27.1,left_foot,
SYN-00001-00609,609,1845.2,1845.2,1,31,pass,home,H02,22.4,5.4,31.9,32.5,complete,H06,0,82,54.4,,28.8,right_foot,
SYN-00001-00610,610,1850,1850,1,31,carry,home,H06,31.9,32.5,43,39.2,complete,,0,82,,15.1,12.9,,
SYN-00001-00611,611,1853.1,1853.1,1,31,pass,home,H06,43,39.2,72.1,51.7,complete,H11,0,82,68.7,,31.6,right_foot,
SYN-00001-00612,612,1857.5,1857.5,1,31,pass,home,H11,72.1,51.7,89.2,39.9,incomplete,H10,0,82,67.8,,28.4,left_foot,
SYN-00001-00613,613,1861,1861,1,32,possession_change,away,A06,89.2,39.9,,,recovery,,0,83,,,,,
SYN-00001-00614,614,1861,1861,1,32,pass,away,A06,89.2,39.9,89.6,60.7,complete,A02,0,83,68.8,,20.9,right_foot,
SYN-00001-00615,615,1864.8,1864.8,1,32,pass,away,A02,89.6,60.7,102.8,34,complete,A04,0,83,69.6,,29.9,right_foot,
SYN-00001-00616,616,1868.9,1868.9,1,32,pass,away,A04,102.8,34,83.4,35.8,complete,A06,0,83,54.4,,19.5,left_foot,
SYN-00001-00617,617,1872.9,1872.9,1,32,pass,away,A06,83.4,35.8,95.2,41.3,complete,A03,0,83,50.7,,13.1,right_foot,
SYN-00001-00618,618,1875.9,1875.9,1,32,pressure,home,H10,95.2,41.3,,,,,0,83,,,,,
SYN-00001-00619,619,1875.9,1875.9,1,32,pass,away,A03,95.2,41.3,80.3,40.4,complete,A06,1,83,45.4,,15,head,
SYN-00001-00620,620,1880,1880,1,32,pass,away,A06,80.3,40.4,59.4,26.4,complete,A08,0,83,64.3,,25.2,left_foot,
SYN-00001-00621,621,1883.8,1883.8,1,32,sprint,home,H08,38.1,43,,,,,0,83,,25.9,28.7,,
SYN-00001-00622,622,1883.8,1883.8,1,32,pass,away,A08,59.4,26.4,51.3,43.4,complete,A07,0,83,51.9,,18.8,right_foot,
SYN-00001-00623,623,1886.5,1886.5,1,32,pass,away,A07,51.3,43.4,46.7,24.6,complete,A08,0,83,49.7,,19.3,right_foot,
SYN-00001-00624,624,1889.3,1889.3,1,32,carry,away,A08,46.7,24.6,42.4,26.8,complete,,0,83,,25,4.8,,
SYN-00001-00625,625,1890,1890,1,32,pass,away,A08,42.4,26.8,43.7,37,intercepted,A07,0,83,45.5,,13.2,right_foot,
SYN-00001-00626,626,1890.8,1890.8,1,32,interception,home,H10,43.7,37,,,won,,0,83,,,,,
SYN-00001-00627,627,1890.8,1890.8,1,32,possession_change,home,H10,43.7,37,,,interception,,0,84,,,,,
SYN-00001-00628,628,1891.5,1891.5,1,32,pressure,away,A10,43.7,37,,,,,0,84,,,,,
SYN-00001-00629,629,1891.5,1891.5,1,32,carry,home,H10,43.7,37,50,35.9,complete,,1,84,,22.7,6.4,,
SYN-00001-00630,630,1892.6,1892.6,1,32,pass,home,H10,50,35.9,57.4,19.8,complete,H07,0,84,49.8,,17.8,right_foot,
SYN-00001-00631,631,1895.8,1895.8,1,32,pass,home,H07,57.4,19.8,41.1,24.6,complete,H06,0,84,51.6,,17,right_foot,
SYN-00001-00632,632,1899.5,1899.5,1,32,pass,home,H06,41.1,24.6,50.4,19.2,complete,H07,0,84,42.8,,10.8,right_foot,
SYN-00001-00633,633,1903.3,1903.3,1,32,pass,home,H07,50.4,19.2,46,25.2,complete,H06,0,84,38.9,,7.5,right_foot,
SYN-00001-00634,634,1905.8,1905.8,1,32,pass,home,H06,46,25.2,48.2,23,complete,H07,0,84,39.8,,3.1,right_foot,
SYN-00001-00635,635,1907.1,1907.1,1,32,pass,home,H07,48.2,23,53.8,44.2,complete,H08,0,84,59.4,,21.9,right_foot,
SYN-00001-00636,636,1910.4,1910.4,1,32,pass,home,H08,53.8,44.2,59.2,21.7,complete,H07,0,84,60,,23.1,right_foot,
SYN-00001-00637,637,1914.5,1914.5,1,32,pressure,away,A10,59.2,21.7,,,,,0,84,,,,,
SYN-00001-00638,638,1914.5,1914.5,1,32,pass,home,H07,59.2,21.7,43.1,23.8,incomplete,H06,1,84,46.1,,16.6,left_foot,
SYN-00001-00639,639,1917.1,1917.1,1,32,possession_change,away,A10,43.1,23.8,,,recovery,,0,85,,,,,
SYN-00001-00640,640,1917.1,1917.1,1,32,pass,away,A10,43.1,23.8,20,4.4,incomplete,A11,0,85,58.1,,24.7,right_foot,
SYN-00001-00641,641,1920.1,1920.1,1,33,possession_change,home,H02,20,4.4,,,recovery,,0,86,,,,,
SYN-00001-00642,642,1920.1,1920.1,1,33,carry,home,H02,20,4.4,29.9,1,complete,,0,86,,20.5,11.6,,
SYN-00001-00643,643,1922.2,1922.2,1,33,pass,home,H02,29.9,1,7.4,22.2,complete,H03,0,86,65.2,,30.9,right_foot,
SYN-00001-00644,644,1924.9,1924.9,1,33,pressure,away,A10,7.4,22.2,,,,,0,86,,,,,
SYN-00001-00645,645,1924.9,1924.9,1,33,pass,home,H03,7.4,22.2,35.6,24.9,complete,H07,1,86,61.9,,28.4,left_foot,
SYN-00001-00646,646,1928.6,1928.6,1,33,pass,home,H07,35.6,24.9,20.2,23.9,complete,H03,0,86,42.9,,15.4,left_foot,
SYN-00001-00647,647,1932.9,1932.9,1,33,pass,home,H03,20.2,23.9,14.5,10.9,complete,H02,0,86,49.3,,14.2,right_foot,
SYN-00001-00648,648,1935.9,1935.9,1,33,pass,home,H02,14.5,10.9,25.2,30.4,complete,H06,0,86,57,,22.2,right_foot,
SYN-00001-00649,649,1938.7,1938.7,1,33,pressure,away,A10,25.2,30.4,,,,,0,86,,,,,
SYN-00001-00650,650,1938.7,1938.7,1,33,pass,home,H06,25.2,30.4,20.6,51.8,complete,H05,1,86,56.9,,21.8,right_foot,
SYN-00001-00651,651,1941.7,1941.7,1,33,pass,home,H05,20.6,51.8,3.8,40.3,complete,H01,0,86,56.6,,20.3,left_foot,
SYN-00001-00652,652,1944.8,1944.8,1,33,pass,home,H01,3.8,40.3,2.8,40,complete,H04,0,86,28.4,,1.1,right_foot,
SYN-00001-00653,653,1947.3,1947.3,1,33,pressure,away,A10,2.8,40,,,,,0,86,,,,,
SYN-00001-00654,654,1947.3,1947.3,1,33,pass,home,H04,2.8,40,10.7,11.6,complete,H02,1,86,58.7,,29.5,left_foot,
SYN-00001-00655,655,1951,1951,1,33,pass,home,H02,10.7,11.6,34.2,16.9,incomplete,H07,0,86,50.8,,23.5,right_foot,
SYN-00001-00656,656,1954.4,1954.4,1,33,possession_change,away,A10,34.2,16.9,,,recovery,,0,87,,,,,
SYN-00001-00657,657,1954.4,1954.4,1,33,pass,away,A10,34.2,16.9,52.6,25.5,complete,A06,0,87,51.3,,20.3,right_foot,
SYN-00001-00658,658,1957.8,1957.8,1,33,pass,away,A06,52.6,25.5,50.8,44.8,complete,A07,0,87,53.2,,19.4,left_foot,
SYN-00001-00659,659,1960.6,1960.6,1,33,pass,away,A07,50.8,44.8,49.9,24.5,complete,A08,0,87,46.7,,20.3,left_foot,
SYN-00001-00660,660,1963.7,1963.7,1,33,pass,away,A08,49.9,24.5,19.6,57.2,complete,A09,0,87,95.5,,44.5,right_foot,
SYN-00001-00661,661,1967.6,1967.6,1,33,pass,away,A09,19.6,57.2,3.9,38.4,complete,A10,0,87,63.3,,24.5,left_foot,
SYN-00001-00662,662,1970.9,1970.9,1,33,carry,away,A10,3.9,38.4,1,40.3,complete,,0,87,,25,7.8,,
SYN-00001-00663,663,1972,1972,1,33,shot,away,A10,1,40.3,-1,40.3,blocked,,0,87,69.9,,6.4,foot,0.285
SYN-00001-00664,664,1972.8,1972.8,1,33,possession_change,home,H01,1,40.3,,,blocked_shot,,0,88,,,,,
SYN-00001-00665,665,1973.8,1973.8,1,33,pass,home,H01,1,40.3,12.8,57.7,complete,H05,0,88,57.8,,21,right_foot,
SYN-00001-00666,666,1976.1,1976.1,1,33,pass,home,H05,12.8,57.7,29.1,39.5,incomplete,H06,0,88,57.7,,22.8,right_foot,
SYN-00001-00667,667,1979.7,1979.7,1,33,possession_change,away,A10,29.1,39.5,,,recovery,,0,89,,,,,
SYN-00001-00668,668,1979.7,1979.7,1,33,carry,away,A10,29.1,39.5,23,35,complete,,0,89,,23.8,7.5,,
SYN-00001-00669,669,1980.9,1980.9,1,34,pass,away,A10,23,35,48.4,37.2,incomplete,A06,0,89,65.7,,25.1,left_foot,
SYN-00001-00670,670,1983.3,1983.3,1,34,possession_change,home,H10,48.4,37.2,,,recovery,,0,90,,,,,
SYN-00001-00671,671,1983.3,1983.3,1,34,pass,home,H10,48.4,37.2,49,47.2,complete,H08,0,90,42.5,,10,right_foot,
SYN-00001-00672,672,1987.1,1987.1,1,34,pass,home,H08,49,47.2,59.9,20.6,complete,H07,0,90,70.4,,28.7,right_foot,
SYN-00001-00673,673,1990.1,1990.1,1,34,pass,home,H07,59.9,20.6,55.8,44.1,complete,H08,0,90,61.7,,23.9,right_foot,
SYN-00001-00674,674,1993.4,1993.4,1,34,pass,home,H08,55.8,44.1,54.7,23.5,complete,H07,0,90,53.5,,20.7,right_foot,
SYN-00001-00675,675,1996.7,1996.7,1,34,pass,home,H07,54.7,23.5,62.8,44.4,complete,H08,0,90,56.2,,22.3,head,
SYN-00001-00676,676,2000,2000,1,34,pass,home,H08,62.8,44.4,80.3,52.7,intercepted,H11,0,90,59.1,,25.8,right_foot,
SYN-00001-00677,677,2001.2,2001.2,1,34,interception,away,A07,80.3,52.7,,,won,,0,90,,,,,
SYN-00001-00678,678,2001.2,2001.2,1,34,possession_change,away,A07,80.3,52.7,,,interception,,0,91,,,,,
SYN-00001-00679,679,2002,2002,1,34,pressure,home,H10,80.3,52.7,,,,,0,91,,,,,
SYN-00001-00680,680,2002,2002,1,34,pass,away,A07,80.3,52.7,78.2,42.7,intercepted,A06,1,91,47.2,,15,right_foot,
SYN-00001-00681,681,2002.8,2002.8,1,34,interception,home,H10,78.2,42.7,,,won,,0,91,,,,,
SYN-00001-00682,682,2002.8,2002.8,1,34,possession_change,home,H10,78.2,42.7,,,interception,,0,92,,,,,
SYN-00001-00683,683,2004,2004,1,34,pass,home,H10,78.2,42.7,66.4,0,out,H07,0,92,51.8,,22.1,right_foot,
SYN-00001-00684,684,2005.6,2005.6,1,34,possession_change,away,A11,66.4,1,,,out_of_play,,0,93,,,,,
SYN-00001-00685,685,2020.2,2020.2,1,34,pressure,home,H09,66.4,1,,,,,0,93,,,,,
SYN-00001-00686,686,2020.2,2020.2,1,34,pass,away,A11,66.4,1,52.5,12.4,complete,A08,1,93,52.6,,18,left_foot,
SYN-00001-00687,687,2023,2023,1,34,pass,away,A08,52.5,12.4,34.5,0,out,A11,0,93,66.7,,24.5,right_foot,
SYN-00001-00688,688,2024.3,2024.3,1,34,possession_change,home,H02,34.5,1,,,out_of_play,,0,94,,,,,
SYN-00001-00689,689,2040.1,2040.1,1,35,pass,home,H02,34.5,1,36.3,23.8,complete,H06,0,94,53,,22.9,right_foot,
SYN-00001-00690,690,2043.7,2043.7,1,35,pass,home,H06,36.3,23.8,44.7,49.6,complete,H08,0,94,59,,27.1,right_foot,
SYN-00001-00691,691,2047.4,2047.4,1,35,pressure,away,A10,44.7,49.6,,,,,0,94,,,,,
SYN-00001-00692,692,2047.4,2047.4,1,35,pass,home,H08,44.7,49.6,73.2,57.6,complete,H11,1,94,71.9,,29.5,head,
SYN-00001-00693,693,2051.3,2051.3,1,35,carry,home,H11,73.2,57.6,84.5,56.8,complete,,0,94,,15.2,11.4,,
SYN-00001-00694,694,2054,2054,1,35,pressure,away,A07,84.5,56.8,,,,,0,94,,,,,
SYN-00001-00695,695,2054,2054,1,35,pass,home,H11,84.5,56.8,46.6,63.9,complete,H05,1,94,77.1,,38.5,right_foot,
SYN-00001-00696,696,2057.9,2057.9,1,35,pass,home,H05,46.6,63.9,34.2,40.3,complete,H06,0,94,61.4,,26.6,left_foot,
SYN-00001-00697,697,2061.2,2061.2,1,35,pass,home,H06,34.2,40.3,16,25.8,complete,H03,0,94,64.2,,23.3,right_foot,
SYN-00001-00698,698,2065.2,2065.2,1,35,pass,home,H03,16,25.8,14.5,53.4,complete,H05,0,94,66.5,,27.6,right_foot,
SYN-00001-00699,699,2069.5,2069.5,1,35,pass,home,H05,14.5,53.4,2.4,29.6,complete,H03,0,94,70.4,,26.7,right_foot,
SYN-00001-00700,700,2073.5,2073.5,1,35,pressure,away,A10,2.4,29.6,,,,,0,94,,,,,
SYN-00001-00701,701,2073.5,2073.5,1,35,pass,home,H03,2.4,29.6,12.3,13.3,complete,H02,1,94,54.7,,19,right_foot,
SYN-00001-00702,702,2076.9,2076.9,1,35,pass,home,H02,12.3,13.3,32,24.5,complete,H06,0,94,62.1,,22.7,right_foot,
SYN-00001-00703,703,2079.8,2079.8,1,35,pass,home,H06,32,24.5,14.9,48.6,complete,H04,0,94,62.7,,29.6,right_foot,
SYN-00001-00704,704,2082.5,2082.5,1,35,sprint,home,H08,38.4,49.6,,,,,0,94,,29.4,36.7,,
SYN-00001-00705,705,2082.5,2082.5,1,35,pressure,away,A10,14.9,48.6,,,,,0,94,,,,,
SYN-00001-00706,706,2082.5,2082.5,1,35,pass,home,H04,14.9,48.6,16.4,57.5,complete,H05,1,94,33.6,,9.1,right_foot,
SYN-00001-00707,707,2084.9,2084.9,1,35,pass,home,H05,16.4,57.5,38.4,49.7,complete,H08,0,94,63.3,,23.3,left_foot,
SYN-00001-00708,708,2088.9,2088.9,1,35,pass,home,H08,38.4,49.7,25.1,63.2,complete,H05,0,94,44.4,,18.9,right_foot,
SYN-00001-00709,709,2093.3,2093.3,1,35,carry,home,H05,25.1,63.2,34.2,56.9,complete,,0,94,,19.4,11.1,,
SYN-00001-00710,710,2095.3,2095.3,1,35,pass,home,H05,34.2,56.9,40.3,40.5,complete,H06,0,94,50.4,,17.5,right_foot,
SYN-00001-00711,711,2098.1,2098.1,1,35,carry,home,H06,40.3,40.5,54.3,46.2,complete,,0,94,,17.1,15,,
SYN-00001-00712,712,2101.3,2101.3,1,36,pass,home,H06,54.3,46.2,22.4,47,complete,H04,0,94,63.2,,31.8,right_foot,
SYN-00001-00713,713,2104.1,2104.1,1,36,pressure,away,A10,22.4,47,,,,,0,94,,,,,
SYN-00001-00714,714,2104.1,2104.1,1,36,pass,home,H04,22.4,47,26.4,34.5,complete,H06,1,94,41,,13.1,right_foot,
SYN-00001-00715,715,2107,2107,1,36,pass,home,H06,26.4,34.5,21.9,9.1,complete,H02,0,94,60,,25.8,right_foot,
SYN-00001-00716,716,2110.1,2110.1,1,36,pass,home,H02,21.9,9.1,29.6,28.1,complete,H06,0,94,51.1,,20.5,right_foot,
SYN-00001-00717,717,2113.9,2113.9,1,36,pass,home,H06,29.6,28.1,15.8,40.7,complete,H04,0,94,47.3,,18.6,right_foot,
SYN-00001-00718,718,2118.2,2118.2,1,36,pass,home,H04,15.8,40.7,42.2,43.2,complete,H08,0,94,61,,26.5,right_foot,
SYN-00001-00719,719,2121.4,2121.4,1,36,pass,home,H08,42.2,43.2,50.3,30.1,complete,H07,0,94,52.9,,15.3,right_foot,
SYN-00001-00720,720,2125,2125,1,36,pass,home,H07,50.3,30.1,43,26.2,complete,H06,0,94,45.7,,8.3,right_foot,
SYN-00001-00721,721,2126.7,2126.7,1,36,pass,home,H06,43,26.2,44.6,42,incomplete,H08,0,94,61.6,,19.4,right_foot,
SYN-00001-00722,722,2130,2130,1,36,possession_change,away,A10,44.6,42,,,recovery,,0,95,,,,,
SYN-00001-00723,723,2130,2130,1,36,pass,away,A10,44.6,42,41.8,23.8,complete,A08,0,95,49.1,,18.4,right_foot,
SYN-00001-00724,724,2132.5,2132.5,1,36,pass,away,A08,41.8,23.8,20.1,10.7,complete,A11,0,95,55.4,,25.4,right_foot,
SYN-00001-00725,725,2135.4,2135.4,1,36,pass,away,A11,20.1,10.7,47.4,29.2,complete,A06,0,95,73.5,,33,right_foot,
SYN-00001-00726,726,2138.4,2138.4,1,36,pass,away,A06,47.4,29.2,11.8,9.2,incomplete,A11,0,95,83.8,,41.2,right_foot,
SYN-00001-00727,727,2141.5,2141.5,1,36,possession_change,home,H02,11.8,9.2,,,recovery,,0,96,,,,,
SYN-00001-00728,728,2141.5,2141.5,1,36,pass,home,H02,11.8,9.2,24.2,28,complete,H06,0,96,55,,22.5,right_foot,
SYN-00001-00729,729,2145.4,2145.4,1,36,pass,home,H06,24.2,28,41.7,20.8,complete,H07,0,96,61.1,,18.9,left_foot,
SYN-00001-00730,730,2147.9,2147.9,1,36,pass,home,H07,41.7,20.8,40.2,28.6,complete,H06,0,96,39.9,,7.9,right_foot,
SYN-00001-00731,731,2150.9,2150.9,1,36,pass,home,H06,40.2,28.6,24.4,60.6,complete,H05,0,96,71.8,,35.7,right_foot,
SYN-00001-00732,732,2154.8,2154.8,1,36,pressure,away,A10,24.4,60.6,,,,,0,96,,,,,
SYN-00001-00733,733,2154.8,2154.8,1,36,pass,home,H05,24.4,60.6,70.7,67,complete,H11,1,96,90.3,,46.8,right_foot,
SYN-00001-00734,734,2158.1,2158.1,1,36,pass,home,H11,70.7,67,53.4,38.7,complete,H06,0,96,73,,33.2,right_foot,
SYN-00001-00735,735,2162.3,2162.3,1,37,pass,home,H06,53.4,38.7,78.6,7.7,complete,H09,0,96,81.1,,40,right_foot,
SYN-00001-00736,736,2166.1,2166.1,1,37,pass,home,H09,78.6,7.7,67.7,12.5,complete,H07,0,96,48.1,,12,right_foot,
SYN-00001-00737,737,2169.4,2169.4,1,37,pass,home,H07,67.7,12.5,64,39.7,complete,H08,0,96,66.9,,27.4,right_foot,
SYN-00001-00738,738,2172.6,2172.6,1,37,pass,home,H08,64,39.7,51.9,30.6,complete,H06,0,96,50.4,,15.1,left_foot,
SYN-00001-00739,739,2174.7,2174.7,1,37,pass,home,H06,51.9,30.6,53.5,48.9,complete,H08,0,96,54,,18.4,right_foot,
SYN-00001-00740,740,2178.1,2178.1,1,37,carry,home,H08,53.5,48.9,60.4,51.8,complete,,0,96,,24.7,7.5,,
SYN-00001-00741,741,2179.2,2179.2,1,37,sprint,away,A07,71.4,53.1,,,,,0,96,,31.3,35.7,,
SYN-00001-00742,742,2179.2,2179.2,1,37,pass,home,H08,60.4,51.8,62.2,26.5,complete,H07,0,96,60.7,,25.4,right_foot,
SYN-00001-00743,743,2182.9,2182.9,1,37,pass,home,H07,62.2,26.5,60,46.1,complete,H08,0,96,58.1,,19.8,right_foot,
SYN-00001-00744,744,2186.1,2186.1,1,37,pass,home,H08,60,46.1,59.2,24.5,complete,H07,0,96,60.8,,21.6,head,
SYN-00001-00745,745,2189.8,2189.8,1,37,pass,home,H07,59.2,24.5,34.5,7.8,complete,H02,0,96,63.5,,29.9,right_foot,
SYN-00001-00746,746,2194,2194,1,37,pass,home,H02,34.5,7.8,45.5,13,complete,H07,0,96,38.2,,12.2,head,
SYN-00001-00747,747,2197.3,2197.3,1,37,pass,home,H07,45.5,13,55,43.9,complete,H08,0,96,70.7,,32.3,left_foot,
SYN-00001-00748,748,2200.5,2200.5,1,37,pass,home,H08,55,43.9,52.9,19.4,incomplete,H07,0,96,57.6,,24.4,right_foot,
SYN-00001-00749,749,2204.4,2204.4,1,37,possession_change,away,A11,52.9,19.4,,,recovery,,0,97,,,,,
SYN-00001-00750,750,2204.4,2204.4,1,37,sprint,home,H03,16.3,19.2,,,,,0,97,,26.5,40.9,,
SYN-00001-00751,751,2204.4,2204.4,1,37,pressure,home,H10,52.9,19.4,,,,,0,97,,,,,
SYN-00001-00752,752,2204.4,2204.4,1,37,pass,away,A11,52.9,19.4,81.9,20.9,complete,A04,1,97,60.1,,29.1,left_foot,
SYN-00001-00753,753,2207.4,2207.4,1,37,pass,away,A04,81.9,20.9,37.8,2.7,complete,A11,0,97,93.1,,47.8,right_foot,
SYN-00001-00754,754,2210.8,2210.8,1,37,pass,away,A11,37.8,2.7,60.2,1.1,complete,A05,0,97,61.2,,22.5,left_foot,
SYN-00001-00755,755,2213.2,2213.2,1,37,pass,away,A05,60.2,1.1,72.2,26.8,complete,A06,0,97,64.7,,28.4,right_foot,
SYN-00001-00756,756,2216.9,2216.9,1,37,pass,away,A06,72.2,26.8,60.8,47.1,complete,A07,0,97,64,,23.3,right_foot,
SYN-00001-00757,757,2219.6,2219.6,1,37,pressure,home,H10,60.8,47.1,,,,,0,97,,,,,
SYN-00001-00758,758,2219.6,2219.6,1,37,pass,away,A07,60.8,47.1,53.6,21.5,complete,A08,1,97,59.9,,26.5,left_foot,
SYN-00001-00759,759,2223.1,2223.1,1,38,pass,away,A08,53.6,21.5,26.7,14.1,incomplete,A11,0,97,62.7,,28.5,right_foot,
SYN-00001-00760,760,2226.6,2226.6,1,38,possession_change,home,H02,26.7,14.1,,,recovery,,0,98,,,,,
SYN-00001-00761,761,2226.6,2226.6,1,38,pass,home,H02,26.7,14.1,15.3,38.7,complete,H04,0,98,52.5,,27.1,right_foot,
SYN-00001-00762,762,2230.7,2230.7,1,38,pass,home,H04,15.3,38.7,15.2,54.5,complete,H05,0,98,50.2,,15.7,right_foot,
SYN-00001-00763,763,2234,2234,1,38,pass,home,H05,15.2,54.5,39.1,28,complete,H07,0,98,69.8,,35.6,right_foot,
SYN-00001-00764,764,2238.2,2238.2,1,38,pass,home,H07,39.1,28,49.1,44.7,complete,H08,0,98,63.9,,19.4,right_foot,
SYN-00001-00765,765,2240.4,2240.4,1,38,carry,home,H08,49.1,44.7,62.8,39.9,complete,,0,98,,17,14.4,,
SYN-00001-00766,766,2243.5,2243.5,1,38,pass,home,H08,62.8,39.9,48.1,32.9,complete,H06,0,98,44,,16.3,left_foot,
SYN-00001-00767,767,2247.6,2247.6,1,38,pass,home,H06,48.1,32.9,18.4,37.8,complete,H04,0,98,69.2,,30,right_foot,
SYN-00001-00768,768,2251.5,2251.5,1,38,carry,home,H04,18.4,37.8,28.3,37.6,complete,,0,98,,17.3,9.8,,
SYN-00001-00769,769,2253.6,2253.6,1,38,pass,home,H04,28.3,37.6,42.5,24.1,complete,H07,0,98,54.3,,19.6,right_foot,
SYN-00001-00770,770,2257.7,2257.7,1,38,pass,home,H07,42.5,24.1,50,41.9,complete,H08,0,98,62.9,,19.3,left_foot,
SYN-00001-00771,771,2261.8,2261.8,1,38,pass,home,H08,50,41.9,54.5,20.8,complete,H07,0,98,58.1,,21.6,left_foot,
SYN-00001-00772,772,2264.7,2264.7,1,38,pass,home,H07,54.5,20.8,22.8,40.3,complete,H04,0,98,77.8,,37.3,right_foot,
SYN-00001-00773,773,2268.9,2268.9,1,38,pass,home,H04,22.8,40.3,41.5,49,complete,H08,0,98,52.3,,20.6,right_foot,
SYN-00001-00774,774,2272.2,2272.2,1,38,pass,home,H08,41.5,49,22,47.4,complete,H04,0,98,46.9,,19.6,right_foot,
SYN-00001-00775,775,2275.8,2275.8,1,38,pass,home,H04,22,47.4,24.4,65.8,complete,H05,0,98,56,,18.6,right_foot,
SYN-00001-00776,776,2279.3,2279.3,1,38,pressure,away,A09,24.4,65.8,,,,,0,98,,,,,
SYN-00001-00777,777,2279.3,2279.3,1,38,pass,home,H05,24.4,65.8,11.4,50.4,complete,H04,1,98,53.3,,20.2,right_foot,
SYN-00001-00778,778,2283.2,2283.2,1,39,pass,home,H04,11.4,50.4,12.8,63.1,complete,H05,0,98,47.1,,12.8,right_foot,
SYN-00001-00779,779,2286.1,2286.1,1,39,pass,home,H05,12.8,63.1,2.7,36.9,complete,H01,0,98,65.2,,28,right_foot,
SYN-00001-00780,780,2290.3,2290.3,1,39,carry,home,H01,2.7,36.9,7.7,26.9,complete,,0,98,,19.9,11.2,,
SYN-00001-00781,781,2292.4,2292.4,1,39,pass,home,H01,7.7,26.9,44.4,46.5,complete,H08,0,98,74.8,,41.6,right_foot,
SYN-00001-00782,782,2295.7,2295.7,1,39,pass,home,H08,44.4,46.5,73.1,60,complete,H11,0,98,70.1,,31.7,head,
SYN-00001-00783,783,2299.4,2299.4,1,39,carry,home,H11,73.1,60,81.8,49.8,complete,,0,98,,24,13.5,,
SYN-00001-00784,784,2301.4,2301.4,1,39,pass,home,H11,81.8,49.8,69.6,51,complete,H08,0,98,50.3,,12.3,right_foot,
SYN-00001-00785,785,2303.5,2303.5,1,39,carry,home,H08,69.6,51,73.4,46.2,complete,,0,98,,21,6.1,,
SYN-00001-00786,786,2304.6,2304.6,1,39,shot,home,H08,73.4,46.2,105,33.4,saved,,0,98,84.3,,33.9,foot,0.01
SYN-00001-00787,787,2306.5,2306.5,1,39,possession_change,away,A01,99,34,,,goalkeeper_save,,0,99,,,,,
SYN-00001-00788,788,2313.5,2313.5,1,39,pass,away,A01,99,34,105,68,out,A03,0,99,51.6,,9.1,right_foot,
SYN-00001-00789,789,2314.1,2314.1,1,39,possession_change,home,H11,104,67,,,out_of_play,,0,100,,,,,
SYN-00001-00790,790,2322.8,2322.8,1,39,pass,home,H11,104,67,78,51.1,complete,H08,0,100,64.8,,30.4,left_foot,
SYN-00001-00791,791,2327.3,2327.3,1,39,pass,home,H08,78,51.1,99.9,40.2,complete,H10,0,100,67.9,,24.5,right_foot,
SYN-00001-00792,792,2331.1,2331.1,1,39,pass,home,H10,99.9,40.2,99.7,64.6,complete,H11,0,100,60.1,,24.5,right_foot,
SYN-00001-00793,793,2335.5,2335.5,1,39,pass,home,H11,99.7,64.6,78.4,54.8,complete,H08,0,100,54.6,,23.5,left_foot,
SYN-00001-00794,794,2339.6,2339.6,1,39,pass,home,H08,78.4,54.8,91.5,62.7,complete,H11,0,100,58.6,,15.3,left_foot,
SYN-00001-00795,795,2343,2343,1,40,pass,home,H11,91.5,62.7,74.3,30.8,complete,H07,0,100,77.3,,36.3,head,
SYN-00001-00796,796,2346.7,2346.7,1,40,pass,home,H07,74.3,30.8,91.8,37.3,incomplete,H10,0,100,54.9,,23.4,right_foot,
SYN-00001-00797,797,2349.3,2349.3,1,40,possession_change,away,A03,91.8,37.3,,,recovery,,0,101,,,,,
SYN-00001-00798,798,2349.3,2349.3,1,40,pass,away,A03,91.8,37.3,64.4,22.1,incomplete,A08,0,101,65.2,,32.9,left_foot,
SYN-00001-00799,799,2353.5,2353.5,1,40,possession_change,home,H09,64.4,22.1,,,recovery,,0,102,,,,,
SYN-00001-00800,800,2353.5,2353.5,1,40,pass,home,H09,64.4,22.1,51.7,32.8,complete,H06,0,102,46.9,,16.6,left_foot,
SYN-00001-00801,801,2356.6,2356.6,1,40,pass,home,H06,51.7,32.8,56.6,45.7,complete,H08,0,102,55.4,,13.9,right_foot,
SYN-00001-00802,802,2359.8,2359.8,1,40,pass,home,H08,56.6,45.7,43.8,36.9,complete,H06,0,102,46.5,,15.5,right_foot,
SYN-00001-00803,803,2363,2363,1,40,pass,home,H06,43.8,36.9,51.2,29.2,complete,H07,0,102,43.9,,10.7,right_foot,
SYN-00001-00804,804,2366.7,2366.7,1,40,pass,home,H07,51.2,29.2,51.8,68,out,H08,0,102,59.3,,17.6,left_foot,
SYN-00001-00805,805,2367.7,2367.7,1,40,possession_change,away,A09,51.8,67,,,out_of_play,,0,103,,,,,
SYN-00001-00806,806,2384.6,2384.6,1,40,carry,away,A09,51.8,67,37.5,67,complete,,0,103,,21.9,14.7,,
SYN-00001-00807,807,2387,2387,1,40,pass,away,A09,37.5,67,64.6,67,complete,A02,0,103,63.9,,27.2,left_foot,
SYN-00001-00808,808,2391,2391,1,40,pass,away,A02,64.6,67,64.5,42.8,complete,A06,0,103,59.2,,24.2,left_foot,
SYN-00001-00809,809,2395.2,2395.2,1,40,pass,away,A06,64.5,42.8,52.8,24.5,complete,A08,0,103,60,,21.7,right_foot,
SYN-00001-00810,810,2398.4,2398.4,1,40,carry,away,A08,52.8,24.5,38.8,25.9,complete,,0,103,,23,14.1,,
SYN-00001-00811,811,2400.6,2400.6,1,41,pass,away,A08,38.8,25.9,16.9,8.1,complete,A11,0,103,64,,28.3,right_foot,
SYN-00001-00812,812,2404.1,2404.1,1,41,pass,away,A11,16.9,8.1,4.9,27,intercepted,A10,0,103,64.4,,27.4,right_foot,
SYN-00001-00813,813,2405.4,2405.4,1,41,interception,home,H01,4.9,27,,,won,,0,103,,,,,
SYN-00001-00814,814,2405.4,2405.4,1,41,possession_change,home,H01,4.9,27,,,interception,,0,104,,,,,
SYN-00001-00815,815,2405.9,2405.9,1,41,pass,home,H01,4.9,27,32.7,23.8,complete,H07,0,104,64.9,,27.9,left_foot,
SYN-00001-00816,816,2408.5,2408.5,1,41,pressure,away,A10,32.7,23.8,,,,,0,104,,,,,
SYN-00001-00817,817,2408.5,2408.5,1,41,pass,home,H07,32.7,23.8,13.9,60.4,incomplete,H04,1,104,70,,31.1,left_foot,
SYN-00001-00818,818,2412.6,2412.6,1,41,possession_change,away,A09,13.9,60.4,,,recovery,,0,105,,,,,
SYN-00001-00819,819,2412.6,2412.6,1,41,pressure,home,H05,13.9,60.4,,,,,0,105,,,,,
SYN-00001-00820,820,2412.6,2412.6,1,41,pass,away,A09,13.9,60.4,31.6,47.5,intercepted,A06,1,105,75.2,,37.5,left_foot,
SYN-00001-00821,821,2413.7,2413.7,1,41,interception,home,H08,31.6,47.5,,,won,,0,105,,,,,
SYN-00001-00822,822,2413.7,2413.7,1,41,possession_change,home,H08,31.6,47.5,,,interception,,0,106,,,,,
SYN-00001-00823,823,2414.5,2414.5,1,41,pass,home,H08,31.6,47.5,23.6,58.3,incomplete,H05,0,106,49.6,,17.7,right_foot,
SYN-00001-00824,824,2417.2,2417.2,1,41,possession_change,away,A09,23.6,58.3,,,recovery,,0,107,,,,,
SYN-00001-00825,825,2417.2,2417.2,1,41,pressure,home,H08,23.6,58.3,,,,,0,107,,,,,
SYN-00001-00826,826,2417.2,2417.2,1,41,pass,away,A09,23.6,58.3,35,53.8,complete,A07,1,107,42.5,,12.2,right_foot,
SYN-00001-00827,827,2421,2421,1,41,pass,away,A07,35,53.8,53.7,35.9,complete,A06,0,107,63.2,,25.9,right_foot,
SYN-00001-00828,828,2424.7,2424.7,1,41,pass,away,A06,53.7,35.9,30,2.6,incomplete,A11,0,107,70.6,,33.1,left_foot,
SYN-00001-00829,829,2428.5,2428.5,1,41,possession_change,home,H02,30,2.6,,,recovery,,0,108,,,,,
SYN-00001-00830,830,2428.5,2428.5,1,41,pass,home,H02,30,2.6,42.4,15,complete,H07,0,108,47.7,,17.6,right_foot,
SYN-00001-00831,831,2431.9,2431.9,1,41,carry,home,H07,42.4,15,56.4,11.5,complete,,0,108,,16.2,14.4,,
SYN-00001-00832,832,2435.2,2435.2,1,41,carry,home,H07,56.4,11.5,63.7,12.2,complete,,0,108,,14.6,7.4,,
SYN-00001-00833,833,2437,2437,1,41,pass,home,H07,63.7,12.2,83.4,2.8,complete,H09,0,108,59.4,,21.8,right_foot,
SYN-00001-00834,834,2440.1,2440.1,1,41,pass,home,H09,83.4,2.8,63.8,12.8,complete,H07,0,108,60.3,,22,right_foot,
SYN-00001-00835,835,2443.6,2443.6,1,41,pass,home,H07,63.8,12.8,60,38.3,complete,H08,0,108,54.5,,25.7,left_foot,
SYN-00001-00836,836,2447.6,2447.6,1,41,pressure,away,A10,60,38.3,,,,,0,108,,,,,
SYN-00001-00837,837,2447.6,2447.6,1,41,carry,home,H08,60,38.3,66.4,35.3,complete,,1,108,,25.4,7,,
SYN-00001-00838,838,2448.6,2448.6,1,41,pass,home,H08,66.4,35.3,83.4,13.3,complete,H09,0,108,73.3,,27.9,right_foot,
SYN-00001-00839,839,2452.8,2452.8,1,41,pass,home,H09,83.4,13.3,102.2,27.3,complete,H10,0,108,62.9,,23.4,left_foot,
SYN-00001-00840,840,2456,2456,1,41,pass,home,H10,102.2,27.3,68.9,36.9,complete,H06,0,108,73,,34.7,right_foot,
SYN-00001-00841,841,2459.6,2459.6,1,41,pass,home,H06,68.9,36.9,87.4,54.6,complete,H11,0,108,64.8,,25.7,right_foot,
SYN-00001-00842,842,2462.4,2462.4,1,42,shot,home,H11,87.4,54.6,105,35.3,saved,,0,108,102.2,,27.1,foot,0.024
SYN-00001-00843,843,2463.9,2463.9,1,42,possession_change,away,A01,99,34,,,goalkeeper_save,,0,109,,,,,
SYN-00001-00844,844,2469.7,2469.7,1,42,pressure,home,H10,99,34,,,,,0,109,,,,,
SYN-00001-00845,845,2469.7,2469.7,1,42,pass,away,A01,99,34,88.8,29.8,incomplete,A06,1,109,54.4,,16.1,right_foot,
SYN-00001-00846,846,2473.1,2473.1,1,42,possession_change,home,H10,88.8,29.8,,,recovery,,0,110,,,,,
SYN-00001-00847,847,2473.1,2473.1,1,42,pass,home,H10,88.8,29.8,65.9,46.7,complete,H08,0,110,73.4,,28.4,left_foot,
SYN-00001-00848,848,2476.8,2476.8,1,42,pass,home,H08,65.9,46.7,77,42.6,intercepted,H10,0,110,66.4,,24.8,right_foot,
SYN-00001-00849,849,2477.4,2477.4,1,42,interception,away,A06,77,42.6,,,won,,0,110,,,,,
SYN-00001-00850,850,2477.4,2477.4,1,42,possession_change,away,A06,77,42.6,,,interception,,0,111,,,,,
SYN-00001-00851,851,2478.8,2478.8,1,42,pass,away,A06,77,42.6,93.3,24.5,complete,A04,0,111,56.1,,24.4,right_foot,
SYN-00001-00852,852,2481.8,2481.8,1,42,pass,away,A04,93.3,24.5,101.1,32.6,complete,A01,0,111,57,,11.3,right_foot,
SYN-00001-00853,853,2484.4,2484.4,1,42,pressure,home,H10,101.1,32.6,,,,,0,111,,,,,
SYN-00001-00854,854,2484.4,2484.4,1,42,carry,away,A01,101.1,32.6,90.8,34.9,complete,,1,111,,23,10.6,,
SYN-00001-00855,855,2486,2486,1,42,pass,away,A01,90.8,34.9,90.3,59.4,complete,A02,0,111,53.9,,24.5,right_foot,
SYN-00001-00856,856,2488.9,2488.9,1,42,pass,away,A02,90.3,59.4,65.1,54.2,complete,A07,0,111,59.2,,25.8,head,
SYN-00001-00857,857,2491.9,2491.9,1,42,pass,away,A07,65.1,54.2,23.1,40.5,complete,A10,0,111,76.1,,44.1,head,
SYN-00001-00858,858,2496.8,2496.8,1,42,pass,away,A10,23.1,40.5,37.5,28.8,complete,A08,0,111,51.6,,18.5,left_foot,
SYN-00001-00859,859,2500.8,2500.8,1,42,carry,away,A08,37.5,28.8,25.6,23,complete,,0,111,,21.2,13.2,,
SYN-00001-00860,860,2503,2503,1,42,pass,away,A08,25.6,23,34.3,42.6,complete,A07,0,111,63.6,,21.4,right_foot,
SYN-00001-00861,861,2506.4,2506.4,1,42,pass,away,A07,34.3,42.6,19.2,57,complete,A09,0,111,61.3,,20.9,right_foot,
SYN-00001-00862,862,2510,2510,1,42,pass,away,A09,19.2,57,35,53.3,complete,A07,0,111,48.1,,16.2,left_foot,
SYN-00001-00863,863,2513.5,2513.5,1,42,carry,away,A07,35,53.3,32.1,54.5,dispossessed,,0,111,,21.9,3.1,,
SYN-00001-00864,864,2514,2514,1,42,tackle,home,H08,32.1,54.5,,,won,,0,111,,,,,
SYN-00001-00865,865,2514,2514,1,42,possession_change,home,H08,32.1,54.5,,,tackle,,0,112,,,,,
SYN-00001-00866,866,2515.4,2515.4,1,42,pass,home,H08,32.1,54.5,21.1,60.3,complete,H05,0,112,42.1,,12.5,right_foot,
SYN-00001-00867,867,2519.5,2519.5,1,42,pass,home,H05,21.1,60.3,44.1,25.9,complete,H07,0,112,79.6,,41.5,right_foot,
SYN-00001-00868,868,2523.7,2523.7,1,43,pass,home,H07,44.1,25.9,45.5,42.3,complete,H08,0,112,46,,16.5,right_foot,
SYN-00001-00869,869,2527.6,2527.6,1,43,pass,home,H08,45.5,42.3,50.9,28,complete,H07,0,112,51.4,,15.3,right_foot,
SYN-00001-00870,870,2529.7,2529.7,1,43,pressure,away,A10,50.9,28,,,,,0,112,,,,,
SYN-00001-00871,871,2529.7,2529.7,1,43,pass,home,H07,50.9,28,55.4,48.9,complete,H08,1,112,54,,21.3,right_foot,
SYN-00001-00872,872,2533.4,2533.4,1,43,pass,home,H08,55.4,48.9,55.3,25.1,complete,H07,0,112,64.5,,23.8,right_foot,
SYN-00001-00873,873,2535.8,2535.8,1,43,carry,home,H07,55.3,25.1,63.7,21.6,complete,,0,112,,15.3,9.1,,
SYN-00001-00874,874,2537.9,2537.9,1,43,pass,home,H07,63.7,21.6,47.7,29,complete,H06,0,112,45.7,,17.7,left_foot,
SYN-00001-00875,875,2541.2,2541.2,1,43,pass,home,H06,47.7,29,56.3,20.2,complete,H07,0,112,43.5,,12.3,left_foot,
SYN-00001-00876,876,2543.8,2543.8,1,43,pass,home,H07,56.3,20.2,58,40.1,complete,H08,0,112,61.6,,20,right_foot,
SYN-00001-00877,877,2547.4,2547.4,1,43,pass,home,H08,58,40.1,48.7,32.1,complete,H06,0,112,53,,12.3,right_foot,
SYN-00001-00878,878,2550.7,2550.7,1,43,pass,home,H06,48.7,32.1,37.5,51.6,complete,H05,0,112,48.2,,22.5,left_foot,
SYN-00001-00879,879,2553.8,2553.8,1,43,pass,home,H05,37.5,51.6,43.8,34.2,complete,H06,0,112,55.2,,18.5,right_foot,
SYN-00001-00880,880,2556.5,2556.5,1,43,pass,home,H06,43.8,34.2,19,45.6,complete,H04,0,112,66.8,,27.3,left_foot,
SYN-00001-00881,881,2560.4,2560.4,1,43,pass,home,H04,19,45.6,18.2,15.8,complete,H02,0,112,74.4,,29.9,right_foot,
SYN-00001-00882,882,2563.6,2563.6,1,43,pass,home,H02,18.2,15.8,16.3,57.4,complete,H05,0,112,84,,41.6,right_foot,
SYN-00001-00883,883,2566.6,2566.6,1,43,pass,home,H05,16.3,57.4,10.5,54.5,complete,H04,0,112,32.4,,6.5,left_foot,
SYN-00001-00884,884,2568.7,2568.7,1,43,carry,home,H04,10.5,54.5,17.8,51.9,complete,,0,112,,20.8,7.8,,
SYN-00001-00885,885,2570.1,2570.1,1,43,carry,home,H04,17.8,51.9,29.4,45.5,complete,,0,112,,16.6,13.2,,
SYN-00001-00886,886,2573,2573,1,43,pressure,away,A10,29.4,45.5,,,,,0,112,,,,,
SYN-00001-00887,887,2573,2573,1,43,pass,home,H04,29.4,45.5,47,45.9,incomplete,H08,1,112,53.4,,14.4,left_foot,
SYN-00001-00888,888,2575.3,2575.3,1,43,possession_change,away,A10,47,45.9,,,recovery,,0,113,,,,,
SYN-00001-00889,889,2575.3,2575.3,1,43,pass,away,A10,47,45.9,23.8,55.3,incomplete,A09,0,113,57.7,,25.6,right_foot,
SYN-00001-00890,890,2579.1,2579.1,1,43,possession_change,home,H05,23.8,55.3,,,recovery,,0,114,,,,,
SYN-00001-00891,891,2579.1,2579.1,1,43,pass,home,H05,23.8,55.3,30.6,37.7,complete,H06,0,114,51.9,,18.9,head,
SYN-00001-00892,892,2582,2582,1,44,pressure,away,A10,30.6,37.7,,,,,0,114,,,,,
SYN-00001-00893,893,2582,2582,1,44,pass,home,H06,30.6,37.7,41.9,48,complete,H08,1,114,46,,15.3,left_foot,
SYN-00001-00894,894,2585.9,2585.9,1,44,pass,home,H08,41.9,48,54.1,22.4,complete,H07,0,114,72,,28.4,left_foot,
SYN-00001-00895,895,2589.4,2589.4,1,44,carry,home,H07,54.1,22.4,58.6,19.5,dispossessed,,0,114,,21.2,5.4,,
SYN-00001-00896,896,2590.3,2590.3,1,44,foul,away,A08,58.6,19.5,,,free_kick,,0,114,,,,,
SYN-00001-00897,897,2621.5,2621.5,1,44,pass,home,H07,58.6,19.5,44,31.8,complete,H06,0,115,53.7,,19.1,right_foot,
SYN-00001-00898,898,2625.6,2625.6,1,44,pass,home,H06,44,31.8,55.2,45.1,complete,H08,0,115,53,,17.4,left_foot,
SYN-00001-00899,899,2629.2,2629.2,1,44,sprint,away,A09,54.9,62.5,,,,,0,115,,32.9,32.8,,
SYN-00001-00900,900,2629.2,2629.2,1,44,pressure,away,A10,55.2,45.1,,,,,0,115,,,,,
SYN-00001-00901,901,2629.2,2629.2,1,44,pass,home,H08,55.2,45.1,86.6,58.9,complete,H11,1,115,78.9,,34.3,left_foot,
SYN-00001-00902,902,2633.3,2633.3,1,44,pass,home,H11,86.6,58.9,104,34.9,incomplete,H10,0,115,65.7,,27.2,right_foot,
SYN-00001-00903,903,2637,2637,1,44,possession_change,away,A04,104,34.9,,,recovery,,0,116,,,,,
SYN-00001-00904,904,2637,2637,1,44,pass,away,A04,104,34.9,72.9,19,complete,A08,0,116,73.3,,34.9,right_foot,
SYN-00001-00905,905,2641.2,2641.2,1,45,pass,away,A08,72.9,19,78.1,3.9,complete,A05,0,116,50.3,,16,right_foot,
SYN-00001-00906,906,2645,2645,1,45,pass,away,A05,78.1,3.9,65,0,out,A08,0,116,53.3,,19.1,right_foot,
SYN-00001-00907,907,2646.2,2646.2,1,45,possession_change,home,H09,65,1,,,out_of_play,,0,117,,,,,
SYN-00001-00908,908,2659.8,2659.8,1,45,pass,home,H09,65,1,59.7,38.7,complete,H08,0,117,78.3,,38.1,right_foot,
SYN-00001-00909,909,2663.8,2663.8,1,45,pass,home,H08,59.7,38.7,79.2,60.3,complete,H11,0,117,65.3,,29.1,right_foot,
SYN-00001-00910,910,2668.1,2668.1,1,45,pass,home,H11,79.2,60.3,66.8,48.7,complete,H08,0,117,52.7,,17,left_foot,
SYN-00001-00911,911,2670.6,2670.6,1,45,pass,home,H08,66.8,48.7,94.1,39.6,complete,H10,0,117,67.8,,28.8,left_foot,
SYN-00001-00912,912,2674.7,2674.7,1,45,pass,home,H10,94.1,39.6,76.1,49.8,complete,H08,0,117,62,,20.7,left_foot,
SYN-00001-00913,913,2677.2,2677.2,1,45,pass,home,H08,76.1,49.8,74.6,20.6,incomplete,H07,0,117,62.9,,25.1,right_foot,
SYN-00001-00914,914,2680,2680,1,45,possession_change,away,A08,74.6,20.6,,,recovery,,0,118,,,,,
SYN-00001-00915,915,2680,2680,1,45,pass,away,A08,74.6,20.6,84.3,22.9,complete,A04,0,118,41.8,,9.9,head,
SYN-00001-00916,916,2683.2,2683.2,1,45,pass,away,A04,84.3,22.9,86.6,5.7,complete,A05,0,118,48.2,,17.3,right_foot,
SYN-00001-00917,917,2687,2687,1,45,pass,away,A05,86.6,5.7,95.7,34.4,complete,A03,0,118,65.7,,30.1,right_foot,
SYN-00001-00918,918,2690.7,2690.7,1,45,pass,away,A03,95.7,34.4,67.2,23.2,complete,A08,0,118,71.9,,30.7,right_foot,
SYN-00001-00919,919,2695.2,2695.2,1,45,carry,away,A08,67.2,23.2,62.2,31.4,complete,,0,118,,19.2,9.6,,
SYN-00001-00920,920,2697,2697,1,45,pass,away,A08,62.2,31.4,85.5,35.8,complete,A03,0,118,63.4,,23.7,right_foot,
SYN-00001-00921,921,2700.3,2700.3,1,46,pass,away,A03,85.5,35.8,81.3,52.7,incomplete,A02,0,118,56,,20.4,right_foot,
SYN-00001-00922,922,2703.8,2703.8,1,46,possession_change,home,H11,81.3,52.7,,,recovery,,0,119,,,,,
SYN-00001-00923,923,2703.8,2703.8,1,46,pass,home,H11,81.3,52.7,103.9,42.2,incomplete,H10,0,119,56.7,,25.2,left_foot,
SYN-00001-00924,924,2707.5,2707.5,1,46,possession_change,away,A01,103.9,42.2,,,recovery,,0,120,,,,,
SYN-00001-00925,925,2707.5,2707.5,1,46,pressure,home,H10,103.9,42.2,,,,,0,120,,,,,
SYN-00001-00926,926,2707.5,2707.5,1,46,carry,away,A01,103.9,42.2,98.1,42.9,complete,,1,120,,20.8,5.9,,
SYN-00001-00927,927,2708.5,2708.5,1,46,pass,away,A01,98.1,42.9,87.1,59.1,complete,A02,0,120,56.7,,19.5,right_foot,
SYN-00001-00928,928,2711.7,2711.7,1,46,pass,away,A02,87.1,59.1,61.4,45.6,incomplete,A07,0,120,57.5,,24.5,right_foot,
SYN-00001-00929,929,2714.6,2714.6,1,46,possession_change,home,H10,61.4,45.6,,,recovery,,0,121,,,,,
SYN-00001-00930,930,2714.6,2714.6,1,46,pass,home,H10,61.4,45.6,46.3,39.2,complete,H06,0,121,53.4,,16.4,right_foot,
SYN-00001-00931,931,2717.7,2717.7,1,46,pressure,away,A10,46.3,39.2,,,,,0,121,,,,,
SYN-00001-00932,932,2717.7,2717.7,1,46,pass,home,H06,46.3,39.2,17.6,43.2,complete,H04,1,121,65.7,,28.9,right_foot,
SYN-00001-00933,933,2721.1,2721.1,1,46,pass,home,H04,17.6,43.2,37.5,28.2,complete,H07,0,121,58.2,,24.9,left_foot,
SYN-00001-00934,934,2724.5,2724.5,1,46,pass,home,H07,37.5,28.2,51.7,45,complete,H08,0,121,61.4,,22,left_foot,
SYN-00001-00935,935,2727.9,2727.9,1,46,pass,home,H08,51.7,45,58.7,25,complete,H07,0,121,58.6,,21.2,left_foot,
SYN-00001-00936,936,2731.7,2731.7,1,46,pressure,away,A10,58.7,25,,,,,0,121,,,,,
SYN-00001-00937,937,2731.7,2731.7,1,46,pass,home,H07,58.7,25,84,11.1,incomplete,H09,1,121,71.4,,27.7,right_foot,
SYN-00001-00938,938,2735.3,2735.3,1,46,possession_change,away,A05,84,11.1,,,recovery,,0,122,,,,,
SYN-00001-00939,939,2735.3,2735.3,1,46,pressure,home,H10,84,11.1,,,,,0,122,,,,,
SYN-00001-00940,940,2735.3,2735.3,1,46,pass,away,A05,84,11.1,101.6,32.9,complete,A01,1,122,60.6,,28,right_foot,
SYN-00001-00941,941,2738.8,2738.8,1,46,pressure,home,H10,101.6,32.9,,,,,0,122,,,,,
SYN-00001-00942,942,2738.8,2738.8,1,46,pass,away,A01,101.6,32.9,100.1,29.8,incomplete,A04,1,122,43.1,,9.2,right_foot,
SYN-00001-00943,943,2741.3,2741.3,1,46,possession_change,home,H10,100.1,29.8,,,recovery,,0,123,,,,,
SYN-00001-00944,944,2741.3,2741.3,1,46,pass,home,H10,100.1,29.8,99.6,6.7,incomplete,H09,0,123,49.8,,20.4,left_foot,
SYN-00001-00945,945,2745.3,2745.3,1,46,possession_change,away,A05,99.6,6.7,,,recovery,,0,124,,,,,
SYN-00001-00946,946,2745.3,2745.3,1,46,pass,away,A05,99.6,6.7,68.9,15.1,incomplete,A08,0,124,67.8,,24.8,left_foot,
SYN-00001-00947,947,2748.9,2748.9,1,46,possession_change,home,H10,68.9,15.1,,,recovery,,0,125,,,,,
SYN-00001-00948,948,2748.9,2748.9,1,46,pass,home,H10,68.9,15.1,48.7,32.7,complete,H06,0,125,65.6,,26.7,left_foot,
SYN-00001-00949,949,2751.6,2751.6,1,46,pass,home,H06,48.7,32.7,84.9,0,out,H09,0,125,64.3,,33.5,left_foot,
SYN-00001-00950,950,2753.5,2753.5,1,46,possession_change,away,A05,84.9,1,,,out_of_play,,0,126,,,,,
SYN-00001-00951,951,2764.5,2764.5,1,47,pressure,home,H09,84.9,1,,,,,0,126,,,,,
SYN-00001-00952,952,2764.5,2764.5,1,47,pass,away,A05,84.9,1,67.7,15.2,complete,A08,1,126,63.6,,22.3,right_foot,
SYN-00001-00953,953,2768.3,2768.3,1,47,pass,away,A08,67.7,15.2,90.8,21.8,complete,A04,0,126,61.7,,24,left_foot,
SYN-00001-00954,954,2772,2772,1,47,pass,away,A04,90.8,21.8,79.5,36.5,complete,A06,0,126,48.8,,18.5,right_foot,
SYN-00001-00955,955,2776.3,2776.3,1,47,pressure,home,H10,79.5,36.5,,,,,0,126,,,,,
SYN-00001-00956,956,2776.3,2776.3,1,47,pass,away,A06,79.5,36.5,84.3,55.7,complete,A02,1,126,55,,19.7,right_foot,
SYN-00001-00957,957,2779.2,2779.2,1,47,carry,away,A02,84.3,55.7,83.4,51.2,complete,,0,126,,14.9,4.6,,
SYN-00001-00958,958,2780.3,2780.3,1,47,pass,away,A02,83.4,51.2,93.2,51,complete,A03,0,126,40.3,,9.8,left_foot,
SYN-00001-00959,959,2782.3,2782.3,1,47,pass,away,A03,93.2,51,96.8,67,complete,A02,0,126,50,,16.4,right_foot,
SYN-00001-00960,960,2785.7,2785.7,1,47,pressure,home,H11,96.8,67,,,,,0,126,,,,,
SYN-00001-00961,961,2785.7,2785.7,1,47,pass,away,A02,96.8,67,81.7,38.6,complete,A06,1,126,62.7,,32.2,right_foot,
SYN-00001-00962,962,2789.4,2789.4,1,47,pass,away,A06,81.7,38.6,55.8,49.3,complete,A07,0,126,62.3,,28,left_foot,
SYN-00001-00963,963,2793.9,2793.9,1,47,pass,away,A07,55.8,49.3,20.6,16.2,complete,A11,0,126,91.4,,48.3,right_foot,
SYN-00001-00964,964,2798.5,2798.5,1,47,period_end,home,,,,,,end_of_period_1,,0,126,,,,,
SYN-00001-00965,965,2799.5,2700,2,46,kickoff,home,H10,52.5,34,,,,,0,127,,,,,
SYN-00001-00966,966,2800.5,2701,2,46,pass,home,H10,52.5,34,82.9,8.6,complete,H09,0,127,85.2,,39.6,right_foot,
SYN-00001-00967,967,2804.4,2704.9,2,46,pass,home,H09,82.9,8.6,59,5.1,incomplete,H02,0,127,62.4,,29.2,left_foot,
SYN-00001-00968,968,2808,2708.5,2,46,possession_change,away,A11,59,5.1,,,recovery,,0,128,,,,,
SYN-00001-00969,969,2808,2708.5,2,46,pass,away,A11,59,5.1,77.1,7.6,complete,A05,0,128,50.8,,18.2,right_foot,
SYN-00001-00970,970,2812.1,2712.6,2,46,pass,away,A05,77.1,7.6,91.9,15.9,complete,A04,0,128,43.4,,17,right_foot,
SYN-00001-00971,971,2816.3,2716.8,2,46,pass,away,A04,91.9,15.9,100,31.2,incomplete,A01,0,128,53.4,,16.3,right_foot,
SYN-00001-00972,972,2818.4,2718.9,2,46,possession_change,home,H10,100,31.2,,,recovery,,0,129,,,,,
SYN-00001-00973,973,2818.4,2718.9,2,46,sprint,home,H11,100.7,57.3,,,,,0,129,,26.6,41,,
SYN-00001-00974,974,2818.4,2718.9,2,46,pressure,away,A01,100,31.2,,,,,0,129,,,,,
SYN-00001-00975,975,2818.4,2718.9,2,46,shot,home,H10,100,31.2,105,30.6,goal,,1,129,71.5,,5.7,foot,0.42
SYN-00001-00976,976,2871.5,2772,2,47,kickoff,away,A10,52.5,34,,,,,0,130,,,,,
SYN-00001-00977,977,2872.5,2773,2,47,pass,away,A10,52.5,34,60.1,36.7,complete,A06,0,130,42.5,,8,left_foot,
SYN-00001-00978,978,2875.3,2775.8,2,47,pass,away,A06,60.1,36.7,51.8,20.9,complete,A08,0,130,42.4,,17.8,left_foot,
SYN-00001-00979,979,2879.2,2779.6,2,47,pass,away,A08,51.8,20.9,69.7,8.4,complete,A05,0,130,51.5,,21.9,right_foot,
SYN-00001-00980,980,2883,2783.4,2,47,pressure,home,H09,69.7,8.4,,,,,0,130,,,,,
SYN-00001-00981,981,2883,2783.4,2,47,pass,away,A05,69.7,8.4,89.1,37.3,complete,A03,1,130,74.7,,34.9,right_foot,
SYN-00001-00982,982,2887.5,2788,2,47,pass,away,A03,89.1,37.3,91.1,10.7,complete,A05,0,130,67.2,,26.6,left_foot,
SYN-00001-00983,983,2890.9,2791.4,2,47,pass,away,A05,91.1,10.7,99.4,37,complete,A03,0,130,66,,27.6,left_foot,
SYN-00001-00984,984,2894.6,2795.1,2,47,carry,away,A03,99.4,37,87.6,40.5,complete,,0,130,,16.1,12.3,,
SYN-00001-00985,985,2897.4,2797.9,2,47,pass,away,A03,87.6,40.5,94.7,25.2,complete,A04,0,130,42.4,,16.8,left_foot,
SYN-00001-00986,986,2900.4,2800.8,2,47,sprint,home,H08,48.6,42.5,,,,,0,130,,32.1,35.3,,
SYN-00001-00987,987,2900.4,2800.8,2,47,pass,away,A04,94.7,25.2,98.1,12.6,complete,A05,0,130,48.6,,13,right_foot,
SYN-00001-00988,988,2903.6,2804.1,2,47,pressure,home,H10,98.1,12.6,,,,,0,130,,,,,
SYN-00001-00989,989,2903.6,2804.1,2,47,pass,away,A05,98.1,12.6,99.6,16.9,complete,A04,1,130,43.3,,4.5,right_foot,
SYN-00001-00990,990,2906.7,2807.2,2,47,carry,away,A04,99.6,16.9,95,16.6,complete,,0,130,,20.4,4.5,,
SYN-00001-00991,991,2907.5,2808,2,47,sprint,away,A08,68.8,17.6,,,,,0,130,,32.6,29.6,,
SYN-00001-00992,992,2907.5,2808,2,47,pressure,home,H10,95,16.6,,,,,0,130,,,,,
SYN-00001-00993,993,2907.5,2808,2,47,pass,away,A04,95,16.6,86.4,26.2,complete,A06,1,130,49.8,,13,left_foot,
SYN-00001-00994,994,2909.8,2810.3,2,47,carry,away,A06,86.4,26.2,81.8,29.4,complete,,0,130,,22.7,5.5,,
SYN-00001-00995,995,2910.7,2811.2,2,47,pass,away,A06,81.8,29.4,61.2,32.5,intercepted,A08,0,130,53.2,,22.3,right_foot,
SYN-00001-00996,996,2912.1,2812.6,2,47,interception,home,H10,61.2,32.5,,,won,,0,130,,,,,
SYN-00001-00997,997,2912.1,2812.6,2,47,possession_change,home,H10,61.2,32.5,,,interception,,0,131,,,,,
SYN-00001-00998,998,2912.8,2813.3,2,47,carry,home,H10,61.2,32.5,65.9,31.6,dispossessed,,0,131,,22.4,4.8,,
SYN-00001-00999,999,2913.6,2814.1,2,47,foul,away,A08,65.9,31.6,,,free_kick,,0,131,,,,,
SYN-00001-01000,1000,2939.5,2840,2,48,pass,home,H10,65.9,31.6,84.3,59.9,incomplete,H11,0,132,78.5,,34,right_foot,
SYN-00001-01001,1001,2943.2,2843.7,2,48,possession_change,away,A02,84.3,59.9,,,recovery,,0,133,,,,,
SYN-00001-01002,1002,2943.2,2843.7,2,48,carry,away,A02,84.3,59.9,76.5,47.4,complete,,0,133,,14.6,14.8,,
SYN-00001-01003,1003,2946.8,2847.3,2,48,pressure,home,H10,76.5,47.4,,,,,0,133,,,,,
SYN-00001-01004,1004,2946.8,2847.3,2,48,carry,away,A02,76.5,47.4,72.6,51.6,dispossessed,,1,133,,21,5.8,,
SYN-00001-01005,1005,2947.8,2848.3,2,48,foul,home,H10,72.6,51.6,,,free_kick,,0,133,,,,,
SYN-00001-01006,1006,2970,2870.5,2,48,carry,away,A02,72.6,51.6,64.9,56.9,complete,,0,134,,25.2,9.4,,
SYN-00001-01007,1007,2971.3,2871.8,2,48,pressure,home,H11,64.9,56.9,,,,,0,134,,,,,
SYN-00001-01008,1008,2971.3,2871.8,2,48,pass,away,A02,64.9,56.9,31.3,60,complete,A09,1,134,65.6,,33.7,right_foot,
SYN-00001-01009,1009,2974.7,2875.2,2,48,pass,away,A09,31.3,60,52.9,36.6,complete,A06,0,134,75.5,,31.8,left_foot,
SYN-00001-01010,1010,2977.7,2878.1,2,48,pass,away,A06,52.9,36.6,34.4,50.2,incomplete,A07,0,134,43.1,,13.8,left_foot,
SYN-00001-01011,1011,2981.2,2881.7,2,49,possession_change,home,H08,34.4,50.2,,,recovery,,0,135,,,,,
SYN-00001-01012,1012,2981.2,2881.7,2,49,pass,home,H08,34.4,50.2,24.1,58,complete,H05,0,135,45.9,,12.9,left_foot,
SYN-00001-01013,1013,2985,2885.5,2,49,pass,home,H05,24.1,58,30.1,40.2,complete,H06,0,135,50.5,,18.8,right_foot,
SYN-00001-01014,1014,2988.9,2889.4,2,49,carry,home,H06,30.1,40.2,32.9,35.1,dispossessed,,0,135,,25.9,5.8,,
SYN-00001-01015,1015,2989.7,2890.2,2,49,tackle,away,A10,32.9,35.1,,,won,,0,135,,,,,
SYN-00001-01016,1016,2989.7,2890.2,2,49,possession_change,away,A10,32.9,35.1,,,tackle,,0,136,,,,,
SYN-00001-01017,1017,2990.8,2891.3,2,49,shot,away,A10,32.9,35.1,30.9,35.1,blocked,,0,136,110.9,,32.9,foot,0.012
SYN-00001-01018,1018,2993.4,2893.9,2,49,pass,away,A10,37.1,35.1,40.1,44.5,complete,A07,0,136,39.6,,9.9,right_foot,
SYN-00001-01019,1019,2996.3,2896.8,2,49,pass,away,A07,40.1,44.5,37.2,22.6,incomplete,A08,0,136,55.9,,19.5,right_foot,
SYN-00001-01020,1020,2998.7,2899.2,2,49,possession_change,home,H07,37.2,22.6,,,recovery,,0,137,,,,,
SYN-00001-01021,1021,2998.7,2899.2,2,49,pass,home,H07,37.2,22.6,35.6,31.7,complete,H06,0,137,41.6,,9.2,right_foot,
SYN-00001-01022,1022,3001.2,2901.7,2,49,pressure,away,A10,35.6,31.7,,,,,0,137,,,,,
SYN-00001-01023,1023,3001.2,2901.7,2,49,pass,home,H06,35.6,31.7,18.2,39.8,intercepted,H04,1,137,53.6,,22.4,right_foot,
SYN-00001-01024,1024,3002.5,2903,2,49,interception,away,A10,18.2,39.8,,,won,,0,137,,,,,
SYN-00001-01025,1025,3002.5,2903,2,49,possession_change,away,A10,18.2,39.8,,,interception,,0,138,,,,,
SYN-00001-01026,1026,3003.2,2903.7,2,49,pressure,home,H06,18.2,39.8,,,,,0,138,,,,,
SYN-00001-01027,1027,3003.2,2903.7,2,49,pass,away,A10,18.2,39.8,45,35.2,complete,A06,1,138,64.5,,27.2,right_foot,
SYN-00001-01028,1028,3006.9,2907.4,2,49,carry,away,A06,45,35.2,38.9,47,complete,,0,138,,15.7,13.3,,
SYN-00001-01029,1029,3010,2910.5,2,49,pass,away,A06,38.9,47,66.3,61.6,complete,A02,0,138,71.4,,31.1,right_foot,
SYN-00001-01030,1030,3014.2,2914.7,2,49,pass,away,A02,66.3,61.6,57,49.3,complete,A07,0,138,43.9,,15.4,right_foot,
SYN-00001-01031,1031,3016.5,2917,2,49,pass,away,A07,57,49.3,53,22.1,complete,A08,0,138,67.9,,27.5,right_foot,
SYN-00001-01032,1032,3020.4,2920.9,2,49,pass,away,A08,53,22.1,24.9,6.2,complete,A11,0,138,65.8,,32.3,left_foot,
SYN-00001-01033,1033,3024.6,2925.1,2,49,pass,away,A11,24.9,6.2,3.5,22.3,complete,A10,0,138,58.2,,26.8,right_foot,
SYN-00001-01034,1034,3027.3,2927.8,2,49,pass,away,A10,3.5,22.3,1.6,9.7,complete,A11,0,138,44.4,,12.8,left_foot,
SYN-00001-01035,1035,3030,2930.5,2,49,pass,away,A11,1.6,9.7,28.8,18,complete,A08,0,138,61.1,,28.4,right_foot,
SYN-00001-01036,1036,3032.9,2933.4,2,49,pass,away,A08,28.8,18,50.2,34,complete,A06,0,138,72.6,,26.7,right_foot,
SYN-00001-01037,1037,3035.3,2935.8,2,49,sprint,away,A11,24.6,10,,,,,0,138,,33.5,22.5,,
SYN-00001-01038,1038,3035.3,2935.8,2,49,pass,away,A06,50.2,34,21.1,34.3,incomplete,A10,0,138,71,,29.2,right_foot,
SYN-00001-01039,1039,3039.1,2939.6,2,49,possession_change,home,H06,21.1,34.3,,,recovery,,0,139,,,,,
SYN-00001-01040,1040,3039.1,2939.6,2,49,pressure,away,A10,21.1,34.3,,,,,0,139,,,,,
SYN-00001-01041,1041,3039.1,2939.6,2,49,pass,home,H06,21.1,34.3,39.7,24.9,intercepted,H07,1,139,69.4,,27.1,left_foot,
SYN-00001-01042,1042,3040.2,2940.7,2,50,interception,away,A10,39.7,24.9,,,won,,0,139,,,,,
SYN-00001-01043,1043,3040.2,2940.7,2,50,possession_change,away,A10,39.7,24.9,,,interception,,0,140,,,,,
SYN-00001-01044,1044,3041,2941.5,2,50,carry,away,A10,39.7,24.9,35.5,25.1,complete,,0,140,,14.4,4.2,,
SYN-00001-01045,1045,3042,2942.5,2,50,carry,away,A10,35.5,25.1,24.4,28.6,complete,,0,140,,24.1,11.7,,
SYN-00001-01046,1046,3043.8,2944.3,2,50,pass,away,A10,24.4,28.6,68.6,22.7,incomplete,A05,0,140,72.4,,39.9,right_foot,
SYN-00001-01047,1047,3048.2,2948.7,2,50,possession_change,home,H10,68.6,22.7,,,recovery,,0,141,,,,,
SYN-00001-01048,1048,3048.2,2948.7,2,50,pass,home,H10,68.6,22.7,65.4,16.9,complete,H07,0,141,43.7,,6.6,right_foot,
SYN-00001-01049,1049,3051.5,2952,2,50,carry,home,H07,65.4,16.9,80.9,15.5,complete,,0,141,,15.7,15.5,,
SYN-00001-01050,1050,3055.1,2955.6,2,50,pass,home,H07,80.9,15.5,53.2,25.9,complete,H06,0,141,67.7,,29.5,right_foot,
SYN-00001-01051,1051,3059.4,2959.9,2,50,carry,home,H06,53.2,25.9,63.7,31.3,complete,,0,141,,25.1,11.7,,
SYN-00001-01052,1052,3061.1,2961.6,2,50,pass,home,H06,63.7,31.3,62.9,45.6,complete,H08,0,141,51.7,,14.4,right_foot,
SYN-00001-01053,1053,3063.6,2964.1,2,50,pass,home,H08,62.9,45.6,63.5,25.4,complete,H07,0,141,53.9,,20.2,right_foot,
SYN-00001-01054,1054,3066.2,2966.7,2,50,pass,home,H07,63.5,25.4,36.4,68,out,H05,0,141,84.1,,38.2,right_foot,
SYN-00001-01055,1055,3067.9,2968.4,2,50,possession_change,away,A09,36.4,67,,,out_of_play,,0,142,,,,,
SYN-00001-01056,1056,3085.9,2986.4,2,50,pass,away,A09,36.4,67,32.8,54,complete,A07,0,142,45.7,,13.5,right_foot,
SYN-00001-01057,1057,3089.1,2989.6,2,50,pass,away,A07,32.8,54,13,64.1,complete,A09,0,142,51.5,,22.3,left_foot,
SYN-00001-01058,1058,3092,2992.5,2,50,carry,away,A09,13,64.1,7,65.1,dispossessed,,0,142,,24.3,8,,
SYN-00001-01059,1059,3093.2,2993.7,2,50,tackle,home,H05,7,65.1,,,won,,0,142,,,,,
SYN-00001-01060,1060,3093.2,2993.7,2,50,possession_change,home,H05,7,65.1,,,tackle,,0,143,,,,,
SYN-00001-01061,1061,3094.5,2994.9,2,50,pressure,away,A09,7,65.1,,,,,0,143,,,,,
SYN-00001-01062,1062,3094.5,2994.9,2,50,pass,home,H05,7,65.1,25.3,55.1,intercepted,H08,1,143,82.8,,33.1,right_foot,
SYN-00001-01063,1063,3095.4,2995.9,2,50,interception,away,A10,25.3,55.1,,,won,,0,143,,,,,
SYN-00001-01064,1064,3095.4,2995.9,2,50,possession_change,away,A10,25.3,55.1,,,interception,,0,144,,,,,
SYN-00001-01065,1065,3096.2,2996.7,2,50,carry,away,A10,25.3,55.1,20.4,55.8,dispossessed,,0,144,,16,4.9,,
SYN-00001-01066,1066,3097.3,2997.8,2,50,tackle,home,H08,20.4,55.8,,,won,,0,144,,,,,
SYN-00001-01067,1067,3097.3,2997.8,2,50,possession_change,home,H08,20.4,55.8,,,tackle,,0,145,,,,,
SYN-00001-01068,1068,3098.2,2998.7,2,50,pass,home,H08,20.4,55.8,23,40.8,complete,H06,0,145,46.6,,15.2,right_foot,
SYN-00001-01069,1069,3101.1,3001.6,2,51,pressure,away,A10,23,40.8,,,,,0,145,,,,,
SYN-00001-01070,1070,3101.1,3001.6,2,51,pass,home,H06,23,40.8,19.2,56.8,intercepted,H05,1,145,56,,23.8,right_foot,
SYN-00001-01071,1071,3102.2,3002.7,2,51,interception,away,A09,19.2,56.8,,,won,,0,145,,,,,
SYN-00001-01072,1072,3102.2,3002.7,2,51,possession_change,away,A09,19.2,56.8,,,interception,,0,146,,,,,
SYN-00001-01073,1073,3103.6,3004.1,2,51,shot,away,A09,19.2,56.8,0,39.1,off_target,,0,146,99.7,,29.8,foot,0.017
SYN-00001-01074,1074,3105.2,3005.7,2,51,possession_change,home,H01,6,34,,,goal_kick,,0,147,,,,,
SYN-00001-01075,1075,3128.8,3029.3,2,51,pass,home,H01,6,34,9,59.1,complete,H05,0,147,63.1,,25.3,right_foot,
SYN-00001-01076,1076,3131.5,3031.9,2,51,carry,home,H05,9,59.1,24,60.1,complete,,0,147,,24.8,15,,
SYN-00001-01077,1077,3133.6,3034.1,2,51,pass,home,H05,24,60.1,26.1,40.1,complete,H06,0,147,45.3,,20.1,right_foot,
SYN-00001-01078,1078,3136.9,3037.4,2,51,pass,home,H06,26.1,40.1,11.3,25.1,complete,H03,0,147,50.1,,21,right_foot,
SYN-00001-01079,1079,3140.2,3040.7,2,51,pass,home,H03,11.3,25.1,26.1,0,out,H02,0,147,56,,17.5,right_foot,
SYN-00001-01080,1080,3141.4,3041.8,2,51,possession_change,away,A11,26.1,1,,,out_of_play,,0,148,,,,,
SYN-00001-01081,1081,3153,3053.5,2,51,pass,away,A11,26.1,1,61.7,1.6,complete,A05,0,148,74.7,,35.7,right_foot,
SYN-00001-01082,1082,3157.3,3057.8,2,51,pass,away,A05,61.7,1.6,72,25.5,complete,A06,0,148,58,,26,right_foot,
SYN-00001-01083,1083,3160,3060.5,2,52,pass,away,A06,72,25.5,76.2,68,out,A02,0,148,70.1,,28.7,left_foot,
SYN-00001-01084,1084,3161.5,3062,2,52,possession_change,home,H11,76.2,67,,,out_of_play,,0,149,,,,,
SYN-00001-01085,1085,3170.6,3071.1,2,52,carry,home,H11,76.2,67,85.8,66,complete,,0,149,,22.2,9.7,,
SYN-00001-01086,1086,3172.2,3072.7,2,52,pass,home,H11,85.8,66,66.6,26.6,complete,H07,0,149,81.7,,43.9,right_foot,
SYN-00001-01087,1087,3176.1,3076.6,2,52,pass,home,H07,66.6,26.6,62.2,42,complete,H08,0,149,51,,16.1,right_foot,
SYN-00001-01088,1088,3179.3,3079.8,2,52,pass,home,H08,62.2,42,83.1,64.4,complete,H11,0,149,76.3,,30.6,right_foot,
SYN-00001-01089,1089,3182.1,3082.6,2,52,pass,home,H11,83.1,64.4,98.2,45.1,complete,H10,0,149,59.2,,24.6,right_foot,
SYN-00001-01090,1090,3184.9,3085.3,2,52,carry,home,H10,98.2,45.1,104,43.1,complete,,0,149,,16.2,12,,
SYN-00001-01091,1091,3187.5,3088,2,52,carry,home,H10,104,43.1,104,46.4,complete,,0,149,,19.7,14.3,,
SYN-00001-01092,1092,3190.1,3090.6,2,52,pass,home,H10,104,46.4,97.5,65.3,incomplete,H11,0,149,35.8,,13.1,left_foot,
SYN-00001-01093,1093,3193.2,3093.7,2,52,possession_change,away,A02,97.5,65.3,,,recovery,,0,150,,,,,
SYN-00001-01094,1094,3193.2,3093.7,2,52,pass,away,A02,97.5,65.3,96.8,57.4,complete,A03,0,150,41,,7.9,right_foot,
SYN-00001-01095,1095,3195,3095.5,2,52,pass,away,A03,96.8,57.4,86.2,68,out,A06,0,150,60.3,,21.5,right_foot,
SYN-00001-01096,1096,3196.3,3096.7,2,52,possession_change,home,H11,86.2,67,,,out_of_play,,0,151,,,,,
SYN-00001-01097,1097,3206.6,3107.1,2,52,pass,home,H11,86.2,67,67.6,49.1,complete,H08,0,151,57.6,,25.8,right_foot,
SYN-00001-01098,1098,3210.6,3111.1,2,52,pass,home,H08,67.6,49.1,99.1,38.2,complete,H10,0,151,68.6,,33.4,left_foot,
SYN-00001-01099,1099,3214.3,3114.8,2,52,shot,home,H10,99.1,38.2,101.1,38.2,blocked,,0,151,84,,7.3,foot,0.402
SYN-00001-01100,1100,3216.1,3116.6,2,52,pass,home,H10,90.9,38.2,71,45.3,complete,H08,0,151,50.5,,21.1,right_foot,
SYN-00001-01101,1101,3219.2,3119.6,2,52,carry,home,H08,71,45.3,74.2,42.3,complete,,0,151,,14.5,4.4,,
SYN-00001-01102,1102,3220.2,3120.7,2,53,pass,home,H08,74.2,42.3,86.3,68,out,H11,0,151,53.9,,21.2,right_foot,
SYN-00001-01103,1103,3221.6,3122.1,2,53,possession_change,away,A02,86.3,67,,,out_of_play,,0,152,,,,,
SYN-00001-01104,1104,3233.6,3134.1,2,53,pass,away,A02,86.3,67,104,40.1,complete,A01,0,152,57.4,,32.2,left_foot,
SYN-00001-01105,1105,3237.2,3137.7,2,53,pass,away,A01,104,40.1,96.1,11.8,complete,A05,0,152,66.5,,29.4,right_foot,
SYN-00001-01106,1106,3241.2,3141.7,2,53,pass,away,A05,96.1,11.8,100.1,27.5,complete,A01,0,152,53,,16.2,right_foot,
SYN-00001-01107,1107,3245,3145.4,2,53,carry,away,A01,100.1,27.5,90.1,29.1,complete,,0,152,,18.2,10.1,,
SYN-00001-01108,1108,3246.9,3147.4,2,53,pass,away,A01,90.1,29.1,69.8,17.8,complete,A08,0,152,58.9,,23.3,left_foot,
SYN-00001-01109,1109,3251.3,3151.8,2,53,pass,away,A08,69.8,17.8,93.2,25.4,complete,A04,0,152,70.6,,24.7,left_foot,
SYN-00001-01110,1110,3254.5,3155,2,53,carry,away,A04,93.2,25.4,88.5,30.8,complete,,0,152,,14.8,7.1,,
SYN-00001-01111,1111,3256.3,3156.7,2,53,pass,away,A04,88.5,30.8,97.7,41.2,complete,A03,0,152,40.3,,13.9,right_foot,
SYN-00001-01112,1112,3259,3159.5,2,53,pressure,home,H10,97.7,41.2,,,,,0,152,,,,,
SYN-00001-01113,1113,3259,3159.5,2,53,pass,away,A03,97.7,41.2,95.4,59.5,complete,A02,1,152,53.1,,18.4,head,
SYN-00001-01114,1114,3261.4,3161.9,2,53,pass,away,A02,95.4,59.5,64.9,50.7,complete,A07,0,152,73.8,,31.7,left_foot,
SYN-00001-01115,1115,3265.3,3165.8,2,53,pass,away,A07,64.9,50.7,13.4,68,out,A10,0,152,88.4,,49.4,left_foot,
SYN-00001-01116,1116,3267.3,3167.8,2,53,possession_change,home,H05,13.4,67,,,out_of_play,,0,153,,,,,
SYN-00001-01117,1117,3277.2,3177.7,2,53,pass,home,H05,13.4,67,4,47.8,complete,H04,0,153,49.4,,21.5,left_foot,
SYN-00001-01118,1118,3281.4,3181.9,2,54,pass,home,H04,4,47.8,32,53.8,complete,H08,0,153,62.8,,28.7,right_foot,
SYN-00001-01119,1119,3284.5,3185,2,54,carry,home,H08,32,53.8,41.9,53.1,complete,,0,153,,16.8,10,,
SYN-00001-01120,1120,3286.6,3187.1,2,54,pass,home,H08,41.9,53.1,36.4,37,complete,H06,0,153,56.5,,17,right_foot,
SYN-00001-01121,1121,3289.4,3189.9,2,54,pass,home,H06,36.4,37,52,44.8,complete,H08,0,153,52.1,,17.5,left_foot,
SYN-00001-01122,1122,3292.1,3192.6,2,54,carry,home,H08,52,44.8,56,44.5,complete,,0,153,,22,4,,
SYN-00001-01123,1123,3292.8,3193.3,2,54,carry,home,H08,56,44.5,67.3,44.7,complete,,0,153,,18.1,11.3,,
SYN-00001-01124,1124,3295,3195.5,2,54,pass,home,H08,67.3,44.7,45.7,60.1,complete,H05,0,153,67.3,,26.5,right_foot,
SYN-00001-01125,1125,3298.6,3199.1,2,54,pass,home,H05,45.7,60.1,58,52.4,complete,H08,0,153,43.3,,14.6,right_foot,
SYN-00001-01126,1126,3301.3,3201.8,2,54,pressure,away,A07,58,52.4,,,,,0,153,,,,,
SYN-00001-01127,1127,3301.3,3201.8,2,54,pass,home,H08,58,52.4,90.2,37.7,complete,H10,1,153,65.1,,35.4,right_foot,
SYN-00001-01128,1128,3305.1,3205.6,2,54,pass,home,H10,90.2,37.7,93.1,20.6,incomplete,H09,0,153,61.8,,25.7,left_foot,
SYN-00001-01129,1129,3309.1,3209.5,2,54,possession_change,away,A05,93.1,20.6,,,recovery,,0,154,,,,,
SYN-00001-01130,1130,3309.1,3209.5,2,54,pass,away,A05,93.1,20.6,104,21.6,incomplete,A04,0,154,38.1,,7.4,left_foot,
SYN-00001-01131,1131,3311.2,3211.7,2,54,possession_change,home,H10,104,21.6,,,recovery,,0,155,,,,,
SYN-00001-01132,1132,3311.2,3211.7,2,54,pass,home,H10,104,21.6,100.4,54.9,complete,H11,0,155,74.9,,33.5,right_foot,
SYN-00001-01133,1133,3315.2,3215.7,2,54,shot,home,H11,100.4,54.9,105,40,off_target,,0,155,78.4,,21.4,foot,0.044
SYN-00001-01134,1134,3316.7,3217.2,2,54,possession_change,away,A01,99,34,,,goal_kick,,0,156,,,,,
SYN-00001-01135,1135,3342.8,3243.3,2,55,pass,away,A01,99,34,95.2,59.9,complete,A02,0,156,54.6,,26.2,head,
SYN-00001-01136,1136,3345.8,3246.3,2,55,pass,away,A02,95.2,59.9,80.7,43.5,complete,A06,0,156,55.4,,21.8,right_foot,
SYN-00001-01137,1137,3349.9,3250.4,2,55,carry,away,A06,80.7,43.5,71.9,40.8,complete,,0,156,,25.7,9.3,,
SYN-00001-01138,1138,3351.2,3251.7,2,55,pass,away,A06,71.9,40.8,62.2,49.2,complete,A07,0,156,48.5,,12.9,right_foot,
SYN-00001-01139,1139,3353.4,3253.9,2,55,pressure,home,H10,62.2,49.2,,,,,0,156,,,,,
SYN-00001-01140,1140,3353.4,3253.9,2,55,carry,away,A07,62.2,49.2,48.8,55.1,complete,,1,156,,24.9,14.7,,
SYN-00001-01141,1141,3355.6,3256,2,55,pass,away,A07,48.8,55.1,71.8,64.1,complete,A02,0,156,68.8,,24.7,right_foot,
SYN-00001-01142,1142,3359,3259.4,2,55,pass,away,A02,71.8,64.1,82.6,57.6,intercepted,A03,0,156,53.5,,23.1,right_foot,
SYN-00001-01143,1143,3359.8,3260.3,2,55,interception,home,H10,82.6,57.6,,,won,,0,156,,,,,
SYN-00001-01144,1144,3359.8,3260.3,2,55,possession_change,home,H10,82.6,57.6,,,interception,,0,157,,,,,
SYN-00001-01145,1145,3360.6,3261.1,2,55,pressure,away,A07,82.6,57.6,,,,,0,157,,,,,
SYN-00001-01146,1146,3360.6,3261.1,2,55,pass,home,H10,82.6,57.6,96.9,65.9,incomplete,H11,1,157,38.8,,12.3,right_foot,
SYN-00001-01147,1147,3364,3264.5,2,55,possession_change,away,A02,96.9,65.9,,,recovery,,0,158,,,,,
SYN-00001-01148,1148,3364,3264.5,2,55,pass,away,A02,96.9,65.9,66.8,51,complete,A07,0,158,72.8,,33.6,left_foot,
SYN-00001-01149,1149,3367.7,3268.2,2,55,pass,away,A07,66.8,51,56.6,23.6,complete,A08,0,158,66.6,,29.2,right_foot,
SYN-00001-01150,1150,3370.6,3271.1,2,55,carry,away,A08,56.6,23.6,46.4,13.9,complete,,0,158,,17.7,14.1,,
SYN-00001-01151,1151,3373.5,3274,2,55,pass,away,A08,46.4,13.9,71.1,5.6,complete,A05,0,158,56.7,,26,right_foot,
SYN-00001-01152,1152,3376.1,3276.6,2,55,carry,away,A05,71.1,5.6,63.9,1,complete,,0,158,,18.8,8.7,,
SYN-00001-01153,1153,3377.8,3278.3,2,55,pressure,home,H09,63.9,1,,,,,0,158,,,,,
SYN-00001-01154,1154,3377.8,3278.3,2,55,pass,away,A05,63.9,1,66.2,28.7,complete,A06,1,158,64,,27.8,right_foot,
SYN-00001-01155,1155,3381.6,3282.1,2,55,pass,away,A06,66.2,28.7,44.9,0,out,A08,0,158,45.9,,13.9,left_foot,
SYN-00001-01156,1156,3382.7,3283.2,2,55,possession_change,home,H09,44.9,1,,,out_of_play,,0,159,,,,,
SYN-00001-01157,1157,3390.8,3291.3,2,55,carry,home,H09,44.9,1,47.4,1,dispossessed,,0,159,,22.6,5.3,,
SYN-00001-01158,1158,3391.6,3292.1,2,55,tackle,away,A11,47.4,1,,,won,,0,159,,,,,
SYN-00001-01159,1159,3391.6,3292.1,2,55,possession_change,away,A11,47.4,1,,,tackle,,0,160,,,,,
SYN-00001-01160,1160,3392.7,3293.2,2,55,pressure,home,H09,47.4,1,,,,,0,160,,,,,
SYN-00001-01161,1161,3392.7,3293.2,2,55,pass,away,A11,47.4,1,69.6,1,complete,A05,1,160,51.9,,22.2,right_foot,
SYN-00001-01162,1162,3396.5,3297,2,55,pass,away,A05,69.6,1,58.1,8.3,complete,A08,0,160,39.3,,13.6,right_foot,
SYN-00001-01163,1163,3400.7,3301.2,2,56,carry,away,A08,58.1,8.3,50.4,15.3,complete,,0,160,,25.9,10.3,,
SYN-00001-01164,1164,3402.1,3302.6,2,56,pass,away,A08,50.4,15.3,16.8,31.3,complete,A10,0,160,73,,37.3,right_foot,
SYN-00001-01165,1165,3406.2,3306.7,2,56,pass,away,A10,16.8,31.3,11.3,68,out,A09,0,160,65,,30,right_foot,
SYN-00001-01166,1166,3407.9,3308.4,2,56,possession_change,home,H05,11.3,67,,,out_of_play,,0,161,,,,,
SYN-00001-01167,1167,3427.4,3327.9,2,56,pass,home,H05,11.3,67,24.6,40.5,complete,H06,0,161,59.1,,29.6,right_foot,
SYN-00001-01168,1168,3431,3331.5,2,56,pass,home,H06,24.6,40.5,1.2,32.2,complete,H01,0,161,58.7,,24.9,right_foot,
SYN-00001-01169,1169,3433.7,3334.2,2,56,pass,home,H01,1.2,32.2,5.2,39.4,complete,H04,0,161,42.7,,8.2,right_foot,
SYN-00001-01170,1170,3436.1,3336.5,2,56,sprint,home,H04,3,44.3,,,,,0,161,,32.3,34.3,,
SYN-00001-01171,1171,3436.1,3336.5,2,56,pass,home,H04,5.2,39.4,1,37.1,complete,H01,0,161,35.2,,4.8,left_foot,
SYN-00001-01172,1172,3438.6,3339.1,2,56,pass,home,H01,1,37.1,15.7,35.7,intercepted,H06,0,161,53.5,,19.3,left_foot,
SYN-00001-01173,1173,3439.6,3340.1,2,56,interception,away,A10,15.7,35.7,,,won,,0,161,,,,,
SYN-00001-01174,1174,3439.6,3340.1,2,56,possession_change,away,A10,15.7,35.7,,,interception,,0,162,,,,,
SYN-00001-01175,1175,3440.6,3341.1,2,56,pass,away,A10,15.7,35.7,34.6,48.4,complete,A07,0,162,58.6,,22.8,right_foot,
SYN-00001-01176,1176,3444.2,3344.6,2,56,pass,away,A07,34.6,48.4,12,12.7,incomplete,A11,0,162,88.2,,44.5,left_foot,
SYN-00001-01177,1177,3447.7,3348.2,2,56,possession_change,home,H02,12,12.7,,,recovery,,0,163,,,,,
SYN-00001-01178,1178,3447.7,3348.2,2,56,pressure,away,A10,12,12.7,,,,,0,163,,,,,
SYN-00001-01179,1179,3447.7,3348.2,2,56,pass,home,H02,12,12.7,3.7,15.1,complete,H03,1,163,32.8,,8.6,left_foot,
SYN-00001-01180,1180,3450.4,3350.9,2,56,pressure,away,A10,3.7,15.1,,,,,0,163,,,,,
SYN-00001-01181,1181,3450.4,3350.9,2,56,carry,home,H03,3.7,15.1,13.4,23.4,complete,,1,163,,22.1,12.8,,
SYN-00001-01182,1182,3452.5,3353,2,56,pass,home,H03,13.4,23.4,27.8,33.5,complete,H06,0,163,47.7,,17.6,right_foot,
SYN-00001-01183,1183,3456.4,3356.9,2,56,pass,home,H06,27.8,33.5,46.1,27.7,complete,H07,0,163,55.1,,19.2,right_foot,
SYN-00001-01184,1184,3459.5,3360,2,57,pressure,away,A10,46.1,27.7,,,,,0,163,,,,,
SYN-00001-01185,1185,3459.5,3360,2,57,pass,home,H07,46.1,27.7,38.9,31,complete,H06,1,163,34.4,,7.9,right_foot,
SYN-00001-01186,1186,3462.9,3363.3,2,57,pass,home,H06,38.9,31,10.3,44.7,incomplete,H04,0,163,58.3,,28.5,right_foot,
SYN-00001-01187,1187,3465.9,3366.4,2,57,possession_change,away,A10,10.3,44.7,,,recovery,,0,164,,,,,
SYN-00001-01188,1188,3465.9,3366.4,2,57,pass,away,A10,10.3,44.7,3.5,62.6,complete,A09,0,164,50.2,,19.1,right_foot,
SYN-00001-01189,1189,3469.6,3370.1,2,57,pressure,home,H05,3.5,62.6,,,,,0,164,,,,,
SYN-00001-01190,1190,3469.6,3370.1,2,57,pass,away,A09,3.5,62.6,3.9,42.9,complete,A10,1,164,56,,19.7,left_foot,
SYN-00001-01191,1191,3473,3373.5,2,57,shot,away,A10,3.9,42.9,1.9,42.9,blocked,,0,164,68,,9.7,foot,0.221
SYN-00001-01192,1192,3474,3374.5,2,57,possession_change,home,H04,3.9,42.9,,,blocked_shot,,0,165,,,,,
SYN-00001-01193,1193,3475,3375.5,2,57,pass,home,H04,3.9,42.9,34.4,22.3,intercepted,H07,0,165,84.4,,43.3,head,
SYN-00001-01194,1194,3476.6,3377.1,2,57,interception,away,A11,34.4,22.3,,,won,,0,165,,,,,
SYN-00001-01195,1195,3476.6,3377.1,2,57,possession_change,away,A11,34.4,22.3,,,interception,,0,166,,,,,
SYN-00001-01196,1196,3477.6,3378.1,2,57,carry,away,A11,34.4,22.3,27.4,21.6,complete,,0,166,,17,7.1,,
SYN-00001-01197,1197,3479.1,3379.6,2,57,pass,away,A11,27.4,21.6,50.9,33.4,complete,A06,0,166,63.4,,26.3,head,
SYN-00001-01198,1198,3481.8,3382.3,2,57,pass,away,A06,50.9,33.4,71.1,52.9,complete,A02,0,166,64.2,,28,right_foot,
SYN-00001-01199,1199,3485.1,3385.5,2,57,pressure,home,H10,71.1,52.9,,,,,0,166,,,,,
SYN-00001-01200,1200,3485.1,3385.5,2,57,pass,away,A02,71.1,52.9,53.4,50,incomplete,A07,1,166,46.2,,13.6,left_foot,
SYN-00001-01201,1201,3487.5,3388,2,57,possession_change,home,H08,53.4,50,,,recovery,,0,167,,,,,
SYN-00001-01202,1202,3487.5,3388,2,57,carry,home,H08,53.4,50,59.3,45.3,complete,,0,167,,17.9,7.6,,
SYN-00001-01203,1203,3489,3389.5,2,57,pass,home,H08,59.3,45.3,96.2,30.8,incomplete,H10,0,167,80,,38.5,left_foot,
SYN-00001-01204,1204,3492.6,3393.1,2,57,possession_change,away,A04,96.2,30.8,,,recovery,,0,168,,,,,
SYN-00001-01205,1205,3492.6,3393.1,2,57,pass,away,A04,96.2,30.8,88.3,58.4,complete,A02,0,168,69.3,,28.7,left_foot,
SYN-00001-01206,1206,3496.6,3397.1,2,57,pressure,home,H10,88.3,58.4,,,,,0,168,,,,,
SYN-00001-01207,1207,3496.6,3397.1,2,57,pass,away,A02,88.3,58.4,96.4,48.9,complete,A03,1,168,43,,12.5,left_foot,
SYN-00001-01208,1208,3500.5,3400.9,2,57,pass,away,A03,96.4,48.9,102.7,39.7,complete,A01,0,168,43.8,,11.1,right_foot,
SYN-00001-01209,1209,3504.3,3404.8,2,57,pressure,home,H10,102.7,39.7,,,,,0,168,,,,,
SYN-00001-01210,1210,3504.3,3404.8,2,57,pass,away,A01,102.7,39.7,77.7,26.9,incomplete,A08,1,168,65.9,,34,right_foot,
SYN-00001-01211,1211,3507.2,3407.7,2,57,possession_change,home,H10,77.7,26.9,,,recovery,,0,169,,,,,
SYN-00001-01212,1212,3507.2,3407.7,2,57,carry,home,H10,77.7,26.9,82.7,28.3,dispossessed,,0,169,,16.5,5.2,,
SYN-00001-01213,1213,3508.4,3408.9,2,57,tackle,away,A06,82.7,28.3,,,won,,0,169,,,,,
SYN-00001-01214,1214,3508.4,3408.9,2,57,possession_change,away,A06,82.7,28.3,,,tackle,,0,170,,,,,
SYN-00001-01215,1215,3509.2,3409.6,2,57,pass,away,A06,82.7,28.3,66.2,20,complete,A08,0,170,50,,18.5,right_foot,
SYN-00001-01216,1216,3513.5,3413.9,2,57,pressure,home,H10,66.2,20,,,,,0,170,,,,,
SYN-00001-01217,1217,3513.5,3413.9,2,57,pass,away,A08,66.2,20,65,28,complete,A06,1,170,42.2,,8.2,right_foot,
SYN-00001-01218,1218,3515.9,3416.4,2,57,pass,away,A06,65,28,91.3,20.2,complete,A04,0,170,60.3,,27.4,right_foot,
SYN-00001-01219,1219,3519.1,3419.6,2,57,pass,away,A04,91.3,20.2,70.7,19.7,complete,A08,0,170,48,,20.6,left_foot,
SYN-00001-01220,1220,3521.8,3422.2,2,58,pass,away,A08,70.7,19.7,76,7.9,complete,A05,0,170,42.8,,13,left_foot,
SYN-00001-01221,1221,3525,3425.5,2,58,pass,away,A05,76,7.9,37.6,4.6,complete,A11,0,170,74.8,,38.6,right_foot,
SYN-00001-01222,1222,3528.2,3428.6,2,58,pass,away,A11,37.6,4.6,69.6,10.1,complete,A05,0,170,71.6,,32.5,right_foot,
SYN-00001-01223,1223,3531.1,3431.6,2,58,pass,away,A05,69.6,10.1,69.1,29.1,complete,A06,0,170,50.6,,19,left_foot,
SYN-00001-01224,1224,3533.5,3434,2,58,pass,away,A06,69.1,29.1,80.9,7.4,complete,A05,0,170,67.7,,24.7,right_foot,
SYN-00001-01225,1225,3536.8,3437.3,2,58,pressure,home,H10,80.9,7.4,,,,,0,170,,,,,
SYN-00001-01226,1226,3536.8,3437.3,2,58,pass,away,A05,80.9,7.4,64.7,17.1,complete,A08,1,170,48,,18.9,left_foot,
SYN-00001-01227,1227,3540.6,3441.1,2,58,pressure,home,H10,64.7,17.1,,,,,0,170,,,,,
SYN-00001-01228,1228,3540.6,3441.1,2,58,pass,away,A08,64.7,17.1,64.4,28.8,complete,A06,1,170,38.4,,11.7,left_foot,
SYN-00001-01229,1229,3543.5,3443.9,2,58,pass,away,A06,64.4,28.8,82.9,59,complete,A02,0,170,76,,35.4,head,
SYN-00001-01230,1230,3546.6,3447.1,2,58,pass,away,A02,82.9,59,93.7,48.6,complete,A03,0,170,44.4,,15,right_foot,
SYN-00001-01231,1231,3549.1,3449.6,2,58,sprint,away,A03,100.2,46.7,,,,,0,170,,31.9,43.5,,
SYN-00001-01232,1232,3549.1,3449.6,2,58,pass,away,A03,93.7,48.6,69.1,49.8,complete,A07,0,170,57.8,,24.7,left_foot,
SYN-00001-01233,1233,3551.7,3452.2,2,58,carry,away,A07,69.1,49.8,63.9,45.7,complete,,0,170,,25.4,6.6,,
SYN-00001-01234,1234,3552.7,3453.1,2,58,pass,away,A07,63.9,45.7,75.4,60.9,complete,A02,0,170,51,,19.1,right_foot,
SYN-00001-01235,1235,3556.4,3456.9,2,58,carry,away,A02,75.4,60.9,62.7,65.1,complete,,0,170,,15.6,13.3,,
SYN-00001-01236,1236,3559.5,3460,2,58,pass,away,A02,62.7,65.1,48.4,50.4,complete,A07,0,170,54.8,,20.5,right_foot,
SYN-00001-01237,1237,3563.3,3463.8,2,58,carry,away,A07,48.4,50.4,34.7,53.6,complete,,0,170,,21.3,14.1,,
SYN-00001-01238,1238,3565.7,3466.1,2,58,pass,away,A07,34.7,53.6,19.9,62.2,complete,A09,0,170,50.4,,17.1,right_foot,
SYN-00001-01239,1239,3568,3468.5,2,58,pass,away,A09,19.9,62.2,32.7,52.7,complete,A07,0,170,50.9,,15.9,left_foot,
SYN-00001-01240,1240,3572.2,3472.6,2,58,pass,away,A07,32.7,52.7,56.9,40,complete,A06,0,170,65.8,,27.3,right_foot,
SYN-00001-01241,1241,3575.9,3476.4,2,58,pass,away,A06,56.9,40,53.8,28,complete,A08,0,170,56.6,,12.4,right_foot,
SYN-00001-01242,1242,3579.5,3480,2,59,pass,away,A08,53.8,28,49.1,45.4,complete,A07,0,170,53,,18,right_foot,
SYN-00001-01243,1243,3583.7,3484.2,2,59,carry,away,A07,49.1,45.4,43.7,44.3,complete,,0,170,,20.3,5.4,,
SYN-00001-01244,1244,3584.7,3485.2,2,59,pass,away,A07,43.7,44.3,45.2,22.7,complete,A08,0,170,53.9,,21.6,left_foot,
SYN-00001-01245,1245,3587.3,3487.7,2,59,pass,away,A08,45.2,22.7,22.7,10.6,complete,A11,0,170,63.6,,25.5,head,
SYN-00001-01246,1246,3589.9,3490.4,2,59,pass,away,A11,22.7,10.6,61.1,1,complete,A05,0,170,84.3,,39.6,right_foot,
SYN-00001-01247,1247,3594,3494.5,2,59,pass,away,A05,61.1,1,27.6,1,complete,A11,0,170,63.3,,33.5,left_foot,
SYN-00001-01248,1248,3597.4,3497.9,2,59,pass,away,A11,27.6,1,45.4,12,complete,A08,0,170,49.3,,21,right_foot,
SYN-00001-01249,1249,3601.7,3502.2,2,59,pass,away,A08,45.4,12,32.6,11.3,intercepted,A11,0,170,64.1,,24,right_foot,
SYN-00001-01250,1250,3602.4,3502.9,2,59,interception,home,H07,32.6,11.3,,,won,,0,170,,,,,
SYN-00001-01251,1251,3602.4,3502.9,2,59,possession_change,home,H07,32.6,11.3,,,interception,,0,171,,,,,
SYN-00001-01252,1252,3603.4,3503.9,2,59,pass,home,H07,32.6,11.3,11.4,21.6,complete,H03,0,171,54.8,,23.6,right_foot,
SYN-00001-01253,1253,3606.6,3507.1,2,59,pressure,away,A10,11.4,21.6,,,,,0,171,,,,,
SYN-00001-01254,1254,3606.6,3507.1,2,59,pass,home,H03,11.4,21.6,15.3,15.2,intercepted,H02,1,171,52.7,,15.2,left_foot,
SYN-00001-01255,1255,3607.1,3507.6,2,59,interception,away,A10,15.3,15.2,,,won,,0,171,,,,,
SYN-00001-01256,1256,3607.1,3507.6,2,59,possession_change,away,A10,15.3,15.2,,,interception,,0,172,,,,,
SYN-00001-01257,1257,3608.3,3508.8,2,59,pressure,home,H07,15.3,15.2,,,,,0,172,,,,,
SYN-00001-01258,1258,3608.3,3508.8,2,59,pass,away,A10,15.3,15.2,15.7,5.2,incomplete,A11,1,172,51.2,,12.5,right_foot,
SYN-00001-01259,1259,3611.5,3512,2,59,possession_change,home,H02,15.7,5.2,,,recovery,,0,173,,,,,
SYN-00001-01260,1260,3611.5,3512,2,59,pass,home,H02,15.7,5.2,42,12.5,complete,H07,0,173,70.1,,27.3,right_foot,
SYN-00001-01261,1261,3614.1,3514.6,2,59,pass,home,H07,42,12.5,31.1,1,complete,H02,0,173,42.4,,15.8,left_foot,
SYN-00001-01262,1262,3617.6,3518.1,2,59,pass,home,H02,31.1,1,13.5,14.5,complete,H03,0,173,62.6,,22.2,right_foot,
SYN-00001-01263,1263,3620.2,3520.7,2,59,carry,home,H03,13.5,14.5,18.8,14.6,complete,,0,173,,22.1,5.3,,
SYN-00001-01264,1264,3621.1,3521.5,2,59,pass,home,H03,18.8,14.6,8,68,out,H05,0,173,77.8,,38.1,right_foot,
SYN-00001-01265,1265,3622.8,3523.3,2,59,possession_change,away,A09,8,67,,,out_of_play,,0,174,,,,,
SYN-00001-01266,1266,3639.8,3540.3,2,60,pass,away,A09,8,67,24.6,52.7,complete,A07,0,174,58.7,,21.9,left_foot,
SYN-00001-01267,1267,3642.1,3542.6,2,60,pass,away,A07,24.6,52.7,5.1,40.7,complete,A10,0,174,56.5,,23,left_foot,
SYN-00001-01268,1268,3645.9,3546.4,2,60,pass,away,A10,5.1,40.7,3.3,64.3,complete,A09,0,174,59.5,,23.6,right_foot,
SYN-00001-01269,1269,3649,3549.5,2,60,pass,away,A09,3.3,64.3,5,68,out,A10,0,174,48.8,,19.8,right_foot,
SYN-00001-01270,1270,3650.5,3551,2,60,possession_change,home,H05,5,67,,,out_of_play,,0,175,,,,,
SYN-00001-01271,1271,3665.5,3566,2,60,pass,home,H05,5,67,1,50.2,complete,H04,0,175,50.6,,17.3,left_foot,
SYN-00001-01272,1272,3669.1,3569.6,2,60,pressure,away,A10,1,50.2,,,,,0,175,,,,,
SYN-00001-01273,1273,3669.1,3569.6,2,60,pass,home,H04,1,50.2,16.6,39.3,complete,H06,1,175,53.7,,19,head,
SYN-00001-01274,1274,3673.3,3573.8,2,60,pass,home,H06,16.6,39.3,39.5,48.9,complete,H08,0,175,54.9,,24.9,left_foot,
SYN-00001-01275,1275,3676.5,3577,2,60,pressure,away,A10,39.5,48.9,,,,,0,175,,,,,
SYN-00001-01276,1276,3676.5,3577,2,60,pass,home,H08,39.5,48.9,20.5,56.9,incomplete,H04,1,175,57.2,,23.6,head,
SYN-00001-01277,1277,3680.5,3580.9,2,60,possession_change,away,A10,20.5,56.9,,,recovery,,0,176,,,,,
SYN-00001-01278,1278,3680.5,3580.9,2,60,pass,away,A10,20.5,56.9,7.1,61,complete,A09,0,176,52.1,,14,right_foot,
SYN-00001-01279,1279,3683.2,3583.7,2,60,pass,away,A09,7.1,61,25.7,49.2,complete,A07,0,176,41.8,,22,right_foot,
SYN-00001-01280,1280,3687,3587.5,2,60,pass,away,A07,25.7,49.2,1,37.7,incomplete,A10,0,176,55.1,,26.6,right_foot,
SYN-00001-01281,1281,3690.3,3590.7,2,60,possession_change,home,H01,1,37.7,,,recovery,,0,177,,,,,
SYN-00001-01282,1282,3690.3,3590.7,2,60,pass,home,H01,1,37.7,2.7,27.4,intercepted,H03,0,177,54.3,,13.4,right_foot,
SYN-00001-01283,1283,3690.9,3591.4,2,60,interception,away,A10,2.7,27.4,,,won,,0,177,,,,,
SYN-00001-01284,1284,3690.9,3591.4,2,60,possession_change,away,A10,2.7,27.4,,,interception,,0,178,,,,,
SYN-00001-01285,1285,3691.8,3592.3,2,60,pressure,home,H01,2.7,27.4,,,,,0,178,,,,,
SYN-00001-01286,1286,3691.8,3592.3,2,60,pass,away,A10,2.7,27.4,2.8,57.4,complete,A09,1,178,71.7,,30,right_foot,
SYN-00001-01287,1287,3695.3,3595.8,2,60,sprint,away,A09,3.3,63.8,,,,,0,178,,31.4,15.4,,
SYN-00001-01288,1288,3695.3,3595.8,2,60,pass,away,A09,2.8,57.4,1,41.8,complete,A10,0,178,62.8,,15.7,right_foot,
SYN-00001-01289,1289,3698.8,3599.3,2,60,pass,away,A10,1,41.8,39,37.3,complete,A06,0,178,80.1,,38.3,right_foot,
SYN-00001-01290,1290,3703.2,3603.7,2,61,pass,away,A06,39,37.3,45.8,24.1,complete,A08,0,178,50.3,,14.9,right_foot,
SYN-00001-01291,1291,3705.7,3606.2,2,61,pass,away,A08,45.8,24.1,52.1,48.2,incomplete,A07,0,178,55.4,,20.2,right_foot,
SYN-00001-01292,1292,3709.2,3609.7,2,61,possession_change,home,H11,52.1,48.2,,,recovery,,0,179,,,,,
SYN-00001-01293,1293,3709.2,3609.7,2,61,pass,home,H11,52.1,48.2,57.7,24.5,complete,H07,0,179,52.8,,24.3,left_foot,
SYN-00001-01294,1294,3713.1,3613.6,2,61,pass,home,H07,57.7,24.5,79.1,13.6,complete,H09,0,179,59,,24,right_foot,
SYN-00001-01295,1295,3717.5,3618,2,61,shot,home,H09,79.1,13.6,105,33.5,saved,,0,179,116.1,,33,foot,0.011
SYN-00001-01296,1296,3719,3619.5,2,61,possession_change,away,A01,99,34,,,goalkeeper_save,,0,180,,,,,
SYN-00001-01297,1297,3726.5,3627,2,61,pass,away,A01,99,34,90.2,60.1,complete,A02,0,180,66.2,,27.5,left_foot,
SYN-00001-01298,1298,3730.6,3631,2,61,pass,away,A02,90.2,60.1,81.9,38.5,complete,A06,0,180,60.2,,23.1,right_foot,
SYN-00001-01299,1299,3734.5,3635,2,61,pass,away,A06,81.9,38.5,87.7,55.7,complete,A02,0,180,58.7,,18.1,left_foot,
SYN-00001-01300,1300,3737.9,3638.4,2,61,sprint,away,A11,41.4,15.4,,,,,0,180,,30.1,39.5,,
SYN-00001-01301,1301,3737.9,3638.4,2,61,pressure,home,H10,87.7,55.7,,,,,0,180,,,,,
SYN-00001-01302,1302,3737.9,3638.4,2,61,pass,away,A02,87.7,55.7,77.6,36.2,complete,A06,1,180,54,,22,left_foot,
SYN-00001-01303,1303,3742.1,3642.6,2,61,pass,away,A06,77.6,36.2,80.9,11.1,complete,A05,0,180,54,,25.4,left_foot,
SYN-00001-01304,1304,3746.5,3647,2,61,carry,away,A05,80.9,11.1,68,11.4,complete,,0,180,,22.8,13,,
SYN-00001-01305,1305,3748.6,3649,2,61,pass,away,A05,68,11.4,53,21.1,complete,A08,0,180,53.7,,17.8,left_foot,
SYN-00001-01306,1306,3751.3,3651.8,2,61,pass,away,A08,53,21.1,48.2,39.7,complete,A07,0,180,55.3,,19.2,right_foot,
SYN-00001-01307,1307,3754.3,3654.8,2,61,carry,away,A07,48.2,39.7,38.2,51.1,complete,,0,180,,17.9,15.1,,
SYN-00001-01308,1308,3757.4,3657.9,2,61,pass,away,A07,38.2,51.1,39.7,26.5,complete,A08,0,180,54,,24.6,right_foot,
SYN-00001-01309,1309,3760.5,3661,2,62,pass,away,A08,39.7,26.5,46.3,43.7,complete,A07,0,180,48.2,,18.5,right_foot,
SYN-00001-01310,1310,3763.2,3663.7,2,62,pass,away,A07,46.3,43.7,59.4,32.8,complete,A06,0,180,49.2,,17,left_foot,
SYN-00001-01311,1311,3767.2,3667.7,2,62,pass,away,A06,59.4,32.8,76.4,8.9,complete,A05,0,180,67.8,,29.4,right_foot,
SYN-00001-01312,1312,3771,3671.5,2,62,pressure,home,H10,76.4,8.9,,,,,0,180,,,,,
SYN-00001-01313,1313,3771,3671.5,2,62,pass,away,A05,76.4,8.9,95.2,19.1,complete,A04,1,180,58.2,,21.4,left_foot,
SYN-00001-01314,1314,3774.6,3675.1,2,62,pass,away,A04,95.2,19.1,78.2,29.9,complete,A06,0,180,56.5,,20.1,right_foot,
SYN-00001-01315,1315,3777.4,3677.8,2,62,substitution,away,A13,,,,,substitution,,0,180,,,,,
SYN-00001-01316,1316,3777.4,3677.8,2,62,pass,away,A06,78.2,29.9,91.8,44.1,complete,A03,0,180,40.2,,19.7,right_foot,
SYN-00001-01317,1317,3782,3682.5,2,62,pass,away,A03,91.8,44.1,68.6,46.9,complete,A07,0,180,55.3,,23.4,right_foot,
SYN-00001-01318,1318,3786.3,3686.8,2,62,pass,away,A07,68.6,46.9,67.1,37.3,complete,A06,0,180,38.1,,9.7,right_foot,
SYN-00001-01319,1319,3789.7,3690.2,2,62,pass,away,A06,67.1,37.3,76.9,58.7,complete,A02,0,180,61,,23.5,right_foot,
SYN-00001-01320,1320,3793.1,3693.5,2,62,pass,away,A02,76.9,58.7,58.6,55.3,complete,A07,0,180,56.8,,18.6,right_foot,
SYN-00001-01321,1321,3795.4,3695.9,2,62,pass,away,A07,58.6,55.3,71,64,complete,A02,0,180,53.5,,15.1,right_foot,
SYN-00001-01322,1322,3798.6,3699.1,2,62,carry,away,A02,71,64,65.6,60.7,complete,,0,180,,14.7,6.3,,
SYN-00001-01323,1323,3800.1,3700.6,2,62,pass,away,A02,65.6,60.7,87.3,40,intercepted,A13,0,180,80.5,,34.8,right_foot,
SYN-00001-01324,1324,3801.5,3702,2,62,interception,home,H10,87.3,40,,,won,,0,180,,,,,
SYN-00001-01325,1325,3801.5,3702,2,62,possession_change,home,H10,87.3,40,,,interception,,0,181,,,,,
SYN-00001-01326,1326,3802.8,3703.2,2,62,pass,home,H10,87.3,40,93.8,62.9,complete,H11,0,181,61.8,,23.8,right_foot,
SYN-00001-01327,1327,3805.9,3706.4,2,62,carry,home,H11,93.8,62.9,100.1,65,complete,,0,181,,16.9,6.6,,
SYN-00001-01328,1328,3807.3,3707.8,2,62,shot,home,H11,100.1,65,105,26.2,off_target,,0,181,65.8,,31.4,head,0.005
SYN-00001-01329,1329,3809.5,3710,2,62,possession_change,away,A01,99,34,,,goal_kick,,0,182,,,,,
SYN-00001-01330,1330,3838.1,3738.6,2,63,pass,away,A01,99,34,84.3,28.5,incomplete,A06,0,182,41,,16.1,right_foot,
SYN-00001-01331,1331,3841.6,3742.1,2,63,possession_change,home,H10,84.3,28.5,,,recovery,,0,183,,,,,
SYN-00001-01332,1332,3841.6,3742.1,2,63,pass,home,H10,84.3,28.5,67.8,44.4,complete,H08,0,183,59.9,,23,right_foot,
SYN-00001-01333,1333,3845.2,3745.7,2,63,pass,home,H08,67.8,44.4,65.3,22.8,incomplete,H07,0,183,61.7,,20.9,left_foot,
SYN-00001-01334,1334,3847.8,3748.3,2,63,possession_change,away,A08,65.3,22.8,,,recovery,,0,184,,,,,
SYN-00001-01335,1335,3847.8,3748.3,2,63,carry,away,A08,65.3,22.8,50.1,19.4,complete,,0,184,,21,15.6,,
SYN-00001-01336,1336,3850.5,3751,2,63,pressure,home,H10,50.1,19.4,,,,,0,184,,,,,
SYN-00001-01337,1337,3850.5,3751,2,63,pass,away,A08,50.1,19.4,20.4,8.5,complete,A11,1,184,68.5,,31.6,left_foot,
SYN-00001-01338,1338,3853.6,3754,2,63,pass,away,A11,20.4,8.5,40.1,33.2,complete,A07,0,184,75.1,,31.5,left_foot,
SYN-00001-01339,1339,3856.3,3756.8,2,63,pass,away,A07,40.1,33.2,22.8,11,complete,A11,0,184,58.9,,28.1,left_foot,
SYN-00001-01340,1340,3859.9,3760.4,2,63,pass,away,A11,22.8,11,34.4,15,complete,A08,0,184,33.7,,12.4,right_foot,
SYN-00001-01341,1341,3862.4,3762.8,2,63,pass,away,A08,34.4,15,65.4,1,complete,A05,0,184,75.2,,34,right_foot,
SYN-00001-01342,1342,3866.2,3766.7,2,63,pass,away,A05,65.4,1,56,17,complete,A08,0,184,58.7,,18.6,right_foot,
SYN-00001-01343,1343,3868.4,3768.9,2,63,pass,away,A08,56,17,82.6,25.5,complete,A13,0,184,57.8,,27.9,head,
SYN-00001-01344,1344,3872.4,3772.9,2,63,pass,away,A13,82.6,25.5,91.8,0,out,A05,0,184,57.3,,18.1,right_foot,
SYN-00001-01345,1345,3873.5,3774,2,63,possession_change,home,H09,91.8,1,,,out_of_play,,0,185,,,,,
SYN-00001-01346,1346,3891.7,3792.1,2,64,pass,home,H09,91.8,1,94.6,33.2,incomplete,H10,0,185,59.2,,27.1,left_foot,
SYN-00001-01347,1347,3894.3,3794.8,2,64,possession_change,away,A03,94.6,33.2,,,recovery,,0,186,,,,,
SYN-00001-01348,1348,3894.3,3794.8,2,64,pass,away,A03,94.6,33.2,104,26.7,complete,A13,0,186,43.7,,11.4,right_foot,
SYN-00001-01349,1349,3897.2,3797.7,2,64,carry,away,A13,104,26.7,95.6,24.4,complete,,0,186,,22,8.7,,
SYN-00001-01350,1350,3898.7,3799.1,2,64,pressure,home,H10,95.6,24.4,,,,,0,186,,,,,
SYN-00001-01351,1351,3898.7,3799.1,2,64,pass,away,A13,95.6,24.4,82,29.5,intercepted,A06,1,186,55.2,,18,right_foot,
SYN-00001-01352,1352,3899.6,3800.1,2,64,interception,home,H10,82,29.5,,,won,,0,186,,,,,
SYN-00001-01353,1353,3899.6,3800.1,2,64,possession_change,home,H10,82,29.5,,,interception,,0,187,,,,,
SYN-00001-01354,1354,3901,3801.5,2,64,pressure,away,A06,82,29.5,,,,,0,187,,,,,
SYN-00001-01355,1355,3901,3801.5,2,64,pass,home,H10,82,29.5,88.4,43.6,intercepted,H11,1,187,71.3,,30.5,right_foot,
SYN-00001-01356,1356,3901.8,3802.3,2,64,interception,away,A03,88.4,43.6,,,won,,0,187,,,,,
SYN-00001-01357,1357,3901.8,3802.3,2,64,possession_change,away,A03,88.4,43.6,,,interception,,0,188,,,,,
SYN-00001-01358,1358,3902.3,3802.8,2,64,pass,away,A03,88.4,43.6,88.3,9.2,complete,A05,0,188,74.6,,34.5,right_foot,
SYN-00001-01359,1359,3906.2,3806.7,2,64,pressure,home,H10,88.3,9.2,,,,,0,188,,,,,
SYN-00001-01360,1360,3906.2,3806.7,2,64,pass,away,A05,88.3,9.2,75.6,16.6,complete,A08,1,188,47.7,,14.7,right_foot,
SYN-00001-01361,1361,3908.5,3809,2,64,pass,away,A08,75.6,16.6,60.3,34.6,complete,A07,0,188,58.9,,23.7,right_foot,
SYN-00001-01362,1362,3912.6,3813.1,2,64,pass,away,A07,60.3,34.6,84.2,43.8,complete,A03,0,188,59.2,,25.6,right_foot,
SYN-00001-01363,1363,3915.9,3816.4,2,64,pass,away,A03,84.2,43.8,65.9,50.5,complete,A07,0,188,53.2,,19.5,right_foot,
SYN-00001-01364,1364,3919.7,3820.1,2,64,pass,away,A07,65.9,50.5,70.5,31,complete,A06,0,188,55.3,,20.1,right_foot,
SYN-00001-01365,1365,3922.6,3823,2,64,pass,away,A06,70.5,31,89.1,25.9,complete,A13,0,188,53.5,,19.3,right_foot,
SYN-00001-01366,1366,3926.4,3826.8,2,64,pass,away,A13,89.1,25.9,99.3,45.1,complete,A03,0,188,54.7,,21.8,left_foot,
SYN-00001-01367,1367,3930.1,3830.5,2,64,pressure,home,H10,99.3,45.1,,,,,0,188,,,,,
SYN-00001-01368,1368,3930.1,3830.5,2,64,pass,away,A03,99.3,45.1,101.2,68,out,A01,1,188,36.7,,7.9,right_foot,
SYN-00001-01369,1369,3930.8,3831.3,2,64,possession_change,home,H11,101.2,67,,,out_of_play,,0,189,,,,,
SYN-00001-01370,1370,3938.9,3839.4,2,64,pass,home,H11,101.2,67,75.7,57.2,complete,H08,0,189,65.3,,27.3,left_foot,
SYN-00001-01371,1371,3942.2,3842.7,2,65,pass,home,H08,75.7,57.2,65.8,25.2,complete,H07,0,189,68.6,,33.5,right_foot,
SYN-00001-01372,1372,3945.4,3845.9,2,65,pressure,away,A08,65.8,25.2,,,,,0,189,,,,,
SYN-00001-01373,1373,3945.4,3845.9,2,65,pass,home,H07,65.8,25.2,92.5,31.9,complete,H10,1,189,58.1,,27.5,right_foot,
SYN-00001-01374,1374,3948.5,3849,2,65,pass,home,H10,92.5,31.9,100.5,12.9,complete,H09,0,189,47.8,,20.6,left_foot,
SYN-00001-01375,1375,3952.4,3852.9,2,65,pass,home,H09,100.5,12.9,99.6,47.3,complete,H11,0,189,61,,34.4,left_foot,
SYN-00001-01376,1376,3956.4,3856.9,2,65,carry,home,H11,99.6,47.3,104,48.4,complete,,0,189,,23.8,10.6,,
SYN-00001-01377,1377,3958,3858.5,2,65,pass,home,H11,104,48.4,99,42.1,complete,H10,0,189,44.7,,8,left_foot,
SYN-00001-01378,1378,3961.2,3861.7,2,65,pass,home,H10,99,42.1,94.6,68,out,H11,0,189,52.7,,19.6,right_foot,
SYN-00001-01379,1379,3962.6,3863.1,2,65,possession_change,away,A02,94.6,67,,,out_of_play,,0,190,,,,,
SYN-00001-01380,1380,3978.3,3878.8,2,65,pressure,home,H11,94.6,67,,,,,0,190,,,,,
SYN-00001-01381,1381,3978.3,3878.8,2,65,pass,away,A02,94.6,67,101,48.2,incomplete,A03,1,190,57.4,,18.1,right_foot,
SYN-00001-01382,1382,3981.8,3882.3,2,65,possession_change,home,H10,101,48.2,,,recovery,,0,191,,,,,
SYN-00001-01383,1383,3981.8,3882.3,2,65,carry,home,H10,101,48.2,104,46.1,complete,,0,191,,23.9,9.1,,
SYN-00001-01384,1384,3983.1,3883.6,2,65,pass,home,H10,104,46.1,87.6,44.7,intercepted,H08,0,191,62.7,,25.6,right_foot,
SYN-00001-01385,1385,3984.1,3884.6,2,65,interception,away,A07,87.6,44.7,,,won,,0,191,,,,,
SYN-00001-01386,1386,3984.1,3884.6,2,65,possession_change,away,A07,87.6,44.7,,,interception,,0,192,,,,,
SYN-00001-01387,1387,3985.4,3885.9,2,65,pass,away,A07,87.6,44.7,98.7,39.6,complete,A01,0,192,48.5,,12.3,right_foot,
SYN-00001-01388,1388,3988.6,3889,2,65,pass,away,A01,98.7,39.6,97.7,47.1,complete,A03,0,192,38.6,,7.6,left_foot,
SYN-00001-01389,1389,3991.2,3891.7,2,65,pressure,home,H10,97.7,47.1,,,,,0,192,,,,,
SYN-00001-01390,1390,3991.2,3891.7,2,65,pass,away,A03,97.7,47.1,97.7,38.2,complete,A01,1,192,40.6,,8.9,right_foot,
SYN-00001-01391,1391,3993.3,3893.8,2,65,pressure,home,H10,97.7,38.2,,,,,0,192,,,,,
SYN-00001-01392,1392,3993.3,3893.8,2,65,pass,away,A01,97.7,38.2,104,29.7,complete,A13,1,192,46.7,,10.6,right_foot,
SYN-00001-01393,1393,3995.9,3896.4,2,65,pass,away,A13,104,29.7,95.7,68,out,A02,0,192,71.2,,29.7,right_foot,
SYN-00001-01394,1394,3997.4,3897.9,2,65,possession_change,home,H11,95.7,67,,,out_of_play,,0,193,,,,,
SYN-00001-01395,1395,4017.2,3917.7,2,66,substitution,home,H13,,,,,substitution,,0,193,,,,,
SYN-00001-01396,1396,4017.2,3917.7,2,66,pass,home,H11,95.7,67,72.3,53.6,complete,H08,0,193,63.2,,26.9,right_foot,
SYN-00001-01397,1397,4019.9,3920.3,2,66,pass,home,H08,72.3,53.6,52.5,42.1,complete,H06,0,193,60.1,,23,left_foot,
SYN-00001-01398,1398,4023.6,3924.1,2,66,pass,home,H06,52.5,42.1,52,21.4,complete,H07,0,193,59.4,,20.6,right_foot,
SYN-00001-01399,1399,4026.4,3926.9,2,66,carry,home,H07,52,21.4,60.7,24.6,complete,,0,193,,19.7,9.3,,
SYN-00001-01400,1400,4028.1,3928.6,2,66,sprint,away,A10,50.4,30.3,,,,,0,193,,26.7,49.5,,
SYN-00001-01401,1401,4028.1,3928.6,2,66,pass,home,H07,60.7,24.6,50.5,27.8,complete,H06,0,193,46.1,,10.7,right_foot,
SYN-00001-01402,1402,4031.4,3931.8,2,66,pressure,away,A10,50.5,27.8,,,,,0,193,,,,,
SYN-00001-01403,1403,4031.4,3931.8,2,66,pass,home,H06,50.5,27.8,50.7,20.8,complete,H07,1,193,35.2,,7,left_foot,
SYN-00001-01404,1404,4033.6,3934.1,2,66,pass,home,H07,50.7,20.8,74.1,6.7,complete,H09,0,193,59.7,,27.4,right_foot,
SYN-00001-01405,1405,4038.3,3938.7,2,66,pass,home,H09,74.1,6.7,48.1,31.9,complete,H06,0,193,76.1,,36.2,right_foot,
SYN-00001-01406,1406,4042.4,3942.9,2,66,sprint,home,H11,77.4,57.5,,,,,0,193,,26.3,32.1,,
SYN-00001-01407,1407,4042.4,3942.9,2,66,pressure,away,A10,48.1,31.9,,,,,0,193,,,,,
SYN-00001-01408,1408,4042.4,3942.9,2,66,pass,home,H06,48.1,31.9,77.6,8.6,complete,H09,1,193,73.8,,37.5,right_foot,
SYN-00001-01409,1409,4045.3,3945.8,2,66,pass,home,H09,77.6,8.6,57.8,26.4,complete,H06,0,193,53.8,,26.7,right_foot,
SYN-00001-01410,1410,4049.6,3950.1,2,66,carry,home,H06,57.8,26.4,62.7,28.2,complete,,0,193,,25,5.3,,
SYN-00001-01411,1411,4050.4,3950.8,2,66,pass,home,H06,62.7,28.2,86,3.9,incomplete,H09,0,193,74.9,,30.6,right_foot,
SYN-00001-01412,1412,4054.3,3954.8,2,66,possession_change,away,A05,86,3.9,,,recovery,,0,194,,,,,
SYN-00001-01413,1413,4054.3,3954.8,2,66,pressure,home,H09,86,3.9,,,,,0,194,,,,,
SYN-00001-01414,1414,4054.3,3954.8,2,66,pass,away,A05,86,3.9,89.9,19,complete,A13,1,194,57.8,,15.6,left_foot,
SYN-00001-01415,1415,4057,3957.4,2,66,sprint,home,H03,27.4,19,,,,,0,194,,29.5,38.6,,
SYN-00001-01416,1416,4057,3957.4,2,66,pass,away,A13,89.9,19,86.2,56.4,complete,A02,0,194,74.8,,37.7,right_foot,
SYN-00001-01417,1417,4060.5,3961,2,67,carry,away,A02,86.2,56.4,82,50.7,complete,,0,194,,16.2,7.1,,
SYN-00001-01418,1418,4062.1,3962.6,2,67,pressure,home,H13,82,50.7,,,,,0,194,,,,,
SYN-00001-01419,1419,4062.1,3962.6,2,67,pass,away,A02,82,50.7,56,44.6,incomplete,A07,1,194,60.3,,23.8,left_foot,
SYN-00001-01420,1420,4064.5,3965,2,67,possession_change,home,H13,56,44.6,,,recovery,,0,195,,,,,
SYN-00001-01421,1421,4064.5,3965,2,67,sprint,home,H07,57,24.6,,,,,0,195,,32,21.1,,
SYN-00001-01422,1422,4064.5,3965,2,67,pass,home,H13,56,44.6,58.1,22.5,complete,H07,0,195,62.5,,22.2,left_foot,
SYN-00001-01423,1423,4068.5,3968.9,2,67,pressure,away,A10,58.1,22.5,,,,,0,195,,,,,
SYN-00001-01424,1424,4068.5,3968.9,2,67,pass,home,H07,58.1,22.5,77.3,7.9,complete,H09,1,195,51.1,,24.1,head,
SYN-00001-01425,1425,4072.2,3972.7,2,67,pass,home,H09,77.3,7.9,98.2,25.1,incomplete,H13,0,195,62.7,,27.4,right_foot,
SYN-00001-01426,1426,4075.7,3976.2,2,67,possession_change,away,A01,98.2,25.1,,,recovery,,0,196,,,,,
SYN-00001-01427,1427,4075.7,3976.2,2,67,pass,away,A01,98.2,25.1,92.4,24.4,incomplete,A06,0,196,45.5,,12.7,left_foot,
SYN-00001-01428,1428,4078.5,3979,2,67,possession_change,home,H13,92.4,24.4,,,recovery,,0,197,,,,,
SYN-00001-01429,1429,4078.5,3979,2,67,carry,home,H13,92.4,24.4,97.8,15.7,complete,,0,197,,14,10.3,,
SYN-00001-01430,1430,4081.1,3981.6,2,67,pass,home,H13,97.8,15.7,73.3,13.5,complete,H07,0,197,64.1,,24.6,left_foot,
SYN-00001-01431,1431,4085.4,3985.9,2,67,pass,home,H07,73.3,13.5,52.4,28.6,complete,H06,0,197,56.6,,25.8,right_foot,
SYN-00001-01432,1432,4089.3,3989.8,2,67,pass,home,H06,52.4,28.6,22.4,51.2,incomplete,H04,0,197,74.8,,31.8,right_foot,
SYN-00001-01433,1433,4092.8,3993.3,2,67,possession_change,away,A10,22.4,51.2,,,recovery,,0,198,,,,,
SYN-00001-01434,1434,4092.8,3993.3,2,67,pass,away,A10,22.4,51.2,12,62,incomplete,A09,0,198,58.4,,15.7,left_foot,
SYN-00001-01435,1435,4095.5,3996,2,67,possession_change,home,H05,12,62,,,recovery,,0,199,,,,,
SYN-00001-01436,1436,4095.5,3996,2,67,carry,home,H05,12,62,20.1,60.5,complete,,0,199,,21.2,8.2,,
SYN-00001-01437,1437,4096.9,3997.4,2,67,carry,home,H05,20.1,60.5,24.2,60.5,complete,,0,199,,18.4,4.1,,
SYN-00001-01438,1438,4097.7,3998.2,2,67,pass,home,H05,24.2,60.5,11.5,31.7,complete,H03,0,199,74.4,,31.5,left_foot,
SYN-00001-01439,1439,4101.2,4001.7,2,67,pass,home,H03,11.5,31.7,37,46.9,complete,H08,0,199,71,,29.7,right_foot,
SYN-00001-01440,1440,4104.6,4005.1,2,67,pass,home,H08,37,46.9,26.1,8.9,incomplete,H02,0,199,77.5,,36.5,left_foot,
SYN-00001-01441,1441,4108.5,4008.9,2,67,possession_change,away,A11,26.1,8.9,,,recovery,,0,200,,,,,
SYN-00001-01442,1442,4108.5,4008.9,2,67,pass,away,A11,26.1,8.9,38.5,17.6,complete,A08,0,200,49.8,,15.1,right_foot,
SYN-00001-01443,1443,4111.8,4012.3,2,67,pass,away,A08,38.5,17.6,9.5,33.2,complete,A10,0,200,73.9,,33,right_foot,
SYN-00001-01444,1444,4115.6,4016.1,2,67,pressure,home,H01,9.5,33.2,,,,,0,200,,,,,
SYN-00001-01445,1445,4115.6,4016.1,2,67,pass,away,A10,9.5,33.2,29.8,43.3,complete,A07,1,200,64.3,,22.8,right_foot,
SYN-00001-01446,1446,4119.6,4020.1,2,68,pass,away,A07,29.8,43.3,13.7,13.1,incomplete,A11,0,200,62.8,,36,left_foot,
SYN-00001-01447,1447,4122.8,4023.3,2,68,possession_change,home,H02,13.7,13.1,,,recovery,,0,201,,,,,
SYN-00001-01448,1448,4122.8,4023.3,2,68,pass,home,H02,13.7,13.1,3,37.3,complete,H04,0,201,60.5,,26.5,right_foot,
SYN-00001-01449,1449,4126.4,4026.9,2,68,substitution,home,H14,,,,,substitution,,0,201,,,,,
SYN-00001-01450,1450,4126.4,4026.9,2,68,pressure,away,A10,3,37.3,,,,,0,201,,,,,
SYN-00001-01451,1451,4126.4,4026.9,2,68,pass,home,H04,3,37.3,4.3,38.8,complete,H01,1,201,29.2,,2,left_foot,
SYN-00001-01452,1452,4128.2,4028.6,2,68,pass,home,H01,4.3,38.8,7.6,66.2,complete,H05,0,201,63,,27.6,left_foot,
SYN-00001-01453,1453,4131.4,4031.9,2,68,pass,home,H05,7.6,66.2,4.9,39.2,complete,H01,0,201,58.8,,27.2,right_foot,
SYN-00001-01454,1454,4134.5,4035,2,68,pressure,away,A10,4.9,39.2,,,,,0,201,,,,,
SYN-00001-01455,1455,4134.5,4035,2,68,pass,home,H01,4.9,39.2,17.6,40.2,complete,H06,1,201,46.1,,12.8,right_foot,
SYN-00001-01456,1456,4137.9,4038.4,2,68,pass,home,H06,17.6,40.2,14.3,24.8,incomplete,H03,0,201,41.4,,14.6,left_foot,
SYN-00001-01457,1457,4140.2,4040.7,2,68,possession_change,away,A10,14.3,24.8,,,recovery,,0,202,,,,,
SYN-00001-01458,1458,4140.2,4040.7,2,68,pass,away,A10,14.3,24.8,44.7,31.9,complete,A06,0,202,75.3,,31.2,right_foot,
SYN-00001-01459,1459,4143.5,4044,2,68,pass,away,A06,44.7,31.9,32.3,20.2,intercepted,A11,0,202,71.1,,31.8,right_foot,
SYN-00001-01460,1460,4144.4,4044.9,2,68,interception,home,H14,32.3,20.2,,,won,,0,202,,,,,
SYN-00001-01461,1461,4144.4,4044.9,2,68,possession_change,home,H14,32.3,20.2,,,interception,,0,203,,,,,
SYN-00001-01462,1462,4145.3,4045.8,2,68,pass,home,H14,32.3,20.2,47.7,38.8,complete,H08,0,203,58.5,,24.1,left_foot,
SYN-00001-01463,1463,4149.4,4049.9,2,68,pass,home,H08,47.7,38.8,51,25.4,complete,H14,0,203,47.2,,13.9,right_foot,
SYN-00001-01464,1464,4153,4053.4,2,68,pressure,away,A10,51,25.4,,,,,0,203,,,,,
SYN-00001-01465,1465,4153,4053.4,2,68,pass,home,H14,51,25.4,77.9,6.8,intercepted,H09,1,203,75.8,,39.2,right_foot,
SYN-00001-01466,1466,4154.5,4055,2,68,interception,away,A05,77.9,6.8,,,won,,0,203,,,,,
SYN-00001-01467,1467,4154.5,4055,2,68,possession_change,away,A05,77.9,6.8,,,interception,,0,204,,,,,
SYN-00001-01468,1468,4155.7,4056.2,2,68,sprint,away,A10,27.1,27.2,,,,,0,204,,34.8,41,,
SYN-00001-01469,1469,4155.7,4056.2,2,68,pressure,home,H09,77.9,6.8,,,,,0,204,,,,,
SYN-00001-01470,1470,4155.7,4056.2,2,68,pass,away,A05,77.9,6.8,96.8,15.9,complete,A13,1,204,45.3,,21,right_foot,
SYN-00001-01471,1471,4159.6,4060.1,2,68,pass,away,A13,96.8,15.9,79.3,27.9,complete,A06,0,204,63.2,,21.3,left_foot,
SYN-00001-01472,1472,4163,4063.5,2,68,pass,away,A06,79.3,27.9,82.4,68,out,A03,0,204,56.1,,19,left_foot,
SYN-00001-01473,1473,4164.2,4064.7,2,68,possession_change,home,H11,82.4,67,,,out_of_play,,0,205,,,,,
SYN-00001-01474,1474,4179.8,4080.3,2,69,pressure,away,A07,82.4,67,,,,,0,205,,,,,
SYN-00001-01475,1475,4179.8,4080.3,2,69,pass,home,H11,82.4,67,103.1,68,out,H13,1,205,61.7,,28.2,right_foot,
SYN-00001-01476,1476,4181.4,4081.9,2,69,possession_change,away,A02,103.1,67,,,out_of_play,,0,206,,,,,
SYN-00001-01477,1477,4195.4,4095.9,2,69,pressure,home,H11,103.1,67,,,,,0,206,,,,,
SYN-00001-01478,1478,4195.4,4095.9,2,69,pass,away,A02,103.1,67,98.1,49.4,complete,A03,1,206,49.2,,18.3,right_foot,
SYN-00001-01479,1479,4199.5,4100,2,69,pressure,home,H13,98.1,49.4,,,,,0,206,,,,,
SYN-00001-01480,1480,4199.5,4100,2,69,pass,away,A03,98.1,49.4,75.7,68,out,A07,1,206,71.9,,32.4,right_foot,
SYN-00001-01481,1481,4201.1,4101.6,2,69,possession_change,home,H11,75.7,67,,,out_of_play,,0,207,,,,,
SYN-00001-01482,1482,4218.7,4119.2,2,69,pass,home,H11,75.7,67,63,52.8,complete,H08,0,207,50.1,,19,left_foot,
SYN-00001-01483,1483,4222,4122.5,2,69,pressure,away,A07,63,52.8,,,,,0,207,,,,,
SYN-00001-01484,1484,4222,4122.5,2,69,pass,home,H08,63,52.8,52.1,35.6,incomplete,H06,1,207,61.9,,21.2,left_foot,
SYN-00001-01485,1485,4224.3,4124.8,2,69,possession_change,away,A10,52.1,35.6,,,recovery,,0,208,,,,,
SYN-00001-01486,1486,4224.3,4124.8,2,69,pass,away,A10,52.1,35.6,70.1,60.9,complete,A02,0,208,67,,31.1,left_foot,
SYN-00001-01487,1487,4228.2,4128.6,2,69,carry,away,A02,70.1,60.9,65.3,63,complete,,0,208,,15.8,5.2,,
SYN-00001-01488,1488,4229.3,4129.8,2,69,pressure,home,H11,65.3,63,,,,,0,208,,,,,
SYN-00001-01489,1489,4229.3,4129.8,2,69,pass,away,A02,65.3,63,48,64.9,intercepted,A09,1,208,69.8,,36.3,right_foot,
SYN-00001-01490,1490,4230.2,4130.7,2,69,interception,home,H11,48,64.9,,,won,,0,208,,,,,
SYN-00001-01491,1491,4230.2,4130.7,2,69,possession_change,home,H11,48,64.9,,,interception,,0,209,,,,,
SYN-00001-01492,1492,4230.9,4131.4,2,69,carry,home,H11,48,64.9,50,66,dispossessed,,0,209,,18.8,2.8,,
SYN-00001-01493,1493,4231.4,4131.9,2,69,tackle,away,A09,50,66,,,won,,0,209,,,,,
SYN-00001-01494,1494,4231.4,4131.9,2,69,possession_change,away,A09,50,66,,,tackle,,0,210,,,,,
SYN-00001-01495,1495,4232.4,4132.9,2,69,pass,away,A09,50,66,50.9,34.4,complete,A08,0,210,69.2,,31.6,left_foot,
SYN-00001-01496,1496,4236.5,4136.9,2,69,carry,away,A08,50.9,34.4,42.8,31.6,complete,,0,210,,15.1,8.5,,
SYN-00001-01497,1497,4238.5,4139,2,69,pass,away,A08,42.8,31.6,56.2,31.2,complete,A06,0,210,45.4,,13.4,right_foot,
SYN-00001-01498,1498,4241.1,4141.6,2,70,pass,away,A06,56.2,31.2,83,42.4,complete,A03,0,210,61.8,,29,right_foot,
SYN-00001-01499,1499,4245.2,4145.6,2,70,carry,away,A03,83,42.4,76.6,47.9,complete,,0,210,,18.7,8.4,,
SYN-00001-01500,1500,4246.8,4147.3,2,70,pressure,home,H13,76.6,47.9,,,,,0,210,,,,,
SYN-00001-01501,1501,4246.8,4147.3,2,70,pass,away,A03,76.6,47.9,56.4,46.8,incomplete,A07,1,210,52,,16.7,right_foot,
SYN-00001-01502,1502,4250.2,4150.7,2,70,possession_change,home,H13,56.4,46.8,,,recovery,,0,211,,,,,
SYN-00001-01503,1503,4250.2,4150.7,2,70,substitution,away,A14,,,,,substitution,,0,211,,,,,
SYN-00001-01504,1504,4250.2,4150.7,2,70,pass,home,H13,56.4,46.8,80.7,61.7,complete,H11,0,211,65.4,,28.6,right_foot,
SYN-00001-01505,1505,4253.5,4153.9,2,70,pass,home,H11,80.7,61.7,46.5,64.9,complete,H05,0,211,60.9,,34.3,left_foot,
SYN-00001-01506,1506,4256.8,4157.3,2,70,pass,home,H05,46.5,64.9,18.3,50.6,incomplete,H04,0,211,64,,30.3,left_foot,
SYN-00001-01507,1507,4260.6,4161.1,2,70,possession_change,away,A10,18.3,50.6,,,recovery,,0,212,,,,,
SYN-00001-01508,1508,4260.6,4161.1,2,70,pass,away,A10,18.3,50.6,17.9,60.9,complete,A09,0,212,43.6,,10.4,left_foot,
SYN-00001-01509,1509,4263.1,4163.6,2,70,pass,away,A09,17.9,60.9,33.8,52.6,complete,A07,0,212,52.8,,17.9,head,
SYN-00001-01510,1510,4266,4166.5,2,70,carry,away,A07,33.8,52.6,21.3,50.8,complete,,0,212,,14.5,12.6,,
SYN-00001-01511,1511,4269.2,4169.6,2,70,pass,away,A07,21.3,50.8,4.4,67,incomplete,A09,0,212,54.4,,20.2,right_foot,
SYN-00001-01512,1512,4272.5,4173,2,70,possession_change,home,H05,4.4,67,,,recovery,,0,213,,,,,
SYN-00001-01513,1513,4272.5,4173,2,70,pass,home,H05,4.4,67,31.6,58.6,complete,H08,0,213,66.5,,28.5,left_foot,
SYN-00001-01514,1514,4275.4,4175.9,2,70,pass,home,H08,31.6,58.6,10.1,50.7,complete,H04,0,213,57,,22.9,right_foot,
SYN-00001-01515,1515,4277.9,4178.4,2,70,pass,home,H04,10.1,50.7,27.2,36.7,complete,H06,0,213,55.9,,22,right_foot,
SYN-00001-01516,1516,4281.1,4181.6,2,70,pass,home,H06,27.2,36.7,46.6,24.4,complete,H14,0,213,62.6,,23,right_foot,
SYN-00001-01517,1517,4285.2,4185.6,2,70,pass,home,H14,46.6,24.4,57.9,43.8,complete,H08,0,213,55.1,,22.5,right_foot,
SYN-00001-01518,1518,4288.8,4189.3,2,70,pass,home,H08,57.9,43.8,53.7,14.9,incomplete,H14,0,213,47.1,,18.7,right_foot,
SYN-00001-01519,1519,4292.6,4193.1,2,70,possession_change,away,A11,53.7,14.9,,,recovery,,0,214,,,,,
SYN-00001-01520,1520,4292.6,4193.1,2,70,pass,away,A11,53.7,14.9,47.2,18.1,complete,A08,0,214,37.7,,7.2,right_foot,
SYN-00001-01521,1521,4295.2,4195.7,2,70,pass,away,A08,47.2,18.1,58.9,27.3,complete,A14,0,214,46,,14.9,left_foot,
SYN-00001-01522,1522,4298.4,4198.9,2,70,pass,away,A14,58.9,27.3,24,11.6,complete,A11,0,214,77,,38.3,right_foot,
SYN-00001-01523,1523,4301.8,4202.3,2,71,pass,away,A11,24,11.6,38.2,23.2,complete,A08,0,214,54,,18.3,right_foot,
SYN-00001-01524,1524,4305.5,4206,2,71,pass,away,A08,38.2,23.2,18.2,7.2,complete,A11,0,214,58.8,,25.6,right_foot,
SYN-00001-01525,1525,4309,4209.5,2,71,pressure,home,H02,18.2,7.2,,,,,0,214,,,,,
SYN-00001-01526,1526,4309,4209.5,2,71,pass,away,A11,18.2,7.2,6.2,24.6,intercepted,A10,1,214,61.1,,30.4,right_foot,
SYN-00001-01527,1527,4310.3,4210.8,2,71,interception,home,H01,6.2,24.6,,,won,,0,214,,,,,
SYN-00001-01528,1528,4310.3,4210.8,2,71,possession_change,home,H01,6.2,24.6,,,interception,,0,215,,,,,
SYN-00001-01529,1529,4310.9,4211.4,2,71,pass,home,H01,6.2,24.6,14.5,10.4,complete,H02,0,215,55.6,,16.4,left_foot,
SYN-00001-01530,1530,4313.3,4213.8,2,71,pass,home,H02,14.5,10.4,40.8,17.2,complete,H14,0,215,69.8,,27.2,right_foot,
SYN-00001-01531,1531,4316.9,4217.4,2,71,pass,home,H14,40.8,17.2,47.7,41.1,complete,H08,0,215,64,,24.9,right_foot,
SYN-00001-01532,1532,4321.2,4221.7,2,71,pass,home,H08,47.7,41.1,28.6,58.6,complete,H05,0,215,69.1,,26,right_foot,
SYN-00001-01533,1533,4324.4,4224.9,2,71,pass,home,H05,28.6,58.6,68.8,67,complete,H11,0,215,78.7,,41.1,right_foot,
SYN-00001-01534,1534,4329.2,4229.7,2,71,pressure,away,A07,68.8,67,,,,,0,215,,,,,
SYN-00001-01535,1535,4329.2,4229.7,2,71,carry,home,H11,68.8,67,82.3,62.2,complete,,1,215,,21,14.3,,
SYN-00001-01536,1536,4331.7,4232.1,2,71,pass,home,H11,82.3,62.2,104,37.6,complete,H13,0,215,67.7,,32.8,right_foot,
SYN-00001-01537,1537,4336.2,4236.6,2,71,carry,home,H13,104,37.6,104,40,complete,,0,215,,16.7,5.1,,
SYN-00001-01538,1538,4337.3,4237.7,2,71,carry,home,H13,104,40,104,38.3,dispossessed,,0,215,,23.9,4.6,,
SYN-00001-01539,1539,4337.9,4238.4,2,71,tackle,away,A01,104,38.3,,,won,,0,215,,,,,
SYN-00001-01540,1540,4337.9,4238.4,2,71,possession_change,away,A01,104,38.3,,,tackle,,0,216,,,,,
SYN-00001-01541,1541,4339.1,4239.6,2,71,pressure,home,H13,104,38.3,,,,,0,216,,,,,
SYN-00001-01542,1542,4339.1,4239.6,2,71,pass,away,A01,104,38.3,105,0,out,A13,1,216,41.8,,9.4,right_foot,
SYN-00001-01543,1543,4339.9,4240.4,2,71,possession_change,home,H09,104,1,,,out_of_play,,0,217,,,,,
SYN-00001-01544,1544,4352.5,4253,2,71,pass,home,H09,104,1,104,30,complete,H13,0,217,67.2,,29,left_foot,
SYN-00001-01545,1545,4355.7,4256.1,2,71,pass,home,H13,104,30,100.5,3.4,complete,H09,0,217,61.6,,26.8,right_foot,
SYN-00001-01546,1546,4359.2,4259.7,2,71,pass,home,H09,100.5,3.4,79.4,12,complete,H14,0,217,56.9,,22.8,right_foot,
SYN-00001-01547,1547,4363.5,4264,2,72,shot,home,H14,79.4,12,105,27.8,off_target,,0,217,103.5,,33.8,foot,0.01
SYN-00001-01548,1548,4365.1,4265.6,2,72,possession_change,away,A01,99,34,,,goal_kick,,0,218,,,,,
SYN-00001-01549,1549,4381.2,4281.6,2,72,pass,away,A01,99,34,83.4,33.7,complete,A14,0,218,59.7,,15.6,right_foot,
SYN-00001-01550,1550,4383.8,4284.3,2,72,pass,away,A14,83.4,33.7,94.9,42.6,complete,A03,0,218,45.1,,14.5,left_foot,
SYN-00001-01551,1551,4386.7,4287.2,2,72,pass,away,A03,94.9,42.6,99.1,23.6,complete,A13,0,218,52.6,,19.4,right_foot,
SYN-00001-01552,1552,4390.5,4290.9,2,72,carry,away,A13,99.1,23.6,94,35.6,complete,,0,218,,22.3,13,,
SYN-00001-01553,1553,4392.6,4293,2,72,pressure,home,H13,94,35.6,,,,,0,218,,,,,
SYN-00001-01554,1554,4392.6,4293,2,72,pass,away,A13,94,35.6,91.1,52.7,complete,A02,1,218,44.4,,17.3,right_foot,
SYN-00001-01555,1555,4396.5,4297,2,72,pressure,home,H13,91.1,52.7,,,,,0,218,,,,,
SYN-00001-01556,1556,4396.5,4297,2,72,pass,away,A02,91.1,52.7,68.3,51.1,complete,A07,1,218,61.8,,22.8,right_foot,
SYN-00001-01557,1557,4400.2,4300.7,2,72,pass,away,A07,68.3,51.1,91.7,29.2,complete,A13,0,218,74.3,,32,left_foot,
SYN-00001-01558,1558,4402.9,4303.3,2,72,pass,away,A13,91.7,29.2,73.4,0,out,A08,0,218,53.7,,23.4,right_foot,
SYN-00001-01559,1559,4404.4,4304.9,2,72,possession_change,home,H09,73.4,1,,,out_of_play,,0,219,,,,,
SYN-00001-01560,1560,4422.7,4323.2,2,73,pressure,away,A08,73.4,1,,,,,0,219,,,,,
SYN-00001-01561,1561,4422.7,4323.2,2,73,pass,home,H09,73.4,1,63.6,11.9,complete,H14,1,219,53.1,,14.6,right_foot,
SYN-00001-01562,1562,4425.3,4325.8,2,73,pass,home,H14,63.6,11.9,86.4,9.7,complete,H09,0,219,63.6,,22.9,right_foot,
SYN-00001-01563,1563,4428.4,4328.9,2,73,pass,home,H09,86.4,9.7,101.4,37,complete,H13,0,219,67.8,,31.2,right_foot,
SYN-00001-01564,1564,4432.1,4332.5,2,73,carry,home,H13,101.4,37,104,41.5,complete,,0,219,,15.8,5.4,,
SYN-00001-01565,1565,4433.3,4333.8,2,73,pass,home,H13,104,41.5,104,62.7,complete,H11,0,219,56.8,,21.1,right_foot,
SYN-00001-01566,1566,4436.9,4337.4,2,73,pass,home,H11,104,62.7,96.9,45.9,complete,H13,0,219,43.3,,18.2,right_foot,
SYN-00001-01567,1567,4440.1,4340.6,2,73,pass,home,H13,96.9,45.9,81.1,68,out,H11,0,219,42.4,,11.3,right_foot,
SYN-00001-01568,1568,4441,4341.5,2,73,possession_change,away,A09,81.1,67,,,out_of_play,,0,220,,,,,
SYN-00001-01569,1569,4454,4354.5,2,73,pressure,home,H11,81.1,67,,,,,0,220,,,,,
SYN-00001-01570,1570,4454,4354.5,2,73,pass,away,A09,81.1,67,98.8,49.6,complete,A03,1,220,60.1,,24.8,head,
SYN-00001-01571,1571,4457.2,4357.7,2,73,pass,away,A03,98.8,49.6,73.2,50.9,complete,A07,0,220,61.7,,25.6,right_foot,
SYN-00001-01572,1572,4461.6,4362,2,73,pass,away,A07,73.2,50.9,79.2,60.6,complete,A02,0,220,42.5,,11.5,right_foot,
SYN-00001-01573,1573,4465.1,4365.6,2,73,substitution,home,H15,,,,,substitution,,0,220,,,,,
SYN-00001-01574,1574,4465.1,4365.6,2,73,pass,away,A02,79.2,60.6,60.4,52.2,complete,A07,0,220,65.5,,20.7,left_foot,
SYN-00001-01575,1575,4467.3,4367.8,2,73,pass,away,A07,60.4,52.2,66,40.4,complete,A14,0,220,50.1,,13.1,left_foot,
SYN-00001-01576,1576,4470,4370.5,2,73,pass,away,A14,66,40.4,90.7,26,complete,A13,0,220,64.6,,28.5,right_foot,
SYN-00001-01577,1577,4474.1,4374.6,2,73,sprint,away,A07,66.8,44,,,,,0,220,,29.3,41,,
SYN-00001-01578,1578,4474.1,4374.6,2,73,pass,away,A13,90.7,26,92.6,49.6,complete,A02,0,220,68.3,,23.6,right_foot,
SYN-00001-01579,1579,4476.7,4377.2,2,73,pressure,home,H13,92.6,49.6,,,,,0,220,,,,,
SYN-00001-01580,1580,4476.7,4377.2,2,73,carry,away,A02,92.6,49.6,86.7,47.1,dispossessed,,1,220,,24,6.3,,
SYN-00001-01581,1581,4477.7,4378.2,2,73,foul,home,H13,86.7,47.1,,,free_kick,,0,220,,,,,
SYN-00001-01582,1582,4499.5,4399.9,2,74,pass,away,A02,86.7,47.1,85.3,9.3,incomplete,A05,0,221,70.4,,35.7,right_foot,
SYN-00001-01583,1583,4502.4,4402.9,2,74,possession_change,home,H09,85.3,9.3,,,recovery,,0,222,,,,,
SYN-00001-01584,1584,4502.4,4402.9,2,74,pressure,away,A08,85.3,9.3,,,,,0,222,,,,,
SYN-00001-01585,1585,4502.4,4402.9,2,74,pass,home,H09,85.3,9.3,93.6,30.1,incomplete,H13,1,222,50.6,,22.9,right_foot,
SYN-00001-01586,1586,4505.9,4406.4,2,74,possession_change,away,A03,93.6,30.1,,,recovery,,0,223,,,,,
SYN-00001-01587,1587,4505.9,4406.4,2,74,pass,away,A03,93.6,30.1,79.8,36.2,complete,A14,0,223,54.7,,15.1,head,
SYN-00001-01588,1588,4509,4409.5,2,74,carry,away,A14,79.8,36.2,75.5,36.1,complete,,0,223,,19.7,4.3,,
SYN-00001-01589,1589,4509.8,4410.3,2,74,pass,away,A14,75.5,36.1,56.7,27.2,incomplete,A08,0,223,58.4,,22.4,right_foot,
SYN-00001-01590,1590,4512.6,4413.1,2,74,possession_change,home,H13,56.7,27.2,,,recovery,,0,224,,,,,
SYN-00001-01591,1591,4512.6,4413.1,2,74,pass,home,H13,56.7,27.2,34,10.5,complete,H02,0,224,64.4,,28.2,right_foot,
SYN-00001-01592,1592,4516.2,4416.7,2,74,pass,home,H02,34,10.5,49.3,20,complete,H14,0,224,52.8,,18.1,right_foot,
SYN-00001-01593,1593,4519.8,4420.3,2,74,pass,home,H14,49.3,20,54.6,40.7,complete,H08,0,224,51.3,,21.4,right_foot,
SYN-00001-01594,1594,4523.7,4424.2,2,74,pass,home,H08,54.6,40.7,56.1,18.7,complete,H14,0,224,49.7,,22,left_foot,
SYN-00001-01595,1595,4526.6,4427.1,2,74,pass,home,H14,56.1,18.7,76.3,10.6,incomplete,H09,0,224,71.3,,27.2,right_foot,
SYN-00001-01596,1596,4530.2,4430.7,2,74,possession_change,away,A08,76.3,10.6,,,recovery,,0,225,,,,,
SYN-00001-01597,1597,4530.2,4430.7,2,74,pass,away,A08,76.3,10.6,73.5,26,complete,A14,0,225,37.8,,15.7,head,
SYN-00001-01598,1598,4534.6,4435.1,2,74,pass,away,A14,73.5,26,91.4,17.5,complete,A13,0,225,54.3,,19.8,left_foot,
SYN-00001-01599,1599,4538.1,4438.6,2,74,pass,away,A13,91.4,17.5,97.9,36.2,complete,A03,0,225,69.2,,19.8,left_foot,
SYN-00001-01600,1600,4541.3,4441.8,2,75,sprint,home,H09,64.5,10.9,,,,,0,225,,25.9,39.8,,
SYN-00001-01601,1601,4541.3,4441.8,2,75,pressure,home,H13,97.9,36.2,,,,,0,225,,,,,
SYN-00001-01602,1602,4541.3,4441.8,2,75,pass,away,A03,97.9,36.2,98.3,29.4,complete,A13,1,225,26.3,,6.8,left_foot,
SYN-00001-01603,1603,4544.3,4444.8,2,75,carry,away,A13,98.3,29.4,92,31.1,complete,,0,225,,20.9,6.5,,
SYN-00001-01604,1604,4545.4,4445.9,2,75,pass,away,A13,92,31.1,71,45,complete,A07,0,225,57.3,,25.2,left_foot,
SYN-00001-01605,1605,4549.1,4449.6,2,75,pressure,home,H13,71,45,,,,,0,225,,,,,
SYN-00001-01606,1606,4549.1,4449.6,2,75,carry,away,A07,71,45,66.8,45.2,complete,,1,225,,24.3,4.2,,
SYN-00001-01607,1607,4549.7,4450.2,2,75,pressure,home,H13,66.8,45.2,,,,,0,225,,,,,
SYN-00001-01608,1608,4549.7,4450.2,2,75,pass,away,A07,66.8,45.2,77.2,61.7,complete,A02,1,225,50.2,,19.5,left_foot,
SYN-00001-01609,1609,4552.2,4452.7,2,75,pass,away,A02,77.2,61.7,75.1,37.2,incomplete,A14,0,225,54.3,,23.2,head,
SYN-00001-01610,1610,4555.3,4455.8,2,75,possession_change,home,H13,75.1,37.2,,,recovery,,0,226,,,,,
SYN-00001-01611,1611,4555.3,4455.8,2,75,carry,home,H13,75.1,37.2,82.6,31.9,complete,,0,226,,24.9,9.1,,
SYN-00001-01612,1612,4556.6,4457.1,2,75,pass,home,H13,82.6,31.9,69.5,46.9,complete,H08,0,226,53.3,,19.8,right_foot,
SYN-00001-01613,1613,4560.4,4460.9,2,75,pass,home,H08,69.5,46.9,91.4,64.2,complete,H11,0,226,68.1,,27.9,head,
SYN-00001-01614,1614,4564.1,4464.6,2,75,pass,home,H11,91.4,64.2,75.3,55.5,complete,H08,0,226,54.3,,18.4,right_foot,
SYN-00001-01615,1615,4567.4,4467.8,2,75,shot,home,H08,75.3,55.5,105,40.9,off_target,,0,226,110.6,,36.7,foot,0.007
SYN-00001-01616,1616,4569.1,4469.5,2,75,possession_change,away,A01,99,34,,,goal_kick,,0,227,,,,,
SYN-00001-01617,1617,4584.5,4484.9,2,75,pass,away,A01,99,34,69.9,40.6,complete,A07,0,227,69,,29.8,left_foot,
SYN-00001-01618,1618,4587.8,4488.2,2,75,pass,away,A07,69.9,40.6,76.5,57.6,complete,A02,0,227,53.1,,18.2,left_foot,
SYN-00001-01619,1619,4590.5,4491,2,75,pass,away,A02,76.5,57.6,53.8,26.4,complete,A08,0,227,80.9,,38.6,left_foot,
SYN-00001-01620,1620,4594.4,4494.9,2,75,pass,away,A08,53.8,26.4,49,43.7,complete,A07,0,227,54.9,,18,right_foot,
SYN-00001-01621,1621,4597.1,4497.6,2,75,pass,away,A07,49,43.7,50.8,24.4,complete,A08,0,227,53.8,,19.5,head,
SYN-00001-01622,1622,4600.6,4501.1,2,76,pass,away,A08,50.8,24.4,18.2,8.1,complete,A11,0,227,76.5,,36.4,right_foot,
SYN-00001-01623,1623,4604.7,4505.2,2,76,pass,away,A11,18.2,8.1,2.4,0,out,A10,0,227,59.8,,23.1,right_foot,
SYN-00001-01624,1624,4606.1,4506.6,2,76,possession_change,home,H02,2.4,1,,,out_of_play,,0,228,,,,,
SYN-00001-01625,1625,4616.5,4517,2,76,pass,home,H02,2.4,1,36.5,20.8,incomplete,H14,0,228,70.2,,32.8,right_foot,
SYN-00001-01626,1626,4620.3,4520.8,2,76,possession_change,away,A10,36.5,20.8,,,recovery,,0,229,,,,,
SYN-00001-01627,1627,4620.3,4520.8,2,76,pass,away,A10,36.5,20.8,54.5,33.4,complete,A14,0,229,49,,22,right_foot,
SYN-00001-01628,1628,4624.5,4525,2,76,pass,away,A14,54.5,33.4,77.5,27.6,complete,A13,0,229,59.1,,23.7,left_foot,
SYN-00001-01629,1629,4628.4,4528.9,2,76,pass,away,A13,77.5,27.6,97,42.5,complete,A03,0,229,56.6,,24.6,left_foot,
SYN-00001-01630,1630,4631.4,4531.9,2,76,pressure,home,H13,97,42.5,,,,,0,229,,,,,
SYN-00001-01631,1631,4631.4,4531.9,2,76,pass,away,A03,97,42.5,84.6,36.5,complete,A14,1,229,35.6,,13.8,right_foot,
SYN-00001-01632,1632,4634.9,4535.4,2,76,pressure,home,H13,84.6,36.5,,,,,0,229,,,,,
SYN-00001-01633,1633,4634.9,4535.4,2,76,pass,away,A14,84.6,36.5,60.8,48.3,complete,A07,1,229,57.6,,26.6,right_foot,
SYN-00001-01634,1634,4638.6,4539.1,2,76,pass,away,A07,60.8,48.3,69.1,4,incomplete,A05,0,229,76.7,,37.4,right_foot,
SYN-00001-01635,1635,4641.9,4542.3,2,76,possession_change,home,H09,69.1,4,,,recovery,,0,230,,,,,
SYN-00001-01636,1636,4641.9,4542.3,2,76,pass,home,H09,69.1,4,57.3,29,incomplete,H06,0,230,68.2,,29.3,left_foot,
SYN-00001-01637,1637,4645.7,4546.2,2,76,possession_change,away,A10,57.3,29,,,recovery,,0,231,,,,,
SYN-00001-01638,1638,4645.7,4546.2,2,76,pass,away,A10,57.3,29,58.8,28.9,incomplete,A14,0,231,32.3,,6.3,right_foot,
SYN-00001-01639,1639,4648.7,4549.2,2,76,possession_change,home,H13,58.8,28.9,,,recovery,,0,232,,,,,
SYN-00001-01640,1640,4648.7,4549.2,2,76,pass,home,H13,58.8,28.9,58.3,45.8,complete,H08,0,232,43.7,,16.9,right_foot,
SYN-00001-01641,1641,4651.9,4552.4,2,76,carry,home,H08,58.3,45.8,67.5,43.4,complete,,0,232,,22.1,9.6,,
SYN-00001-01642,1642,4653.5,4554,2,76,pressure,away,A07,67.5,43.4,,,,,0,232,,,,,
SYN-00001-01643,1643,4653.5,4554,2,76,pass,home,H08,67.5,43.4,83.3,62.4,complete,H11,1,232,62.4,,24.7,right_foot,
SYN-00001-01644,1644,4657.8,4558.2,2,76,pass,home,H11,83.3,62.4,69.1,53,complete,H08,0,232,58.2,,17,right_foot,
SYN-00001-01645,1645,4660.7,4561.2,2,77,carry,home,H08,69.1,53,75.1,52.3,dispossessed,,0,232,,23.2,6,,
SYN-00001-01646,1646,4661.7,4562.2,2,77,tackle,away,A07,75.1,52.3,,,won,,0,232,,,,,
SYN-00001-01647,1647,4661.7,4562.2,2,77,possession_change,away,A07,75.1,52.3,,,tackle,,0,233,,,,,
SYN-00001-01648,1648,4662.9,4563.4,2,77,carry,away,A07,75.1,52.3,70.8,49.5,dispossessed,,0,233,,15.2,5.1,,
SYN-00001-01649,1649,4664.1,4564.6,2,77,foul,home,H13,70.8,49.5,,,free_kick,,0,233,,,,,
SYN-00001-01650,1650,4695.5,4596,2,77,pass,away,A07,70.8,49.5,75.6,64.4,complete,A02,0,234,53.4,,15.6,left_foot,
SYN-00001-01651,1651,4698.4,4598.9,2,77,pass,away,A02,75.6,64.4,76.5,46.3,complete,A14,0,234,54.7,,18.1,right_foot,
SYN-00001-01652,1652,4702.2,4602.7,2,77,pass,away,A14,76.5,46.3,81.7,63.5,complete,A02,0,234,53.6,,18,right_foot,
SYN-00001-01653,1653,4706.1,4606.6,2,77,pressure,home,H11,81.7,63.5,,,,,0,234,,,,,
SYN-00001-01654,1654,4706.1,4606.6,2,77,pass,away,A02,81.7,63.5,70.7,43.5,incomplete,A14,1,234,55.2,,21.5,right_foot,
SYN-00001-01655,1655,4709.3,4609.8,2,77,possession_change,home,H13,70.7,43.5,,,recovery,,0,235,,,,,
SYN-00001-01656,1656,4709.3,4609.8,2,77,pass,home,H13,70.7,43.5,58.7,20.2,incomplete,H14,0,235,61.4,,22.2,right_foot,
SYN-00001-01657,1657,4712.6,4613.1,2,77,possession_change,away,A11,58.7,20.2,,,recovery,,0,236,,,,,
SYN-00001-01658,1658,4712.6,4613.1,2,77,pass,away,A11,58.7,20.2,64,29.3,complete,A14,0,236,42,,10.5,left_foot,
SYN-00001-01659,1659,4716.2,4616.7,2,77,pass,away,A14,64,29.3,49.1,22,complete,A08,0,236,44.3,,16.6,right_foot,
SYN-00001-01660,1660,4719.5,4620,2,78,pass,away,A08,49.1,22,44.9,41,complete,A07,0,236,48,,19.4,right_foot,
SYN-00001-01661,1661,4723.1,4623.6,2,78,pressure,home,H13,44.9,41,,,,,0,236,,,,,
SYN-00001-01662,1662,4723.1,4623.6,2,78,pass,away,A07,44.9,41,56.6,37.1,complete,A14,1,236,30.1,,12.3,left_foot,
SYN-00001-01663,1663,4726.7,4627.2,2,78,pressure,home,H13,56.6,37.1,,,,,0,236,,,,,
SYN-00001-01664,1664,4726.7,4627.2,2,78,pass,away,A14,56.6,37.1,56,25.3,complete,A08,1,236,39,,11.8,left_foot,
SYN-00001-01665,1665,4728.9,4629.3,2,78,pass,away,A08,56,25.3,70.3,11,complete,A05,0,236,57.6,,20.2,left_foot,
SYN-00001-01666,1666,4732.8,4633.3,2,78,pass,away,A05,70.3,11,61.9,16.6,intercepted,A08,0,236,41.8,,11,left_foot,
SYN-00001-01667,1667,4733.7,4634.2,2,78,interception,home,H13,61.9,16.6,,,won,,0,236,,,,,
SYN-00001-01668,1668,4733.7,4634.2,2,78,possession_change,home,H13,61.9,16.6,,,interception,,0,237,,,,,
SYN-00001-01669,1669,4734.7,4635.2,2,78,pass,home,H13,61.9,16.6,20.5,0,out,H03,0,237,75.1,,32.3,left_foot,
SYN-00001-01670,1670,4736.2,4636.7,2,78,possession_change,away,A11,20.5,1,,,out_of_play,,0,238,,,,,
SYN-00001-01671,1671,4750.8,4651.3,2,78,pressure,home,H02,20.5,1,,,,,0,238,,,,,
SYN-00001-01672,1672,4750.8,4651.3,2,78,pass,away,A11,20.5,1,37.4,11.4,complete,A08,1,238,58,,19.9,left_foot,
SYN-00001-01673,1673,4754.1,4654.6,2,78,pass,away,A08,37.4,11.4,16.3,9.3,complete,A11,0,238,49.3,,21.2,right_foot,
SYN-00001-01674,1674,4758,4658.5,2,78,pass,away,A11,16.3,9.3,34.1,12.8,complete,A08,0,238,49.7,,18.1,right_foot,
SYN-00001-01675,1675,4761.7,4662.2,2,78,pass,away,A08,34.1,12.8,25.9,5.9,incomplete,A11,0,238,46.5,,11.8,right_foot,
SYN-00001-01676,1676,4763.9,4664.4,2,78,possession_change,home,H14,25.9,5.9,,,recovery,,0,239,,,,,
SYN-00001-01677,1677,4763.9,4664.4,2,78,pressure,away,A11,25.9,5.9,,,,,0,239,,,,,
SYN-00001-01678,1678,4763.9,4664.4,2,78,carry,home,H14,25.9,5.9,32.2,1,complete,,1,239,,14.5,11.9,,
SYN-00001-01679,1679,4766.9,4667.3,2,78,pass,home,H14,32.2,1,33.3,29.5,complete,H06,0,239,58.5,,28.5,left_foot,
SYN-00001-01680,1680,4770.1,4670.5,2,78,pass,home,H06,33.3,29.5,44.8,21.3,complete,H14,0,239,46.6,,14.1,left_foot,
SYN-00001-01681,1681,4772.3,4672.8,2,78,pass,home,H14,44.8,21.3,37.2,34.6,complete,H06,0,239,48,,15.3,right_foot,
SYN-00001-01682,1682,4774.8,4675.3,2,78,pass,home,H06,37.2,34.6,43.1,19.2,complete,H14,0,239,54.3,,16.5,right_foot,
SYN-00001-01683,1683,4777.9,4678.3,2,78,pressure,away,A10,43.1,19.2,,,,,0,239,,,,,
SYN-00001-01684,1684,4777.9,4678.3,2,78,pass,home,H14,43.1,19.2,50.1,39.8,complete,H08,1,239,56.1,,21.8,left_foot,
SYN-00001-01685,1685,4780.4,4680.9,2,79,pass,home,H08,50.1,39.8,89.6,52.7,incomplete,H11,0,239,78.5,,38,right_foot,
SYN-00001-01686,1686,4783.9,4684.4,2,79,possession_change,away,A03,89.6,52.7,,,recovery,,0,240,,,,,
SYN-00001-01687,1687,4783.9,4684.4,2,79,pressure,home,H13,89.6,52.7,,,,,0,240,,,,,
SYN-00001-01688,1688,4783.9,4684.4,2,79,pass,away,A03,89.6,52.7,62.6,58.7,intercepted,A09,1,240,86.9,,45.1,left_foot,
SYN-00001-01689,1689,4785.1,4685.6,2,79,interception,home,H11,62.6,58.7,,,won,,0,240,,,,,
SYN-00001-01690,1690,4785.1,4685.6,2,79,possession_change,home,H11,62.6,58.7,,,interception,,0,241,,,,,
SYN-00001-01691,1691,4786.3,4686.8,2,79,pressure,away,A09,62.6,58.7,,,,,0,241,,,,,
SYN-00001-01692,1692,4786.3,4686.8,2,79,pass,home,H11,62.6,58.7,60.5,31.7,incomplete,H14,1,241,59.1,,27.3,right_foot,
SYN-00001-01693,1693,4789.9,4690.4,2,79,possession_change,away,A08,60.5,31.7,,,recovery,,0,242,,,,,
SYN-00001-01694,1694,4789.9,4690.4,2,79,pass,away,A08,60.5,31.7,42.2,68,out,A09,0,242,77.1,,38.8,right_foot,
SYN-00001-01695,1695,4791.7,4692.2,2,79,possession_change,home,H11,42.2,67,,,out_of_play,,0,243,,,,,
SYN-00001-01696,1696,4805.5,4706,2,79,pass,home,H11,42.2,67,26.9,65.7,complete,H05,0,243,49.6,,15.3,left_foot,
SYN-00001-01697,1697,4809.3,4709.8,2,79,pass,home,H05,26.9,65.7,10.7,50.9,complete,H15,0,243,51,,21.9,right_foot,
SYN-00001-01698,1698,4812,4712.5,2,79,pass,home,H15,10.7,50.9,19.3,37.1,complete,H06,0,243,43.1,,16.2,right_foot,
SYN-00001-01699,1699,4815.7,4716.2,2,79,substitution,away,A15,,,,,substitution,,0,243,,,,,
SYN-00001-01700,1700,4815.7,4716.2,2,79,carry,home,H06,19.3,37.1,28.4,30.6,complete,,0,243,,17.4,11.2,,
SYN-00001-01701,1701,4818,4718.5,2,79,pass,home,H06,28.4,30.6,15.4,5.1,complete,H02,0,243,55.3,,28.6,left_foot,
SYN-00001-01702,1702,4822.1,4722.6,2,79,pass,home,H02,15.4,5.1,1,12.8,complete,H03,0,243,50.4,,16.3,right_foot,
SYN-00001-01703,1703,4825.9,4726.4,2,79,pass,home,H03,1,12.8,1.4,38,complete,H15,0,243,61.1,,25.3,right_foot,
SYN-00001-01704,1704,4829.6,4730,2,79,pass,home,H15,1.4,38,24.1,28.9,complete,H06,0,243,53.4,,24.5,right_foot,
SYN-00001-01705,1705,4832.7,4733.2,2,79,pass,home,H06,24.1,28.9,9.4,19.3,complete,H03,0,243,49.1,,17.6,right_foot,
SYN-00001-01706,1706,4835.7,4736.2,2,79,pass,home,H03,9.4,19.3,13.5,4.7,incomplete,H02,0,243,49.6,,16,right_foot,
SYN-00001-01707,1707,4838.7,4739.1,2,79,possession_change,away,A15,13.5,4.7,,,recovery,,0,244,,,,,
SYN-00001-01708,1708,4838.7,4739.1,2,79,pass,away,A15,13.5,4.7,8.5,19.7,complete,A10,0,244,47.6,,15.8,right_foot,
SYN-00001-01709,1709,4842,4742.5,2,80,pass,away,A10,8.5,19.7,1.2,7.4,complete,A15,0,244,45.6,,14.3,right_foot,
SYN-00001-01710,1710,4845.5,4746,2,80,shot,away,A15,1.2,7.4,0,34.2,saved,,0,244,93.3,,26.6,foot,0.021
SYN-00001-01711,1711,4847,4747.5,2,80,possession_change,home,H01,6,34,,,goalkeeper_save,,0,245,,,,,
SYN-00001-01712,1712,4855.3,4755.8,2,80,pressure,away,A10,6,34,,,,,0,245,,,,,
SYN-00001-01713,1713,4855.3,4755.8,2,80,pass,home,H01,6,34,1.6,21.9,complete,H03,1,245,46.5,,12.9,right_foot,
SYN-00001-01714,1714,4858.8,4759.3,2,80,pass,home,H03,1.6,21.9,2.4,40.8,complete,H15,0,245,48.5,,19,right_foot,
SYN-00001-01715,1715,4862.8,4763.3,2,80,pass,home,H15,2.4,40.8,7.5,27.2,complete,H03,0,245,45,,14.5,right_foot,
SYN-00001-01716,1716,4866.7,4767.2,2,80,pass,home,H03,7.5,27.2,10.4,12.2,complete,H02,0,245,49,,15.2,right_foot,
SYN-00001-01717,1717,4870.7,4771.2,2,80,carry,home,H02,10.4,12.2,26.2,14,complete,,0,245,,18.1,15.9,,
SYN-00001-01718,1718,4873.8,4774.3,2,80,pass,home,H02,26.2,14,32.8,34,incomplete,H06,0,245,38.8,,16.9,right_foot,
SYN-00001-01719,1719,4877,4777.5,2,80,possession_change,away,A10,32.8,34,,,recovery,,0,246,,,,,
SYN-00001-01720,1720,4877,4777.5,2,80,pressure,home,H06,32.8,34,,,,,0,246,,,,,
SYN-00001-01721,1721,4877,4777.5,2,80,pass,away,A10,32.8,34,49.5,37.6,intercepted,A14,1,246,42.4,,20.5,right_foot,
SYN-00001-01722,1722,4878.4,4778.9,2,80,interception,home,H13,49.5,37.6,,,won,,0,246,,,,,
SYN-00001-01723,1723,4878.4,4778.9,2,80,possession_change,home,H13,49.5,37.6,,,interception,,0,247,,,,,
SYN-00001-01724,1724,4879.8,4780.3,2,80,pass,home,H13,49.5,37.6,19.9,23.1,complete,H03,0,247,79.7,,33,right_foot,
SYN-00001-01725,1725,4882.7,4783.2,2,80,pass,home,H03,19.9,23.1,32.8,68,out,H08,0,247,69.3,,26,right_foot,
SYN-00001-01726,1726,4884.1,4784.6,2,80,possession_change,away,A09,32.8,67,,,out_of_play,,0,248,,,,,
SYN-00001-01727,1727,4892.3,4792.8,2,80,pass,away,A09,32.8,67,37.5,59.4,complete,A07,0,248,36.5,,9,right_foot,
SYN-00001-01728,1728,4894.5,4795,2,80,pressure,home,H08,37.5,59.4,,,,,0,248,,,,,
SYN-00001-01729,1729,4894.5,4795,2,80,pass,away,A07,37.5,59.4,19.2,65.6,complete,A09,1,248,63.2,,19.3,right_foot,
SYN-00001-01730,1730,4897.9,4798.4,2,80,pressure,home,H05,19.2,65.6,,,,,0,248,,,,,
SYN-00001-01731,1731,4897.9,4798.4,2,80,shot,away,A09,19.2,65.6,17.2,65.6,blocked,,1,248,90.1,,37,foot,0.004
SYN-00001-01732,1732,4900.9,4801.3,2,81,pressure,home,H08,25.7,65.6,,,,,0,248,,,,,
SYN-00001-01733,1733,4900.9,4801.3,2,81,pass,away,A09,25.7,65.6,32.1,56.1,complete,A07,1,248,49.1,,11.4,left_foot,
SYN-00001-01734,1734,4904.6,4805.1,2,81,pressure,home,H08,32.1,56.1,,,,,0,248,,,,,
SYN-00001-01735,1735,4904.6,4805.1,2,81,pass,away,A07,32.1,56.1,11.8,45.2,incomplete,A10,1,248,47.9,,26.7,left_foot,
SYN-00001-01736,1736,4907.9,4808.4,2,81,possession_change,home,H15,11.8,45.2,,,recovery,,0,249,,,,,
SYN-00001-01737,1737,4907.9,4808.4,2,81,pressure,away,A10,11.8,45.2,,,,,0,249,,,,,
SYN-00001-01738,1738,4907.9,4808.4,2,81,pass,home,H15,11.8,45.2,8.4,35.8,intercepted,H03,1,249,50.4,,20.2,left_foot,
SYN-00001-01739,1739,4908.7,4809.1,2,81,interception,away,A10,8.4,35.8,,,won,,0,249,,,,,
SYN-00001-01740,1740,4908.7,4809.1,2,81,possession_change,away,A10,8.4,35.8,,,interception,,0,250,,,,,
SYN-00001-01741,1741,4910,4810.5,2,81,pass,away,A10,8.4,35.8,34,45.2,complete,A07,0,250,57.2,,27.3,right_foot,
SYN-00001-01742,1742,4913.5,4814,2,81,pass,away,A07,34,45.2,46.5,21.5,complete,A08,0,250,57.4,,26.8,left_foot,
SYN-00001-01743,1743,4916.7,4817.2,2,81,pass,away,A08,46.5,21.5,54.7,29.7,complete,A14,0,250,55.2,,11.6,right_foot,
SYN-00001-01744,1744,4919.9,4820.4,2,81,pass,away,A14,54.7,29.7,74.8,6.5,complete,A05,0,250,70.1,,30.7,right_foot,
SYN-00001-01745,1745,4922.7,4823.2,2,81,pass,away,A05,74.8,6.5,98.5,16.6,complete,A13,0,250,67,,25.8,right_foot,
SYN-00001-01746,1746,4927,4827.5,2,81,pass,away,A13,98.5,16.6,101.3,33.5,complete,A01,0,250,45.7,,17.2,right_foot,
SYN-00001-01747,1747,4929.9,4830.4,2,81,pass,away,A01,101.3,33.5,101.8,39,complete,A03,0,250,39.2,,5.5,right_foot,
SYN-00001-01748,1748,4932.5,4833,2,81,pressure,home,H13,101.8,39,,,,,0,250,,,,,
SYN-00001-01749,1749,4932.5,4833,2,81,pass,away,A03,101.8,39,99.9,56.8,complete,A02,1,250,54.6,,18,right_foot,
SYN-00001-01750,1750,4935.5,4836,2,81,pass,away,A02,99.9,56.8,101.1,31.6,complete,A13,0,250,59.7,,25.2,right_foot,
SYN-00001-01751,1751,4939.5,4839.9,2,81,pass,away,A13,101.1,31.6,90.2,0,out,A05,0,250,61.2,,24.3,right_foot,
SYN-00001-01752,1752,4940.9,4841.4,2,81,possession_change,home,H09,90.2,1,,,out_of_play,,0,251,,,,,
SYN-00001-01753,1753,4955.9,4856.4,2,81,pass,home,H09,90.2,1,104,26.5,complete,H13,0,251,70.1,,29,left_foot,
SYN-00001-01754,1754,4959.3,4859.8,2,81,pressure,away,A13,104,26.5,,,,,0,251,,,,,
SYN-00001-01755,1755,4959.3,4859.8,2,81,pass,home,H13,104,26.5,104,12.6,complete,H09,1,251,53.6,,13.9,head,
SYN-00001-01756,1756,4962.5,4863,2,82,shot,home,H09,104,12.6,105,37.4,saved,,0,251,89.8,,21.4,foot,0.041
SYN-00001-01757,1757,4963.9,4864.3,2,82,possession_change,away,A01,99,34,,,goalkeeper_save,,0,252,,,,,
SYN-00001-01758,1758,4970.1,4870.6,2,82,pass,away,A01,99,34,83.8,32.5,complete,A14,0,252,46.3,,15.3,right_foot,
SYN-00001-01759,1759,4973.3,4873.8,2,82,pressure,home,H13,83.8,32.5,,,,,0,252,,,,,
SYN-00001-01760,1760,4973.3,4873.8,2,82,pass,away,A14,83.8,32.5,63.9,44.5,complete,A07,1,252,57.8,,23.2,left_foot,
SYN-00001-01761,1761,4976.4,4876.8,2,82,pass,away,A07,63.9,44.5,76.8,64.2,complete,A02,0,252,58.7,,23.6,left_foot,
SYN-00001-01762,1762,4979.7,4880.2,2,82,pass,away,A02,76.8,64.2,39.1,62.7,complete,A09,0,252,85.7,,37.7,right_foot,
SYN-00001-01763,1763,4982.5,4883,2,82,pass,away,A09,39.1,62.7,63.8,64,complete,A02,0,252,58.4,,24.7,right_foot,
SYN-00001-01764,1764,4986.1,4886.6,2,82,pass,away,A02,63.8,64,65.8,41.7,complete,A14,0,252,51.7,,22.4,right_foot,
SYN-00001-01765,1765,4989.8,4890.3,2,82,pass,away,A14,65.8,41.7,78,55.8,complete,A02,0,252,55.1,,18.6,left_foot,
SYN-00001-01766,1766,4994,4894.4,2,82,pressure,home,H13,78,55.8,,,,,0,252,,,,,
SYN-00001-01767,1767,4994,4894.4,2,82,pass,away,A02,78,55.8,75.9,68,out,A14,1,252,54.4,,16.7,right_foot,
SYN-00001-01768,1768,4995.1,4895.6,2,82,possession_change,home,H11,75.9,67,,,out_of_play,,0,253,,,,,
SYN-00001-01769,1769,5011.6,4912,2,82,pass,home,H11,75.9,67,67.7,45.2,incomplete,H08,0,253,53.5,,18.1,right_foot,
SYN-00001-01770,1770,5014.6,4915.1,2,82,possession_change,away,A10,67.7,45.2,,,recovery,,0,254,,,,,
SYN-00001-01771,1771,5014.6,4915.1,2,82,pass,away,A10,67.7,45.2,56.2,47.5,complete,A07,0,254,40.1,,11.8,right_foot,
SYN-00001-01772,1772,5016.8,4917.3,2,82,pass,away,A07,56.2,47.5,53.7,21,complete,A08,0,254,58.9,,26.6,right_foot,
SYN-00001-01773,1773,5019.8,4920.3,2,83,pass,away,A08,53.7,21,75.3,0,out,A05,0,254,59.2,,24.9,head,
SYN-00001-01774,1774,5021.3,4921.8,2,83,possession_change,home,H09,75.3,1,,,out_of_play,,0,255,,,,,
SYN-00001-01775,1775,5039.7,4940.1,2,83,pass,home,H09,75.3,1,68,8.2,complete,H14,0,255,44.6,,10.2,right_foot,
SYN-00001-01776,1776,5042.2,4942.7,2,83,pass,home,H14,68,8.2,85.8,4.3,complete,H09,0,255,45.1,,18.1,right_foot,
SYN-00001-01777,1777,5046.1,4946.6,2,83,pressure,away,A05,85.8,4.3,,,,,0,255,,,,,
SYN-00001-01778,1778,5046.1,4946.6,2,83,pass,home,H09,85.8,4.3,63.5,15,complete,H14,1,255,64.7,,24.6,left_foot,
SYN-00001-01779,1779,5049.1,4949.5,2,83,pass,home,H14,63.5,15,86.9,10.6,incomplete,H09,0,255,58.4,,19.9,right_foot,
SYN-00001-01780,1780,5051.4,4951.9,2,83,possession_change,away,A05,86.9,10.6,,,recovery,,0,256,,,,,
SYN-00001-01781,1781,5051.4,4951.9,2,83,pass,away,A05,86.9,10.6,80.9,32.7,complete,A14,0,256,52.7,,22.9,right_foot,
SYN-00001-01782,1782,5055.5,4955.9,2,83,pass,away,A14,80.9,32.7,102.2,33.6,complete,A01,0,256,55.6,,21.3,right_foot,
SYN-00001-01783,1783,5058.2,4958.7,2,83,pressure,home,H13,102.2,33.6,,,,,0,256,,,,,
SYN-00001-01784,1784,5058.2,4958.7,2,83,pass,away,A01,102.2,33.6,71.5,23.1,complete,A08,1,256,66,,32.4,right_foot,
SYN-00001-01785,1785,5062.7,4963.2,2,83,pressure,home,H13,71.5,23.1,,,,,0,256,,,,,
SYN-00001-01786,1786,5062.7,4963.2,2,83,pass,away,A08,71.5,23.1,93.7,40.5,complete,A03,1,256,75.4,,28.2,right_foot,
SYN-00001-01787,1787,5066.9,4967.3,2,83,pressure,home,H13,93.7,40.5,,,,,0,256,,,,,
SYN-00001-01788,1788,5066.9,4967.3,2,83,pass,away,A03,93.7,40.5,68.6,50.9,complete,A07,1,256,64.1,,27.3,right_foot,
SYN-00001-01789,1789,5069.4,4969.9,2,83,pass,away,A07,68.6,50.9,59.6,25.6,incomplete,A08,0,256,62.5,,28.3,left_foot,
SYN-00001-01790,1790,5073.3,4973.8,2,83,possession_change,home,H09,59.6,25.6,,,recovery,,0,257,,,,,
SYN-00001-01791,1791,5073.3,4973.8,2,83,pass,home,H09,59.6,25.6,100.9,31.8,complete,H13,0,257,75.5,,41.8,left_foot,
SYN-00001-01792,1792,5076.7,4977.2,2,83,pressure,away,A01,100.9,31.8,,,,,0,257,,,,,
SYN-00001-01793,1793,5076.7,4977.2,2,83,shot,home,H13,100.9,31.8,105,36.3,goal,,1,257,89,,4.6,foot,0.52
SYN-00001-01794,1794,5149.5,5050,2,85,kickoff,away,A10,52.5,34,,,,,0,258,,,,,
SYN-00001-01795,1795,5150.5,5051,2,85,carry,away,A10,52.5,34,47,40.2,complete,,0,258,,22.1,8.3,,
SYN-00001-01796,1796,5151.9,5052.4,2,85,carry,away,A10,47,40.2,33.5,41.6,complete,,0,258,,19.9,13.6,,
SYN-00001-01797,1797,5154.3,5054.8,2,85,pass,away,A10,33.5,41.6,32.5,49.7,complete,A07,0,258,38.2,,8.1,right_foot,
SYN-00001-01798,1798,5156.4,5056.9,2,85,pass,away,A07,32.5,49.7,4.8,44,complete,A10,0,258,66.1,,28.2,right_foot,
SYN-00001-01799,1799,5159.6,5060.1,2,85,pressure,home,H15,4.8,44,,,,,0,258,,,,,
SYN-00001-01800,1800,5159.6,5060.1,2,85,pass,away,A10,4.8,44,1,19.7,incomplete,A15,1,258,66.2,,29.3,right_foot,
SYN-00001-01801,1801,5163,5063.5,2,85,possession_change,home,H02,1,19.7,,,recovery,,0,259,,,,,
SYN-00001-01802,1802,5163,5063.5,2,85,pass,home,H02,1,19.7,11.5,28.4,incomplete,H06,0,259,54.3,,21.4,right_foot,
SYN-00001-01803,1803,5165.8,5066.3,2,85,possession_change,away,A10,11.5,28.4,,,recovery,,0,260,,,,,
SYN-00001-01804,1804,5165.8,5066.3,2,85,pass,away,A10,11.5,28.4,16.2,56.8,incomplete,A09,0,260,71.2,,24.9,right_foot,
SYN-00001-01805,1805,5169.1,5069.6,2,85,possession_change,home,H05,16.2,56.8,,,recovery,,0,261,,,,,
SYN-00001-01806,1806,5169.1,5069.6,2,85,carry,home,H05,16.2,56.8,21.7,61.2,complete,,0,261,,16.1,7,,
SYN-00001-01807,1807,5170.7,5071.2,2,85,pass,home,H05,21.7,61.2,33.3,39,complete,H06,0,261,57.5,,25,right_foot,
SYN-00001-01808,1808,5174.1,5074.6,2,85,pass,home,H06,33.3,39,24.9,12.5,complete,H02,0,261,64.9,,27.8,right_foot,
SYN-00001-01809,1809,5177.8,5078.3,2,85,pass,home,H02,24.9,12.5,1.3,31.9,complete,H01,0,261,65.3,,30.5,right_foot,
SYN-00001-01810,1810,5181.5,5082,2,85,carry,home,H01,1.3,31.9,15.4,34.6,complete,,0,261,,21.8,14.3,,
SYN-00001-01811,1811,5183.9,5084.3,2,85,pass,home,H01,15.4,34.6,15,7.4,complete,H02,0,261,67.1,,27.2,left_foot,
SYN-00001-01812,1812,5187.1,5087.6,2,85,pressure,away,A10,15,7.4,,,,,0,261,,,,,
SYN-00001-01813,1813,5187.1,5087.6,2,85,pass,home,H02,15,7.4,17.1,0,out,H06,1,261,60.3,,25.9,right_foot,
SYN-00001-01814,1814,5188.7,5089.1,2,85,possession_change,away,A15,17.1,1,,,out_of_play,,0,262,,,,,
SYN-00001-01815,1815,5198.1,5098.6,2,85,pressure,home,H02,17.1,1,,,,,0,262,,,,,
SYN-00001-01816,1816,5198.1,5098.6,2,85,pass,away,A15,17.1,1,2.9,23.7,complete,A10,1,262,60.8,,26.8,left_foot,
SYN-00001-01817,1817,5200.8,5101.3,2,86,shot,away,A10,2.9,23.7,0,30.9,saved,,0,262,74.6,,10.7,foot,0.176
SYN-00001-01818,1818,5201.9,5102.4,2,86,possession_change,home,H01,6,34,,,goalkeeper_save,,0,263,,,,,
SYN-00001-01819,1819,5206.5,5107,2,86,pass,home,H01,6,34,6.7,62,complete,H05,0,263,64.6,,28,head,
SYN-00001-01820,1820,5211,5111.4,2,86,pass,home,H05,6.7,62,7.9,36.1,complete,H01,0,263,57.4,,25.9,right_foot,
SYN-00001-01821,1821,5213.9,5114.4,2,86,pass,home,H01,7.9,36.1,3,41.1,complete,H15,0,263,34,,7,right_foot,
SYN-00001-01822,1822,5216.7,5117.2,2,86,pressure,away,A10,3,41.1,,,,,0,263,,,,,
SYN-00001-01823,1823,5216.7,5117.2,2,86,pass,home,H15,3,41.1,1,26.9,complete,H03,1,263,35.3,,14.4,left_foot,
SYN-00001-01824,1824,5220.1,5120.6,2,86,pressure,away,A10,1,26.9,,,,,0,263,,,,,
SYN-00001-01825,1825,5220.1,5120.6,2,86,pass,home,H03,1,26.9,32.3,44.9,complete,H08,1,263,77.3,,36.2,left_foot,
SYN-00001-01826,1826,5223.5,5124,2,86,pass,home,H08,32.3,44.9,44.3,23.3,complete,H14,0,263,58.8,,24.7,right_foot,
SYN-00001-01827,1827,5226.3,5126.8,2,86,pass,home,H14,44.3,23.3,45.6,46.1,complete,H08,0,263,53.1,,22.8,right_foot,
SYN-00001-01828,1828,5229.2,5129.7,2,86,pass,home,H08,45.6,46.1,20.4,47,complete,H15,0,263,56.5,,25.2,right_foot,
SYN-00001-01829,1829,5232.7,5133.2,2,86,pass,home,H15,20.4,47,26.7,35.1,complete,H06,0,263,36.6,,13.5,left_foot,
SYN-00001-01830,1830,5235.7,5136.2,2,86,pressure,away,A10,26.7,35.1,,,,,0,263,,,,,
SYN-00001-01831,1831,5235.7,5136.2,2,86,pass,home,H06,26.7,35.1,39.5,50.1,complete,H08,1,263,49.5,,19.7,left_foot,
SYN-00001-01832,1832,5238.8,5139.3,2,86,pass,home,H08,39.5,50.1,75.8,63.9,complete,H11,0,263,75.1,,38.8,right_foot,
SYN-00001-01833,1833,5242.7,5143.2,2,86,pass,home,H11,75.8,63.9,105,68,out,H13,0,263,61.6,,33.1,right_foot,
SYN-00001-01834,1834,5244.6,5145.1,2,86,possession_change,away,A02,104,67,,,out_of_play,,0,264,,,,,
SYN-00001-01835,1835,5264.1,5164.6,2,87,sprint,away,A10,38.8,42.2,,,,,0,264,,28.7,32.2,,
SYN-00001-01836,1836,5264.1,5164.6,2,87,pressure,home,H11,104,67,,,,,0,264,,,,,
SYN-00001-01837,1837,5264.1,5164.6,2,87,pass,away,A02,104,67,83.4,37.5,incomplete,A14,1,264,75.7,,34,right_foot,
SYN-00001-01838,1838,5266.9,5167.4,2,87,possession_change,home,H13,83.4,37.5,,,recovery,,0,265,,,,,
SYN-00001-01839,1839,5266.9,5167.4,2,87,shot,home,H13,83.4,37.5,105,26.6,off_target,,0,265,100.7,,21.9,foot,0.054
SYN-00001-01840,1840,5268.2,5168.7,2,87,possession_change,away,A01,99,34,,,goal_kick,,0,266,,,,,
SYN-00001-01841,1841,5292.6,5193.1,2,87,pressure,home,H13,99,34,,,,,0,266,,,,,
SYN-00001-01842,1842,5292.6,5193.1,2,87,pass,away,A01,99,34,100.4,23.6,complete,A13,1,266,30.8,,10.5,right_foot,
SYN-00001-01843,1843,5295.8,5196.2,2,87,carry,away,A13,100.4,23.6,95.8,20.7,dispossessed,,0,266,,25.7,5.4,,
SYN-00001-01844,1844,5296.5,5197,2,87,foul,home,H13,95.8,20.7,,,free_kick,,0,266,,,,,
SYN-00001-01845,1845,5317.7,5218.1,2,87,pass,away,A13,95.8,20.7,79,32.5,complete,A14,0,267,57.6,,20.4,left_foot,
SYN-00001-01846,1846,5320.9,5221.4,2,88,pass,away,A14,79,32.5,67.4,22.9,complete,A08,0,267,47.1,,15.1,right_foot,
SYN-00001-01847,1847,5323.9,5224.4,2,88,pass,away,A08,67.4,22.9,80.4,9.4,complete,A05,0,267,55.3,,18.7,right_foot,
SYN-00001-01848,1848,5326.8,5227.2,2,88,pass,away,A05,80.4,9.4,64.6,19.1,complete,A08,0,267,51.3,,18.5,head,
SYN-00001-01849,1849,5329.8,5230.3,2,88,pass,away,A08,64.6,19.1,32.1,1,complete,A15,0,267,72.6,,37.2,right_foot,
SYN-00001-01850,1850,5333.8,5234.2,2,88,pass,away,A15,32.1,1,53.9,32.3,complete,A14,0,267,73.4,,38.2,left_foot,
SYN-00001-01851,1851,5338.1,5238.6,2,88,pass,away,A14,53.9,32.3,78.1,41.4,complete,A03,0,267,58.7,,25.9,left_foot,
SYN-00001-01852,1852,5341.8,5242.2,2,88,sprint,away,A15,37.2,11.8,,,,,0,267,,30.7,47.4,,
SYN-00001-01853,1853,5341.8,5242.2,2,88,pass,away,A03,78.1,41.4,91.6,22.8,incomplete,A13,0,267,50.2,,21.9,right_foot,
SYN-00001-01854,1854,5345.4,5245.9,2,88,possession_change,home,H13,91.6,22.8,,,recovery,,0,268,,,,,
SYN-00001-01855,1855,5345.4,5245.9,2,88,shot,home,H13,91.6,22.8,105,42.8,off_target,,0,268,82.2,,17.5,foot,0.092
SYN-00001-01856,1856,5346.7,5247.2,2,88,possession_change,away,A01,99,34,,,goal_kick,,0,269,,,,,
SYN-00001-01857,1857,5363.9,5264.3,2,88,pass,away,A01,99,34,77.1,20.1,complete,A08,0,269,63.6,,25.9,right_foot,
SYN-00001-01858,1858,5368.1,5268.6,2,88,pass,away,A08,77.1,20.1,86.4,55.3,complete,A02,0,269,79,,36.4,left_foot,
SYN-00001-01859,1859,5371,5271.5,2,88,carry,away,A02,86.4,55.3,77.6,45.4,complete,,0,269,,18.8,13.2,,
SYN-00001-01860,1860,5373.6,5274.1,2,88,pass,away,A02,77.6,45.4,82,18,intercepted,A05,0,269,60.2,,33,left_foot,
SYN-00001-01861,1861,5375.2,5275.7,2,88,interception,home,H09,82,18,,,won,,0,269,,,,,
SYN-00001-01862,1862,5375.2,5275.7,2,88,possession_change,home,H09,82,18,,,interception,,0,270,,,,,
SYN-00001-01863,1863,5376,5276.5,2,88,pressure,away,A08,82,18,,,,,0,270,,,,,
SYN-00001-01864,1864,5376,5276.5,2,88,pass,home,H09,82,18,103.2,26.8,complete,H13,1,270,56.8,,23,right_foot,
SYN-00001-01865,1865,5380,5280.5,2,89,pressure,away,A01,103.2,26.8,,,,,0,270,,,,,
SYN-00001-01866,1866,5380,5280.5,2,89,carry,home,H13,103.2,26.8,103.6,27.7,dispossessed,,1,270,,21.3,7.5,,
SYN-00001-01867,1867,5381.3,5281.8,2,89,foul,away,A01,103.6,27.7,,,free_kick,,0,270,,,,,
SYN-00001-01868,1868,5405.1,5305.6,2,89,pass,home,H13,103.6,27.7,78.5,16.7,intercepted,H14,0,271,83,,30.3,left_foot,
SYN-00001-01869,1869,5406.3,5306.8,2,89,interception,away,A08,78.5,16.7,,,won,,0,271,,,,,
SYN-00001-01870,1870,5406.3,5306.8,2,89,possession_change,away,A08,78.5,16.7,,,interception,,0,272,,,,,
SYN-00001-01871,1871,5407.2,5307.7,2,89,pass,away,A08,78.5,16.7,72.2,27.6,complete,A14,0,272,45.9,,12.6,left_foot,
SYN-00001-01872,1872,5410.9,5311.4,2,89,pressure,home,H13,72.2,27.6,,,,,0,272,,,,,
SYN-00001-01873,1873,5410.9,5311.4,2,89,pass,away,A14,72.2,27.6,76.6,9.3,complete,A05,1,272,57.1,,18.8,right_foot,
SYN-00001-01874,1874,5413.7,5314.2,2,89,pass,away,A05,76.6,9.3,75.4,28.3,complete,A14,0,272,52.3,,19.1,right_foot,
SYN-00001-01875,1875,5418,5318.5,2,89,pass,away,A14,75.4,28.3,58.5,10.4,incomplete,A08,0,272,53,,21.2,head,
SYN-00001-01876,1876,5421.2,5321.7,2,89,possession_change,home,H09,58.5,10.4,,,recovery,,0,273,,,,,
SYN-00001-01877,1877,5421.2,5321.7,2,89,pass,home,H09,58.5,10.4,44.2,28.6,complete,H06,0,273,58.2,,23.2,right_foot,
SYN-00001-01878,1878,5424.9,5325.4,2,89,pass,home,H06,44.2,28.6,19.5,22,complete,H03,0,273,57.5,,25.5,right_foot,
SYN-00001-01879,1879,5428.8,5329.3,2,89,pass,home,H03,19.5,22,9.7,34.4,complete,H15,0,273,52.5,,15.8,left_foot,
SYN-00001-01880,1880,5431.4,5331.9,2,89,carry,home,H15,9.7,34.4,17.2,38,complete,,0,273,,14.2,8.4,,
SYN-00001-01881,1881,5433.6,5334,2,89,carry,home,H15,17.2,38,20.2,36.1,dispossessed,,0,273,,24.4,3.6,,
SYN-00001-01882,1882,5434.1,5334.6,2,89,tackle,away,A10,20.2,36.1,,,won,,0,273,,,,,
SYN-00001-01883,1883,5434.1,5334.6,2,89,possession_change,away,A10,20.2,36.1,,,tackle,,0,274,,,,,
SYN-00001-01884,1884,5434.7,5335.2,2,89,pressure,home,H06,20.2,36.1,,,,,0,274,,,,,
SYN-00001-01885,1885,5434.7,5335.2,2,89,pass,away,A10,20.2,36.1,8.8,11.9,complete,A15,1,274,61.6,,26.8,left_foot,
SYN-00001-01886,1886,5438.1,5338.6,2,89,pass,away,A15,8.8,11.9,5.3,31.8,complete,A10,0,274,61,,20.2,left_foot,
SYN-00001-01887,1887,5440.5,5341,2,90,carry,away,A10,5.3,31.8,1,31.1,complete,,0,274,,24.3,6.4,,
SYN-00001-01888,1888,5441.5,5342,2,90,pressure,home,H01,1,31.1,,,,,0,274,,,,,
SYN-00001-01889,1889,5441.5,5342,2,90,shot,away,A10,1,31.1,0,36.5,goal,,1,274,67.8,,3.1,foot,0.748
SYN-00001-01890,1890,5499.8,5400.3,2,91,kickoff,home,H13,52.5,34,,,,,0,275,,,,,
SYN-00001-01891,1891,5500.8,5401.3,2,91,pressure,away,A10,52.5,34,,,,,0,275,,,,,
SYN-00001-01892,1892,5500.8,5401.3,2,91,pass,home,H13,52.5,34,24.6,40.5,complete,H15,1,275,79.8,,28.6,left_foot,
SYN-00001-01893,1893,5504.6,5405.1,2,91,pressure,away,A10,24.6,40.5,,,,,0,275,,,,,
SYN-00001-01894,1894,5504.6,5405.1,2,91,pass,home,H15,24.6,40.5,31.5,0,out,H02,1,275,59,,27.1,head,
SYN-00001-01895,1895,5506.2,5406.7,2,91,possession_change,away,A15,31.5,1,,,out_of_play,,0,276,,,,,
SYN-00001-01896,1896,5518.5,5418.9,2,91,pass,away,A15,31.5,1,5.8,0,out,A10,0,276,82,,37.8,left_foot,
SYN-00001-01897,1897,5520.1,5420.6,2,91,possession_change,home,H02,5.8,1,,,out_of_play,,0,277,,,,,
SYN-00001-01898,1898,5537.1,5437.6,2,91,pass,home,H02,5.8,1,5,11.9,complete,H03,0,277,43.7,,10.9,right_foot,
SYN-00001-01899,1899,5540.6,5441.1,2,91,pass,home,H03,5,11.9,25.7,26.6,complete,H06,0,277,57,,25.4,right_foot,
SYN-00001-01900,1900,5544.8,5445.2,2,91,pass,home,H06,25.7,26.6,24.9,10.8,complete,H02,0,277,40.3,,15.9,right_foot,
SYN-00001-01901,1901,5547.3,5447.8,2,91,carry,home,H02,24.9,10.8,39.7,9.1,complete,,0,277,,16.4,14.9,,
SYN-00001-01902,1902,5550.6,5451.1,2,91,pass,home,H02,39.7,9.1,50.7,10.4,complete,H14,0,277,43.3,,11,right_foot,
SYN-00001-01903,1903,5552.8,5453.3,2,91,pass,home,H14,50.7,10.4,41.7,28.5,complete,H06,0,277,53.2,,20.1,left_foot,
SYN-00001-01904,1904,5555.6,5456.1,2,91,pressure,away,A10,41.7,28.5,,,,,0,277,,,,,
SYN-00001-01905,1905,5555.6,5456.1,2,91,carry,home,H06,41.7,28.5,46,26.8,complete,,1,277,,14.7,4.6,,
SYN-00001-01906,1906,5556.7,5457.2,2,91,pass,home,H06,46,26.8,71.1,53,incomplete,H11,0,277,75.7,,41.3,right_foot,
SYN-00001-01907,1907,5560.2,5460.7,2,92,possession_change,away,A02,71.1,53,,,recovery,,0,278,,,,,
SYN-00001-01908,1908,5560.2,5460.7,2,92,pass,away,A02,71.1,53,83.3,33.7,complete,A13,0,278,62.5,,22.8,left_foot,
SYN-00001-01909,1909,5563.8,5464.3,2,92,pass,away,A13,83.3,33.7,84.1,14.6,complete,A05,0,278,51.3,,19.1,right_foot,
SYN-00001-01910,1910,5566.4,5466.9,2,92,pass,away,A05,84.1,14.6,101.9,29.1,complete,A01,0,278,57.4,,23,head,
SYN-00001-01911,1911,5569.2,5469.7,2,92,pass,away,A01,101.9,29.1,96.2,5.6,complete,A05,0,278,58.5,,24.2,right_foot,
SYN-00001-01912,1912,5572,5472.5,2,92,pass,away,A05,96.2,5.6,101.1,29.8,complete,A01,0,278,51.5,,24.7,right_foot,
SYN-00001-01913,1913,5575.2,5475.7,2,92,pressure,home,H13,101.1,29.8,,,,,0,278,,,,,
SYN-00001-01914,1914,5575.2,5475.7,2,92,pass,away,A01,101.1,29.8,96.3,44.3,complete,A03,1,278,52.8,,15.2,left_foot,
SYN-00001-01915,1915,5577.8,5478.3,2,92,carry,away,A03,96.3,44.3,87.4,49,complete,,0,278,,25.6,10.1,,
SYN-00001-01916,1916,5579.2,5479.7,2,92,pressure,home,H13,87.4,49,,,,,0,278,,,,,
SYN-00001-01917,1917,5579.2,5479.7,2,92,carry,away,A03,87.4,49,84.4,48.2,dispossessed,,1,278,,15,3,,
SYN-00001-01918,1918,5580,5480.5,2,92,foul,home,H13,84.4,48.2,,,free_kick,,0,278,,,,,
SYN-00001-01919,1919,5600.4,5500.9,2,92,pass,away,A03,84.4,48.2,76.3,36.3,complete,A14,0,279,44.4,,14.4,right_foot,
SYN-00001-01920,1920,5603.4,5503.9,2,92,carry,away,A14,76.3,36.3,67.1,44.2,complete,,0,279,,21.1,12.2,,
SYN-00001-01921,1921,5605.5,5506,2,92,pressure,home,H13,67.1,44.2,,,,,0,279,,,,,
SYN-00001-01922,1922,5605.5,5506,2,92,pass,away,A14,67.1,44.2,58.6,22.9,complete,A08,1,279,62.2,,22.9,right_foot,
SYN-00001-01923,1923,5608.3,5508.8,2,92,pass,away,A08,58.6,22.9,77.6,11.6,complete,A05,0,279,57.2,,22.1,right_foot,
SYN-00001-01924,1924,5610.9,5511.3,2,92,pass,away,A05,77.6,11.6,88.2,36.6,complete,A03,0,279,60.1,,27.2,right_foot,
SYN-00001-01925,1925,5615.1,5515.6,2,92,pass,away,A03,88.2,36.6,101.1,34.8,complete,A01,0,279,51.7,,13,right_foot,
SYN-00001-01926,1926,5618.7,5519.2,2,92,pass,away,A01,101.1,34.8,99.8,21.2,complete,A13,0,279,45.1,,13.6,left_foot,
SYN-00001-01927,1927,5622.3,5522.8,2,93,pressure,home,H13,99.8,21.2,,,,,0,279,,,,,
SYN-00001-01928,1928,5622.3,5522.8,2,93,pass,away,A13,99.8,21.2,86.7,30.7,complete,A14,1,279,50.7,,16.2,right_foot,
SYN-00001-01929,1929,5625.5,5526,2,93,sprint,away,A09,41,57.2,,,,,0,279,,28.1,33.1,,
SYN-00001-01930,1930,5625.5,5526,2,93,pass,away,A14,86.7,30.7,71.3,0,out,A08,0,279,56,,25.2,left_foot,
SYN-00001-01931,1931,5627.1,5527.6,2,93,possession_change,home,H09,71.3,1,,,out_of_play,,0,280,,,,,
SYN-00001-01932,1932,5645.7,5546.2,2,93,pass,home,H09,71.3,1,63.6,10.1,complete,H14,0,280,46.3,,11.9,left_foot,
SYN-00001-01933,1933,5647.9,5548.4,2,93,pressure,away,A08,63.6,10.1,,,,,0,280,,,,,
SYN-00001-01934,1934,5647.9,5548.4,2,93,pass,home,H14,63.6,10.1,80.4,6.3,intercepted,H09,1,280,54.6,,24.1,left_foot,
SYN-00001-01935,1935,5649,5549.5,2,93,interception,away,A05,80.4,6.3,,,won,,0,280,,,,,
SYN-00001-01936,1936,5649,5549.5,2,93,possession_change,away,A05,80.4,6.3,,,interception,,0,281,,,,,
SYN-00001-01937,1937,5649.9,5550.4,2,93,pressure,home,H09,80.4,6.3,,,,,0,281,,,,,
SYN-00001-01938,1938,5649.9,5550.4,2,93,carry,away,A05,80.4,6.3,70,1.9,complete,,1,281,,20.6,11.4,,
SYN-00001-01939,1939,5651.9,5552.4,2,93,pass,away,A05,70,1.9,58.5,15.2,complete,A08,0,281,48.3,,17.6,right_foot,
SYN-00001-01940,1940,5655.5,5556,2,93,pressure,home,H13,58.5,15.2,,,,,0,281,,,,,
SYN-00001-01941,1941,5655.5,5556,2,93,pass,away,A08,58.5,15.2,54.5,37.7,incomplete,A07,1,281,68.4,,24.5,left_foot,
SYN-00001-01942,1942,5658.2,5558.7,2,93,possession_change,home,H13,54.5,37.7,,,recovery,,0,282,,,,,
SYN-00001-01943,1943,5658.2,5558.7,2,93,pass,home,H13,54.5,37.7,19.3,24.4,complete,H03,0,282,75.1,,37.6,left_foot,
SYN-00001-01944,1944,5662.1,5562.6,2,93,pass,home,H03,19.3,24.4,4.8,40.6,intercepted,H15,0,282,53.6,,22.9,left_foot,
SYN-00001-01945,1945,5663.6,5564.1,2,93,interception,away,A10,4.8,40.6,,,won,,0,282,,,,,
SYN-00001-01946,1946,5663.6,5564.1,2,93,possession_change,away,A10,4.8,40.6,,,interception,,0,283,,,,,
SYN-00001-01947,1947,5665,5565.5,2,93,carry,away,A10,4.8,40.6,1,37.1,complete,,0,283,,17.2,9.7,,
SYN-00001-01948,1948,5667.1,5567.6,2,93,shot,away,A10,1,37.1,-1,37.1,blocked,,0,283,73.1,,3.3,foot,0.791
SYN-00001-01949,1949,5667.7,5568.2,2,93,possession_change,home,H01,1,37.1,,,blocked_shot,,0,284,,,,,
SYN-00001-01950,1950,5668.7,5569.2,2,93,pass,home,H01,1,37.1,9.4,11.1,complete,H02,0,284,61.5,,27.3,right_foot,
SYN-00001-01951,1951,5672,5572.5,2,93,pressure,away,A10,9.4,11.1,,,,,0,284,,,,,
SYN-00001-01952,1952,5672,5572.5,2,93,pass,home,H02,9.4,11.1,1,35.3,complete,H15,1,284,63.7,,25.6,right_foot,
SYN-00001-01953,1953,5674.5,5575,2,93,pass,home,H15,1,35.3,3.4,37.2,intercepted,H01,0,284,36.1,,4.3,left_foot,
SYN-00001-01954,1954,5674.9,5575.3,2,93,interception,away,A10,3.4,37.2,,,won,,0,284,,,,,
SYN-00001-01955,1955,5674.9,5575.3,2,93,possession_change,away,A10,3.4,37.2,,,interception,,0,285,,,,,
SYN-00001-01956,1956,5676,5576.5,2,93,carry,away,A10,3.4,37.2,2.2,32.1,dispossessed,,0,285,,20.3,5.4,,
SYN-00001-01957,1957,5677,5577.5,2,93,tackle,home,H01,2.2,32.1,,,won,,0,285,,,,,
SYN-00001-01958,1958,5677,5577.5,2,93,possession_change,home,H01,2.2,32.1,,,tackle,,0,286,,,,,
SYN-00001-01959,1959,5677.7,5578.2,2,93,carry,home,H01,2.2,32.1,18.1,32.1,complete,,0,286,,16.1,15.9,,
SYN-00001-01960,1960,5681.3,5581.8,2,94,pass,home,H01,18.1,32.1,6.5,39,complete,H15,0,286,43.7,,13.5,right_foot,
SYN-00001-01961,1961,5684,5584.5,2,94,pressure,away,A10,6.5,39,,,,,0,286,,,,,
SYN-00001-01962,1962,5684,5584.5,2,94,pass,home,H15,6.5,39,15.7,2.3,complete,H02,1,286,81.9,,37.8,left_foot,
SYN-00001-01963,1963,5688.6,5589,2,94,carry,home,H02,15.7,2.3,27.3,1,complete,,0,286,,22.8,12.2,,
SYN-00001-01964,1964,5690.5,5591,2,94,pass,home,H02,27.3,1,67.8,7.4,complete,H09,0,286,82.5,,41,left_foot,
SYN-00001-01965,1965,5693.7,5594.2,2,94,pass,home,H09,67.8,7.4,59.3,7.6,incomplete,H14,0,286,39.6,,9.5,right_foot,
SYN-00001-01966,1966,5695.9,5596.4,2,94,possession_change,away,A15,59.3,7.6,,,recovery,,0,287,,,,,
SYN-00001-01967,1967,5695.9,5596.4,2,94,pass,away,A15,59.3,7.6,50.8,16.5,complete,A08,0,287,38.4,,12.3,right_foot,
SYN-00001-01968,1968,5699.7,5600.2,2,94,pass,away,A08,50.8,16.5,25,3.9,complete,A15,0,287,65.1,,28.8,right_foot,
SYN-00001-01969,1969,5703.6,5604.1,2,94,pass,away,A15,25,3.9,35.8,12.3,complete,A08,0,287,41.1,,13.8,left_foot,
SYN-00001-01970,1970,5706.7,5607.2,2,94,pass,away,A08,35.8,12.3,16.3,2.2,complete,A15,0,287,60.1,,21.9,right_foot,
SYN-00001-01971,1971,5710.6,5611.1,2,94,pass,away,A15,16.3,2.2,6.3,28,complete,A10,0,287,63.3,,27.6,right_foot,
SYN-00001-01972,1972,5714.5,5615,2,94,pass,away,A10,6.3,28,26.5,47.3,complete,A07,0,287,51.2,,27.9,left_foot,
SYN-00001-01973,1973,5719.4,5619.9,2,94,pass,away,A07,26.5,47.3,51.7,34.6,complete,A14,0,287,66.6,,28.1,left_foot,
SYN-00001-01974,1974,5722.6,5623.1,2,94,period_end,home,,,,,,end_of_period_2,,0,287,,,,,
