id,seq,t,clock,period,minute,type,team,player_id,x,y,end_x,end_y,outcome,receiver_id,under_pressure,possession,ball_speed_kmh,player_speed_kmh,distance_m,body_part,xg
SYN-00004-00001,1,0,0,1,1,kickoff,away,A10,52.5,34,,,,,0,1,,,,,
SYN-00004-00002,2,1,1,1,1,carry,away,A10,52.5,34,46.1,33.5,complete,,0,1,,25.7,6.4,,
SYN-00004-00003,3,1.9,1.9,1,1,pressure,home,H10,46.1,33.5,,,,,0,1,,,,,
SYN-00004-00004,4,1.9,1.9,1,1,pass,away,A10,46.1,33.5,69.1,14,complete,A05,1,1,63.6,,30.2,right_foot,
SYN-00004-00005,5,4.9,4.9,1,1,pass,away,A05,69.1,14,40.4,0,out,A11,0,1,84.7,,39,right_foot,
SYN-00004-00006,6,6.5,6.5,1,1,possession_change,home,H02,40.4,1,,,out_of_play,,0,2,,,,,
SYN-00004-00007,7,21.5,21.5,1,1,pressure,away,A11,40.4,1,,,,,0,2,,,,,
SYN-00004-00008,8,21.5,21.5,1,1,pass,home,H02,40.4,1,37.8,24.8,complete,H06,1,2,59.8,,24,left_foot,
SYN-00004-00009,9,25.8,25.8,1,1,pressure,away,A10,37.8,24.8,,,,,0,2,,,,,
SYN-00004-00010,10,25.8,25.8,1,1,pass,home,H06,37.8,24.8,16.5,19.6,complete,H03,1,2,48.9,,21.9,right_foot,
SYN-00004-00011,11,29.8,29.8,1,1,pass,home,H03,16.5,19.6,44.1,20.2,complete,H07,0,2,66.8,,27.6,left_foot,
SYN-00004-00012,12,33.9,33.9,1,1,carry,home,H07,44.1,20.2,46.1,19.6,dispossessed,,0,2,,24.9,2,,
SYN-00004-00013,13,34.2,34.2,1,1,foul,away,A10,46.1,19.6,,,free_kick,,0,2,,,,,
SYN-00004-00014,14,50.1,50.1,1,1,pass,home,H07,46.1,19.6,52.4,44.2,complete,H08,0,3,57.2,,25.4,right_foot,
SYN-00004-00015,15,54.2,54.2,1,1,pass,home,H08,52.4,44.2,45.9,40.1,complete,H06,0,3,41.7,,7.6,head,
SYN-00004-00016,16,56.4,56.4,1,1,pass,home,H06,45.9,40.1,51.8,49.3,complete,H08,0,3,45.4,,10.9,right_foot,
SYN-00004-00017,17,60.2,60.2,1,2,carry,home,H08,51.8,49.3,51.8,53.9,complete,,0,3,,14.6,4.6,,
SYN-00004-00018,18,61.3,61.3,1,2,pressure,away,A09,51.8,53.9,,,,,0,3,,,,,
SYN-00004-00019,19,61.3,61.3,1,2,carry,home,H08,51.8,53.9,64.6,57.7,complete,,1,3,,25.5,13.3,,
SYN-00004-00020,20,63.2,63.2,1,2,carry,home,H08,64.6,57.7,72.7,53.4,complete,,0,3,,25.1,9.2,,
SYN-00004-00021,21,64.5,64.5,1,2,pass,home,H08,72.7,53.4,89.3,62.7,complete,H11,0,3,52,,19,right_foot,
SYN-00004-00022,22,67.3,67.3,1,2,pass,home,H11,89.3,62.7,94.3,42.2,complete,H10,0,3,59.9,,21.2,right_foot,
SYN-00004-00023,23,71,71,1,2,pass,home,H10,94.3,42.2,77.3,55.8,complete,H08,0,3,59,,21.8,right_foot,
SYN-00004-00024,24,74.8,74.8,1,2,pass,home,H08,77.3,55.8,54.3,37.3,complete,H06,0,3,65.9,,29.6,right_foot,
SYN-00004-00025,25,79.2,79.2,1,2,carry,home,H06,54.3,37.3,62.9,36.5,complete,,0,3,,16.8,8.7,,
SYN-00004-00026,26,81.1,81.1,1,2,pass,home,H06,62.9,36.5,85.3,58.3,complete,H11,0,3,75.2,,31.3,right_foot,
SYN-00004-00027,27,83.8,83.8,1,2,pass,home,H11,85.3,58.3,71.5,52.8,complete,H08,0,3,50.2,,14.9,right_foot,
SYN-00004-00028,28,87.5,87.5,1,2,pass,home,H08,71.5,52.8,48.2,39.9,complete,H06,0,3,57.8,,26.7,left_foot,
SYN-00004-00029,29,91,91,1,2,pass,home,H06,48.2,39.9,56.3,0,out,H07,0,3,50.9,,19.5,left_foot,
SYN-00004-00030,30,92.4,92.4,1,2,possession_change,away,A11,56.3,1,,,out_of_play,,0,4,,,,,
SYN-00004-00031,31,101.3,101.3,1,2,pass,away,A11,56.3,1,71.8,3,complete,A05,0,4,41.2,,15.6,right_foot,
SYN-00004-00032,32,105.3,105.3,1,2,pass,away,A05,71.8,3,62.8,27.8,complete,A06,0,4,70.2,,26.4,right_foot,
SYN-00004-00033,33,108.3,108.3,1,2,pass,away,A06,62.8,27.8,51.9,41.2,complete,A07,0,4,47.8,,17.3,right_foot,
SYN-00004-00034,34,112.4,112.4,1,2,pass,away,A07,51.9,41.2,61,31,complete,A06,0,4,42.2,,13.7,right_foot,
SYN-00004-00035,35,115.6,115.6,1,2,pass,away,A06,61,31,74.1,12.9,complete,A05,0,4,57.5,,22.3,right_foot,
SYN-00004-00036,36,118.5,118.5,1,2,pressure,home,H10,74.1,12.9,,,,,0,4,,,,,
SYN-00004-00037,37,118.5,118.5,1,2,pass,away,A05,74.1,12.9,60.4,15.9,complete,A08,1,4,50.4,,14,right_foot,
SYN-00004-00038,38,121.3,121.3,1,3,pass,away,A08,60.4,15.9,79.7,21.3,complete,A04,0,4,61,,20.1,left_foot,
SYN-00004-00039,39,125.1,125.1,1,3,carry,away,A04,79.7,21.3,64.3,25.5,complete,,0,4,,16.1,15.9,,
SYN-00004-00040,40,128.7,128.7,1,3,carry,away,A04,64.3,25.5,59.7,25,complete,,0,4,,21.7,4.6,,
SYN-00004-00041,41,129.4,129.4,1,3,carry,away,A04,59.7,25,51.4,28.1,complete,,0,4,,20.4,8.9,,
SYN-00004-00042,42,131,131,1,3,pass,away,A04,51.4,28.1,46.6,43.8,complete,A07,0,4,54.2,,16.4,right_foot,
SYN-00004-00043,43,133.9,133.9,1,3,pass,away,A07,46.6,43.8,45.6,25.6,complete,A08,0,4,53.1,,18.2,right_foot,
SYN-00004-00044,44,136.7,136.7,1,3,pass,away,A08,45.6,25.6,26.1,3.2,complete,A11,0,4,62.7,,29.7,right_foot,
SYN-00004-00045,45,140.7,140.7,1,3,pass,away,A11,26.1,3.2,39.8,15.3,complete,A08,0,4,49.9,,18.2,right_foot,
SYN-00004-00046,46,143.7,143.7,1,3,carry,away,A08,39.8,15.3,33.8,15.2,complete,,0,4,,22.6,6,,
SYN-00004-00047,47,144.7,144.7,1,3,pass,away,A08,33.8,15.2,6.4,32,complete,A10,0,4,70.4,,32.2,left_foot,
SYN-00004-00048,48,148.2,148.2,1,3,shot,away,A10,6.4,32,0,34,saved,,0,4,82.4,,6.6,foot,0.462
SYN-00004-00049,49,149,149,1,3,possession_change,home,H01,6,34,,,goalkeeper_save,,0,5,,,,,
SYN-00004-00050,50,153.9,153.9,1,3,pressure,away,A10,6,34,,,,,0,5,,,,,
SYN-00004-00051,51,153.9,153.9,1,3,carry,home,H01,6,34,9.4,36.4,complete,,1,5,,19.5,4.2,,
SYN-00004-00052,52,154.7,154.7,1,3,pressure,away,A10,9.4,36.4,,,,,0,5,,,,,
SYN-00004-00053,53,154.7,154.7,1,3,pass,home,H01,9.4,36.4,6.9,38.1,complete,H04,1,5,28,,3.1,left_foot,
SYN-00004-00054,54,157.6,157.6,1,3,pass,home,H04,6.9,38.1,19.6,32.2,complete,H06,0,5,49,,14,right_foot,
SYN-00004-00055,55,160,160,1,3,pressure,away,A10,19.6,32.2,,,,,0,5,,,,,
SYN-00004-00056,56,160,160,1,3,carry,home,H06,19.6,32.2,26.5,32.7,dispossessed,,1,5,,24.5,7,,
SYN-00004-00057,57,161,161,1,3,foul,away,A10,26.5,32.7,,,free_kick,,0,5,,,,,
SYN-00004-00058,58,176.5,176.5,1,3,pass,home,H06,26.5,32.7,23.2,0,out,H02,0,6,57.7,,20.2,right_foot,
SYN-00004-00059,59,177.8,177.8,1,3,possession_change,away,A11,23.2,1,,,out_of_play,,0,7,,,,,
SYN-00004-00060,60,191,191,1,4,pass,away,A11,23.2,1,58.8,1,complete,A05,0,7,78.8,,35.5,right_foot,
SYN-00004-00061,61,194.1,194.1,1,4,pass,away,A05,58.8,1,88.1,18.9,complete,A04,0,7,71.2,,34.3,head,
SYN-00004-00062,62,197.2,197.2,1,4,pass,away,A04,88.1,18.9,86.9,3,complete,A05,0,7,53.1,,16,right_foot,
SYN-00004-00063,63,199.5,199.5,1,4,pressure,home,H09,86.9,3,,,,,0,7,,,,,
SYN-00004-00064,64,199.5,199.5,1,4,pass,away,A05,86.9,3,65.5,10.4,complete,A08,1,7,61.1,,22.7,right_foot,
SYN-00004-00065,65,202.1,202.1,1,4,pass,away,A08,65.5,10.4,71.3,25.9,complete,A06,0,7,31.1,,16.6,right_foot,
SYN-00004-00066,66,206.3,206.3,1,4,carry,away,A06,71.3,25.9,60.8,30.4,complete,,0,7,,18.3,11.5,,
SYN-00004-00067,67,208.6,208.6,1,4,pass,away,A06,60.8,30.4,87.2,25,complete,A04,0,7,58.7,,26.9,left_foot,
SYN-00004-00068,68,213.2,213.2,1,4,sprint,home,H09,61.3,6.4,,,,,0,7,,30,34.4,,
SYN-00004-00069,69,213.2,213.2,1,4,carry,away,A04,87.2,25,76.4,19.8,complete,,0,7,,20.6,12,,
SYN-00004-00070,70,215.3,215.3,1,4,pass,away,A04,76.4,19.8,85.6,6,complete,A05,0,7,54.5,,16.6,right_foot,
SYN-00004-00071,71,219.2,219.2,1,4,pass,away,A05,85.6,6,91.5,24.8,complete,A04,0,7,59.6,,19.8,right_foot,
SYN-00004-00072,72,221.9,221.9,1,4,pass,away,A04,91.5,24.8,63.4,18,complete,A08,0,7,66.4,,28.9,left_foot,
SYN-00004-00073,73,225.2,225.2,1,4,carry,away,A08,63.4,18,51.6,19.6,complete,,0,7,,25,12,,
SYN-00004-00074,74,227,227,1,4,pass,away,A08,51.6,19.6,12.9,33.4,complete,A10,0,7,84.4,,41.1,left_foot,
SYN-00004-00075,75,230.4,230.4,1,4,pass,away,A10,12.9,33.4,6.9,56.9,complete,A09,0,7,62.6,,24.2,right_foot,
SYN-00004-00076,76,234.1,234.1,1,4,carry,away,A09,6.9,56.9,1.4,56.5,complete,,0,7,,22.6,5.5,,
SYN-00004-00077,77,234.9,234.9,1,4,pass,away,A09,1.4,56.5,2.4,43.1,complete,A10,0,7,53.9,,13.5,right_foot,
SYN-00004-00078,78,237.1,237.1,1,4,pressure,home,H04,2.4,43.1,,,,,0,7,,,,,
SYN-00004-00079,79,237.1,237.1,1,4,carry,away,A10,2.4,43.1,1,39.6,complete,,1,7,,25.2,10.4,,
SYN-00004-00080,80,238.6,238.6,1,4,carry,away,A10,1,39.6,1,41.4,complete,,0,7,,24.8,5.5,,
SYN-00004-00081,81,239.4,239.4,1,4,pressure,home,H04,1,41.4,,,,,0,7,,,,,
SYN-00004-00082,82,239.4,239.4,1,4,pass,away,A10,1,41.4,1,11.2,complete,A11,1,7,72.2,,30.2,left_foot,
SYN-00004-00083,83,243.2,243.2,1,5,pressure,home,H03,1,11.2,,,,,0,7,,,,,
SYN-00004-00084,84,243.2,243.2,1,5,pass,away,A11,1,11.2,1.4,21.8,intercepted,A10,1,7,45.2,,15.8,left_foot,
SYN-00004-00085,85,244.1,244.1,1,5,interception,home,H01,1.4,21.8,,,won,,0,7,,,,,
SYN-00004-00086,86,244.1,244.1,1,5,possession_change,home,H01,1.4,21.8,,,interception,,0,8,,,,,
SYN-00004-00087,87,245,245,1,5,sprint,home,H11,56.4,54.9,,,,,0,8,,33.7,38.7,,
SYN-00004-00088,88,245,245,1,5,pass,home,H01,1.4,21.8,1,15.8,complete,H03,0,8,31.6,,6,right_foot,
SYN-00004-00089,89,248,248,1,5,pass,home,H03,1,15.8,1,36.7,complete,H04,0,8,58.3,,20.9,right_foot,
SYN-00004-00090,90,250.6,250.6,1,5,pass,home,H04,1,36.7,21.7,33.5,complete,H06,0,8,56.3,,20.9,left_foot,
SYN-00004-00091,91,253.5,253.5,1,5,carry,home,H06,21.7,33.5,29.8,40,complete,,0,8,,24.7,10.4,,
SYN-00004-00092,92,255.1,255.1,1,5,carry,home,H06,29.8,40,34.3,40.2,complete,,0,8,,20.9,4.6,,
SYN-00004-00093,93,255.8,255.8,1,5,pass,home,H06,34.3,40.2,49.9,52.3,complete,H08,0,8,56.6,,19.7,right_foot,
SYN-00004-00094,94,258.6,258.6,1,5,carry,home,H08,49.9,52.3,64,54.2,complete,,0,8,,25.6,14.2,,
SYN-00004-00095,95,260.6,260.6,1,5,pressure,away,A07,64,54.2,,,,,0,8,,,,,
SYN-00004-00096,96,260.6,260.6,1,5,pass,home,H08,64,54.2,88.9,36.5,incomplete,H10,1,8,69.8,,29.4,right_foot,
SYN-00004-00097,97,263.9,263.9,1,5,possession_change,away,A04,88.9,36.5,,,recovery,,0,9,,,,,
SYN-00004-00098,98,263.9,263.9,1,5,pressure,home,H10,88.9,36.5,,,,,0,9,,,,,
SYN-00004-00099,99,263.9,263.9,1,5,pass,away,A04,88.9,36.5,83.9,10.2,complete,A05,1,9,57.4,,26.8,right_foot,
SYN-00004-00100,100,268.3,268.3,1,5,pass,away,A05,83.9,10.2,70.5,31.5,incomplete,A06,0,9,45.6,,16.5,left_foot,
SYN-00004-00101,101,271.9,271.9,1,5,possession_change,home,H10,70.5,31.5,,,recovery,,0,10,,,,,
SYN-00004-00102,102,271.9,271.9,1,5,pass,home,H10,70.5,31.5,94.1,53.4,incomplete,H11,0,10,57.7,,30.1,right_foot,
SYN-00004-00103,103,274.8,274.8,1,5,possession_change,away,A02,94.1,53.4,,,recovery,,0,11,,,,,
SYN-00004-00104,104,274.8,274.8,1,5,pressure,home,H10,94.1,53.4,,,,,0,11,,,,,
SYN-00004-00105,105,274.8,274.8,1,5,pass,away,A02,94.1,53.4,99,44.3,complete,A03,1,11,37.6,,10.3,right_foot,
SYN-00004-00106,106,278.7,278.7,1,5,pressure,home,H10,99,44.3,,,,,0,11,,,,,
SYN-00004-00107,107,278.7,278.7,1,5,pass,away,A03,99,44.3,74.4,47.3,complete,A07,1,11,62.4,,24.8,right_foot,
SYN-00004-00108,108,282.2,282.2,1,5,pass,away,A07,74.4,47.3,69.8,34.3,complete,A06,0,11,36,,13.8,right_foot,
SYN-00004-00109,109,285.9,285.9,1,5,pass,away,A06,69.8,34.3,56.8,19.9,complete,A08,0,11,55,,19.4,right_foot,
SYN-00004-00110,110,290.1,290.1,1,5,pass,away,A08,56.8,19.9,22,5.6,incomplete,A11,0,11,72.9,,32.8,head,
SYN-00004-00111,111,293,293,1,5,possession_change,home,H02,22,5.6,,,recovery,,0,12,,,,,
SYN-00004-00112,112,293,293,1,5,pressure,away,A11,22,5.6,,,,,0,12,,,,,
SYN-00004-00113,113,293,293,1,5,pass,home,H02,22,5.6,17.8,0,out,H03,1,12,47.1,,13,right_foot,
SYN-00004-00114,114,294,294,1,5,possession_change,away,A11,17.8,1,,,out_of_play,,0,13,,,,,
SYN-00004-00115,115,312.9,312.9,1,6,shot,away,A11,17.8,1,0,29.6,off_target,,0,13,92.9,,37.5,foot,0.006
SYN-00004-00116,116,314.8,314.8,1,6,possession_change,home,H01,6,34,,,goal_kick,,0,14,,,,,
SYN-00004-00117,117,339,339,1,6,pressure,away,A10,6,34,,,,,0,14,,,,,
SYN-00004-00118,118,339,339,1,6,pass,home,H01,6,34,1.8,45.5,complete,H04,1,14,43.4,,12.2,right_foot,
SYN-00004-00119,119,342.9,342.9,1,6,pressure,away,A10,1.8,45.5,,,,,0,14,,,,,
SYN-00004-00120,120,342.9,342.9,1,6,pass,home,H04,1.8,45.5,20.7,33.4,complete,H06,1,14,59.9,,22.3,head,
SYN-00004-00121,121,345.2,345.2,1,6,carry,home,H06,20.7,33.4,31.3,33.9,complete,,0,14,,23.4,10.6,,
SYN-00004-00122,122,346.9,346.9,1,6,pass,home,H06,31.3,33.9,17.4,26.4,complete,H03,0,14,45.4,,15.8,right_foot,
SYN-00004-00123,123,350.9,350.9,1,6,pressure,away,A10,17.4,26.4,,,,,0,14,,,,,
SYN-00004-00124,124,350.9,350.9,1,6,pass,home,H03,17.4,26.4,17.7,9.8,complete,H02,1,14,46.5,,16.7,left_foot,
SYN-00004-00125,125,353.9,353.9,1,6,pressure,away,A10,17.7,9.8,,,,,0,14,,,,,
SYN-00004-00126,126,353.9,353.9,1,6,pass,home,H02,17.7,9.8,46.9,0,out,H07,1,14,58.6,,22.3,left_foot,
SYN-00004-00127,127,355.3,355.3,1,6,possession_change,away,A11,46.9,1,,,out_of_play,,0,15,,,,,
SYN-00004-00128,128,369.8,369.8,1,7,pass,away,A11,46.9,1,47.9,15.8,complete,A08,0,15,44.4,,14.8,right_foot,
SYN-00004-00129,129,372.7,372.7,1,7,pass,away,A08,47.9,15.8,47.2,38.8,complete,A07,0,15,46.3,,23.1,right_foot,
SYN-00004-00130,130,375.8,375.8,1,7,pass,away,A07,47.2,38.8,11.4,68,out,A10,0,15,68,,34.1,right_foot,
SYN-00004-00131,131,377.6,377.6,1,7,possession_change,home,H05,11.4,67,,,out_of_play,,0,16,,,,,
SYN-00004-00132,132,388.7,388.7,1,7,pass,home,H05,11.4,67,4.1,53.4,complete,H04,0,16,46.1,,15.5,right_foot,
SYN-00004-00133,133,392.8,392.8,1,7,pass,home,H04,4.1,53.4,10.4,66.9,complete,H05,0,16,45.6,,14.9,left_foot,
SYN-00004-00134,134,395.3,395.3,1,7,pass,home,H05,10.4,66.9,1,41.3,complete,H01,0,16,69.3,,27.3,left_foot,
SYN-00004-00135,135,397.9,397.9,1,7,pass,home,H01,1,41.3,4.5,27.3,complete,H03,0,16,45.8,,14.4,right_foot,
SYN-00004-00136,136,401.2,401.2,1,7,carry,home,H03,4.5,27.3,17.9,32.4,complete,,0,16,,24.5,14.3,,
SYN-00004-00137,137,403.3,403.3,1,7,pass,home,H03,17.9,32.4,4.8,31.9,complete,H01,0,16,37.7,,13.1,left_foot,
SYN-00004-00138,138,407.3,407.3,1,7,carry,home,H01,4.8,31.9,10.2,36.5,complete,,0,16,,16.1,7.1,,
SYN-00004-00139,139,408.9,408.9,1,7,carry,home,H01,10.2,36.5,25.5,35,complete,,0,16,,18.9,15.3,,
SYN-00004-00140,140,411.8,411.8,1,7,pressure,away,A10,25.5,35,,,,,0,16,,,,,
SYN-00004-00141,141,411.8,411.8,1,7,pass,home,H01,25.5,35,12.8,68,out,H04,1,16,52.1,,15.6,left_foot,
SYN-00004-00142,142,412.9,412.9,1,7,possession_change,away,A09,12.8,67,,,out_of_play,,0,17,,,,,
SYN-00004-00143,143,430.3,430.3,1,8,sprint,home,H11,39,66,,,,,0,17,,31.2,34.2,,
SYN-00004-00144,144,430.3,430.3,1,8,pressure,home,H05,12.8,67,,,,,0,17,,,,,
SYN-00004-00145,145,430.3,430.3,1,8,pass,away,A09,12.8,67,37.6,51.6,complete,A07,1,17,70.3,,29.2,left_foot,
SYN-00004-00146,146,433.1,433.1,1,8,pass,away,A07,37.6,51.6,18.9,68,out,A10,0,17,69.6,,32.6,right_foot,
SYN-00004-00147,147,434.8,434.8,1,8,possession_change,home,H05,18.9,67,,,out_of_play,,0,18,,,,,
SYN-00004-00148,148,443.2,443.2,1,8,pass,home,H05,18.9,67,10.2,45.9,complete,H04,0,18,63.8,,22.8,right_foot,
SYN-00004-00149,149,445.6,445.6,1,8,carry,home,H04,10.2,45.9,22.8,44.6,complete,,0,18,,18.2,12.7,,
SYN-00004-00150,150,448.1,448.1,1,8,pass,home,H04,22.8,44.6,1.5,68,out,H01,0,18,50.3,,22,right_foot,
SYN-00004-00151,151,449.7,449.7,1,8,possession_change,away,A09,1.5,67,,,out_of_play,,0,19,,,,,
SYN-00004-00152,152,461,461,1,8,pass,away,A09,1.5,67,1.3,44.1,complete,A10,0,19,55,,22.9,right_foot,
SYN-00004-00153,153,464.5,464.5,1,8,pass,away,A10,1.3,44.1,27.6,41,incomplete,A07,0,19,63.1,,25.9,left_foot,
SYN-00004-00154,154,467.3,467.3,1,8,possession_change,home,H08,27.6,41,,,recovery,,0,20,,,,,
SYN-00004-00155,155,467.3,467.3,1,8,pass,home,H08,27.6,41,26.7,59.3,complete,H05,0,20,49.1,,18.2,right_foot,
SYN-00004-00156,156,470.3,470.3,1,8,pass,home,H05,26.7,59.3,31.6,37.4,complete,H06,0,20,62.7,,22.4,right_foot,
SYN-00004-00157,157,473.7,473.7,1,8,pass,home,H06,31.6,37.4,20.1,57.5,complete,H05,0,20,51,,23.2,right_foot,
SYN-00004-00158,158,478,478,1,8,pass,home,H05,20.1,57.5,8.6,34.5,complete,H03,0,20,61.8,,25.7,right_foot,
SYN-00004-00159,159,481.1,481.1,1,9,pass,home,H03,8.6,34.5,33.1,20.1,complete,H07,0,20,62,,28.4,right_foot,
SYN-00004-00160,160,485.7,485.7,1,9,pass,home,H07,33.1,20.1,7.6,24.9,complete,H03,0,20,63.8,,26,right_foot,
SYN-00004-00161,161,489.9,489.9,1,9,pass,home,H03,7.6,24.9,1,33.3,complete,H01,0,20,32.3,,10.7,right_foot,
SYN-00004-00162,162,492.3,492.3,1,9,pass,home,H01,1,33.3,4,58,complete,H05,0,20,61.2,,24.9,right_foot,
SYN-00004-00163,163,495.8,495.8,1,9,pass,home,H05,4,58,2.2,50.1,complete,H04,0,20,42.3,,8.1,head,
SYN-00004-00164,164,497.6,497.6,1,9,pass,home,H04,2.2,50.1,1.3,40.1,complete,H01,0,20,41.1,,10,right_foot,
SYN-00004-00165,165,501,501,1,9,pressure,away,A10,1.3,40.1,,,,,0,20,,,,,
SYN-00004-00166,166,501,501,1,9,pass,home,H01,1.3,40.1,11.9,62.8,complete,H05,1,20,52.1,,25,right_foot,
SYN-00004-00167,167,504.8,504.8,1,9,carry,home,H05,11.9,62.8,15.8,59.9,complete,,0,20,,15.1,4.9,,
SYN-00004-00168,168,505.9,505.9,1,9,pass,home,H05,15.8,59.9,41.3,55.6,complete,H08,0,20,69.8,,25.8,head,
SYN-00004-00169,169,508.9,508.9,1,9,pass,home,H08,41.3,55.6,35.1,43.2,complete,H06,0,20,47.3,,13.8,right_foot,
SYN-00004-00170,170,511.2,511.2,1,9,pass,home,H06,35.1,43.2,49.3,46.1,complete,H08,0,20,45.8,,14.5,right_foot,
SYN-00004-00171,171,513.8,513.8,1,9,pass,home,H08,49.3,46.1,28.8,68,out,H05,0,20,59,,21.4,right_foot,
SYN-00004-00172,172,515.1,515.1,1,9,possession_change,away,A09,28.8,67,,,out_of_play,,0,21,,,,,
SYN-00004-00173,173,527.1,527.1,1,9,pass,away,A09,28.8,67,37.8,58.2,complete,A07,0,21,46.5,,12.5,right_foot,
SYN-00004-00174,174,530.4,530.4,1,9,pass,away,A07,37.8,58.2,36.2,34,complete,A08,0,21,68.7,,24.2,right_foot,
SYN-00004-00175,175,534.1,534.1,1,9,carry,away,A08,36.2,34,30.6,32.7,complete,,0,21,,23.4,5.7,,
SYN-00004-00176,176,535,535,1,9,pass,away,A08,30.6,32.7,59.7,40.6,incomplete,A06,0,21,69.4,,28.6,left_foot,
SYN-00004-00177,177,538.2,538.2,1,9,possession_change,home,H10,59.7,40.6,,,recovery,,0,22,,,,,
SYN-00004-00178,178,538.2,538.2,1,9,carry,home,H10,59.7,40.6,67.3,35.3,complete,,0,22,,18,9.3,,
SYN-00004-00179,179,540.1,540.1,1,10,carry,home,H10,67.3,35.3,79.7,32,complete,,0,22,,15.2,12.9,,
SYN-00004-00180,180,543.1,543.1,1,10,pass,home,H10,79.7,32,58,53,incomplete,H08,0,22,53.9,,23.4,right_foot,
SYN-00004-00181,181,546.1,546.1,1,10,possession_change,away,A09,58,53,,,recovery,,0,23,,,,,
SYN-00004-00182,182,546.1,546.1,1,10,pass,away,A09,58,53,53,49.1,complete,A07,0,23,33,,6.3,left_foot,
SYN-00004-00183,183,549.7,549.7,1,10,pass,away,A07,53,49.1,24.6,68,out,A09,0,23,72.4,,30.2,right_foot,
SYN-00004-00184,184,551.2,551.2,1,10,possession_change,home,H05,24.6,67,,,out_of_play,,0,24,,,,,
SYN-00004-00185,185,570.4,570.4,1,10,pass,home,H05,24.6,67,43.4,56.5,complete,H08,0,24,51.4,,21.6,left_foot,
SYN-00004-00186,186,574.2,574.2,1,10,pass,home,H08,43.4,56.5,75,60.6,complete,H11,0,24,66,,31.8,right_foot,
SYN-00004-00187,187,577.9,577.9,1,10,pass,home,H11,75,60.6,53,47.1,incomplete,H06,0,24,54.5,,27.1,left_foot,
SYN-00004-00188,188,581.5,581.5,1,10,possession_change,away,A10,53,47.1,,,recovery,,0,25,,,,,
SYN-00004-00189,189,581.5,581.5,1,10,pass,away,A10,53,47.1,73.6,61,complete,A02,0,25,61,,24.8,right_foot,
SYN-00004-00190,190,584.2,584.2,1,10,pass,away,A02,73.6,61,89.9,49.9,complete,A03,0,25,45.6,,19.8,right_foot,
SYN-00004-00191,191,588.7,588.7,1,10,pass,away,A03,89.9,49.9,75.7,68,out,A06,0,25,53.8,,20,right_foot,
SYN-00004-00192,192,590,590,1,10,possession_change,home,H11,75.7,67,,,out_of_play,,0,26,,,,,
SYN-00004-00193,193,605,605,1,11,pressure,away,A07,75.7,67,,,,,0,26,,,,,
SYN-00004-00194,194,605,605,1,11,pass,home,H11,75.7,67,98.9,39.3,incomplete,H10,1,26,68.8,,36.4,right_foot,
SYN-00004-00195,195,609,609,1,11,possession_change,away,A04,98.9,39.3,,,recovery,,0,27,,,,,
SYN-00004-00196,196,609,609,1,11,pass,away,A04,98.9,39.3,88.9,8.1,complete,A05,0,27,76.5,,32.7,right_foot,
SYN-00004-00197,197,612.6,612.6,1,11,sprint,home,H08,46.9,35.6,,,,,0,27,,27.3,39.5,,
SYN-00004-00198,198,612.6,612.6,1,11,pass,away,A05,88.9,8.1,60.9,11.8,complete,A08,0,27,64.4,,28.2,right_foot,
SYN-00004-00199,199,616.3,616.3,1,11,carry,away,A08,60.9,11.8,48.1,18.5,complete,,0,27,,18.5,14.5,,
SYN-00004-00200,200,619.1,619.1,1,11,pass,away,A08,48.1,18.5,56.1,3.1,incomplete,A05,0,27,65.1,,26.6,left_foot,
SYN-00004-00201,201,622.8,622.8,1,11,possession_change,home,H09,56.1,3.1,,,recovery,,0,28,,,,,
SYN-00004-00202,202,622.8,622.8,1,11,carry,home,H09,56.1,3.1,61.9,1.6,complete,,0,28,,14.8,6.1,,
SYN-00004-00203,203,624.2,624.2,1,11,pass,home,H09,61.9,1.6,33.9,1,complete,H02,0,28,67.4,,28,right_foot,
SYN-00004-00204,204,628.4,628.4,1,11,pass,home,H02,33.9,1,37.4,28.1,complete,H06,0,28,61.4,,27.3,left_foot,
SYN-00004-00205,205,632.3,632.3,1,11,pass,home,H06,37.4,28.1,46.6,24.8,complete,H07,0,28,34.8,,9.7,right_foot,
SYN-00004-00206,206,634.5,634.5,1,11,pressure,away,A10,46.6,24.8,,,,,0,28,,,,,
SYN-00004-00207,207,634.5,634.5,1,11,pass,home,H07,46.6,24.8,48,46,complete,H08,1,28,57,,21.2,left_foot,
SYN-00004-00208,208,638.3,638.3,1,11,pass,home,H08,48,46,42.8,36.4,complete,H06,0,28,40.1,,11,head,
SYN-00004-00209,209,640.6,640.6,1,11,carry,home,H06,42.8,36.4,54.9,43.6,complete,,0,28,,18.1,14.1,,
SYN-00004-00210,210,643.4,643.4,1,11,pass,home,H06,54.9,43.6,28.6,26.3,complete,H03,0,28,73.4,,31.5,left_foot,
SYN-00004-00211,211,647.4,647.4,1,11,pass,home,H03,28.6,26.3,26.6,31.2,complete,H06,0,28,37.1,,5.3,right_foot,
SYN-00004-00212,212,650.7,650.7,1,11,pass,home,H06,26.6,31.2,14.5,41.5,complete,H04,0,28,45.4,,15.9,right_foot,
SYN-00004-00213,213,654.1,654.1,1,11,pass,home,H04,14.5,41.5,12.2,57.5,complete,H05,0,28,41.1,,16.1,left_foot,
SYN-00004-00214,214,657.9,657.9,1,11,pass,home,H05,12.2,57.5,35,51.5,complete,H08,0,28,60.9,,23.6,right_foot,
SYN-00004-00215,215,661.6,661.6,1,12,pass,home,H08,35,51.5,9.9,28.2,complete,H03,0,28,71.1,,34.3,left_foot,
SYN-00004-00216,216,665.8,665.8,1,12,sprint,home,H10,70.2,32.6,,,,,0,28,,29.8,26.1,,
SYN-00004-00217,217,665.8,665.8,1,12,pass,home,H03,9.9,28.2,19,28.9,complete,H06,0,28,47.5,,9.1,right_foot,
SYN-00004-00218,218,668.3,668.3,1,12,carry,home,H06,19,28.9,23.1,32.5,complete,,0,28,,22.9,5.4,,
SYN-00004-00219,219,669.2,669.2,1,12,pass,home,H06,23.1,32.5,13.5,17,complete,H03,0,28,50.2,,18.3,left_foot,
SYN-00004-00220,220,672.5,672.5,1,12,pass,home,H03,13.5,17,8.5,36.4,complete,H04,0,28,60.7,,20,left_foot,
SYN-00004-00221,221,675.6,675.6,1,12,sprint,home,H07,35.6,22.6,,,,,0,28,,34,38.3,,
SYN-00004-00222,222,675.6,675.6,1,12,pass,home,H04,8.5,36.4,36,39.3,complete,H08,0,28,64.5,,27.7,right_foot,
SYN-00004-00223,223,678.3,678.3,1,12,pass,home,H08,36,39.3,39.5,31.9,complete,H06,0,28,36,,8.2,right_foot,
SYN-00004-00224,224,680.4,680.4,1,12,pass,home,H06,39.5,31.9,47,43,complete,H08,0,28,38.9,,13.5,right_foot,
SYN-00004-00225,225,683.2,683.2,1,12,pass,home,H08,47,43,21.6,22.8,complete,H03,0,28,64,,32.5,right_foot,
SYN-00004-00226,226,687.5,687.5,1,12,pass,home,H03,21.6,22.8,44,23.8,complete,H07,0,28,61,,22.4,left_foot,
SYN-00004-00227,227,690.6,690.6,1,12,pass,home,H07,44,23.8,30.2,0,out,H02,0,28,64.6,,24.3,head,
SYN-00004-00228,228,691.9,691.9,1,12,possession_change,away,A11,30.2,1,,,out_of_play,,0,29,,,,,
SYN-00004-00229,229,710.9,710.9,1,12,pass,away,A11,30.2,1,39.5,12.3,complete,A08,0,29,45.9,,14.6,right_foot,
SYN-00004-00230,230,713.7,713.7,1,12,sprint,home,H04,12.2,34.3,,,,,0,29,,28.6,17.2,,
SYN-00004-00231,231,713.7,713.7,1,12,pass,away,A08,39.5,12.3,72.7,10.9,complete,A04,0,29,72.9,,33.3,right_foot,
SYN-00004-00232,232,717.3,717.3,1,12,pass,away,A04,72.7,10.9,73.6,26,complete,A06,0,29,40.6,,15.1,right_foot,
SYN-00004-00233,233,721.1,721.1,1,13,pressure,home,H10,73.6,26,,,,,0,29,,,,,
SYN-00004-00234,234,721.1,721.1,1,13,pass,away,A06,73.6,26,81,6.5,complete,A05,1,29,57.9,,20.8,right_foot,
SYN-00004-00235,235,724.7,724.7,1,13,pass,away,A05,81,6.5,64.7,40,complete,A07,0,29,77.6,,37.2,right_foot,
SYN-00004-00236,236,729.2,729.2,1,13,pass,away,A07,64.7,40,82.4,37.8,incomplete,A03,0,29,51.9,,16.9,right_foot,
SYN-00004-00237,237,731.8,731.8,1,13,possession_change,home,H10,82.4,37.8,,,recovery,,0,30,,,,,
SYN-00004-00238,238,731.8,731.8,1,13,pressure,away,A06,82.4,37.8,,,,,0,30,,,,,
SYN-00004-00239,239,731.8,731.8,1,13,pass,home,H10,82.4,37.8,94.1,8.9,complete,H09,1,30,80.3,,31.2,head,
SYN-00004-00240,240,735.4,735.4,1,13,carry,home,H09,94.1,8.9,98.7,12.8,complete,,0,30,,17.3,6,,
SYN-00004-00241,241,736.6,736.6,1,13,carry,home,H09,98.7,12.8,104,11.9,complete,,0,30,,16.6,14,,
SYN-00004-00242,242,739.6,739.6,1,13,pass,home,H09,104,11.9,101.2,24.8,complete,H10,0,30,44.7,,13.2,right_foot,
SYN-00004-00243,243,743.1,743.1,1,13,shot,home,H10,101.2,24.8,103.2,24.8,blocked,,0,30,47.4,,10,head,0.106
SYN-00004-00244,244,745.4,745.4,1,13,pass,home,H10,98.1,24.8,93.3,0,out,H09,0,30,56.4,,19,right_foot,
SYN-00004-00245,245,746.6,746.6,1,13,possession_change,away,A05,93.3,1,,,out_of_play,,0,31,,,,,
SYN-00004-00246,246,764.2,764.2,1,13,pressure,home,H09,93.3,1,,,,,0,31,,,,,
SYN-00004-00247,247,764.2,764.2,1,13,pass,away,A05,93.3,1,103.7,17.5,complete,A04,1,31,58.6,,19.5,right_foot,
SYN-00004-00248,248,767.6,767.6,1,13,pass,away,A04,103.7,17.5,97.3,14.2,complete,A05,0,31,38.6,,7.2,right_foot,
SYN-00004-00249,249,770.2,770.2,1,13,pass,away,A05,97.3,14.2,69.1,11.7,complete,A08,0,31,71.8,,28.3,right_foot,
SYN-00004-00250,250,774.1,774.1,1,13,pressure,home,H10,69.1,11.7,,,,,0,31,,,,,
SYN-00004-00251,251,774.1,774.1,1,13,carry,away,A08,69.1,11.7,63.3,14.5,dispossessed,,1,31,,25.3,6.5,,
SYN-00004-00252,252,775.1,775.1,1,13,foul,home,H10,63.3,14.5,,,free_kick,,0,31,,,,,
SYN-00004-00253,253,805.1,805.1,1,14,pressure,home,H10,63.3,14.5,,,,,0,32,,,,,
SYN-00004-00254,254,805.1,805.1,1,14,pass,away,A08,63.3,14.5,82.4,21.8,complete,A04,1,32,48,,20.5,right_foot,
SYN-00004-00255,255,809.5,809.5,1,14,pass,away,A04,82.4,21.8,87.3,5.7,complete,A05,0,32,44.4,,16.7,right_foot,
SYN-00004-00256,256,813.6,813.6,1,14,carry,away,A05,87.3,5.7,80.7,10.4,complete,,0,32,,24,8.1,,
SYN-00004-00257,257,814.8,814.8,1,14,carry,away,A05,80.7,10.4,70.7,9.3,complete,,0,32,,21.6,10.1,,
SYN-00004-00258,258,816.5,816.5,1,14,pass,away,A05,70.7,9.3,72.9,29.9,complete,A06,0,32,62.5,,20.8,right_foot,
SYN-00004-00259,259,819.7,819.7,1,14,pressure,home,H10,72.9,29.9,,,,,0,32,,,,,
SYN-00004-00260,260,819.7,819.7,1,14,pass,away,A06,72.9,29.9,61.7,48.6,complete,A07,1,32,59.3,,21.8,left_foot,
SYN-00004-00261,261,822.1,822.1,1,14,carry,away,A07,61.7,48.6,50.7,44.8,complete,,0,32,,22.9,11.6,,
SYN-00004-00262,262,824,824,1,14,pass,away,A07,50.7,44.8,59.9,39.9,complete,A06,0,32,41.9,,10.3,left_foot,
SYN-00004-00263,263,826.7,826.7,1,14,carry,away,A06,59.9,39.9,47.8,47.5,complete,,0,32,,19,14.2,,
SYN-00004-00264,264,829.4,829.4,1,14,carry,away,A06,47.8,47.5,37.6,47.5,complete,,0,32,,17.2,10.2,,
SYN-00004-00265,265,831.6,831.6,1,14,carry,away,A06,37.6,47.5,33.5,38.6,complete,,0,32,,24.5,9.8,,
SYN-00004-00266,266,833,833,1,14,pass,away,A06,33.5,38.6,6.3,68,out,A10,0,32,52,,22.3,left_foot,
SYN-00004-00267,267,834.5,834.5,1,14,possession_change,home,H05,6.3,67,,,out_of_play,,0,33,,,,,
SYN-00004-00268,268,852.5,852.5,1,15,pressure,away,A09,6.3,67,,,,,0,33,,,,,
SYN-00004-00269,269,852.5,852.5,1,15,pass,home,H05,6.3,67,22.2,44,complete,H06,1,33,68.2,,28,right_foot,
SYN-00004-00270,270,855.1,855.1,1,15,pass,home,H06,22.2,44,1.2,43.4,complete,H04,0,33,52.8,,20.9,right_foot,
SYN-00004-00271,271,858.7,858.7,1,15,pass,home,H04,1.2,43.4,16.4,64.3,complete,H05,0,33,62.3,,25.8,right_foot,
SYN-00004-00272,272,862,862,1,15,pass,home,H05,16.4,64.3,6.9,48.7,complete,H04,0,33,53.8,,18.3,right_foot,
SYN-00004-00273,273,864.5,864.5,1,15,carry,home,H04,6.9,48.7,14.9,47.7,complete,,0,33,,20.2,8.1,,
SYN-00004-00274,274,865.9,865.9,1,15,sprint,home,H11,62.5,61.4,,,,,0,33,,26.9,40.5,,
SYN-00004-00275,275,865.9,865.9,1,15,pass,home,H04,14.9,47.7,9.2,31.8,complete,H03,0,33,46.5,,16.9,head,
SYN-00004-00276,276,868.3,868.3,1,15,pass,home,H03,9.2,31.8,33,16,complete,H07,0,33,65.9,,28.6,right_foot,
SYN-00004-00277,277,871.4,871.4,1,15,pass,home,H07,33,16,10.4,21.6,complete,H03,0,33,52.6,,23.3,right_foot,
SYN-00004-00278,278,875.9,875.9,1,15,pass,home,H03,10.4,21.6,33.7,17.3,complete,H07,0,33,56.5,,23.7,right_foot,
SYN-00004-00279,279,879.2,879.2,1,15,pass,home,H07,33.7,17.3,26.5,5.8,complete,H02,0,33,51.1,,13.6,right_foot,
SYN-00004-00280,280,882.8,882.8,1,15,pass,home,H02,26.5,5.8,29.5,22.9,complete,H06,0,33,52.6,,17.3,right_foot,
SYN-00004-00281,281,885,885,1,15,pass,home,H06,29.5,22.9,5.8,28.5,complete,H01,0,33,65.4,,24.3,right_foot,
SYN-00004-00282,282,888.7,888.7,1,15,pressure,away,A10,5.8,28.5,,,,,0,33,,,,,
SYN-00004-00283,283,888.7,888.7,1,15,pass,home,H01,5.8,28.5,1,45.2,complete,H04,1,33,36.4,,17.4,right_foot,
SYN-00004-00284,284,893.1,893.1,1,15,pass,home,H04,1,45.2,30.3,52.4,complete,H08,0,33,67.7,,30.2,right_foot,
SYN-00004-00285,285,896.1,896.1,1,15,pass,home,H08,30.3,52.4,31.8,41,complete,H06,0,33,38.2,,11.4,right_foot,
SYN-00004-00286,286,899.7,899.7,1,15,pass,home,H06,31.8,41,41.2,44.1,complete,H08,0,33,40.3,,9.8,left_foot,
SYN-00004-00287,287,903.3,903.3,1,16,pass,home,H08,41.2,44.1,19,46.7,complete,H04,0,33,58.3,,22.3,right_foot,
SYN-00004-00288,288,906.6,906.6,1,16,sprint,home,H08,40.3,49.2,,,,,0,33,,29.3,16.1,,
SYN-00004-00289,289,906.6,906.6,1,16,pass,home,H04,19,46.7,38.6,48.8,incomplete,H08,0,33,52.9,,23.6,right_foot,
SYN-00004-00290,290,910.1,910.1,1,16,possession_change,away,A10,38.6,48.8,,,recovery,,0,34,,,,,
SYN-00004-00291,291,910.1,910.1,1,16,pass,away,A10,38.6,48.8,18.7,62.2,complete,A09,0,34,59.9,,24.1,right_foot,
SYN-00004-00292,292,912.9,912.9,1,16,carry,away,A09,18.7,62.2,12,63.4,dispossessed,,0,34,,21.2,6.8,,
SYN-00004-00293,293,914,914,1,16,foul,home,H05,12,63.4,,,free_kick,,0,34,,,,,
SYN-00004-00294,294,946.8,946.8,1,16,pass,away,A09,12,63.4,6.8,39.5,complete,A10,0,35,58.1,,24.4,right_foot,
SYN-00004-00295,295,949.6,949.6,1,16,sprint,away,A10,3,35.4,,,,,0,35,,27.7,30,,
SYN-00004-00296,296,949.6,949.6,1,16,pass,away,A10,6.8,39.5,27.5,46,complete,A07,0,35,59.4,,21.8,right_foot,
SYN-00004-00297,297,953.7,953.7,1,16,pass,away,A07,27.5,46,33.9,29.9,complete,A08,0,35,54.2,,17.3,right_foot,
SYN-00004-00298,298,956.4,956.4,1,16,pass,away,A08,33.9,29.9,21.5,3,complete,A11,0,35,63.1,,29.6,right_foot,
SYN-00004-00299,299,959.4,959.4,1,16,pass,away,A11,21.5,3,3.5,0,out,A10,0,35,68.6,,27.3,left_foot,
SYN-00004-00300,300,960.8,960.8,1,17,possession_change,home,H02,3.5,1,,,out_of_play,,0,36,,,,,
SYN-00004-00301,301,980.5,980.5,1,17,pass,home,H02,3.5,1,8.9,25.6,complete,H01,0,36,59.2,,25.2,right_foot,
SYN-00004-00302,302,983.3,983.3,1,17,pressure,away,A10,8.9,25.6,,,,,0,36,,,,,
SYN-00004-00303,303,983.3,983.3,1,17,pass,home,H01,8.9,25.6,4.1,21.4,complete,H03,1,36,25.4,,6.4,right_foot,
SYN-00004-00304,304,986.5,986.5,1,17,pass,home,H03,4.1,21.4,23.5,33.5,complete,H06,0,36,47.8,,22.9,left_foot,
SYN-00004-00305,305,991,991,1,17,carry,home,H06,23.5,33.5,33.5,38.6,complete,,0,36,,18.7,11.3,,
SYN-00004-00306,306,993.1,993.1,1,17,pass,home,H06,33.5,38.6,17.6,49.9,complete,H04,0,36,61.1,,19.6,right_foot,
SYN-00004-00307,307,996.7,996.7,1,17,pass,home,H04,17.6,49.9,18.1,59.6,complete,H05,0,36,39.4,,9.6,left_foot,
SYN-00004-00308,308,999.2,999.2,1,17,pressure,away,A10,18.1,59.6,,,,,0,36,,,,,
SYN-00004-00309,309,999.2,999.2,1,17,pass,home,H05,18.1,59.6,27.1,48.3,incomplete,H06,1,36,54.8,,21.4,right_foot,
SYN-00004-00310,310,1002.9,1002.9,1,17,possession_change,away,A10,27.1,48.3,,,recovery,,0,37,,,,,
SYN-00004-00311,311,1002.9,1002.9,1,17,pass,away,A10,27.1,48.3,12.7,62.2,complete,A09,0,37,65.5,,20,right_foot,
SYN-00004-00312,312,1005.7,1005.7,1,17,pass,away,A09,12.7,62.2,36.2,52.9,complete,A07,0,37,58.4,,25.3,right_foot,
SYN-00004-00313,313,1008.4,1008.4,1,17,pass,away,A07,36.2,52.9,39.8,26.8,complete,A08,0,37,54.5,,26.3,right_foot,
SYN-00004-00314,314,1011.6,1011.6,1,17,pass,away,A08,39.8,26.8,40.8,42.9,complete,A07,0,37,51.2,,16.1,right_foot,
SYN-00004-00315,315,1015.6,1015.6,1,17,carry,away,A07,40.8,42.9,35.1,38,complete,,0,37,,15.8,7.5,,
SYN-00004-00316,316,1017.3,1017.3,1,17,pass,away,A07,35.1,38,41.5,23.6,complete,A08,0,37,52.1,,15.7,right_foot,
SYN-00004-00317,317,1021.1,1021.1,1,18,pass,away,A08,41.5,23.6,43.7,48.4,complete,A07,0,37,69.9,,24.9,right_foot,
SYN-00004-00318,318,1024.5,1024.5,1,18,carry,away,A07,43.7,48.4,30.2,51,complete,,0,37,,25.5,13.7,,
SYN-00004-00319,319,1026.4,1026.4,1,18,pass,away,A07,30.2,51,15.5,62.3,complete,A09,0,37,53.1,,18.5,left_foot,
SYN-00004-00320,320,1029.4,1029.4,1,18,pass,away,A09,15.5,62.3,6.4,45.7,incomplete,A10,0,37,52.4,,21,right_foot,
SYN-00004-00321,321,1032.2,1032.2,1,18,possession_change,home,H01,6.4,45.7,,,recovery,,0,38,,,,,
SYN-00004-00322,322,1032.2,1032.2,1,18,carry,home,H01,6.4,45.7,15.7,46,complete,,0,38,,21,9.3,,
SYN-00004-00323,323,1033.8,1033.8,1,18,pass,home,H01,15.7,46,28.7,34.9,complete,H06,0,38,39.9,,17.1,right_foot,
SYN-00004-00324,324,1038,1038,1,18,pass,home,H06,28.7,34.9,44.9,19.8,complete,H07,0,38,55.2,,22.2,left_foot,
SYN-00004-00325,325,1040.8,1040.8,1,18,pass,home,H07,44.9,19.8,36.9,28.2,complete,H06,0,38,39.4,,11.6,left_foot,
SYN-00004-00326,326,1043,1043,1,18,pressure,away,A10,36.9,28.2,,,,,0,38,,,,,
SYN-00004-00327,327,1043,1043,1,18,pass,home,H06,36.9,28.2,14.2,41.5,complete,H04,1,38,58.9,,26.3,right_foot,
SYN-00004-00328,328,1047.2,1047.2,1,18,pass,home,H04,14.2,41.5,13.8,9.8,complete,H02,0,38,63.4,,31.7,right_foot,
SYN-00004-00329,329,1050.7,1050.7,1,18,pass,home,H02,13.8,9.8,34.5,16.9,complete,H07,0,38,55.3,,21.9,left_foot,
SYN-00004-00330,330,1054.8,1054.8,1,18,pass,home,H07,34.5,16.9,14.6,23.1,complete,H03,0,38,47.6,,20.8,left_foot,
SYN-00004-00331,331,1058.3,1058.3,1,18,pass,home,H03,14.6,23.1,28.2,25.3,complete,H06,0,38,41.6,,13.8,left_foot,
SYN-00004-00332,332,1062.4,1062.4,1,18,sprint,home,H06,32.4,31.8,,,,,0,38,,28.7,41.2,,
SYN-00004-00333,333,1062.4,1062.4,1,18,pass,home,H06,28.2,25.3,9,20.5,complete,H03,0,38,57.6,,19.8,right_foot,
SYN-00004-00334,334,1065.3,1065.3,1,18,pass,home,H03,9,20.5,20.1,29.8,incomplete,H06,0,38,48,,16.7,right_foot,
SYN-00004-00335,335,1069,1069,1,18,possession_change,away,A10,20.1,29.8,,,recovery,,0,39,,,,,
SYN-00004-00336,336,1069,1069,1,18,carry,away,A10,20.1,29.8,6.2,25.2,complete,,0,39,,22.9,14.6,,
SYN-00004-00337,337,1071.3,1071.3,1,18,carry,away,A10,6.2,25.2,1,23.5,complete,,0,39,,22.5,11.6,,
SYN-00004-00338,338,1073.1,1073.1,1,18,pass,away,A10,1,23.5,21.9,46.2,complete,A07,0,39,70.4,,30.9,right_foot,
SYN-00004-00339,339,1077.4,1077.4,1,18,pass,away,A07,21.9,46.2,2.6,30.9,complete,A10,0,39,64.4,,24.7,right_foot,
SYN-00004-00340,340,1080.1,1080.1,1,19,shot,away,A10,2.6,30.9,0.6,30.9,blocked,,0,39,77.2,,4.1,foot,0.658
SYN-00004-00341,341,1081.8,1081.8,1,19,pass,away,A10,12.1,30.9,29,22.7,complete,A08,0,39,53.2,,18.7,right_foot,
SYN-00004-00342,342,1084.7,1084.7,1,19,pass,away,A08,29,22.7,15.2,8.1,complete,A11,0,39,56.7,,20.1,right_foot,
SYN-00004-00343,343,1087.3,1087.3,1,19,carry,away,A11,15.2,8.1,5.5,6.7,complete,,0,39,,18.5,9.9,,
SYN-00004-00344,344,1089.3,1089.3,1,19,shot,away,A11,5.5,6.7,3.5,6.7,blocked,,0,39,50.1,,27.9,head,0.009
SYN-00004-00345,345,1091.8,1091.8,1,19,possession_change,home,H02,5.5,6.7,,,blocked_shot,,0,40,,,,,
SYN-00004-00346,346,1092.8,1092.8,1,19,pass,home,H02,5.5,6.7,2.5,27,complete,H01,0,40,47.8,,20.5,head,
SYN-00004-00347,347,1095.9,1095.9,1,19,pressure,away,A10,2.5,27,,,,,0,40,,,,,
SYN-00004-00348,348,1095.9,1095.9,1,19,pass,home,H01,2.5,27,6.9,7.1,complete,H02,1,40,62.1,,20.3,left_foot,
SYN-00004-00349,349,1099.6,1099.6,1,19,pass,home,H02,6.9,7.1,25.5,26.6,complete,H06,0,40,60.4,,26.9,right_foot,
SYN-00004-00350,350,1103.6,1103.6,1,19,pass,home,H06,25.5,26.6,37.6,23.7,complete,H07,0,40,39.5,,12.5,right_foot,
SYN-00004-00351,351,1106.5,1106.5,1,19,pressure,away,A10,37.6,23.7,,,,,0,40,,,,,
SYN-00004-00352,352,1106.5,1106.5,1,19,pass,home,H07,37.6,23.7,30.6,3.8,complete,H02,1,40,58.5,,21.1,right_foot,
SYN-00004-00353,353,1110.2,1110.2,1,19,pass,home,H02,30.6,3.8,15,33.9,complete,H04,0,40,68.8,,33.9,right_foot,
SYN-00004-00354,354,1113.9,1113.9,1,19,pass,home,H04,15,33.9,33.8,22.9,complete,H07,0,40,61.9,,21.8,right_foot,
SYN-00004-00355,355,1117.6,1117.6,1,19,pressure,away,A10,33.8,22.9,,,,,0,40,,,,,
SYN-00004-00356,356,1117.6,1117.6,1,19,carry,home,H07,33.8,22.9,39.2,22.8,dispossessed,,1,40,,24.9,5.4,,
SYN-00004-00357,357,1118.4,1118.4,1,19,foul,away,A10,39.2,22.8,,,free_kick,,0,40,,,,,
SYN-00004-00358,358,1139.3,1139.3,1,19,pressure,away,A10,39.2,22.8,,,,,0,41,,,,,
SYN-00004-00359,359,1139.3,1139.3,1,19,pass,home,H07,39.2,22.8,20.9,20.4,complete,H03,1,41,47.9,,18.5,left_foot,
SYN-00004-00360,360,1142.9,1142.9,1,20,pass,home,H03,20.9,20.4,24.9,31,complete,H06,0,41,51.2,,11.3,left_foot,
SYN-00004-00361,361,1146.5,1146.5,1,20,pass,home,H06,24.9,31,20.9,60.5,complete,H05,0,41,62.5,,29.7,right_foot,
SYN-00004-00362,362,1151,1151,1,20,carry,home,H05,20.9,60.5,26.2,60.8,complete,,0,41,,25.1,5.3,,
SYN-00004-00363,363,1151.7,1151.7,1,20,carry,home,H05,26.2,60.8,33.5,55.9,complete,,0,41,,17.7,8.8,,
SYN-00004-00364,364,1153.5,1153.5,1,20,pass,home,H05,33.5,55.9,40.3,37.6,complete,H06,0,41,56.7,,19.5,left_foot,
SYN-00004-00365,365,1157,1157,1,20,pass,home,H06,40.3,37.6,14.5,47.6,complete,H04,0,41,61.3,,27.6,left_foot,
SYN-00004-00366,366,1161.1,1161.1,1,20,pass,home,H04,14.5,47.6,8.5,33.4,complete,H03,0,41,49.7,,15.4,right_foot,
SYN-00004-00367,367,1164.4,1164.4,1,20,pass,home,H03,8.5,33.4,17.2,39.4,incomplete,H06,0,41,51.8,,14.7,right_foot,
SYN-00004-00368,368,1167.6,1167.6,1,20,possession_change,away,A10,17.2,39.4,,,recovery,,0,42,,,,,
SYN-00004-00369,369,1167.6,1167.6,1,20,pressure,home,H06,17.2,39.4,,,,,0,42,,,,,
SYN-00004-00370,370,1167.6,1167.6,1,20,carry,away,A10,17.2,39.4,14.1,43.3,complete,,1,42,,23.8,5,,
SYN-00004-00371,371,1168.3,1168.3,1,20,carry,away,A10,14.1,43.3,5.5,38.7,complete,,0,42,,19.8,9.8,,
SYN-00004-00372,372,1170.1,1170.1,1,20,carry,away,A10,5.5,38.7,1,37.7,complete,,0,42,,23.8,9.6,,
SYN-00004-00373,373,1171.6,1171.6,1,20,pressure,home,H01,1,37.7,,,,,0,42,,,,,
SYN-00004-00374,374,1171.6,1171.6,1,20,pass,away,A10,1,37.7,1,62,complete,A09,1,42,54.4,,24.3,right_foot,
SYN-00004-00375,375,1175.9,1175.9,1,20,pressure,home,H05,1,62,,,,,0,42,,,,,
SYN-00004-00376,376,1175.9,1175.9,1,20,pass,away,A09,1,62,26.5,52.7,complete,A07,1,42,65.1,,27.1,right_foot,
SYN-00004-00377,377,1179,1179,1,20,pass,away,A07,26.5,52.7,15.6,67,complete,A09,0,42,59.7,,18,right_foot,
SYN-00004-00378,378,1182.3,1182.3,1,20,pass,away,A09,15.6,67,31,48.1,complete,A07,0,42,58.8,,24.4,left_foot,
SYN-00004-00379,379,1186.2,1186.2,1,20,pass,away,A07,31,48.1,19,60.9,complete,A09,0,42,51.4,,17.6,right_foot,
SYN-00004-00380,380,1190,1190,1,20,shot,away,A09,19,60.9,0,36.6,saved,,0,42,95.1,,32.9,foot,0.011
SYN-00004-00381,381,1191.7,1191.7,1,20,possession_change,home,H01,6,34,,,goalkeeper_save,,0,43,,,,,
SYN-00004-00382,382,1200.6,1200.6,1,21,pass,home,H01,6,34,1.1,39.9,complete,H04,0,43,39.6,,7.6,right_foot,
SYN-00004-00383,383,1203.7,1203.7,1,21,pressure,away,A10,1.1,39.9,,,,,0,43,,,,,
SYN-00004-00384,384,1203.7,1203.7,1,21,pass,home,H04,1.1,39.9,1,34.2,complete,H01,1,43,33.6,,5.7,left_foot,
SYN-00004-00385,385,1206.1,1206.1,1,21,pass,home,H01,1,34.2,5.8,52.4,complete,H05,0,43,55.6,,18.8,right_foot,
SYN-00004-00386,386,1209.3,1209.3,1,21,pass,home,H05,5.8,52.4,36.6,45.3,incomplete,H08,0,43,73.9,,32.3,right_foot,
SYN-00004-00387,387,1212.8,1212.8,1,21,possession_change,away,A10,36.6,45.3,,,recovery,,0,44,,,,,
SYN-00004-00388,388,1212.8,1212.8,1,21,pass,away,A10,36.6,45.3,41,24.7,complete,A08,0,44,44.8,,21.1,right_foot,
SYN-00004-00389,389,1215.7,1215.7,1,21,pass,away,A08,41,24.7,51.4,25.3,complete,A06,0,44,40.3,,10.4,right_foot,
SYN-00004-00390,390,1218.5,1218.5,1,21,pass,away,A06,51.4,25.3,76,6.1,complete,A05,0,44,64.3,,31.2,right_foot,
SYN-00004-00391,391,1222.2,1222.2,1,21,pass,away,A05,76,6.1,61.1,14,complete,A08,0,44,58.2,,16.9,left_foot,
SYN-00004-00392,392,1225.5,1225.5,1,21,pass,away,A08,61.1,14,82.8,32.4,complete,A03,0,44,60.2,,28.6,left_foot,
SYN-00004-00393,393,1229.2,1229.2,1,21,pass,away,A03,82.8,32.4,85.3,10.2,complete,A05,0,44,52.7,,22.3,right_foot,
SYN-00004-00394,394,1232,1232,1,21,pass,away,A05,85.3,10.2,58.5,17.4,complete,A08,0,44,65.1,,27.7,right_foot,
SYN-00004-00395,395,1235.5,1235.5,1,21,pressure,home,H10,58.5,17.4,,,,,0,44,,,,,
SYN-00004-00396,396,1235.5,1235.5,1,21,pass,away,A08,58.5,17.4,92.8,18.7,complete,A04,1,44,62.4,,34.2,right_foot,
SYN-00004-00397,397,1239.8,1239.8,1,21,carry,away,A04,92.8,18.7,79.1,18.8,complete,,0,44,,16.8,13.6,,
SYN-00004-00398,398,1242.7,1242.7,1,21,pass,away,A04,79.1,18.8,79.3,53,complete,A02,0,44,84.5,,34.3,left_foot,
SYN-00004-00399,399,1246.3,1246.3,1,21,pass,away,A02,79.3,53,62,47,complete,A07,0,44,43.2,,18.3,right_foot,
SYN-00004-00400,400,1250.4,1250.4,1,21,pass,away,A07,62,47,79.8,41.2,complete,A03,0,44,55.8,,18.6,right_foot,
SYN-00004-00401,401,1253.8,1253.8,1,21,pass,away,A03,79.8,41.2,61.4,51.5,complete,A07,0,44,48.7,,21,left_foot,
SYN-00004-00402,402,1257,1257,1,21,pass,away,A07,61.4,51.5,71,56,intercepted,A02,0,44,51.9,,19.7,right_foot,
SYN-00004-00403,403,1257.7,1257.7,1,21,interception,home,H10,71,56,,,won,,0,44,,,,,
SYN-00004-00404,404,1257.7,1257.7,1,21,possession_change,home,H10,71,56,,,interception,,0,45,,,,,
SYN-00004-00405,405,1258.7,1258.7,1,21,carry,home,H10,71,56,74.7,55.6,dispossessed,,0,45,,24.4,3.7,,
SYN-00004-00406,406,1259.2,1259.2,1,21,foul,away,A07,74.7,55.6,,,free_kick,,0,45,,,,,
SYN-00004-00407,407,1280.1,1280.1,1,22,pass,home,H10,74.7,55.6,42,63.1,complete,H05,0,46,73.1,,33.5,right_foot,
SYN-00004-00408,408,1284.8,1284.8,1,22,pressure,away,A09,42,63.1,,,,,0,46,,,,,
SYN-00004-00409,409,1284.8,1284.8,1,22,pass,home,H05,42,63.1,48.2,53.2,complete,H08,1,46,41.1,,11.7,right_foot,
SYN-00004-00410,410,1287,1287,1,22,pass,home,H08,48.2,53.2,55.4,31.4,complete,H07,0,46,60.2,,23,right_foot,
SYN-00004-00411,411,1289.9,1289.9,1,22,carry,home,H07,55.4,31.4,61.4,28.6,complete,,0,46,,17.8,6.6,,
SYN-00004-00412,412,1291.2,1291.2,1,22,pass,home,H07,61.4,28.6,22.4,40.2,complete,H04,0,46,81.5,,40.8,right_foot,
SYN-00004-00413,413,1294.6,1294.6,1,22,pass,home,H04,22.4,40.2,4.6,36.1,complete,H01,0,46,59.2,,18.2,right_foot,
SYN-00004-00414,414,1297.1,1297.1,1,22,pass,home,H01,4.6,36.1,35.2,25.8,complete,H07,0,46,70.7,,32.2,right_foot,
SYN-00004-00415,415,1300.4,1300.4,1,22,pass,home,H07,35.2,25.8,49.2,44.1,complete,H08,0,46,50.3,,23.1,right_foot,
SYN-00004-00416,416,1303.8,1303.8,1,22,pass,home,H08,49.2,44.1,51.7,25.3,complete,H07,0,46,46.3,,19,right_foot,
SYN-00004-00417,417,1306.2,1306.2,1,22,pass,home,H07,51.7,25.3,25.5,20.1,complete,H03,0,46,60.4,,26.7,left_foot,
SYN-00004-00418,418,1310.3,1310.3,1,22,pass,home,H03,25.5,20.1,47,50.4,complete,H08,0,46,77,,37.1,left_foot,
SYN-00004-00419,419,1314.6,1314.6,1,22,carry,home,H08,47,50.4,62.8,49.9,complete,,0,46,,19.1,15.8,,
SYN-00004-00420,420,1317.5,1317.5,1,22,pass,home,H08,62.8,49.9,75.1,67,incomplete,H11,0,46,55.4,,25.5,right_foot,
SYN-00004-00421,421,1321.6,1321.6,1,23,possession_change,away,A02,75.1,67,,,recovery,,0,47,,,,,
SYN-00004-00422,422,1321.6,1321.6,1,23,pass,away,A02,75.1,67,57.8,52,complete,A07,0,47,59.6,,22.9,left_foot,
SYN-00004-00423,423,1325.1,1325.1,1,23,pass,away,A07,57.8,52,77.4,60.5,complete,A02,0,47,56.9,,21.4,left_foot,
SYN-00004-00424,424,1328.5,1328.5,1,23,pass,away,A02,77.4,60.5,67.6,45.4,complete,A06,0,47,50,,18.1,right_foot,
SYN-00004-00425,425,1331.4,1331.4,1,23,pass,away,A06,67.6,45.4,62.5,21.3,complete,A08,0,47,56.7,,24.6,right_foot,
SYN-00004-00426,426,1335.8,1335.8,1,23,pass,away,A08,62.5,21.3,80.1,6.7,complete,A05,0,47,61.8,,22.8,right_foot,
SYN-00004-00427,427,1339.9,1339.9,1,23,pass,away,A05,80.1,6.7,79.1,25.4,complete,A06,0,47,46.5,,18.6,right_foot,
SYN-00004-00428,428,1343,1343,1,23,pass,away,A06,79.1,25.4,59.9,18.4,complete,A08,0,47,56.3,,20.5,right_foot,
SYN-00004-00429,429,1346.5,1346.5,1,23,pass,away,A08,59.9,18.4,87.5,19.5,incomplete,A04,0,47,66.8,,26.8,right_foot,
SYN-00004-00430,430,1349.4,1349.4,1,23,possession_change,home,H10,87.5,19.5,,,recovery,,0,48,,,,,
SYN-00004-00431,431,1349.4,1349.4,1,23,pressure,away,A08,87.5,19.5,,,,,0,48,,,,,
SYN-00004-00432,432,1349.4,1349.4,1,23,pass,home,H10,87.5,19.5,98.7,8.7,intercepted,H09,1,48,53.7,,20.7,left_foot,
SYN-00004-00433,433,1350.5,1350.5,1,23,interception,away,A05,98.7,8.7,,,won,,0,48,,,,,
SYN-00004-00434,434,1350.5,1350.5,1,23,possession_change,away,A05,98.7,8.7,,,interception,,0,49,,,,,
SYN-00004-00435,435,1351.9,1351.9,1,23,pass,away,A05,98.7,8.7,78,25.5,incomplete,A06,0,49,62,,26.3,right_foot,
SYN-00004-00436,436,1355.3,1355.3,1,23,possession_change,home,H10,78,25.5,,,recovery,,0,50,,,,,
SYN-00004-00437,437,1355.3,1355.3,1,23,pass,home,H10,78,25.5,64.7,42.9,complete,H08,0,50,54.4,,21.9,left_foot,
SYN-00004-00438,438,1359.5,1359.5,1,23,pass,home,H08,64.7,42.9,86.6,12.3,incomplete,H09,0,50,75.7,,37,right_foot,
SYN-00004-00439,439,1363.1,1363.1,1,23,possession_change,away,A05,86.6,12.3,,,recovery,,0,51,,,,,
SYN-00004-00440,440,1363.1,1363.1,1,23,pass,away,A05,86.6,12.3,100.8,24.6,complete,A04,0,51,51.8,,18.8,left_foot,
SYN-00004-00441,441,1365.7,1365.7,1,23,pass,away,A04,100.8,24.6,90.9,6.5,complete,A05,0,51,49.1,,20.6,right_foot,
SYN-00004-00442,442,1368.7,1368.7,1,23,pass,away,A05,90.9,6.5,72.4,26.1,complete,A06,0,51,67.8,,26.9,right_foot,
SYN-00004-00443,443,1371.7,1371.7,1,23,carry,away,A06,72.4,26.1,57.5,23,complete,,0,51,,16.4,15.3,,
SYN-00004-00444,444,1375,1375,1,23,pass,away,A06,57.5,23,33.5,5.2,complete,A11,0,51,71.2,,29.9,left_foot,
SYN-00004-00445,445,1378.8,1378.8,1,23,pass,away,A11,33.5,5.2,38.4,16.5,complete,A08,0,51,40,,12.3,right_foot,
SYN-00004-00446,446,1382.4,1382.4,1,24,pass,away,A08,38.4,16.5,17.6,8.2,complete,A11,0,51,52.5,,22.4,right_foot,
SYN-00004-00447,447,1386.5,1386.5,1,24,pass,away,A11,17.6,8.2,33.6,17.7,complete,A08,0,51,48.7,,18.6,right_foot,
SYN-00004-00448,448,1389.3,1389.3,1,24,carry,away,A08,33.6,17.7,21.6,15.5,complete,,0,51,,18.1,12.2,,
SYN-00004-00449,449,1391.7,1391.7,1,24,pass,away,A08,21.6,15.5,2.4,27.3,complete,A10,0,51,61.2,,22.5,right_foot,
SYN-00004-00450,450,1395.3,1395.3,1,24,shot,away,A10,2.4,27.3,0,34.6,goal,,0,51,74,,7.1,foot,0.309
SYN-00004-00451,451,1461,1461,1,25,kickoff,home,H10,52.5,34,,,,,0,52,,,,,
SYN-00004-00452,452,1462,1462,1,25,pass,home,H10,52.5,34,23.9,44.8,complete,H04,0,52,66.1,,30.6,left_foot,
SYN-00004-00453,453,1466.2,1466.2,1,25,pass,home,H04,23.9,44.8,43.6,52.1,complete,H08,0,52,47.6,,21.1,right_foot,
SYN-00004-00454,454,1470,1470,1,25,pass,home,H08,43.6,52.1,48.4,29,complete,H07,0,52,46.8,,23.6,right_foot,
SYN-00004-00455,455,1472.9,1472.9,1,25,pass,home,H07,48.4,29,20.4,24.5,complete,H03,0,52,63.2,,28.3,right_foot,
SYN-00004-00456,456,1477.3,1477.3,1,25,pass,home,H03,20.4,24.5,41,14.1,complete,H07,0,52,51.7,,23.1,left_foot,
SYN-00004-00457,457,1480.8,1480.8,1,25,pass,home,H07,41,14.1,27.9,10.1,complete,H02,0,52,38,,13.7,left_foot,
SYN-00004-00458,458,1484.6,1484.6,1,25,pass,home,H02,27.9,10.1,46,13.7,complete,H07,0,52,54.3,,18.4,right_foot,
SYN-00004-00459,459,1488.4,1488.4,1,25,pass,home,H07,46,13.7,40.3,32.4,complete,H06,0,52,57.7,,19.5,right_foot,
SYN-00004-00460,460,1490.8,1490.8,1,25,pressure,away,A10,40.3,32.4,,,,,0,52,,,,,
SYN-00004-00461,461,1490.8,1490.8,1,25,pass,home,H06,40.3,32.4,23.4,57.8,complete,H05,1,52,68.3,,30.5,left_foot,
SYN-00004-00462,462,1493.6,1493.6,1,25,sprint,home,H09,66.3,15.9,,,,,0,52,,31.9,28.7,,
SYN-00004-00463,463,1493.6,1493.6,1,25,carry,home,H05,23.4,57.8,30.5,48.8,complete,,0,52,,23.7,11.4,,
SYN-00004-00464,464,1495.3,1495.3,1,25,carry,home,H05,30.5,48.8,39.6,39.3,complete,,0,52,,23,13.2,,
SYN-00004-00465,465,1497.4,1497.4,1,25,pass,home,H05,39.6,39.3,45.8,25.1,complete,H07,0,52,50.5,,15.5,right_foot,
SYN-00004-00466,466,1500.1,1500.1,1,26,pass,home,H07,45.8,25.1,20.6,13.2,complete,H03,0,52,71.4,,27.9,left_foot,
SYN-00004-00467,467,1504.2,1504.2,1,26,pass,home,H03,20.6,13.2,35.7,18.9,complete,H07,0,52,53.7,,16.2,right_foot,
SYN-00004-00468,468,1508,1508,1,26,pressure,away,A10,35.7,18.9,,,,,0,52,,,,,
SYN-00004-00469,469,1508,1508,1,26,pass,home,H07,35.7,18.9,18.3,23.1,intercepted,H03,1,52,60.8,,23.7,left_foot,
SYN-00004-00470,470,1509.1,1509.1,1,26,interception,away,A10,18.3,23.1,,,won,,0,52,,,,,
SYN-00004-00471,471,1509.1,1509.1,1,26,possession_change,away,A10,18.3,23.1,,,interception,,0,53,,,,,
SYN-00004-00472,472,1509.9,1509.9,1,26,pass,away,A10,18.3,23.1,6.6,7.4,complete,A11,0,53,49,,19.6,left_foot,
SYN-00004-00473,473,1514.2,1514.2,1,26,pressure,home,H02,6.6,7.4,,,,,0,53,,,,,
SYN-00004-00474,474,1514.2,1514.2,1,26,pass,away,A11,6.6,7.4,5.1,27.1,complete,A10,1,53,46.5,,19.8,right_foot,
SYN-00004-00475,475,1518,1518,1,26,pass,away,A10,5.1,27.1,25.8,25,complete,A08,0,53,63.2,,20.8,right_foot,
SYN-00004-00476,476,1521.2,1521.2,1,26,pass,away,A08,25.8,25,5.1,32.6,complete,A10,0,53,57.8,,22,right_foot,
SYN-00004-00477,477,1523.6,1523.6,1,26,pressure,home,H01,5.1,32.6,,,,,0,53,,,,,
SYN-00004-00478,478,1523.6,1523.6,1,26,pass,away,A10,5.1,32.6,11.5,55.7,complete,A09,1,53,53.8,,24,right_foot,
SYN-00004-00479,479,1527.2,1527.2,1,26,shot,away,A09,11.5,55.7,0,36.1,saved,,0,53,91.3,,24.6,foot,0.032
SYN-00004-00480,480,1528.6,1528.6,1,26,possession_change,home,H01,6,34,,,goalkeeper_save,,0,54,,,,,
SYN-00004-00481,481,1533.2,1533.2,1,26,pass,home,H01,6,34,19.8,36.8,complete,H06,0,54,47.5,,14.1,left_foot,
SYN-00004-00482,482,1536.8,1536.8,1,26,pass,home,H06,19.8,36.8,37.1,45.9,complete,H08,0,54,55,,19.6,right_foot,
SYN-00004-00483,483,1540.4,1540.4,1,26,pass,home,H08,37.1,45.9,35.6,40,complete,H06,0,54,34,,6.1,right_foot,
SYN-00004-00484,484,1543.1,1543.1,1,26,pass,home,H06,35.6,40,47.2,49.3,complete,H08,0,54,45.6,,14.8,right_foot,
SYN-00004-00485,485,1546.3,1546.3,1,26,pass,home,H08,47.2,49.3,21,45.8,complete,H04,0,54,56.9,,26.4,right_foot,
SYN-00004-00486,486,1549.9,1549.9,1,26,pass,home,H04,21,45.8,4.8,35.9,complete,H01,0,54,53.8,,19,left_foot,
SYN-00004-00487,487,1553.8,1553.8,1,26,pressure,away,A10,4.8,35.9,,,,,0,54,,,,,
SYN-00004-00488,488,1553.8,1553.8,1,26,pass,home,H01,4.8,35.9,7.7,45.6,complete,H04,1,54,38.1,,10.2,head,
SYN-00004-00489,489,1557.3,1557.3,1,26,pass,home,H04,7.7,45.6,2.7,26,complete,H03,0,54,50.7,,20.3,right_foot,
SYN-00004-00490,490,1560.8,1560.8,1,27,carry,home,H03,2.7,26,9.9,26.7,complete,,0,54,,16.2,7.3,,
SYN-00004-00491,491,1562.5,1562.5,1,27,pass,home,H03,9.9,26.7,12.4,10.2,complete,H02,0,54,49.8,,16.7,right_foot,
SYN-00004-00492,492,1564.7,1564.7,1,27,pass,home,H02,12.4,10.2,23.5,31,complete,H06,0,54,47,,23.6,left_foot,
SYN-00004-00493,493,1569.2,1569.2,1,27,pass,home,H06,23.5,31,22.5,52.5,complete,H05,0,54,62.6,,21.5,left_foot,
SYN-00004-00494,494,1572.7,1572.7,1,27,carry,home,H05,22.5,52.5,34.8,60.3,complete,,0,54,,24.9,14.5,,
SYN-00004-00495,495,1574.8,1574.8,1,27,pass,home,H05,34.8,60.3,39.9,42,complete,H06,0,54,49.8,,19,right_foot,
SYN-00004-00496,496,1579,1579,1,27,pass,home,H06,39.9,42,49.7,52,complete,H08,0,54,49.3,,14,right_foot,
SYN-00004-00497,497,1581.3,1581.3,1,27,pass,home,H08,49.7,52,76.7,59.9,complete,H11,0,54,63.4,,28.1,left_foot,
SYN-00004-00498,498,1584,1584,1,27,carry,home,H11,76.7,59.9,86.9,56.7,complete,,0,54,,14.4,10.7,,
SYN-00004-00499,499,1586.6,1586.6,1,27,shot,home,H11,86.9,56.7,105,25.9,off_target,,0,54,94.6,,29,foot,0.018
SYN-00004-00500,500,1588.2,1588.2,1,27,possession_change,away,A01,99,34,,,goal_kick,,0,55,,,,,
SYN-00004-00501,501,1609.6,1609.6,1,27,pressure,home,H10,99,34,,,,,0,55,,,,,
SYN-00004-00502,502,1609.6,1609.6,1,27,pass,away,A01,99,34,78.7,38.7,complete,A06,1,55,57.8,,20.9,head,
SYN-00004-00503,503,1612.4,1612.4,1,27,pressure,home,H10,78.7,38.7,,,,,0,55,,,,,
SYN-00004-00504,504,1612.4,1612.4,1,27,pass,away,A06,78.7,38.7,89.3,9.3,complete,A05,1,55,56.9,,31.2,right_foot,
SYN-00004-00505,505,1617,1617,1,27,pass,away,A05,89.3,9.3,62.7,13.9,complete,A08,0,55,71.5,,27,left_foot,
SYN-00004-00506,506,1620.3,1620.3,1,28,pressure,home,H10,62.7,13.9,,,,,0,55,,,,,
SYN-00004-00507,507,1620.3,1620.3,1,28,pass,away,A08,62.7,13.9,67.8,31.7,incomplete,A06,1,55,49.5,,17.7,right_foot,
SYN-00004-00508,508,1623.7,1623.7,1,28,possession_change,home,H10,67.8,31.7,,,recovery,,0,56,,,,,
SYN-00004-00509,509,1623.7,1623.7,1,28,carry,home,H10,67.8,31.7,76.5,29.6,complete,,0,56,,14.8,8.9,,
SYN-00004-00510,510,1625.9,1625.9,1,28,pass,home,H10,76.5,29.6,91,13.1,complete,H09,0,56,61.5,,22,right_foot,
SYN-00004-00511,511,1629.3,1629.3,1,28,pass,home,H09,91,13.1,73.2,14.5,complete,H07,0,56,54.6,,18,left_foot,
SYN-00004-00512,512,1632.1,1632.1,1,28,pass,home,H07,73.2,14.5,88.6,6.7,incomplete,H09,0,56,60.5,,21,right_foot,
SYN-00004-00513,513,1635.4,1635.4,1,28,possession_change,away,A05,88.6,6.7,,,recovery,,0,57,,,,,
SYN-00004-00514,514,1635.4,1635.4,1,28,pressure,home,H10,88.6,6.7,,,,,0,57,,,,,
SYN-00004-00515,515,1635.4,1635.4,1,28,pass,away,A05,88.6,6.7,102.8,29.6,complete,A01,1,57,62.4,,27,right_foot,
SYN-00004-00516,516,1638.8,1638.8,1,28,carry,away,A01,102.8,29.6,101,28.2,dispossessed,,0,57,,23.4,2.3,,
SYN-00004-00517,517,1639.2,1639.2,1,28,foul,home,H10,101,28.2,,,free_kick,,0,57,,,,,
SYN-00004-00518,518,1654.7,1654.7,1,28,pressure,home,H10,101,28.2,,,,,0,58,,,,,
SYN-00004-00519,519,1654.7,1654.7,1,28,carry,away,A01,101,28.2,96,28.3,complete,,1,58,,15,4.9,,
SYN-00004-00520,520,1655.9,1655.9,1,28,pressure,home,H10,96,28.3,,,,,0,58,,,,,
SYN-00004-00521,521,1655.9,1655.9,1,28,pass,away,A01,96,28.3,85.3,33.9,complete,A06,1,58,35.3,,12.1,right_foot,
SYN-00004-00522,522,1659.2,1659.2,1,28,carry,away,A06,85.3,33.9,70.8,33.5,complete,,0,58,,17.9,14.5,,
SYN-00004-00523,523,1662.1,1662.1,1,28,pass,away,A06,70.8,33.5,81.3,13.4,complete,A05,0,58,53.8,,22.6,right_foot,
SYN-00004-00524,524,1666.4,1666.4,1,28,pass,away,A05,81.3,13.4,96.7,39.7,complete,A03,0,58,68.4,,30.4,right_foot,
SYN-00004-00525,525,1669.9,1669.9,1,28,pass,away,A03,96.7,39.7,100.8,27.2,complete,A04,0,58,44.5,,13.1,head,
SYN-00004-00526,526,1673,1673,1,28,pressure,home,H10,100.8,27.2,,,,,0,58,,,,,
SYN-00004-00527,527,1673,1673,1,28,pass,away,A04,100.8,27.2,92.1,28.6,incomplete,A06,1,58,52.4,,16.9,right_foot,
SYN-00004-00528,528,1676.7,1676.7,1,28,possession_change,home,H10,92.1,28.6,,,recovery,,0,59,,,,,
SYN-00004-00529,529,1676.7,1676.7,1,28,pass,home,H10,92.1,28.6,72.8,49,complete,H08,0,59,64.6,,28.1,head,
SYN-00004-00530,530,1680.3,1680.3,1,29,pass,home,H08,72.8,49,61.8,29.4,complete,H07,0,59,59.3,,22.6,right_foot,
SYN-00004-00531,531,1683.5,1683.5,1,29,pass,home,H07,61.8,29.4,61.5,43,complete,H08,0,59,52.4,,13.7,left_foot,
SYN-00004-00532,532,1685.5,1685.5,1,29,pass,home,H08,61.5,43,76.8,55,intercepted,H11,0,59,73.2,,24.6,right_foot,
SYN-00004-00533,533,1686.4,1686.4,1,29,interception,away,A07,76.8,55,,,won,,0,59,,,,,
SYN-00004-00534,534,1686.4,1686.4,1,29,possession_change,away,A07,76.8,55,,,interception,,0,60,,,,,
SYN-00004-00535,535,1687,1687,1,29,pass,away,A07,76.8,55,75.2,37,complete,A06,0,60,48.5,,18.1,right_foot,
SYN-00004-00536,536,1689.5,1689.5,1,29,pressure,home,H10,75.2,37,,,,,0,60,,,,,
SYN-00004-00537,537,1689.5,1689.5,1,29,pass,away,A06,75.2,37,97.9,36.9,complete,A01,1,60,56.3,,22.7,left_foot,
SYN-00004-00538,538,1692.8,1692.8,1,29,pressure,home,H10,97.9,36.9,,,,,0,60,,,,,
SYN-00004-00539,539,1692.8,1692.8,1,29,pass,away,A01,97.9,36.9,97.7,10.3,complete,A05,1,60,64.1,,26.7,right_foot,
SYN-00004-00540,540,1697.2,1697.2,1,29,pressure,home,H10,97.7,10.3,,,,,0,60,,,,,
SYN-00004-00541,541,1697.2,1697.2,1,29,carry,away,A05,97.7,10.3,86.3,1.3,complete,,1,60,,14.1,14.5,,
SYN-00004-00542,542,1700.9,1700.9,1,29,pass,away,A05,86.3,1.3,96.5,19.8,complete,A04,0,60,54.5,,21.1,right_foot,
SYN-00004-00543,543,1705.1,1705.1,1,29,pass,away,A04,96.5,19.8,77.7,33.2,complete,A06,0,60,57.4,,23.1,head,
SYN-00004-00544,544,1709.3,1709.3,1,29,pass,away,A06,77.7,33.2,61,22.8,complete,A08,0,60,47.3,,19.7,right_foot,
SYN-00004-00545,545,1711.8,1711.8,1,29,sprint,home,H08,38.5,41.5,,,,,0,60,,27.4,33.6,,
SYN-00004-00546,546,1711.8,1711.8,1,29,pass,away,A08,61,22.8,64.8,32.6,complete,A06,0,60,30.6,,10.5,right_foot,
SYN-00004-00547,547,1714.7,1714.7,1,29,pass,away,A06,64.8,32.6,52.3,41.8,incomplete,A07,0,60,53.3,,18.1,right_foot,
SYN-00004-00548,548,1717.5,1717.5,1,29,possession_change,home,H10,52.3,41.8,,,recovery,,0,61,,,,,
SYN-00004-00549,549,1717.5,1717.5,1,29,pass,home,H10,52.3,41.8,43.6,37.1,intercepted,H06,0,61,39.8,,14.3,right_foot,
SYN-00004-00550,550,1718.4,1718.4,1,29,interception,away,A10,43.6,37.1,,,won,,0,61,,,,,
SYN-00004-00551,551,1718.4,1718.4,1,29,possession_change,away,A10,43.6,37.1,,,interception,,0,62,,,,,
SYN-00004-00552,552,1719.7,1719.7,1,29,pass,away,A10,43.6,37.1,20.9,62.5,complete,A09,0,62,74.3,,34,head,
SYN-00004-00553,553,1722.9,1722.9,1,29,pass,away,A09,20.9,62.5,3.1,40.6,complete,A10,0,62,64,,28.3,right_foot,
SYN-00004-00554,554,1725.8,1725.8,1,29,sprint,away,A07,27.4,47.6,,,,,0,62,,32,26.5,,
SYN-00004-00555,555,1725.8,1725.8,1,29,pass,away,A10,3.1,40.6,21.6,26.2,complete,A08,0,62,59.5,,23.4,right_foot,
SYN-00004-00556,556,1728.6,1728.6,1,29,pass,away,A08,21.6,26.2,11.6,28.7,intercepted,A10,0,62,56.8,,19.6,right_foot,
SYN-00004-00557,557,1729.3,1729.3,1,29,interception,home,H01,11.6,28.7,,,won,,0,62,,,,,
SYN-00004-00558,558,1729.3,1729.3,1,29,possession_change,home,H01,11.6,28.7,,,interception,,0,63,,,,,
SYN-00004-00559,559,1730.7,1730.7,1,29,pass,home,H01,11.6,28.7,33.9,42.3,complete,H08,0,63,64,,26.1,left_foot,
SYN-00004-00560,560,1733.3,1733.3,1,29,pass,home,H08,33.9,42.3,45.4,22.1,complete,H07,0,63,50.4,,23.3,right_foot,
SYN-00004-00561,561,1736.5,1736.5,1,29,pass,home,H07,45.4,22.1,53.5,40,complete,H08,0,63,63.2,,19.7,right_foot,
SYN-00004-00562,562,1739.3,1739.3,1,29,pass,home,H08,53.5,40,33.5,58.5,complete,H05,0,63,67.6,,27.2,right_foot,
SYN-00004-00563,563,1743.1,1743.1,1,30,pass,home,H05,33.5,58.5,48.6,55.5,complete,H08,0,63,53.3,,15.4,right_foot,
SYN-00004-00564,564,1745.7,1745.7,1,30,pass,home,H08,48.6,55.5,52.5,21.9,complete,H07,0,63,72.9,,33.8,right_foot,
SYN-00004-00565,565,1749.2,1749.2,1,30,pass,home,H07,52.5,21.9,41.7,29.8,complete,H06,0,63,45.6,,13.4,right_foot,
SYN-00004-00566,566,1752.9,1752.9,1,30,pass,home,H06,41.7,29.8,34.5,7.6,complete,H02,0,63,59.6,,23.3,left_foot,
SYN-00004-00567,567,1756.1,1756.1,1,30,pass,home,H02,34.5,7.6,44.1,11.1,complete,H07,0,63,35.1,,10.2,right_foot,
SYN-00004-00568,568,1758.5,1758.5,1,30,carry,home,H07,44.1,11.1,52.3,21.9,complete,,0,63,,15.4,13.5,,
SYN-00004-00569,569,1761.6,1761.6,1,30,pass,home,H07,52.3,21.9,39.2,30.2,complete,H06,0,63,51.8,,15.5,left_foot,
SYN-00004-00570,570,1764.7,1764.7,1,30,pass,home,H06,39.2,30.2,47.9,21.1,complete,H07,0,63,43.3,,12.6,right_foot,
SYN-00004-00571,571,1766.9,1766.9,1,30,pass,home,H07,47.9,21.1,54.6,39,complete,H08,0,63,54.9,,19.2,left_foot,
SYN-00004-00572,572,1769.9,1769.9,1,30,pressure,away,A10,54.6,39,,,,,0,63,,,,,
SYN-00004-00573,573,1769.9,1769.9,1,30,pass,home,H08,54.6,39,43.9,35.8,complete,H06,1,63,42.1,,11.2,right_foot,
SYN-00004-00574,574,1773.1,1773.1,1,30,carry,home,H06,43.9,35.8,51.1,36.2,complete,,0,63,,15.4,7.2,,
SYN-00004-00575,575,1774.8,1774.8,1,30,pass,home,H06,51.1,36.2,91.6,37.4,complete,H10,0,63,82.4,,40.5,right_foot,
SYN-00004-00576,576,1777.9,1777.9,1,30,shot,home,H10,91.6,37.4,93.6,37.4,blocked,,0,63,76,,13.8,foot,0.165
SYN-00004-00577,577,1780,1780,1,30,pass,home,H10,84.9,37.4,104,14.3,incomplete,H09,0,63,67.9,,28.6,left_foot,
SYN-00004-00578,578,1783.6,1783.6,1,30,possession_change,away,A05,104,14.3,,,recovery,,0,64,,,,,
SYN-00004-00579,579,1783.6,1783.6,1,30,pass,away,A05,104,14.3,77,18.6,incomplete,A08,0,64,66.6,,26.4,right_foot,
SYN-00004-00580,580,1786.4,1786.4,1,30,possession_change,home,H10,77,18.6,,,recovery,,0,65,,,,,
SYN-00004-00581,581,1786.4,1786.4,1,30,pass,home,H10,77,18.6,61,14.5,complete,H07,0,65,51,,16.5,right_foot,
SYN-00004-00582,582,1789.1,1789.1,1,30,pressure,away,A08,61,14.5,,,,,0,65,,,,,
SYN-00004-00583,583,1789.1,1789.1,1,30,pass,home,H07,61,14.5,45.6,29.6,incomplete,H06,1,65,61.9,,24.5,right_foot,
SYN-00004-00584,584,1792.2,1792.2,1,30,possession_change,away,A10,45.6,29.6,,,recovery,,0,66,,,,,
SYN-00004-00585,585,1792.2,1792.2,1,30,pass,away,A10,45.6,29.6,49,20.6,complete,A08,0,66,38.6,,9.6,right_foot,
SYN-00004-00586,586,1794.4,1794.4,1,30,pass,away,A08,49,20.6,68.9,7.6,complete,A05,0,66,51.3,,23.8,right_foot,
SYN-00004-00587,587,1798.3,1798.3,1,30,pressure,home,H09,68.9,7.6,,,,,0,66,,,,,
SYN-00004-00588,588,1798.3,1798.3,1,30,pass,away,A05,68.9,7.6,104.3,0,out,A04,1,66,65.7,,29.3,left_foot,
SYN-00004-00589,589,1799.9,1799.9,1,30,possession_change,home,H10,104,1,,,out_of_play,,0,67,,,,,
SYN-00004-00590,590,1810.7,1810.7,1,31,pass,home,H10,104,1,102.7,1,complete,H09,0,67,31.4,,1.3,head,
SYN-00004-00591,591,1812.3,1812.3,1,31,pass,home,H09,102.7,1,65.1,25.1,complete,H06,0,67,95.7,,44.7,right_foot,
SYN-00004-00592,592,1816.4,1816.4,1,31,sprint,away,A10,51.7,30.4,,,,,0,67,,32.7,27.5,,
SYN-00004-00593,593,1816.4,1816.4,1,31,pass,home,H06,65.1,25.1,88.2,8.4,complete,H09,0,67,66.1,,28.5,right_foot,
SYN-00004-00594,594,1820.1,1820.1,1,31,pass,home,H09,88.2,8.4,98.4,22.4,incomplete,H10,0,67,51.7,,17.8,head,
SYN-00004-00595,595,1823.4,1823.4,1,31,possession_change,away,A01,98.4,22.4,,,recovery,,0,68,,,,,
SYN-00004-00596,596,1823.4,1823.4,1,31,pass,away,A01,98.4,22.4,88.1,0,out,A06,0,68,45.3,,15.8,right_foot,
SYN-00004-00597,597,1824.6,1824.6,1,31,possession_change,home,H09,88.1,1,,,out_of_play,,0,69,,,,,
SYN-00004-00598,598,1838.8,1838.8,1,31,carry,home,H09,88.1,1,98.1,1,complete,,0,69,,18.6,10.6,,
SYN-00004-00599,599,1840.9,1840.9,1,31,pass,home,H09,98.1,1,61.9,24.4,complete,H06,0,69,82.7,,43,right_foot,
SYN-00004-00600,600,1844,1844,1,31,pass,home,H06,61.9,24.4,35.1,8,complete,H02,0,69,61.4,,31.4,right_foot,
SYN-00004-00601,601,1847.3,1847.3,1,31,pass,home,H02,35.1,8,11,17.5,complete,H03,0,69,45.9,,26,head,
SYN-00004-00602,602,1852.3,1852.3,1,31,pressure,away,A10,11,17.5,,,,,0,69,,,,,
SYN-00004-00603,603,1852.3,1852.3,1,31,pass,home,H03,11,17.5,17.9,1.9,complete,H02,1,69,59.6,,17.1,left_foot,
SYN-00004-00604,604,1855.2,1855.2,1,31,pressure,away,A11,17.9,1.9,,,,,0,69,,,,,
SYN-00004-00605,605,1855.2,1855.2,1,31,pass,home,H02,17.9,1.9,36.4,19.2,incomplete,H07,1,69,57,,26.7,right_foot,
SYN-00004-00606,606,1857.9,1857.9,1,31,possession_change,away,A10,36.4,19.2,,,recovery,,0,70,,,,,
SYN-00004-00607,607,1857.9,1857.9,1,31,pass,away,A10,36.4,19.2,20.7,6.6,complete,A11,0,70,46.4,,20.2,right_foot,
SYN-00004-00608,608,1860.9,1860.9,1,32,carry,away,A11,20.7,6.6,23.8,1,complete,,0,70,,14.1,9.3,,
SYN-00004-00609,609,1863.2,1863.2,1,32,pressure,home,H07,23.8,1,,,,,0,70,,,,,
SYN-00004-00610,610,1863.2,1863.2,1,32,pass,away,A11,23.8,1,32.7,10.9,complete,A08,1,70,46,,13.3,right_foot,
SYN-00004-00611,611,1867,1867,1,32,pass,away,A08,32.7,10.9,45.9,40.9,complete,A07,0,70,72.1,,32.8,right_foot,
SYN-00004-00612,612,1871.6,1871.6,1,32,pressure,home,H10,45.9,40.9,,,,,0,70,,,,,
SYN-00004-00613,613,1871.6,1871.6,1,32,pass,away,A07,45.9,40.9,47,32.5,intercepted,A08,1,70,51.1,,18.2,left_foot,
SYN-00004-00614,614,1872.2,1872.2,1,32,interception,home,H10,47,32.5,,,won,,0,70,,,,,
SYN-00004-00615,615,1872.2,1872.2,1,32,possession_change,home,H10,47,32.5,,,interception,,0,71,,,,,
SYN-00004-00616,616,1873.3,1873.3,1,32,pass,home,H10,47,32.5,28.5,12.4,complete,H02,0,71,57.4,,27.3,right_foot,
SYN-00004-00617,617,1877.1,1877.1,1,32,pass,home,H02,28.5,12.4,50.5,18,complete,H07,0,71,60.5,,22.7,head,
SYN-00004-00618,618,1880.4,1880.4,1,32,pressure,away,A10,50.5,18,,,,,0,71,,,,,
SYN-00004-00619,619,1880.4,1880.4,1,32,pass,home,H07,50.5,18,46.6,35.3,complete,H06,1,71,43.9,,17.8,head,
SYN-00004-00620,620,1883.5,1883.5,1,32,pressure,away,A10,46.6,35.3,,,,,0,71,,,,,
SYN-00004-00621,621,1883.5,1883.5,1,32,pass,home,H06,46.6,35.3,33.2,0,out,H02,1,71,68.5,,30.4,right_foot,
SYN-00004-00622,622,1885.1,1885.1,1,32,possession_change,away,A11,33.2,1,,,out_of_play,,0,72,,,,,
SYN-00004-00623,623,1903.9,1903.9,1,32,pressure,home,H07,33.2,1,,,,,0,72,,,,,
SYN-00004-00624,624,1903.9,1903.9,1,32,pass,away,A11,33.2,1,52.1,1,incomplete,A05,1,72,63.9,,29.4,right_foot,
SYN-00004-00625,625,1908,1908,1,32,possession_change,home,H09,52.1,1,,,recovery,,0,73,,,,,
SYN-00004-00626,626,1908,1908,1,32,pass,home,H09,52.1,1,30.6,3.1,complete,H02,0,73,56,,21.6,left_foot,
SYN-00004-00627,627,1911,1911,1,32,pass,home,H02,30.6,3.1,20.1,23.7,complete,H03,0,73,57.2,,23.1,right_foot,
SYN-00004-00628,628,1914.2,1914.2,1,32,pressure,away,A10,20.1,23.7,,,,,0,73,,,,,
SYN-00004-00629,629,1914.2,1914.2,1,32,pass,home,H03,20.1,23.7,21.9,5.7,complete,H02,1,73,48.1,,18,right_foot,
SYN-00004-00630,630,1916.7,1916.7,1,32,pass,home,H02,21.9,5.7,9,18.3,complete,H03,0,73,49.1,,17.9,right_foot,
SYN-00004-00631,631,1920.4,1920.4,1,33,carry,home,H03,9,18.3,11.9,21.2,complete,,0,73,,14.4,4.1,,
SYN-00004-00632,632,1921.4,1921.4,1,33,pass,home,H03,11.9,21.2,27.5,28.2,complete,H06,0,73,46.4,,17.1,right_foot,
SYN-00004-00633,633,1924.6,1924.6,1,33,pass,home,H06,27.5,28.2,11.9,20.5,complete,H03,0,73,52.8,,17.4,left_foot,
SYN-00004-00634,634,1928.2,1928.2,1,33,pass,home,H03,11.9,20.5,4,39.4,complete,H04,0,73,59.7,,20.5,right_foot,
SYN-00004-00635,635,1930.5,1930.5,1,33,pass,home,H04,4,39.4,5.7,23.5,complete,H03,0,73,49.9,,16,right_foot,
SYN-00004-00636,636,1933.3,1933.3,1,33,pressure,away,A10,5.7,23.5,,,,,0,73,,,,,
SYN-00004-00637,637,1933.3,1933.3,1,33,carry,home,H03,5.7,23.5,15.9,16.1,complete,,1,73,,14.4,12.6,,
SYN-00004-00638,638,1936.4,1936.4,1,33,pass,home,H03,15.9,16.1,30.8,15.1,complete,H07,0,73,52.7,,14.9,right_foot,
SYN-00004-00639,639,1938.9,1938.9,1,33,pass,home,H07,30.8,15.1,24.5,54.9,complete,H05,0,73,84.4,,40.3,head,
SYN-00004-00640,640,1942.4,1942.4,1,33,pass,home,H05,24.5,54.9,48.7,50.9,complete,H08,0,73,55.6,,24.6,right_foot,
SYN-00004-00641,641,1946.3,1946.3,1,33,pass,home,H08,48.7,50.9,77.4,40.9,intercepted,H10,0,73,82.6,,44.3,right_foot,
SYN-00004-00642,642,1947.7,1947.7,1,33,interception,away,A06,77.4,40.9,,,won,,0,73,,,,,
SYN-00004-00643,643,1947.7,1947.7,1,33,possession_change,away,A06,77.4,40.9,,,interception,,0,74,,,,,
SYN-00004-00644,644,1948.4,1948.4,1,33,pressure,home,H10,77.4,40.9,,,,,0,74,,,,,
SYN-00004-00645,645,1948.4,1948.4,1,33,pass,away,A06,77.4,40.9,58.7,48.8,complete,A07,1,74,62.1,,20.3,right_foot,
SYN-00004-00646,646,1951.6,1951.6,1,33,pass,away,A07,58.7,48.8,72.8,66,complete,A02,0,74,55.1,,22.3,left_foot,
SYN-00004-00647,647,1955.8,1955.8,1,33,pass,away,A02,72.8,66,76.1,42.9,complete,A06,0,74,59.2,,23.4,right_foot,
SYN-00004-00648,648,1959.4,1959.4,1,33,carry,away,A06,76.1,42.9,71.7,43.9,complete,,0,74,,19.8,4.5,,
SYN-00004-00649,649,1960.2,1960.2,1,33,pass,away,A06,71.7,43.9,62.9,50.2,intercepted,A07,0,74,43.2,,13.2,right_foot,
SYN-00004-00650,650,1961.2,1961.2,1,33,interception,home,H10,62.9,50.2,,,won,,0,74,,,,,
SYN-00004-00651,651,1961.2,1961.2,1,33,possession_change,home,H10,62.9,50.2,,,interception,,0,75,,,,,
SYN-00004-00652,652,1962,1962,1,33,pass,home,H10,62.9,50.2,44.7,37.5,complete,H06,0,75,64.5,,22.2,right_foot,
SYN-00004-00653,653,1965.5,1965.5,1,33,pressure,away,A10,44.7,37.5,,,,,0,75,,,,,
SYN-00004-00654,654,1965.5,1965.5,1,33,pass,home,H06,44.7,37.5,21.3,44,complete,H04,1,75,66.6,,24.3,head,
SYN-00004-00655,655,1968.1,1968.1,1,33,pass,home,H04,21.3,44,36.2,24.5,complete,H07,0,75,53.8,,24.5,right_foot,
SYN-00004-00656,656,1970.8,1970.8,1,33,pass,home,H07,36.2,24.5,43.7,46.9,complete,H08,0,75,53.4,,23.5,right_foot,
SYN-00004-00657,657,1973.5,1973.5,1,33,pass,home,H08,43.7,46.9,69.2,42.2,intercepted,H10,0,75,88.8,,48.7,right_foot,
SYN-00004-00658,658,1974.6,1974.6,1,33,interception,away,A06,69.2,42.2,,,won,,0,75,,,,,
SYN-00004-00659,659,1974.6,1974.6,1,33,possession_change,away,A06,69.2,42.2,,,interception,,0,76,,,,,
SYN-00004-00660,660,1975.2,1975.2,1,33,pass,away,A06,69.2,42.2,57.1,45.7,complete,A07,0,76,49.6,,12.7,right_foot,
SYN-00004-00661,661,1978.2,1978.2,1,33,pass,away,A07,57.1,45.7,66.3,68,out,A02,0,76,60.3,,25.5,right_foot,
SYN-00004-00662,662,1979.8,1979.8,1,33,possession_change,home,H11,66.3,67,,,out_of_play,,0,77,,,,,
SYN-00004-00663,663,1994.1,1994.1,1,34,pass,home,H11,66.3,67,32.3,50.8,complete,H04,0,77,69.4,,37.7,right_foot,
SYN-00004-00664,664,1998.9,1998.9,1,34,pass,home,H04,32.3,50.8,35.2,37.8,complete,H06,0,77,49,,13.4,left_foot,
SYN-00004-00665,665,2001.4,2001.4,1,34,carry,home,H06,35.2,37.8,37.4,37.6,dispossessed,,0,77,,17.6,2.2,,
SYN-00004-00666,666,2001.8,2001.8,1,34,tackle,away,A10,37.4,37.6,,,won,,0,77,,,,,
SYN-00004-00667,667,2001.8,2001.8,1,34,possession_change,away,A10,37.4,37.6,,,tackle,,0,78,,,,,
SYN-00004-00668,668,2002.6,2002.6,1,34,pass,away,A10,37.4,37.6,45.8,49.6,complete,A07,0,78,43.1,,14.7,right_foot,
SYN-00004-00669,669,2006,2006,1,34,pass,away,A07,45.8,49.6,70.3,58.2,complete,A02,0,78,63.2,,25.9,right_foot,
SYN-00004-00670,670,2009.7,2009.7,1,34,pass,away,A02,70.3,58.2,67.5,41.8,complete,A06,0,78,55.7,,16.6,right_foot,
SYN-00004-00671,671,2012.4,2012.4,1,34,pass,away,A06,67.5,41.8,57.2,23.2,complete,A08,0,78,51.3,,21.2,right_foot,
SYN-00004-00672,672,2015.1,2015.1,1,34,pass,away,A08,57.2,23.2,62.7,32.6,complete,A06,0,78,44.4,,10.8,left_foot,
SYN-00004-00673,673,2018.3,2018.3,1,34,pass,away,A06,62.7,32.6,56.5,19.9,complete,A08,0,78,41,,14.1,left_foot,
SYN-00004-00674,674,2022,2022,1,34,pass,away,A08,56.5,19.9,48,46.7,complete,A07,0,78,57.4,,28.1,left_foot,
SYN-00004-00675,675,2026.7,2026.7,1,34,pass,away,A07,48,46.7,13.8,35.1,complete,A10,0,78,74.3,,36.2,head,
SYN-00004-00676,676,2029.9,2029.9,1,34,pass,away,A10,13.8,35.1,39.5,19.3,complete,A08,0,78,58.5,,30.2,right_foot,
SYN-00004-00677,677,2034.6,2034.6,1,34,carry,away,A08,39.5,19.3,33.9,13.7,complete,,0,78,,24.9,7.9,,
SYN-00004-00678,678,2035.7,2035.7,1,34,pass,away,A08,33.9,13.7,18.5,7.5,complete,A11,0,78,43.1,,16.6,right_foot,
SYN-00004-00679,679,2038.4,2038.4,1,34,shot,away,A11,18.5,7.5,0,28,off_target,,0,78,88,,32.4,foot,0.011
SYN-00004-00680,680,2040.2,2040.2,1,35,possession_change,home,H01,6,34,,,goal_kick,,0,79,,,,,
SYN-00004-00681,681,2066.3,2066.3,1,35,carry,home,H01,6,34,18.9,35.8,complete,,0,79,,20.7,13,,
SYN-00004-00682,682,2068.5,2068.5,1,35,pass,home,H01,18.9,35.8,40.7,47.1,complete,H08,0,79,61.8,,24.7,right_foot,
SYN-00004-00683,683,2071.1,2071.1,1,35,pass,home,H08,40.7,47.1,34.3,60.4,complete,H05,0,79,45.3,,14.7,left_foot,
SYN-00004-00684,684,2073.8,2073.8,1,35,pass,home,H05,34.3,60.4,43.6,52.3,complete,H08,0,79,47,,12.3,left_foot,
SYN-00004-00685,685,2075.9,2075.9,1,35,pass,home,H08,43.6,52.3,49.9,24.7,complete,H07,0,79,60.7,,28.3,right_foot,
SYN-00004-00686,686,2080.2,2080.2,1,35,pass,home,H07,49.9,24.7,23.8,24.8,complete,H03,0,79,66.2,,26,left_foot,
SYN-00004-00687,687,2083,2083,1,35,pass,home,H03,23.8,24.8,1.7,30.5,complete,H01,0,79,57.3,,22.8,right_foot,
SYN-00004-00688,688,2085.5,2085.5,1,35,pass,home,H01,1.7,30.5,19.7,28.4,incomplete,H06,0,79,51.2,,17.3,right_foot,
SYN-00004-00689,689,2088.9,2088.9,1,35,possession_change,away,A10,19.7,28.4,,,recovery,,0,80,,,,,
SYN-00004-00690,690,2088.9,2088.9,1,35,pressure,home,H06,19.7,28.4,,,,,0,80,,,,,
SYN-00004-00691,691,2088.9,2088.9,1,35,pass,away,A10,19.7,28.4,14.9,5.1,complete,A11,1,80,60.1,,23.8,right_foot,
SYN-00004-00692,692,2092.9,2092.9,1,35,pass,away,A11,14.9,5.1,1,27.3,complete,A10,0,80,69.9,,26.2,left_foot,
SYN-00004-00693,693,2095.4,2095.4,1,35,pass,away,A10,1,27.3,31.4,42.4,complete,A07,0,80,77.4,,33.9,right_foot,
SYN-00004-00694,694,2099.4,2099.4,1,35,pass,away,A07,31.4,42.4,15,59.2,complete,A09,0,80,59.2,,23.5,right_foot,
SYN-00004-00695,695,2102.7,2102.7,1,36,pass,away,A09,15,59.2,34.7,53.4,complete,A07,0,80,53.7,,20.6,right_foot,
SYN-00004-00696,696,2106.4,2106.4,1,36,pass,away,A07,34.7,53.4,18.6,63.2,complete,A09,0,80,54.8,,18.9,head,
SYN-00004-00697,697,2109.1,2109.1,1,36,pass,away,A09,18.6,63.2,30.6,56.4,incomplete,A07,0,80,56.1,,19.3,left_foot,
SYN-00004-00698,698,2112.1,2112.1,1,36,possession_change,home,H08,30.6,56.4,,,recovery,,0,81,,,,,
SYN-00004-00699,699,2112.1,2112.1,1,36,pass,home,H08,30.6,56.4,18,48.6,complete,H04,0,81,51,,14.8,left_foot,
SYN-00004-00700,700,2115.9,2115.9,1,36,sprint,home,H05,17.9,61.7,,,,,0,81,,28.3,29.1,,
SYN-00004-00701,701,2115.9,2115.9,1,36,carry,home,H04,18,48.6,21,45.9,complete,,0,81,,19.7,4,,
SYN-00004-00702,702,2116.6,2116.6,1,36,pass,home,H04,21,45.9,7.9,33.2,complete,H03,0,81,51.9,,18.2,left_foot,
SYN-00004-00703,703,2119.5,2119.5,1,36,pass,home,H03,7.9,33.2,2.2,33.7,complete,H01,0,81,44.9,,5.7,right_foot,
SYN-00004-00704,704,2121.4,2121.4,1,36,pass,home,H01,2.2,33.7,20.6,34.1,complete,H06,0,81,46.8,,18.4,right_foot,
SYN-00004-00705,705,2125.2,2125.2,1,36,pressure,away,A10,20.6,34.1,,,,,0,81,,,,,
SYN-00004-00706,706,2125.2,2125.2,1,36,pass,home,H06,20.6,34.1,38,38.6,incomplete,H08,1,81,70.2,,23.4,right_foot,
SYN-00004-00707,707,2128,2128,1,36,possession_change,away,A10,38,38.6,,,recovery,,0,82,,,,,
SYN-00004-00708,708,2128,2128,1,36,pass,away,A10,38,38.6,40.3,46.2,complete,A07,0,82,36.2,,8,left_foot,
SYN-00004-00709,709,2131.5,2131.5,1,36,pass,away,A07,40.3,46.2,18.1,65.6,complete,A09,0,82,70.7,,29.5,right_foot,
SYN-00004-00710,710,2134.7,2134.7,1,36,pass,away,A09,18.1,65.6,28.1,27.8,incomplete,A08,0,82,87.6,,41.8,right_foot,
SYN-00004-00711,711,2138.5,2138.5,1,36,possession_change,home,H07,28.1,27.8,,,recovery,,0,83,,,,,
SYN-00004-00712,712,2138.5,2138.5,1,36,pressure,away,A10,28.1,27.8,,,,,0,83,,,,,
SYN-00004-00713,713,2138.5,2138.5,1,36,pass,home,H07,28.1,27.8,15.8,55,complete,H05,1,83,66.6,,29.9,right_foot,
SYN-00004-00714,714,2143.1,2143.1,1,36,pass,home,H05,15.8,55,22.6,41.8,complete,H06,0,83,44.5,,14.8,right_foot,
SYN-00004-00715,715,2146.8,2146.8,1,36,pressure,away,A10,22.6,41.8,,,,,0,83,,,,,
SYN-00004-00716,716,2146.8,2146.8,1,36,pass,home,H06,22.6,41.8,37,21.9,complete,H07,1,83,54.3,,24.6,right_foot,
SYN-00004-00717,717,2150.4,2150.4,1,36,pass,home,H07,37,21.9,25.2,8.9,complete,H02,0,83,45.5,,17.6,right_foot,
SYN-00004-00718,718,2154.7,2154.7,1,36,pass,home,H02,25.2,8.9,1,33.7,complete,H01,0,83,79.1,,34.6,right_foot,
SYN-00004-00719,719,2158.8,2158.8,1,36,carry,home,H01,1,33.7,7.1,38.7,complete,,0,83,,16.3,7.9,,
SYN-00004-00720,720,2160.5,2160.5,1,37,pass,home,H01,7.1,38.7,17.1,37.9,complete,H06,0,83,35.7,,10.1,left_foot,
SYN-00004-00721,721,2163.3,2163.3,1,37,pass,home,H06,17.1,37.9,13.5,14,complete,H02,0,83,62,,24.2,right_foot,
SYN-00004-00722,722,2167.4,2167.4,1,37,pass,home,H02,13.5,14,7,31.6,complete,H01,0,83,47,,18.8,right_foot,
SYN-00004-00723,723,2170.2,2170.2,1,37,pass,home,H01,7,31.6,14.2,9,complete,H02,0,83,58.1,,23.7,right_foot,
SYN-00004-00724,724,2173.2,2173.2,1,37,pass,home,H02,14.2,9,1,37.1,incomplete,H04,0,83,68.3,,29.5,left_foot,
SYN-00004-00725,725,2176.6,2176.6,1,37,possession_change,away,A10,1,37.1,,,recovery,,0,84,,,,,
SYN-00004-00726,726,2176.6,2176.6,1,37,pass,away,A10,1,37.1,4,52.8,complete,A09,0,84,54.4,,16,right_foot,
SYN-00004-00727,727,2180.2,2180.2,1,37,carry,away,A09,4,52.8,1,49.9,complete,,0,84,,21.3,8.3,,
SYN-00004-00728,728,2181.6,2181.6,1,37,pass,away,A09,1,49.9,1,42,intercepted,A10,0,84,26.7,,8.7,right_foot,
SYN-00004-00729,729,2182.7,2182.7,1,37,interception,home,H01,1,42,,,won,,0,84,,,,,
SYN-00004-00730,730,2182.7,2182.7,1,37,possession_change,home,H01,1,42,,,interception,,0,85,,,,,
SYN-00004-00731,731,2183.9,2183.9,1,37,carry,home,H01,1,42,5.6,46.3,complete,,0,85,,21.8,6.4,,
SYN-00004-00732,732,2185,2185,1,37,pass,home,H01,5.6,46.3,21.7,39.2,complete,H06,0,85,53.6,,17.5,right_foot,
SYN-00004-00733,733,2188,2188,1,37,pressure,away,A10,21.7,39.2,,,,,0,85,,,,,
SYN-00004-00734,734,2188,2188,1,37,pass,home,H06,21.7,39.2,12,22.8,complete,H03,1,85,47.5,,19,left_foot,
SYN-00004-00735,735,2190.8,2190.8,1,37,pass,home,H03,12,22.8,27.2,33.7,complete,H06,0,85,65.9,,18.8,right_foot,
SYN-00004-00736,736,2193.3,2193.3,1,37,sprint,home,H09,68,9.9,,,,,0,85,,30.8,34.4,,
SYN-00004-00737,737,2193.3,2193.3,1,37,pass,home,H06,27.2,33.7,46.6,49,complete,H08,0,85,56.3,,24.7,right_foot,
SYN-00004-00738,738,2196.8,2196.8,1,37,pass,home,H08,46.6,49,41.4,39.3,complete,H06,0,85,41.1,,11.1,right_foot,
SYN-00004-00739,739,2199.3,2199.3,1,37,pass,home,H06,41.4,39.3,47.2,0,out,H07,0,85,54.2,,19.1,left_foot,
SYN-00004-00740,740,2200.5,2200.5,1,37,possession_change,away,A11,47.2,1,,,out_of_play,,0,86,,,,,
SYN-00004-00741,741,2214.9,2214.9,1,37,pass,away,A11,47.2,1,66.3,2.7,complete,A05,0,86,55.2,,19.2,right_foot,
SYN-00004-00742,742,2218.1,2218.1,1,37,carry,away,A05,66.3,2.7,61.2,1,complete,,0,86,,25,5.8,,
SYN-00004-00743,743,2218.9,2218.9,1,37,carry,away,A05,61.2,1,59.7,12.2,complete,,0,86,,16.5,11.3,,
SYN-00004-00744,744,2221.4,2221.4,1,38,pass,away,A05,59.7,12.2,50.2,35.7,complete,A07,0,86,67.5,,25.4,left_foot,
SYN-00004-00745,745,2225.7,2225.7,1,38,carry,away,A07,50.2,35.7,37.5,38.9,complete,,0,86,,24,13.1,,
SYN-00004-00746,746,2227.7,2227.7,1,38,pass,away,A07,37.5,38.9,17.3,53.8,complete,A09,0,86,70.8,,25.1,left_foot,
SYN-00004-00747,747,2230.4,2230.4,1,38,shot,away,A09,17.3,53.8,0,26.6,off_target,,0,86,72.1,,26.3,foot,0.027
SYN-00004-00748,748,2232.2,2232.2,1,38,possession_change,home,H01,6,34,,,goal_kick,,0,87,,,,,
SYN-00004-00749,749,2254.4,2254.4,1,38,carry,home,H01,6,34,9.6,38.7,complete,,0,87,,19.4,5.9,,
SYN-00004-00750,750,2255.5,2255.5,1,38,pass,home,H01,9.6,38.7,2.8,25.7,complete,H03,0,87,40.3,,14.7,right_foot,
SYN-00004-00751,751,2258.4,2258.4,1,38,carry,home,H03,2.8,25.7,13.5,17.9,complete,,0,87,,17.1,13.3,,
SYN-00004-00752,752,2261.2,2261.2,1,38,pressure,away,A10,13.5,17.9,,,,,0,87,,,,,
SYN-00004-00753,753,2261.2,2261.2,1,38,pass,home,H03,13.5,17.9,44.1,17,incomplete,H07,1,87,68.1,,26.1,right_foot,
SYN-00004-00754,754,2263.7,2263.7,1,38,possession_change,away,A10,44.1,17,,,recovery,,0,88,,,,,
SYN-00004-00755,755,2263.7,2263.7,1,38,pass,away,A10,44.1,17,48.7,13.7,complete,A08,0,88,32.8,,5.7,left_foot,
SYN-00004-00756,756,2265.6,2265.6,1,38,pass,away,A08,48.7,13.7,28.6,5.3,complete,A11,0,88,52.8,,21.8,right_foot,
SYN-00004-00757,757,2268.7,2268.7,1,38,pass,away,A11,28.6,5.3,50,28.8,complete,A06,0,88,72.7,,31.8,right_foot,
SYN-00004-00758,758,2272.9,2272.9,1,38,pass,away,A06,50,28.8,46.5,40.7,complete,A07,0,88,35,,12.5,right_foot,
SYN-00004-00759,759,2275.4,2275.4,1,38,sprint,away,A10,12.9,35.7,,,,,0,88,,29.9,42.6,,
SYN-00004-00760,760,2275.4,2275.4,1,38,pass,away,A07,46.5,40.7,59.3,34.2,complete,A06,0,88,47.8,,14.3,right_foot,
SYN-00004-00761,761,2278,2278,1,38,carry,away,A06,59.3,34.2,54.1,39.2,complete,,0,88,,17.2,7.2,,
SYN-00004-00762,762,2279.5,2279.5,1,38,pass,away,A06,54.1,39.2,30.2,61.1,complete,A09,0,88,68.1,,32.4,right_foot,
SYN-00004-00763,763,2282.7,2282.7,1,39,pass,away,A09,30.2,61.1,61.8,41.6,incomplete,A06,0,88,62.9,,32.4,right_foot,
SYN-00004-00764,764,2285.8,2285.8,1,39,possession_change,home,H10,61.8,41.6,,,recovery,,0,89,,,,,
SYN-00004-00765,765,2285.8,2285.8,1,39,pass,home,H10,61.8,41.6,80.7,14.5,complete,H09,0,89,69.9,,33,left_foot,
SYN-00004-00766,766,2289.9,2289.9,1,39,pass,home,H09,80.7,14.5,66.6,13.8,complete,H07,0,89,52.1,,14,right_foot,
SYN-00004-00767,767,2293.1,2293.1,1,39,carry,home,H07,66.6,13.8,75.5,6.1,complete,,0,89,,19.1,11.7,,
SYN-00004-00768,768,2295.3,2295.3,1,39,pass,home,H07,75.5,6.1,68.1,35.9,complete,H08,0,89,69.6,,30.7,right_foot,
SYN-00004-00769,769,2299.4,2299.4,1,39,pass,home,H08,68.1,35.9,84.8,10.8,complete,H09,0,89,73.6,,30.2,right_foot,
SYN-00004-00770,770,2302.3,2302.3,1,39,pressure,away,A08,84.8,10.8,,,,,0,89,,,,,
SYN-00004-00771,771,2302.3,2302.3,1,39,carry,home,H09,84.8,10.8,90.4,10.7,complete,,1,89,,17.6,5.5,,
SYN-00004-00772,772,2303.5,2303.5,1,39,pass,home,H09,90.4,10.7,53.2,2.7,complete,H02,0,89,74.8,,38,head,
SYN-00004-00773,773,2307.3,2307.3,1,39,pressure,away,A11,53.2,2.7,,,,,0,89,,,,,
SYN-00004-00774,774,2307.3,2307.3,1,39,pass,home,H02,53.2,2.7,77.1,7.9,complete,H09,1,89,65.3,,24.4,head,
SYN-00004-00775,775,2310.4,2310.4,1,39,carry,home,H09,77.1,7.9,85.4,8.1,complete,,0,89,,20.3,8.4,,
SYN-00004-00776,776,2311.9,2311.9,1,39,shot,home,H09,85.4,8.1,105,40.7,off_target,,0,89,99.1,,32.4,foot,0.011
SYN-00004-00777,777,2313.5,2313.5,1,39,possession_change,away,A01,99,34,,,goal_kick,,0,90,,,,,
SYN-00004-00778,778,2341.8,2341.8,1,40,pass,away,A01,99,34,96.7,6.3,complete,A05,0,90,65.5,,27.8,right_foot,
SYN-00004-00779,779,2344.9,2344.9,1,40,pressure,home,H10,96.7,6.3,,,,,0,90,,,,,
SYN-00004-00780,780,2344.9,2344.9,1,40,pass,away,A05,96.7,6.3,63.4,17.7,complete,A08,1,90,74.1,,35.3,left_foot,
SYN-00004-00781,781,2348.7,2348.7,1,40,pass,away,A08,63.4,17.7,67.8,26.6,complete,A06,0,90,37.6,,10,right_foot,
SYN-00004-00782,782,2352.2,2352.2,1,40,pressure,home,H10,67.8,26.6,,,,,0,90,,,,,
SYN-00004-00783,783,2352.2,2352.2,1,40,pass,away,A06,67.8,26.6,57.9,42.5,complete,A07,1,90,49.7,,18.7,left_foot,
SYN-00004-00784,784,2356.1,2356.1,1,40,pass,away,A07,57.9,42.5,25.7,68,out,A10,0,90,72.7,,40.9,left_foot,
SYN-00004-00785,785,2358.1,2358.1,1,40,possession_change,home,H05,25.7,67,,,out_of_play,,0,91,,,,,
SYN-00004-00786,786,2369,2369,1,40,pass,home,H05,25.7,67,10.6,51.9,complete,H04,0,91,56.9,,21.4,right_foot,
SYN-00004-00787,787,2372.8,2372.8,1,40,carry,home,H04,10.6,51.9,25,50.1,complete,,0,91,,20.6,14.5,,
SYN-00004-00788,788,2375.3,2375.3,1,40,pass,home,H04,25,50.1,36.8,41.2,complete,H06,0,91,44.1,,14.8,right_foot,
SYN-00004-00789,789,2379.1,2379.1,1,40,pass,home,H06,36.8,41.2,28.4,61,complete,H05,0,91,51,,21.5,right_foot,
SYN-00004-00790,790,2382.8,2382.8,1,40,pressure,away,A09,28.4,61,,,,,0,91,,,,,
SYN-00004-00791,791,2382.8,2382.8,1,40,pass,home,H05,28.4,61,48.6,50.1,complete,H08,1,91,50.5,,23,right_foot,
SYN-00004-00792,792,2387.3,2387.3,1,40,pass,home,H08,48.6,50.1,53.6,28,complete,H07,0,91,56,,22.6,right_foot,
SYN-00004-00793,793,2391.6,2391.6,1,40,pass,home,H07,53.6,28,76.1,6.9,complete,H09,0,91,64.6,,30.9,right_foot,
SYN-00004-00794,794,2394.7,2394.7,1,40,pass,home,H09,76.1,6.9,46.3,3.3,complete,H02,0,91,76.7,,30,head,
SYN-00004-00795,795,2398.1,2398.1,1,40,pass,home,H02,46.3,3.3,75.6,3.9,complete,H09,0,91,66.1,,29.3,right_foot,
SYN-00004-00796,796,2400.9,2400.9,1,41,carry,home,H09,75.6,3.9,80.5,2.4,dispossessed,,0,91,,21.4,5.4,,
SYN-00004-00797,797,2401.8,2401.8,1,41,foul,away,A08,80.5,2.4,,,free_kick,,0,91,,,,,
SYN-00004-00798,798,2430.5,2430.5,1,41,pressure,away,A08,80.5,2.4,,,,,0,92,,,,,
SYN-00004-00799,799,2430.5,2430.5,1,41,pass,home,H09,80.5,2.4,58.5,28,complete,H06,1,92,69.8,,33.7,right_foot,
SYN-00004-00800,800,2433.6,2433.6,1,41,pass,home,H06,58.5,28,85.1,11.9,complete,H09,0,92,68.9,,31.1,right_foot,
SYN-00004-00801,801,2438.2,2438.2,1,41,pass,home,H09,85.1,11.9,59,35.2,complete,H06,0,92,81.2,,35,right_foot,
SYN-00004-00802,802,2442.4,2442.4,1,41,pass,home,H06,59,35.2,56.3,49,complete,H08,0,92,47.5,,14.1,right_foot,
SYN-00004-00803,803,2445.4,2445.4,1,41,pass,home,H08,56.3,49,43.7,40.5,complete,H06,0,92,53.8,,15.3,left_foot,
SYN-00004-00804,804,2448.1,2448.1,1,41,pass,home,H06,43.7,40.5,35.8,58.7,complete,H05,0,92,50.2,,19.9,right_foot,
SYN-00004-00805,805,2452.3,2452.3,1,41,pass,home,H05,35.8,58.7,17,34.2,complete,H03,0,92,60,,30.8,right_foot,
SYN-00004-00806,806,2457.1,2457.1,1,41,pass,home,H03,17,34.2,15.1,56.8,complete,H05,0,92,59.6,,22.6,right_foot,
SYN-00004-00807,807,2459.6,2459.6,1,41,carry,home,H05,15.1,56.8,18,53.3,complete,,0,92,,19.9,4.6,,
SYN-00004-00808,808,2460.4,2460.4,1,42,pass,home,H05,18,53.3,43.5,46.9,complete,H08,0,92,63.7,,26.3,right_foot,
SYN-00004-00809,809,2463.5,2463.5,1,42,carry,home,H08,43.5,46.9,53.4,50,complete,,0,92,,14.7,10.4,,
SYN-00004-00810,810,2466.1,2466.1,1,42,pass,home,H08,53.4,50,81.6,65.9,complete,H11,0,92,72,,32.4,right_foot,
SYN-00004-00811,811,2469.8,2469.8,1,42,pass,home,H11,81.6,65.9,104,42.1,incomplete,H10,0,92,71.1,,30.5,head,
SYN-00004-00812,812,2473.3,2473.3,1,42,possession_change,away,A01,104,42.1,,,recovery,,0,93,,,,,
SYN-00004-00813,813,2473.3,2473.3,1,42,carry,away,A01,104,42.1,90.9,45.2,complete,,0,93,,19.9,13.4,,
SYN-00004-00814,814,2475.7,2475.7,1,42,pressure,home,H10,90.9,45.2,,,,,0,93,,,,,
SYN-00004-00815,815,2475.7,2475.7,1,42,pass,away,A01,90.9,45.2,80.8,38.8,complete,A06,1,93,38.2,,11.9,right_foot,
SYN-00004-00816,816,2479.5,2479.5,1,42,pass,away,A06,80.8,38.8,82.2,12.5,complete,A05,0,93,59.2,,26.3,right_foot,
SYN-00004-00817,817,2482.5,2482.5,1,42,carry,away,A05,82.2,12.5,74.9,1,complete,,0,93,,15.6,14.1,,
SYN-00004-00818,818,2485.8,2485.8,1,42,pass,away,A05,74.9,1,59.5,19.6,complete,A08,0,93,59.8,,24.2,right_foot,
SYN-00004-00819,819,2489.9,2489.9,1,42,pass,away,A08,59.5,19.6,87.9,23.1,complete,A04,0,93,63.5,,28.6,left_foot,
SYN-00004-00820,820,2493.9,2493.9,1,42,pass,away,A04,87.9,23.1,93.7,38.7,complete,A03,0,93,42.3,,16.6,right_foot,
SYN-00004-00821,821,2497.6,2497.6,1,42,pass,away,A03,93.7,38.7,98.6,24.6,complete,A04,0,93,44.3,,15,right_foot,
SYN-00004-00822,822,2500.5,2500.5,1,42,pass,away,A04,98.6,24.6,84.1,31,complete,A06,0,93,52.5,,15.9,head,
SYN-00004-00823,823,2504.2,2504.2,1,42,carry,away,A06,84.1,31,74,36.7,complete,,0,93,,23.7,11.6,,
SYN-00004-00824,824,2506,2506,1,42,pass,away,A06,74,36.7,28.9,32.6,complete,A10,0,93,82.6,,45.3,right_foot,
SYN-00004-00825,825,2509.5,2509.5,1,42,pass,away,A10,28.9,32.6,42.3,42.8,intercepted,A07,0,93,58.5,,18.7,right_foot,
SYN-00004-00826,826,2510.6,2510.6,1,42,interception,home,H10,42.3,42.8,,,won,,0,93,,,,,
SYN-00004-00827,827,2510.6,2510.6,1,42,possession_change,home,H10,42.3,42.8,,,interception,,0,94,,,,,
SYN-00004-00828,828,2511.6,2511.6,1,42,pass,home,H10,42.3,42.8,50.7,25,complete,H07,0,94,59.7,,19.7,right_foot,
SYN-00004-00829,829,2514.6,2514.6,1,42,pass,home,H07,50.7,25,19.4,25,complete,H03,0,94,74.5,,31.3,head,
SYN-00004-00830,830,2518.5,2518.5,1,42,pressure,away,A10,19.4,25,,,,,0,94,,,,,
SYN-00004-00831,831,2518.5,2518.5,1,42,pass,home,H03,19.4,25,14.9,11,complete,H02,1,94,37.6,,14.7,right_foot,
SYN-00004-00832,832,2521.8,2521.8,1,43,pressure,away,A10,14.9,11,,,,,0,94,,,,,
SYN-00004-00833,833,2521.8,2521.8,1,43,pass,home,H02,14.9,11,27.1,33.3,complete,H06,1,94,54,,25.4,right_foot,
SYN-00004-00834,834,2526.4,2526.4,1,43,carry,home,H06,27.1,33.3,33.2,35.1,complete,,0,94,,25.5,6.3,,
SYN-00004-00835,835,2527.3,2527.3,1,43,pressure,away,A10,33.2,35.1,,,,,0,94,,,,,
SYN-00004-00836,836,2527.3,2527.3,1,43,pass,home,H06,33.2,35.1,14.3,40.3,incomplete,H04,1,94,48.6,,18.1,head,
SYN-00004-00837,837,2529.8,2529.8,1,43,possession_change,away,A10,14.3,40.3,,,recovery,,0,95,,,,,
SYN-00004-00838,838,2529.8,2529.8,1,43,carry,away,A10,14.3,40.3,12.1,42.1,dispossessed,,0,95,,19.5,2.8,,
SYN-00004-00839,839,2530.4,2530.4,1,43,tackle,home,H06,12.1,42.1,,,won,,0,95,,,,,
SYN-00004-00840,840,2530.4,2530.4,1,43,possession_change,home,H06,12.1,42.1,,,tackle,,0,96,,,,,
SYN-00004-00841,841,2531.8,2531.8,1,43,pass,home,H06,12.1,42.1,5.5,68,out,H04,0,96,32.5,,8.2,left_foot,
SYN-00004-00842,842,2532.7,2532.7,1,43,possession_change,away,A09,5.5,67,,,out_of_play,,0,97,,,,,
SYN-00004-00843,843,2550.9,2550.9,1,43,pass,away,A09,5.5,67,29.8,50.5,complete,A07,0,97,68,,29.4,right_foot,
SYN-00004-00844,844,2553.6,2553.6,1,43,carry,away,A07,29.8,50.5,17.8,54.5,complete,,0,97,,18.8,12.7,,
SYN-00004-00845,845,2556,2556,1,43,pressure,home,H08,17.8,54.5,,,,,0,97,,,,,
SYN-00004-00846,846,2556,2556,1,43,pass,away,A07,17.8,54.5,10.3,43.2,complete,A10,1,97,44.3,,13.6,right_foot,
SYN-00004-00847,847,2559.5,2559.5,1,43,carry,away,A10,10.3,43.2,2,45.3,complete,,0,97,,15,8.5,,
SYN-00004-00848,848,2561.5,2561.5,1,43,pressure,home,H04,2,45.3,,,,,0,97,,,,,
SYN-00004-00849,849,2561.5,2561.5,1,43,pass,away,A10,2,45.3,0,0,out,A11,1,97,54.6,,31,right_foot,
SYN-00004-00850,850,2563.6,2563.6,1,43,possession_change,home,H02,1,1,,,out_of_play,,0,98,,,,,
SYN-00004-00851,851,2579.9,2579.9,1,43,sprint,home,H08,32.2,37.8,,,,,0,98,,30.3,39,,
SYN-00004-00852,852,2579.9,2579.9,1,43,pass,home,H02,1,1,2.5,16.6,complete,H03,0,98,43.7,,15.7,right_foot,
SYN-00004-00853,853,2583.5,2583.5,1,44,pass,home,H03,2.5,16.6,1,29.7,complete,H01,0,98,50.6,,13.1,right_foot,
SYN-00004-00854,854,2587,2587,1,44,pass,home,H01,1,29.7,2.9,45.1,complete,H04,0,98,43.4,,15.5,right_foot,
SYN-00004-00855,855,2591.1,2591.1,1,44,pass,home,H04,2.9,45.1,2.4,24.3,complete,H03,0,98,56.3,,20.8,right_foot,
SYN-00004-00856,856,2594.8,2594.8,1,44,pressure,away,A10,2.4,24.3,,,,,0,98,,,,,
SYN-00004-00857,857,2594.8,2594.8,1,44,pass,home,H03,2.4,24.3,10.7,4.8,complete,H02,1,98,48.9,,21.2,head,
SYN-00004-00858,858,2598.3,2598.3,1,44,pass,home,H02,10.7,4.8,4.3,24.8,complete,H01,0,98,56.4,,21,right_foot,
SYN-00004-00859,859,2601.4,2601.4,1,44,pass,home,H01,4.3,24.8,1,41.7,complete,H04,0,98,50.5,,17.2,right_foot,
SYN-00004-00860,860,2605,2605,1,44,pass,home,H04,1,41.7,10.4,64.9,complete,H05,0,98,64.3,,25.1,left_foot,
SYN-00004-00861,861,2607.4,2607.4,1,44,pressure,away,A10,10.4,64.9,,,,,0,98,,,,,
SYN-00004-00862,862,2607.4,2607.4,1,44,carry,home,H05,10.4,64.9,15.3,66.1,complete,,1,98,,15.6,5.1,,
SYN-00004-00863,863,2608.6,2608.6,1,44,pass,home,H05,15.3,66.1,9.1,55.1,complete,H04,0,98,41.5,,12.7,head,
SYN-00004-00864,864,2612.2,2612.2,1,44,pass,home,H04,9.1,55.1,35.1,51.8,complete,H08,0,98,58.2,,26.2,left_foot,
SYN-00004-00865,865,2616.3,2616.3,1,44,pass,home,H08,35.1,51.8,42.8,24.5,complete,H07,0,98,67.4,,28.3,right_foot,
SYN-00004-00866,866,2619.7,2619.7,1,44,carry,home,H07,42.8,24.5,52.8,20.4,complete,,0,98,,18.7,10.8,,
SYN-00004-00867,867,2621.8,2621.8,1,44,pass,home,H07,52.8,20.4,40.4,35.1,complete,H06,0,98,50.2,,19.2,right_foot,
SYN-00004-00868,868,2624.8,2624.8,1,44,pass,home,H06,40.4,35.1,46.9,48.9,complete,H08,0,98,44.7,,15.3,left_foot,
SYN-00004-00869,869,2627.9,2627.9,1,44,sprint,home,H10,86.8,37.7,,,,,0,98,,27.5,35.6,,
SYN-00004-00870,870,2627.9,2627.9,1,44,pass,home,H08,46.9,48.9,53.4,27.9,complete,H07,0,98,54.9,,22,right_foot,
SYN-00004-00871,871,2632.3,2632.3,1,44,sprint,away,A10,48.2,31.6,,,,,0,98,,34.6,33.9,,
SYN-00004-00872,872,2632.3,2632.3,1,44,pass,home,H07,53.4,27.9,92.6,39.3,incomplete,H10,0,98,78,,38,right_foot,
SYN-00004-00873,873,2635.1,2635.1,1,44,possession_change,away,A03,92.6,39.3,,,recovery,,0,99,,,,,
SYN-00004-00874,874,2635.1,2635.1,1,44,sprint,home,H07,48,24.1,,,,,0,99,,26.8,20.2,,
SYN-00004-00875,875,2635.1,2635.1,1,44,pass,away,A03,92.6,39.3,74.5,38.4,complete,A06,0,99,55.6,,18.1,right_foot,
SYN-00004-00876,876,2638.2,2638.2,1,44,pass,away,A06,74.5,38.4,76.1,12.4,incomplete,A05,0,99,70.2,,27,left_foot,
SYN-00004-00877,877,2641.9,2641.9,1,45,possession_change,home,H09,76.1,12.4,,,recovery,,0,100,,,,,
SYN-00004-00878,878,2641.9,2641.9,1,45,pass,home,H09,76.1,12.4,64.3,17,complete,H07,0,100,46.4,,12.8,right_foot,
SYN-00004-00879,879,2645.8,2645.8,1,45,carry,home,H07,64.3,17,68.8,30.5,complete,,0,100,,25.9,14.2,,
SYN-00004-00880,880,2647.8,2647.8,1,45,pass,home,H07,68.8,30.5,86.7,10,complete,H09,0,100,64.9,,27.2,head,
SYN-00004-00881,881,2651.2,2651.2,1,45,pass,home,H09,86.7,10,102,29.1,complete,H10,0,100,62.4,,24.5,right_foot,
SYN-00004-00882,882,2654.9,2654.9,1,45,pass,home,H10,102,29.1,77.4,50.2,complete,H08,0,100,69.6,,32.5,right_foot,
SYN-00004-00883,883,2657.9,2657.9,1,45,pass,home,H08,77.4,50.2,86.6,64.4,incomplete,H11,0,100,47.1,,17.1,left_foot,
SYN-00004-00884,884,2661.6,2661.6,1,45,possession_change,away,A02,86.6,64.4,,,recovery,,0,101,,,,,
SYN-00004-00885,885,2661.6,2661.6,1,45,pass,away,A02,86.6,64.4,102.8,43.2,complete,A01,0,101,64.1,,26.6,right_foot,
SYN-00004-00886,886,2665.4,2665.4,1,45,pass,away,A01,102.8,43.2,103.8,50.4,complete,A03,0,101,41.5,,7.3,right_foot,
SYN-00004-00887,887,2667.1,2667.1,1,45,pass,away,A03,103.8,50.4,96.8,64.5,complete,A02,0,101,50.8,,15.8,right_foot,
SYN-00004-00888,888,2671.1,2671.1,1,45,carry,away,A02,96.8,64.5,87.8,53.8,complete,,0,101,,22.9,14,,
SYN-00004-00889,889,2673.3,2673.3,1,45,carry,away,A02,87.8,53.8,83.9,49.1,complete,,0,101,,19.5,6.1,,
SYN-00004-00890,890,2674.4,2674.4,1,45,pass,away,A02,83.9,49.1,102,47.9,complete,A03,0,101,44.1,,18.1,right_foot,
SYN-00004-00891,891,2677.3,2677.3,1,45,pass,away,A03,102,47.9,90.5,60,complete,A02,0,101,43.1,,16.7,right_foot,
SYN-00004-00892,892,2680.7,2680.7,1,45,pass,away,A02,90.5,60,100.9,43.7,complete,A01,0,101,50.3,,19.3,right_foot,
SYN-00004-00893,893,2683.1,2683.1,1,45,pass,away,A01,100.9,43.7,101.8,23.8,complete,A04,0,101,53.7,,19.9,right_foot,
SYN-00004-00894,894,2685.8,2685.8,1,45,sprint,away,A08,71.8,19.5,,,,,0,101,,29.1,36.4,,
SYN-00004-00895,895,2685.8,2685.8,1,45,pass,away,A04,101.8,23.8,91.4,1,complete,A05,0,101,64.2,,25.1,head,
SYN-00004-00896,896,2689.6,2689.6,1,45,carry,away,A05,91.4,1,86.9,1,dispossessed,,0,101,,24.5,4.7,,
SYN-00004-00897,897,2690.3,2690.3,1,45,foul,home,H09,86.9,1,,,free_kick,,0,101,,,,,
SYN-00004-00898,898,2718.4,2718.4,1,46,pass,away,A05,86.9,1,101.5,26.2,complete,A01,0,102,56.3,,29.1,right_foot,
SYN-00004-00899,899,2721.7,2721.7,1,46,pressure,home,H10,101.5,26.2,,,,,0,102,,,,,
SYN-00004-00900,900,2721.7,2721.7,1,46,pass,away,A01,101.5,26.2,95,57.3,complete,A02,1,102,67.9,,31.8,right_foot,
SYN-00004-00901,901,2724.5,2724.5,1,46,pressure,home,H10,95,57.3,,,,,0,102,,,,,
SYN-00004-00902,902,2724.5,2724.5,1,46,pass,away,A02,95,57.3,67,29,complete,A08,1,102,81.6,,39.8,left_foot,
SYN-00004-00903,903,2729.2,2729.2,1,46,carry,away,A08,67,29,54.7,22.6,complete,,0,102,,17.9,13.8,,
SYN-00004-00904,904,2731.9,2731.9,1,46,pass,away,A08,54.7,22.6,63,29.8,complete,A06,0,102,39.6,,11,right_foot,
SYN-00004-00905,905,2734.4,2734.4,1,46,pressure,home,H10,63,29.8,,,,,0,102,,,,,
SYN-00004-00906,906,2734.4,2734.4,1,46,pass,away,A06,63,29.8,22.8,36.6,complete,A10,1,102,83.2,,40.8,right_foot,
SYN-00004-00907,907,2738.3,2738.3,1,46,pass,away,A10,22.8,36.6,14.8,60.1,intercepted,A09,0,102,65.9,,30,left_foot,
SYN-00004-00908,908,2739.7,2739.7,1,46,interception,home,H05,14.8,60.1,,,won,,0,102,,,,,
SYN-00004-00909,909,2739.7,2739.7,1,46,possession_change,home,H05,14.8,60.1,,,interception,,0,103,,,,,
SYN-00004-00910,910,2740.2,2740.2,1,46,pass,home,H05,14.8,60.1,4.5,48.2,complete,H04,0,103,44.1,,15.8,left_foot,
SYN-00004-00911,911,2743.7,2743.7,1,46,pass,home,H04,4.5,48.2,3.3,29.4,complete,H03,0,103,46.5,,18.8,left_foot,
SYN-00004-00912,912,2746.2,2746.2,1,46,pass,home,H03,3.3,29.4,17.9,30.3,complete,H06,0,103,44.7,,14.6,left_foot,
SYN-00004-00913,913,2748.9,2748.9,1,46,pass,home,H06,17.9,30.3,13,7.5,complete,H02,0,103,61.2,,23.3,right_foot,
SYN-00004-00914,914,2752.3,2752.3,1,46,carry,home,H02,13,7.5,13.8,22.2,complete,,0,103,,24.9,14.7,,
SYN-00004-00915,915,2754.4,2754.4,1,46,pass,home,H02,13.8,22.2,33.6,27.9,complete,H06,0,103,52.9,,20.6,right_foot,
SYN-00004-00916,916,2758.5,2758.5,1,46,pass,home,H06,33.6,27.9,10.9,39.8,complete,H04,0,103,62.4,,25.7,right_foot,
SYN-00004-00917,917,2762.5,2762.5,1,47,pressure,away,A10,10.9,39.8,,,,,0,103,,,,,
SYN-00004-00918,918,2762.5,2762.5,1,47,pass,home,H04,10.9,39.8,25.1,30.9,incomplete,H06,1,103,50.7,,15.1,right_foot,
SYN-00004-00919,919,2766,2766,1,47,possession_change,away,A10,25.1,30.9,,,recovery,,0,104,,,,,
SYN-00004-00920,920,2766,2766,1,47,pass,away,A10,25.1,30.9,45.6,37,complete,A06,0,104,53.8,,21.3,right_foot,
SYN-00004-00921,921,2768.8,2768.8,1,47,carry,away,A06,45.6,37,39.8,39.9,complete,,0,104,,23.5,6.5,,
SYN-00004-00922,922,2769.8,2769.8,1,47,pass,away,A06,39.8,39.9,12.7,68,out,A10,0,104,61.8,,29.1,right_foot,
SYN-00004-00923,923,2771.5,2771.5,1,47,possession_change,home,H05,12.7,67,,,out_of_play,,0,105,,,,,
SYN-00004-00924,924,2791.2,2791.2,1,47,pass,home,H05,12.7,67,6.5,32.2,complete,H03,0,105,82.9,,35.4,right_foot,
SYN-00004-00925,925,2793.8,2793.8,1,47,pass,home,H03,6.5,32.2,33.9,32.9,incomplete,H06,0,105,58.6,,24.1,right_foot,
SYN-00004-00926,926,2796.8,2796.8,1,47,possession_change,away,A10,33.9,32.9,,,recovery,,0,106,,,,,
SYN-00004-00927,927,2796.8,2796.8,1,47,pass,away,A10,33.9,32.9,17.8,60,complete,A09,0,106,65.1,,31.5,right_foot,
SYN-00004-00928,928,2800.8,2800.8,1,47,pressure,home,H05,17.8,60,,,,,0,106,,,,,
SYN-00004-00929,929,2800.8,2800.8,1,47,pass,away,A09,17.8,60,6.1,45,intercepted,A10,1,106,59.4,,23.3,right_foot,
SYN-00004-00930,930,2802,2802,1,47,interception,home,H01,6.1,45,,,won,,0,106,,,,,
SYN-00004-00931,931,2802,2802,1,47,possession_change,home,H01,6.1,45,,,interception,,0,107,,,,,
SYN-00004-00932,932,2803.4,2803.4,1,47,pressure,away,A10,6.1,45,,,,,0,107,,,,,
SYN-00004-00933,933,2803.4,2803.4,1,47,pass,home,H01,6.1,45,1,50.6,complete,H04,1,107,43.7,,7.6,right_foot,
SYN-00004-00934,934,2805.3,2805.3,1,47,pressure,away,A10,1,50.6,,,,,0,107,,,,,
SYN-00004-00935,935,2805.3,2805.3,1,47,carry,home,H04,1,50.6,15.5,49.5,complete,,1,107,,17.6,14.6,,
SYN-00004-00936,936,2808.3,2808.3,1,47,pass,home,H04,15.5,49.5,3.7,39.1,incomplete,H01,0,107,50.3,,15.5,right_foot,
SYN-00004-00937,937,2811.2,2811.2,1,47,possession_change,away,A10,3.7,39.1,,,recovery,,0,108,,,,,
SYN-00004-00938,938,2811.2,2811.2,1,47,pass,away,A10,3.7,39.1,3.3,61.7,incomplete,A09,0,108,50.1,,21.7,right_foot,
SYN-00004-00939,939,2814.1,2814.1,1,47,possession_change,home,H05,3.3,61.7,,,recovery,,0,109,,,,,
SYN-00004-00940,940,2814.1,2814.1,1,47,pass,home,H05,3.3,61.7,32.1,52.2,complete,H08,0,109,64.3,,30.4,right_foot,
SYN-00004-00941,941,2818,2818,1,47,pass,home,H08,32.1,52.2,34.1,39,complete,H06,0,109,41.7,,13.3,right_foot,
SYN-00004-00942,942,2821.1,2821.1,1,48,pass,home,H06,34.1,39,53.2,0,out,H07,0,109,54.6,,20.1,head,
SYN-00004-00943,943,2822.4,2822.4,1,48,possession_change,away,A11,53.2,1,,,out_of_play,,0,110,,,,,
SYN-00004-00944,944,2837.9,2837.9,1,48,pass,away,A11,53.2,1,48.5,12.1,complete,A08,0,110,43,,12.1,right_foot,
SYN-00004-00945,945,2840.1,2840.1,1,48,pressure,home,H09,48.5,12.1,,,,,0,110,,,,,
SYN-00004-00946,946,2840.1,2840.1,1,48,pass,away,A08,48.5,12.1,70.8,3.9,complete,A05,1,110,58.5,,23.8,right_foot,
SYN-00004-00947,947,2843.3,2843.3,1,48,pass,away,A05,70.8,3.9,68.5,26.2,complete,A06,0,110,50.1,,22.4,head,
SYN-00004-00948,948,2847,2847,1,48,pressure,home,H10,68.5,26.2,,,,,0,110,,,,,
SYN-00004-00949,949,2847,2847,1,48,pass,away,A06,68.5,26.2,55.3,21.1,complete,A08,1,110,55.7,,14.1,left_foot,
SYN-00004-00950,950,2849.8,2849.8,1,48,pass,away,A08,55.3,21.1,64,33.9,complete,A06,0,110,45.1,,15.4,left_foot,
SYN-00004-00951,951,2853,2853,1,48,pass,away,A06,64,33.9,56.2,44.5,complete,A07,0,110,35.5,,13.2,right_foot,
SYN-00004-00952,952,2856.8,2856.8,1,48,sprint,away,A03,83.3,45.6,,,,,0,110,,32.6,49.7,,
SYN-00004-00953,953,2856.8,2856.8,1,48,pass,away,A07,56.2,44.5,47,20.4,complete,A08,0,110,64,,25.7,right_foot,
SYN-00004-00954,954,2860.9,2860.9,1,48,pass,away,A08,47,20.4,57.3,35.9,complete,A06,0,110,48.1,,18.6,right_foot,
SYN-00004-00955,955,2865.2,2865.2,1,48,pass,away,A06,57.3,35.9,55.1,18.7,complete,A08,0,110,46.8,,17.4,right_foot,
SYN-00004-00956,956,2868.1,2868.1,1,48,carry,away,A08,55.1,18.7,45.5,11.9,complete,,0,110,,14.1,11.8,,
SYN-00004-00957,957,2871.1,2871.1,1,48,carry,away,A08,45.5,11.9,38.1,15.8,complete,,0,110,,22.5,8.4,,
SYN-00004-00958,958,2872.5,2872.5,1,48,pass,away,A08,38.1,15.8,13.5,30.8,complete,A10,0,110,69.6,,28.7,right_foot,
SYN-00004-00959,959,2875,2875,1,48,period_end,home,,,,,,end_of_period_1,,0,110,,,,,
SYN-00004-00960,960,2876,2700,2,46,kickoff,home,H10,52.5,34,,,,,0,111,,,,,
SYN-00004-00961,961,2877,2701,2,46,pass,home,H10,52.5,34,24.2,21.5,complete,H03,0,111,67.8,,31,right_foot,
SYN-00004-00962,962,2879.8,2703.8,2,46,pass,home,H03,24.2,21.5,6.2,38,complete,H04,0,111,52.8,,24.4,left_foot,
SYN-00004-00963,963,2883.5,2707.5,2,46,pass,home,H04,6.2,38,31.3,26,complete,H07,0,111,63.5,,27.7,right_foot,
SYN-00004-00964,964,2887,2711,2,46,pass,home,H07,31.3,26,17.7,50.2,incomplete,H05,0,111,60.7,,30.4,right_foot,
SYN-00004-00965,965,2890.1,2714.1,2,46,possession_change,away,A09,17.7,50.2,,,recovery,,0,112,,,,,
SYN-00004-00966,966,2890.1,2714.1,2,46,shot,away,A09,17.7,50.2,0,25.2,off_target,,0,112,88.8,,24,foot,0.037
SYN-00004-00967,967,2891.6,2715.6,2,46,possession_change,home,H01,6,34,,,goal_kick,,0,113,,,,,
SYN-00004-00968,968,2913.6,2737.6,2,46,pressure,away,A10,6,34,,,,,0,113,,,,,
SYN-00004-00969,969,2913.6,2737.6,2,46,pass,home,H01,6,34,3.5,20.1,complete,H03,1,113,52,,14.1,left_foot,
SYN-00004-00970,970,2915.8,2739.8,2,46,pass,home,H03,3.5,20.1,14,32.4,complete,H06,0,113,52.7,,16.1,right_foot,
SYN-00004-00971,971,2919.8,2743.8,2,46,pass,home,H06,14,32.4,1,26.7,complete,H01,0,113,48.1,,14.2,right_foot,
SYN-00004-00972,972,2923.9,2747.9,2,46,pressure,away,A10,1,26.7,,,,,0,113,,,,,
SYN-00004-00973,973,2923.9,2747.9,2,46,pass,home,H01,1,26.7,9,9.4,incomplete,H02,1,113,54.8,,21.4,left_foot,
SYN-00004-00974,974,2926.3,2750.3,2,46,possession_change,away,A11,9,9.4,,,recovery,,0,114,,,,,
SYN-00004-00975,975,2926.3,2750.3,2,46,pass,away,A11,9,9.4,25.5,14.7,complete,A08,0,114,57.1,,17.3,right_foot,
SYN-00004-00976,976,2929.4,2753.5,2,46,carry,away,A08,25.5,14.7,19.3,15.6,complete,,0,114,,24.4,6.2,,
SYN-00004-00977,977,2930.4,2754.4,2,46,pass,away,A08,19.3,15.6,2.2,30.5,complete,A10,0,114,49.1,,22.6,head,
SYN-00004-00978,978,2934.9,2758.9,2,46,shot,away,A10,2.2,30.5,0,40.7,off_target,,0,114,80.7,,4.2,foot,0.635
SYN-00004-00979,979,2935.5,2759.6,2,46,possession_change,home,H01,6,34,,,goal_kick,,0,115,,,,,
SYN-00004-00980,980,2962.7,2786.7,2,47,pressure,away,A10,6,34,,,,,0,115,,,,,
SYN-00004-00981,981,2962.7,2786.7,2,47,pass,home,H01,6,34,24.7,35.1,complete,H06,1,115,48.1,,18.7,right_foot,
SYN-00004-00982,982,2966.3,2790.3,2,47,pressure,away,A10,24.7,35.1,,,,,0,115,,,,,
SYN-00004-00983,983,2966.3,2790.3,2,47,pass,home,H06,24.7,35.1,6.8,33.3,complete,H01,1,115,51.7,,18,right_foot,
SYN-00004-00984,984,2969.9,2793.9,2,47,pass,home,H01,6.8,33.3,1,26.2,complete,H03,0,115,37.8,,9.1,left_foot,
SYN-00004-00985,985,2973.7,2797.7,2,47,pass,home,H03,1,26.2,31.8,20,intercepted,H07,0,115,81.1,,35.5,right_foot,
SYN-00004-00986,986,2975.1,2799.1,2,47,interception,away,A10,31.8,20,,,won,,0,115,,,,,
SYN-00004-00987,987,2975.1,2799.1,2,47,possession_change,away,A10,31.8,20,,,interception,,0,116,,,,,
SYN-00004-00988,988,2976.1,2800.1,2,47,pass,away,A10,31.8,20,39.5,18.5,complete,A08,0,116,45.3,,7.8,left_foot,
SYN-00004-00989,989,2978.5,2802.6,2,47,pass,away,A08,39.5,18.5,20.3,1,incomplete,A11,0,116,52.3,,26.1,left_foot,
SYN-00004-00990,990,2982.1,2806.1,2,47,possession_change,home,H02,20.3,1,,,recovery,,0,117,,,,,
SYN-00004-00991,991,2982.1,2806.1,2,47,pass,home,H02,20.3,1,30.4,26.4,complete,H06,0,117,56.2,,27.3,left_foot,
SYN-00004-00992,992,2985.6,2809.6,2,47,pass,home,H06,30.4,26.4,8.3,18.9,complete,H03,0,117,63.4,,23.3,right_foot,
SYN-00004-00993,993,2989,2813,2,47,pressure,away,A10,8.3,18.9,,,,,0,117,,,,,
SYN-00004-00994,994,2989,2813,2,47,pass,home,H03,8.3,18.9,1.6,36.3,complete,H04,1,117,50.1,,18.7,right_foot,
SYN-00004-00995,995,2991.4,2815.4,2,47,pass,home,H04,1.6,36.3,1,27,complete,H03,0,117,46.1,,9.4,right_foot,
SYN-00004-00996,996,2993.7,2817.7,2,47,pressure,away,A10,1,27,,,,,0,117,,,,,
SYN-00004-00997,997,2993.7,2817.7,2,47,pass,home,H03,1,27,11.5,9.4,complete,H02,1,117,56.8,,20.5,right_foot,
SYN-00004-00998,998,2996.4,2820.4,2,48,pass,home,H02,11.5,9.4,25.1,27.6,complete,H06,0,117,44.6,,22.7,right_foot,
SYN-00004-00999,999,3001.1,2825.1,2,48,pass,home,H06,25.1,27.6,19.4,56.3,complete,H05,0,117,65.8,,29.3,right_foot,
SYN-00004-01000,1000,3004.9,2828.9,2,48,pass,home,H05,19.4,56.3,31.5,41.4,complete,H06,0,117,50.4,,19.2,right_foot,
SYN-00004-01001,1001,3007.3,2831.3,2,48,pass,home,H06,31.5,41.4,22,58.4,complete,H05,0,117,48.3,,19.4,left_foot,
SYN-00004-01002,1002,3010.9,2834.9,2,48,pass,home,H05,22,58.4,28.5,37.5,complete,H06,0,117,48.3,,21.9,left_foot,
SYN-00004-01003,1003,3014.8,2838.8,2,48,pass,home,H06,28.5,37.5,42.8,47.2,complete,H08,0,117,49.3,,17.2,right_foot,
SYN-00004-01004,1004,3017.2,2841.2,2,48,pressure,away,A10,42.8,47.2,,,,,0,117,,,,,
SYN-00004-01005,1005,3017.2,2841.2,2,48,pass,home,H08,42.8,47.2,36.4,40.2,complete,H06,1,117,40.4,,9.4,left_foot,
SYN-00004-01006,1006,3020.3,2844.3,2,48,pass,home,H06,36.4,40.2,46.1,47.8,complete,H08,0,117,50.3,,12.3,right_foot,
SYN-00004-01007,1007,3023.8,2847.9,2,48,carry,home,H08,46.1,47.8,54.5,46.2,complete,,0,117,,18,8.6,,
SYN-00004-01008,1008,3025.6,2849.6,2,48,pass,home,H08,54.5,46.2,55.2,27.5,complete,H07,0,117,60.1,,18.7,right_foot,
SYN-00004-01009,1009,3029.6,2853.6,2,48,pressure,away,A10,55.2,27.5,,,,,0,117,,,,,
SYN-00004-01010,1010,3029.6,2853.6,2,48,pass,home,H07,55.2,27.5,25.8,18.3,complete,H03,1,117,65.7,,30.8,right_foot,
SYN-00004-01011,1011,3033.3,2857.3,2,48,carry,home,H03,25.8,18.3,34.1,13.7,complete,,0,117,,24.2,9.5,,
SYN-00004-01012,1012,3034.7,2858.7,2,48,pass,home,H03,34.1,13.7,36.6,24.9,complete,H06,0,117,46.2,,11.4,right_foot,
SYN-00004-01013,1013,3038.3,2862.3,2,48,pressure,away,A10,36.6,24.9,,,,,0,117,,,,,
SYN-00004-01014,1014,3038.3,2862.3,2,48,pass,home,H06,36.6,24.9,44.6,23.1,complete,H07,1,117,35.7,,8.2,right_foot,
SYN-00004-01015,1015,3041.9,2865.9,2,48,pass,home,H07,44.6,23.1,20.8,36.6,complete,H04,0,117,65.6,,27.4,left_foot,
SYN-00004-01016,1016,3046.2,2870.3,2,48,sprint,away,A10,38.4,35.1,,,,,0,117,,28.8,32.3,,
SYN-00004-01017,1017,3046.2,2870.3,2,48,pass,home,H04,20.8,36.6,21.1,57.3,complete,H05,0,117,64.4,,20.7,right_foot,
SYN-00004-01018,1018,3049.7,2873.7,2,48,pressure,away,A10,21.1,57.3,,,,,0,117,,,,,
SYN-00004-01019,1019,3049.7,2873.7,2,48,pass,home,H05,21.1,57.3,1,34.1,complete,H01,1,117,76.5,,30.7,right_foot,
SYN-00004-01020,1020,3052.8,2876.8,2,48,pressure,away,A10,1,34.1,,,,,0,117,,,,,
SYN-00004-01021,1021,3052.8,2876.8,2,48,pass,home,H01,1,34.1,8.7,3.6,complete,H02,1,117,66.6,,31.4,left_foot,
SYN-00004-01022,1022,3056.8,2880.8,2,49,carry,home,H02,8.7,3.6,12.9,1,complete,,0,117,,18.5,11.6,,
SYN-00004-01023,1023,3059,2883,2,49,carry,home,H02,12.9,1,16.7,1,complete,,0,117,,18.1,4.2,,
SYN-00004-01024,1024,3059.9,2883.9,2,49,carry,home,H02,16.7,1,25,1,complete,,0,117,,14.7,12.6,,
SYN-00004-01025,1025,3063,2887,2,49,carry,home,H02,25,1,37.9,5.4,complete,,0,117,,20,13.6,,
SYN-00004-01026,1026,3065.4,2889.4,2,49,carry,home,H02,37.9,5.4,40.3,14.4,complete,,0,117,,23.4,9.3,,
SYN-00004-01027,1027,3066.8,2890.8,2,49,pass,home,H02,40.3,14.4,31.8,29.3,complete,H06,0,117,45.9,,17.1,right_foot,
SYN-00004-01028,1028,3070.8,2894.8,2,49,pass,home,H06,31.8,29.3,24.8,58.2,complete,H05,0,117,70.6,,29.8,right_foot,
SYN-00004-01029,1029,3074,2898,2,49,pass,home,H05,24.8,58.2,43.9,47.5,complete,H08,0,117,54.2,,21.9,right_foot,
SYN-00004-01030,1030,3078.1,2902.1,2,49,carry,home,H08,43.9,47.5,46.7,38.3,complete,,0,117,,19.1,9.7,,
SYN-00004-01031,1031,3079.9,2903.9,2,49,pass,home,H08,46.7,38.3,52,21.8,complete,H07,0,117,52.1,,17.3,left_foot,
SYN-00004-01032,1032,3082.9,2906.9,2,49,pass,home,H07,52,21.8,78.6,6.2,complete,H09,0,117,64.4,,30.8,left_foot,
SYN-00004-01033,1033,3086.7,2910.7,2,49,pass,home,H09,78.6,6.2,52.4,25,complete,H06,0,117,78.9,,32.3,right_foot,
SYN-00004-01034,1034,3089.5,2913.5,2,49,pressure,away,A10,52.4,25,,,,,0,117,,,,,
SYN-00004-01035,1035,3089.5,2913.5,2,49,pass,home,H06,52.4,25,53.6,47.5,complete,H08,1,117,57.4,,22.5,left_foot,
SYN-00004-01036,1036,3092,2916,2,49,pass,home,H08,53.6,47.5,42,38.5,complete,H06,0,117,50.6,,14.7,left_foot,
SYN-00004-01037,1037,3095.7,2919.7,2,49,pass,home,H06,42,38.5,22.9,55.9,complete,H05,0,117,63.6,,25.9,left_foot,
SYN-00004-01038,1038,3100,2924.1,2,49,pass,home,H05,22.9,55.9,10.9,46,complete,H04,0,117,45,,15.6,right_foot,
SYN-00004-01039,1039,3103.2,2927.2,2,49,pressure,away,A10,10.9,46,,,,,0,117,,,,,
SYN-00004-01040,1040,3103.2,2927.2,2,49,pass,home,H04,10.9,46,4.8,33.3,complete,H03,1,117,45.2,,14.1,right_foot,
SYN-00004-01041,1041,3105.4,2929.5,2,49,pass,home,H03,4.8,33.3,30.1,43.2,complete,H08,0,117,55,,27.2,right_foot,
SYN-00004-01042,1042,3109.5,2933.5,2,49,pass,home,H08,30.1,43.2,44.7,19.1,complete,H07,0,117,64,,28.2,right_foot,
SYN-00004-01043,1043,3113.9,2937.9,2,49,pass,home,H07,44.7,19.1,42.6,30.7,complete,H06,0,117,43.2,,11.8,right_foot,
SYN-00004-01044,1044,3117.3,2941.3,2,50,pass,home,H06,42.6,30.7,69.7,8.9,complete,H09,0,117,74.6,,34.8,right_foot,
SYN-00004-01045,1045,3120.4,2944.4,2,50,pressure,away,A08,69.7,8.9,,,,,0,117,,,,,
SYN-00004-01046,1046,3120.4,2944.4,2,50,pass,home,H09,69.7,8.9,64.1,14.8,complete,H07,1,117,36.3,,8.1,right_foot,
SYN-00004-01047,1047,3123.5,2947.5,2,50,pass,home,H07,64.1,14.8,83.7,3.8,complete,H09,0,117,47.1,,22.5,left_foot,
SYN-00004-01048,1048,3126.8,2950.8,2,50,pass,home,H09,83.7,3.8,66.9,12.9,complete,H07,0,117,56.5,,19.1,left_foot,
SYN-00004-01049,1049,3130,2954,2,50,pass,home,H07,66.9,12.9,84.8,1,complete,H09,0,117,48.3,,21.5,right_foot,
SYN-00004-01050,1050,3133.6,2957.6,2,50,pass,home,H09,84.8,1,72.8,10.3,incomplete,H07,0,117,46.7,,16.9,right_foot,
SYN-00004-01051,1051,3136.7,2960.7,2,50,possession_change,away,A08,72.8,10.3,,,recovery,,0,118,,,,,
SYN-00004-01052,1052,3136.7,2960.7,2,50,pass,away,A08,72.8,10.3,69.7,24.9,complete,A06,0,118,44.9,,14.9,right_foot,
SYN-00004-01053,1053,3139.6,2963.6,2,50,pass,away,A06,69.7,24.9,58.3,38.4,complete,A07,0,118,57.4,,17.7,right_foot,
SYN-00004-01054,1054,3142,2966,2,50,pass,away,A07,58.3,38.4,49.5,24.4,incomplete,A08,0,118,50,,18.9,right_foot,
SYN-00004-01055,1055,3145.7,2969.7,2,50,possession_change,home,H07,49.5,24.4,,,recovery,,0,119,,,,,
SYN-00004-01056,1056,3145.7,2969.7,2,50,pass,home,H07,49.5,24.4,32.7,54.7,complete,H05,0,119,73.3,,34.7,left_foot,
SYN-00004-01057,1057,3148.8,2972.8,2,50,pass,home,H05,32.7,54.7,19.3,48,intercepted,H04,0,119,46.9,,18.5,left_foot,
SYN-00004-01058,1058,3149.9,2974,2,50,interception,away,A10,19.3,48,,,won,,0,119,,,,,
SYN-00004-01059,1059,3149.9,2974,2,50,possession_change,away,A10,19.3,48,,,interception,,0,120,,,,,
SYN-00004-01060,1060,3151.3,2975.4,2,50,pass,away,A10,19.3,48,46.8,33.6,complete,A06,0,120,73,,31,right_foot,
SYN-00004-01061,1061,3154.2,2978.2,2,50,pass,away,A06,46.8,33.6,24.1,54.2,complete,A09,0,120,75.2,,30.7,left_foot,
SYN-00004-01062,1062,3157.7,2981.7,2,50,pass,away,A09,24.1,54.2,39.2,28.2,complete,A08,0,120,70.3,,30.1,left_foot,
SYN-00004-01063,1063,3160.4,2984.4,2,50,pass,away,A08,39.2,28.2,22.2,9.2,complete,A11,0,120,67.7,,25.4,right_foot,
SYN-00004-01064,1064,3162.9,2987,2,50,carry,away,A11,22.2,9.2,14.6,1,complete,,0,120,,18.2,12.8,,
SYN-00004-01065,1065,3165.5,2989.5,2,50,carry,away,A11,14.6,1,5.2,1,complete,,0,120,,24.5,9.6,,
SYN-00004-01066,1066,3166.9,2990.9,2,50,pass,away,A11,5.2,1,32,19.9,complete,A08,0,120,65.1,,32.9,left_foot,
SYN-00004-01067,1067,3171,2995,2,50,shot,away,A08,32,19.9,0,32.2,saved,,0,120,104.8,,35,foot,0.009
SYN-00004-01068,1068,3172.7,2996.7,2,50,possession_change,home,H01,6,34,,,goalkeeper_save,,0,121,,,,,
SYN-00004-01069,1069,3178.7,3002.7,2,51,pass,home,H01,6,34,30.4,42.7,complete,H08,0,121,56,,25.9,right_foot,
SYN-00004-01070,1070,3181.4,3005.4,2,51,pass,home,H08,30.4,42.7,14.4,25.6,complete,H03,0,121,48.4,,23.4,right_foot,
SYN-00004-01071,1071,3184.7,3008.7,2,51,pass,home,H03,14.4,25.6,35.3,19.5,complete,H07,0,121,60.9,,21.7,right_foot,
SYN-00004-01072,1072,3187.8,3011.8,2,51,pass,home,H07,35.3,19.5,41,32,complete,H06,0,121,37.8,,13.7,left_foot,
SYN-00004-01073,1073,3191.2,3015.2,2,51,pass,home,H06,41,32,55.8,47.6,complete,H08,0,121,56.7,,21.5,right_foot,
SYN-00004-01074,1074,3193.9,3017.9,2,51,pass,home,H08,55.8,47.6,39,33.8,complete,H06,0,121,58,,21.7,right_foot,
SYN-00004-01075,1075,3198.1,3022.1,2,51,carry,home,H06,39,33.8,44.5,19.1,complete,,0,121,,24.8,15.7,,
SYN-00004-01076,1076,3200.3,3024.4,2,51,pass,home,H06,44.5,19.1,13.5,0,out,H03,0,121,64.1,,23.5,right_foot,
SYN-00004-01077,1077,3201.7,3025.7,2,51,possession_change,away,A11,13.5,1,,,out_of_play,,0,122,,,,,
SYN-00004-01078,1078,3218.9,3042.9,2,51,sprint,home,H09,39.2,2,,,,,0,122,,26.7,25.8,,
SYN-00004-01079,1079,3218.9,3042.9,2,51,pass,away,A11,13.5,1,5.5,23.6,complete,A10,0,122,61.6,,23.9,left_foot,
SYN-00004-01080,1080,3222.6,3046.6,2,51,pass,away,A10,5.5,23.6,2.9,8.3,complete,A11,0,122,42.2,,15.5,right_foot,
SYN-00004-01081,1081,3226.4,3050.4,2,51,pass,away,A11,2.9,8.3,1,29.2,incomplete,A10,0,122,56.2,,19.2,left_foot,
SYN-00004-01082,1082,3229.4,3053.4,2,51,possession_change,home,H04,1,29.2,,,recovery,,0,123,,,,,
SYN-00004-01083,1083,3229.4,3053.4,2,51,pressure,away,A10,1,29.2,,,,,0,123,,,,,
SYN-00004-01084,1084,3229.4,3053.4,2,51,pass,home,H04,1,29.2,5.5,41.2,complete,H01,1,123,43.6,,12.8,left_foot,
SYN-00004-01085,1085,3232.2,3056.2,2,51,sprint,away,A09,40,60.9,,,,,0,123,,29.2,27,,
SYN-00004-01086,1086,3232.2,3056.2,2,51,carry,home,H01,5.5,41.2,16,33.7,complete,,0,123,,22.4,12.9,,
SYN-00004-01087,1087,3234.3,3058.3,2,51,pass,home,H01,16,33.7,12.7,0,out,H02,0,123,60.7,,29,right_foot,
SYN-00004-01088,1088,3236,3060,2,52,possession_change,away,A11,12.7,1,,,out_of_play,,0,124,,,,,
SYN-00004-01089,1089,3255.4,3079.4,2,52,pass,away,A11,12.7,1,0.3,0,out,A10,0,124,58.8,,22.3,right_foot,
SYN-00004-01090,1090,3256.7,3080.7,2,52,possession_change,home,H02,1,1,,,out_of_play,,0,125,,,,,
SYN-00004-01091,1091,3265.7,3089.8,2,52,pass,home,H02,1,1,1.5,13.4,complete,H03,0,125,40.9,,12.4,head,
SYN-00004-01092,1092,3269.8,3093.8,2,52,sprint,away,A08,53.7,13.7,,,,,0,125,,26.7,17.3,,
SYN-00004-01093,1093,3269.8,3093.8,2,52,carry,home,H03,1.5,13.4,4.4,13.5,dispossessed,,0,125,,17.6,2.9,,
SYN-00004-01094,1094,3270.4,3094.4,2,52,foul,away,A10,4.4,13.5,,,free_kick,,0,125,,,,,
SYN-00004-01095,1095,3285.8,3109.8,2,52,pass,home,H03,4.4,13.5,36.4,13.3,complete,H07,0,126,75.5,,32,right_foot,
SYN-00004-01096,1096,3289.3,3113.3,2,52,pass,home,H07,36.4,13.3,48.9,39.4,complete,H08,0,126,70.5,,28.9,right_foot,
SYN-00004-01097,1097,3292.2,3116.2,2,52,pass,home,H08,48.9,39.4,22.9,48.3,complete,H04,0,126,79.1,,27.5,right_foot,
SYN-00004-01098,1098,3296,3120,2,53,pass,home,H04,22.9,48.3,12,35.6,complete,H03,0,126,58.1,,16.7,left_foot,
SYN-00004-01099,1099,3298,3122.1,2,53,pass,home,H03,12,35.6,25.6,31.5,complete,H06,0,126,47.2,,14.2,left_foot,
SYN-00004-01100,1100,3300.8,3124.8,2,53,carry,home,H06,25.6,31.5,33.1,29.1,complete,,0,126,,22.2,7.9,,
SYN-00004-01101,1101,3302.1,3126.1,2,53,pass,home,H06,33.1,29.1,23.5,4.2,complete,H02,0,126,62.4,,26.7,right_foot,
SYN-00004-01102,1102,3305.4,3129.4,2,53,pressure,away,A11,23.5,4.2,,,,,0,126,,,,,
SYN-00004-01103,1103,3305.4,3129.4,2,53,carry,home,H02,23.5,4.2,36.6,1,complete,,1,126,,17.5,15,,
SYN-00004-01104,1104,3308.5,3132.5,2,53,pass,home,H02,36.6,1,52.7,13.7,complete,H07,0,126,55.6,,20.6,right_foot,
SYN-00004-01105,1105,3312.1,3136.1,2,53,pass,home,H07,52.7,13.7,29.1,15,complete,H03,0,126,60,,23.7,right_foot,
SYN-00004-01106,1106,3315.6,3139.6,2,53,pass,home,H03,29.1,15,48.2,20.8,complete,H07,0,126,50.8,,20,right_foot,
SYN-00004-01107,1107,3319.7,3143.7,2,53,pass,home,H07,48.2,20.8,33.8,10.6,complete,H02,0,126,43.6,,17.7,right_foot,
SYN-00004-01108,1108,3322.5,3146.5,2,53,sprint,home,H04,15,37.1,,,,,0,126,,32.8,27.2,,
SYN-00004-01109,1109,3322.5,3146.5,2,53,pass,home,H02,33.8,10.6,45.3,14.7,complete,H07,0,126,40.6,,12.2,left_foot,
SYN-00004-01110,1110,3326.2,3150.2,2,53,pressure,away,A10,45.3,14.7,,,,,0,126,,,,,
SYN-00004-01111,1111,3326.2,3150.2,2,53,pass,home,H07,45.3,14.7,51.8,25.4,complete,H06,1,126,37.6,,12.5,left_foot,
SYN-00004-01112,1112,3328.7,3152.8,2,53,carry,home,H06,51.8,25.4,54.9,29,complete,,0,126,,15.8,4.8,,
SYN-00004-01113,1113,3329.8,3153.9,2,53,pass,home,H06,54.9,29,86.7,34.5,complete,H10,0,126,68.9,,32.2,right_foot,
SYN-00004-01114,1114,3334.3,3158.4,2,53,pass,home,H10,86.7,34.5,57.7,36.8,complete,H06,0,126,55.8,,29.1,right_foot,
SYN-00004-01115,1115,3338.5,3162.5,2,53,pass,home,H06,57.7,36.8,79.8,59,complete,H11,0,126,69.6,,31.3,right_foot,
SYN-00004-01116,1116,3342,3166,2,53,carry,home,H11,79.8,59,85.3,66.3,complete,,0,126,,18.5,9.1,,
SYN-00004-01117,1117,3343.7,3167.7,2,53,sprint,home,H07,70.1,30.1,,,,,0,126,,27.5,41.1,,
SYN-00004-01118,1118,3343.7,3167.7,2,53,pass,home,H11,85.3,66.3,100.7,39.6,incomplete,H10,0,126,77.6,,37.2,right_foot,
SYN-00004-01119,1119,3346.7,3170.8,2,53,possession_change,away,A04,100.7,39.6,,,recovery,,0,127,,,,,
SYN-00004-01120,1120,3346.7,3170.8,2,53,pass,away,A04,100.7,39.6,73.3,44.5,complete,A07,0,127,71,,27.9,left_foot,
SYN-00004-01121,1121,3349.3,3173.3,2,53,pass,away,A07,73.3,44.5,59,22.6,complete,A08,0,127,68.6,,26.2,right_foot,
SYN-00004-01122,1122,3352.6,3176.7,2,53,pressure,home,H10,59,22.6,,,,,0,127,,,,,
SYN-00004-01123,1123,3352.6,3176.7,2,53,pass,away,A08,59,22.6,64.7,26.6,complete,A06,1,127,41.2,,7,right_foot,
SYN-00004-01124,1124,3355.7,3179.7,2,53,pass,away,A06,64.7,26.6,83.4,35.7,complete,A03,0,127,49,,20.7,left_foot,
SYN-00004-01125,1125,3359.8,3183.9,2,54,pressure,home,H10,83.4,35.7,,,,,0,127,,,,,
SYN-00004-01126,1126,3359.8,3183.9,2,54,pass,away,A03,83.4,35.7,62.9,58,incomplete,A07,1,127,64,,25.1,right_foot,
SYN-00004-01127,1127,3362.3,3186.3,2,54,possession_change,home,H11,62.9,58,,,recovery,,0,128,,,,,
SYN-00004-01128,1128,3362.3,3186.3,2,54,pass,home,H11,62.9,58,48.5,38.3,complete,H06,0,128,62.8,,24.3,right_foot,
SYN-00004-01129,1129,3365.5,3189.5,2,54,pass,home,H06,48.5,38.3,54.9,28.8,complete,H07,0,128,42.8,,11.4,right_foot,
SYN-00004-01130,1130,3368.1,3192.1,2,54,pass,home,H07,54.9,28.8,79.7,32.7,intercepted,H10,0,128,77.7,,35.6,right_foot,
SYN-00004-01131,1131,3369.2,3193.2,2,54,interception,away,A06,79.7,32.7,,,won,,0,128,,,,,
SYN-00004-01132,1132,3369.2,3193.2,2,54,possession_change,away,A06,79.7,32.7,,,interception,,0,129,,,,,
SYN-00004-01133,1133,3369.9,3193.9,2,54,pass,away,A06,79.7,32.7,91,38.5,complete,A03,0,129,52.5,,12.7,right_foot,
SYN-00004-01134,1134,3372.3,3196.4,2,54,pass,away,A03,91,38.5,65.9,68,out,A07,0,129,53.7,,24.1,right_foot,
SYN-00004-01135,1135,3374,3198,2,54,possession_change,home,H11,65.9,67,,,out_of_play,,0,130,,,,,
SYN-00004-01136,1136,3390.7,3214.7,2,54,pass,home,H11,65.9,67,62,53.8,complete,H08,0,130,51.1,,13.7,right_foot,
SYN-00004-01137,1137,3393.7,3217.7,2,54,pass,home,H08,62,53.8,82.8,60.7,complete,H11,0,130,55.6,,21.9,right_foot,
SYN-00004-01138,1138,3397.6,3221.6,2,54,pass,home,H11,82.8,60.7,73.3,48.8,incomplete,H08,0,130,52.5,,15.6,right_foot,
SYN-00004-01139,1139,3400.8,3224.9,2,54,possession_change,away,A07,73.3,48.8,,,recovery,,0,131,,,,,
SYN-00004-01140,1140,3400.8,3224.9,2,54,pass,away,A07,73.3,48.8,79.8,17,complete,A05,0,131,71.4,,32.4,right_foot,
SYN-00004-01141,1141,3404.2,3228.2,2,54,carry,away,A05,79.8,17,66.6,12.3,complete,,0,131,,14.1,14.1,,
SYN-00004-01142,1142,3407.8,3231.8,2,54,pass,away,A05,66.6,12.3,70.4,30.8,complete,A06,0,131,46.8,,18.9,right_foot,
SYN-00004-01143,1143,3412,3236,2,54,carry,away,A06,70.4,30.8,68.4,33.4,dispossessed,,0,131,,23.1,3.3,,
SYN-00004-01144,1144,3412.5,3236.5,2,54,tackle,home,H10,68.4,33.4,,,won,,0,131,,,,,
SYN-00004-01145,1145,3412.5,3236.5,2,54,possession_change,home,H10,68.4,33.4,,,tackle,,0,132,,,,,
SYN-00004-01146,1146,3413.2,3237.2,2,54,pass,home,H10,68.4,33.4,59.9,19.6,complete,H07,0,132,46.8,,16.2,right_foot,
SYN-00004-01147,1147,3417.1,3241.1,2,55,pass,home,H07,59.9,19.6,45.9,34.4,complete,H06,0,132,61,,20.4,left_foot,
SYN-00004-01148,1148,3420.6,3244.6,2,55,carry,home,H06,45.9,34.4,50.8,38.8,complete,,0,132,,24.7,6.6,,
SYN-00004-01149,1149,3421.6,3245.6,2,55,pass,home,H06,50.8,38.8,60,24.6,complete,H07,0,132,55.9,,16.9,right_foot,
SYN-00004-01150,1150,3425.1,3249.1,2,55,carry,home,H07,60,24.6,69.5,25.4,complete,,0,132,,22.6,9.5,,
SYN-00004-01151,1151,3426.6,3250.6,2,55,pass,home,H07,69.5,25.4,91.6,8.1,complete,H09,0,132,72.4,,28,right_foot,
SYN-00004-01152,1152,3430.3,3254.3,2,55,pass,home,H09,91.6,8.1,56.4,30.8,complete,H06,0,132,82.7,,41.8,right_foot,
SYN-00004-01153,1153,3434.3,3258.3,2,55,pressure,away,A10,56.4,30.8,,,,,0,132,,,,,
SYN-00004-01154,1154,3434.3,3258.3,2,55,pass,home,H06,56.4,30.8,80.2,10.8,complete,H09,1,132,63.5,,31.1,right_foot,
SYN-00004-01155,1155,3437.5,3261.5,2,55,pass,home,H09,80.2,10.8,63.4,21.6,complete,H07,0,132,59,,20,right_foot,
SYN-00004-01156,1156,3441,3265,2,55,carry,home,H07,63.4,21.6,71.2,16.4,complete,,0,132,,20.1,9.4,,
SYN-00004-01157,1157,3442.7,3266.7,2,55,carry,home,H07,71.2,16.4,82.8,20.1,complete,,0,132,,24.1,12.2,,
SYN-00004-01158,1158,3444.5,3268.5,2,55,pass,home,H07,82.8,20.1,66.2,45.2,complete,H08,0,132,64.4,,30.1,right_foot,
SYN-00004-01159,1159,3447.4,3271.4,2,55,pass,home,H08,66.2,45.2,58.6,15.3,complete,H07,0,132,63.9,,30.9,right_foot,
SYN-00004-01160,1160,3451.2,3275.2,2,55,pass,home,H07,58.6,15.3,82,27.3,intercepted,H10,0,132,87.1,,40.3,right_foot,
SYN-00004-01161,1161,3452.3,3276.3,2,55,interception,away,A06,82,27.3,,,won,,0,132,,,,,
SYN-00004-01162,1162,3452.3,3276.3,2,55,possession_change,away,A06,82,27.3,,,interception,,0,133,,,,,
SYN-00004-01163,1163,3453.6,3277.7,2,55,pressure,home,H10,82,27.3,,,,,0,133,,,,,
SYN-00004-01164,1164,3453.6,3277.7,2,55,pass,away,A06,82,27.3,64.2,48.7,complete,A07,1,133,65.4,,27.8,left_foot,
SYN-00004-01165,1165,3456.7,3280.7,2,55,pass,away,A07,64.2,48.7,66.7,38.9,complete,A06,0,133,40.6,,10,right_foot,
SYN-00004-01166,1166,3459.1,3283.2,2,55,pass,away,A06,66.7,38.9,74,60.3,complete,A02,0,133,57.9,,22.6,right_foot,
SYN-00004-01167,1167,3462,3286,2,55,pass,away,A02,74,60.3,60,53.6,complete,A07,0,133,47.9,,15.5,right_foot,
SYN-00004-01168,1168,3465.2,3289.3,2,55,pass,away,A07,60,53.6,67.8,37.8,complete,A06,0,133,48.9,,17.6,head,
SYN-00004-01169,1169,3467.5,3291.6,2,55,pass,away,A06,67.8,37.8,55.7,24.4,complete,A08,0,133,51.6,,18,right_foot,
SYN-00004-01170,1170,3469.9,3294,2,55,pass,away,A08,55.7,24.4,56.6,44.2,complete,A07,0,133,57.4,,19.8,right_foot,
SYN-00004-01171,1171,3473.5,3297.5,2,55,pass,away,A07,56.6,44.2,46.8,26.6,complete,A08,0,133,58.2,,20.2,left_foot,
SYN-00004-01172,1172,3477,3301,2,56,carry,away,A08,46.8,26.6,35.5,32.9,complete,,0,133,,18.9,12.9,,
SYN-00004-01173,1173,3479.5,3303.5,2,56,pass,away,A08,35.5,32.9,38.1,55.2,complete,A07,0,133,58.6,,22.5,left_foot,
SYN-00004-01174,1174,3483.5,3307.5,2,56,pass,away,A07,38.1,55.2,16.9,59.1,complete,A09,0,133,51.5,,21.6,right_foot,
SYN-00004-01175,1175,3486.6,3310.6,2,56,sprint,away,A10,3,40.3,,,,,0,133,,31.1,44.6,,
SYN-00004-01176,1176,3486.6,3310.6,2,56,pressure,home,H05,16.9,59.1,,,,,0,133,,,,,
SYN-00004-01177,1177,3486.6,3310.6,2,56,pass,away,A09,16.9,59.1,9.4,45.9,complete,A10,1,133,50,,15.1,left_foot,
SYN-00004-01178,1178,3490.6,3314.6,2,56,pass,away,A10,9.4,45.9,3.3,60.5,complete,A09,0,133,53.1,,15.9,right_foot,
SYN-00004-01179,1179,3493,3317,2,56,carry,away,A09,3.3,60.5,1,64.3,complete,,0,133,,22,7.8,,
SYN-00004-01180,1180,3494.2,3318.3,2,56,shot,away,A09,1,64.3,0,26.6,off_target,,0,133,88.1,,30.3,foot,0.013
SYN-00004-01181,1181,3496,3320,2,56,possession_change,home,H01,6,34,,,goal_kick,,0,134,,,,,
SYN-00004-01182,1182,3519.2,3343.3,2,56,pass,home,H01,6,34,9.9,54,incomplete,H05,0,134,51.4,,24.1,right_foot,
SYN-00004-01183,1183,3522.5,3346.5,2,56,possession_change,away,A09,9.9,54,,,recovery,,0,135,,,,,
SYN-00004-01184,1184,3522.5,3346.5,2,56,pass,away,A09,9.9,54,33.5,49.8,complete,A07,0,135,67.6,,24,right_foot,
SYN-00004-01185,1185,3526.5,3350.5,2,56,pass,away,A07,33.5,49.8,14.6,62.2,incomplete,A09,0,135,51.6,,22,right_foot,
SYN-00004-01186,1186,3529.7,3353.7,2,56,possession_change,home,H05,14.6,62.2,,,recovery,,0,136,,,,,
SYN-00004-01187,1187,3529.7,3353.7,2,56,carry,home,H05,14.6,62.2,21,55.5,complete,,0,136,,25.4,9.3,,
SYN-00004-01188,1188,3531,3355,2,56,pass,home,H05,21,55.5,42.9,50.7,complete,H08,0,136,62.8,,22.4,left_foot,
SYN-00004-01189,1189,3534.8,3358.8,2,56,pass,home,H08,42.9,50.7,18.7,51.6,complete,H04,0,136,53.9,,24.1,left_foot,
SYN-00004-01190,1190,3539.1,3363.1,2,57,sprint,away,A07,58.9,53,,,,,0,136,,30.7,33.5,,
SYN-00004-01191,1191,3539.1,3363.1,2,57,pass,home,H04,18.7,51.6,18.3,64.8,complete,H05,0,136,46.1,,13.2,left_foot,
SYN-00004-01192,1192,3541.6,3365.7,2,57,pass,home,H05,18.3,64.8,4.4,47.3,complete,H04,0,136,52,,22.3,right_foot,
SYN-00004-01193,1193,3544.6,3368.6,2,57,pass,home,H04,4.4,47.3,4.2,39.5,complete,H01,0,136,40.9,,7.9,left_foot,
SYN-00004-01194,1194,3546.5,3370.5,2,57,pass,home,H01,4.2,39.5,15.7,7.2,complete,H02,0,136,72.2,,34.3,right_foot,
SYN-00004-01195,1195,3550.2,3374.2,2,57,pass,home,H02,15.7,7.2,36.7,41.1,complete,H08,0,136,82.2,,39.9,left_foot,
SYN-00004-01196,1196,3553.4,3377.4,2,57,pressure,away,A10,36.7,41.1,,,,,0,136,,,,,
SYN-00004-01197,1197,3553.4,3377.4,2,57,pass,home,H08,36.7,41.1,26.5,43.9,incomplete,H04,1,136,51.3,,15.4,right_foot,
SYN-00004-01198,1198,3556.7,3380.7,2,57,possession_change,away,A10,26.5,43.9,,,recovery,,0,137,,,,,
SYN-00004-01199,1199,3556.7,3380.7,2,57,pressure,home,H08,26.5,43.9,,,,,0,137,,,,,
SYN-00004-01200,1200,3556.7,3380.7,2,57,pass,away,A10,26.5,43.9,43.9,51,complete,A07,1,137,53,,18.7,left_foot,
SYN-00004-01201,1201,3560.6,3384.7,2,57,pass,away,A07,43.9,51,18.9,67,complete,A09,0,137,66.8,,29.7,right_foot,
SYN-00004-01202,1202,3564.3,3388.3,2,57,substitution,home,H13,,,,,substitution,,0,137,,,,,
SYN-00004-01203,1203,3564.3,3388.3,2,57,carry,away,A09,18.9,67,11.6,67,complete,,0,137,,20,7.5,,
SYN-00004-01204,1204,3565.6,3389.6,2,57,pass,away,A09,11.6,67,1.3,42,complete,A10,0,137,61.2,,27,head,
SYN-00004-01205,1205,3568.3,3392.3,2,57,pass,away,A10,1.3,42,26.6,47.9,complete,A07,0,137,61.9,,25.9,left_foot,
SYN-00004-01206,1206,3571.7,3395.7,2,57,shot,away,A07,26.6,47.9,24.6,47.9,blocked,,0,137,82.9,,30,foot,0.017
SYN-00004-01207,1207,3573.5,3397.5,2,57,possession_change,home,H08,26.6,47.9,,,blocked_shot,,0,138,,,,,
SYN-00004-01208,1208,3574.5,3398.5,2,57,pressure,away,A10,26.6,47.9,,,,,0,138,,,,,
SYN-00004-01209,1209,3574.5,3398.5,2,57,pass,home,H08,26.6,47.9,44,40.4,incomplete,H07,1,138,55.2,,19.1,left_foot,
SYN-00004-01210,1210,3577.9,3402,2,57,possession_change,away,A10,44,40.4,,,recovery,,0,139,,,,,
SYN-00004-01211,1211,3577.9,3402,2,57,pass,away,A10,44,40.4,21.5,55.9,complete,A09,0,139,66.8,,27.3,right_foot,
SYN-00004-01212,1212,3580.5,3404.5,2,57,carry,away,A09,21.5,55.9,17,58.7,complete,,0,139,,21.6,5.3,,
SYN-00004-01213,1213,3581.4,3405.4,2,57,pressure,home,H08,17,58.7,,,,,0,139,,,,,
SYN-00004-01214,1214,3581.4,3405.4,2,57,shot,away,A09,17,58.7,0,26.4,off_target,,1,139,96.9,,30,foot,0.011
SYN-00004-01215,1215,3583,3407,2,57,possession_change,home,H01,6,34,,,goal_kick,,0,140,,,,,
SYN-00004-01216,1216,3611,3435,2,58,carry,home,H01,6,34,18.6,36,complete,,0,140,,20.9,12.7,,
SYN-00004-01217,1217,3613.2,3437.2,2,58,pressure,away,A10,18.6,36,,,,,0,140,,,,,
SYN-00004-01218,1218,3613.2,3437.2,2,58,carry,home,H01,18.6,36,31.5,35.2,complete,,1,140,,16.2,12.9,,
SYN-00004-01219,1219,3616.1,3440.1,2,58,pressure,away,A10,31.5,35.2,,,,,0,140,,,,,
SYN-00004-01220,1220,3616.1,3440.1,2,58,carry,home,H01,31.5,35.2,32.7,39.7,complete,,1,140,,25.2,4.6,,
SYN-00004-01221,1221,3616.7,3440.7,2,58,pass,home,H01,32.7,39.7,39.9,38.7,complete,H06,0,140,30.1,,7.3,left_foot,
SYN-00004-01222,1222,3619.1,3443.2,2,58,pass,home,H06,39.9,38.7,56.4,24.3,complete,H07,0,140,58.3,,21.8,right_foot,
SYN-00004-01223,1223,3623.2,3447.2,2,58,pressure,away,A10,56.4,24.3,,,,,0,140,,,,,
SYN-00004-01224,1224,3623.2,3447.2,2,58,pass,home,H07,56.4,24.3,46.5,30.1,complete,H06,1,140,40.7,,11.4,right_foot,
SYN-00004-01225,1225,3627,3451,2,58,pass,home,H06,46.5,30.1,32.6,12.3,complete,H02,0,140,62.8,,22.6,right_foot,
SYN-00004-01226,1226,3630.7,3454.7,2,58,pass,home,H02,32.6,12.3,42.7,16.1,complete,H07,0,140,39.7,,10.8,left_foot,
SYN-00004-01227,1227,3633.3,3457.4,2,58,pass,home,H07,42.7,16.1,46.9,41,complete,H08,0,140,48.1,,25.3,right_foot,
SYN-00004-01228,1228,3637.9,3461.9,2,58,pressure,away,A10,46.9,41,,,,,0,140,,,,,
SYN-00004-01229,1229,3637.9,3461.9,2,58,pass,home,H08,46.9,41,27.3,41.5,incomplete,H13,1,140,53.7,,25.2,left_foot,
SYN-00004-01230,1230,3640.7,3464.7,2,58,possession_change,away,A10,27.3,41.5,,,recovery,,0,141,,,,,
SYN-00004-01231,1231,3640.7,3464.7,2,58,pass,away,A10,27.3,41.5,14.4,68,out,A09,0,141,48.8,,21.3,right_foot,
SYN-00004-01232,1232,3642.3,3466.3,2,58,possession_change,home,H05,14.4,67,,,out_of_play,,0,142,,,,,
SYN-00004-01233,1233,3653.1,3477.1,2,58,pass,home,H05,14.4,67,6,51,complete,H13,0,142,58.8,,18.1,right_foot,
SYN-00004-01234,1234,3656.4,3480.4,2,59,pass,home,H13,6,51,36.3,28.4,complete,H07,0,142,70.8,,37.7,left_foot,
SYN-00004-01235,1235,3659.7,3483.7,2,59,sprint,home,H10,82.1,32.6,,,,,0,142,,31.2,36.8,,
SYN-00004-01236,1236,3659.7,3483.7,2,59,pass,home,H07,36.3,28.4,47.7,47.2,complete,H08,0,142,55.3,,21.9,right_foot,
SYN-00004-01237,1237,3662.6,3486.6,2,59,pass,home,H08,47.7,47.2,21.7,50.3,complete,H13,0,142,67.6,,26.1,right_foot,
SYN-00004-01238,1238,3666.5,3490.6,2,59,carry,home,H13,21.7,50.3,26,52.6,complete,,0,142,,19.1,4.9,,
SYN-00004-01239,1239,3667.5,3491.5,2,59,pass,home,H13,26,52.6,3.1,43.6,complete,H01,0,142,67.4,,24.6,right_foot,
SYN-00004-01240,1240,3670.9,3494.9,2,59,pressure,away,A10,3.1,43.6,,,,,0,142,,,,,
SYN-00004-01241,1241,3670.9,3494.9,2,59,carry,home,H01,3.1,43.6,8.6,43.6,dispossessed,,1,142,,20.3,5.5,,
SYN-00004-01242,1242,3671.8,3495.9,2,59,foul,away,A10,8.6,43.6,,,free_kick,,0,142,,,,,
SYN-00004-01243,1243,3688.5,3512.5,2,59,pass,home,H01,8.6,43.6,5.2,26.2,complete,H03,0,143,48,,17.7,right_foot,
SYN-00004-01244,1244,3692.4,3516.4,2,59,pressure,away,A10,5.2,26.2,,,,,0,143,,,,,
SYN-00004-01245,1245,3692.4,3516.4,2,59,pass,home,H03,5.2,26.2,5.1,34.4,intercepted,H13,1,143,44.8,,17.1,right_foot,
SYN-00004-01246,1246,3693.1,3517.1,2,59,interception,away,A10,5.1,34.4,,,won,,0,143,,,,,
SYN-00004-01247,1247,3693.1,3517.1,2,59,possession_change,away,A10,5.1,34.4,,,interception,,0,144,,,,,
SYN-00004-01248,1248,3693.8,3517.8,2,59,pass,away,A10,5.1,34.4,7.4,48.1,intercepted,A09,0,144,65.4,,24.5,right_foot,
SYN-00004-01249,1249,3694.6,3518.6,2,59,interception,home,H13,7.4,48.1,,,won,,0,144,,,,,
SYN-00004-01250,1250,3694.6,3518.6,2,59,possession_change,home,H13,7.4,48.1,,,interception,,0,145,,,,,
SYN-00004-01251,1251,3695.1,3519.1,2,59,pressure,away,A10,7.4,48.1,,,,,0,145,,,,,
SYN-00004-01252,1252,3695.1,3519.1,2,59,pass,home,H13,7.4,48.1,20.3,38.8,complete,H06,1,145,45,,15.9,right_foot,
SYN-00004-01253,1253,3699.1,3523.1,2,59,pass,home,H06,20.3,38.8,43.7,0,out,H07,0,145,66.9,,27.9,right_foot,
SYN-00004-01254,1254,3700.6,3524.6,2,59,possession_change,away,A11,43.7,1,,,out_of_play,,0,146,,,,,
SYN-00004-01255,1255,3714.7,3538.8,2,59,pass,away,A11,43.7,1,41.8,9.3,complete,A08,0,146,39.4,,8.5,right_foot,
SYN-00004-01256,1256,3717.7,3541.7,2,60,pass,away,A08,41.8,9.3,58.3,33.5,complete,A06,0,146,64.3,,29.3,right_foot,
SYN-00004-01257,1257,3721.2,3545.2,2,60,carry,away,A06,58.3,33.5,45.7,36.9,complete,,0,146,,25.8,13.1,,
SYN-00004-01258,1258,3723,3547.1,2,60,pressure,home,H10,45.7,36.9,,,,,0,146,,,,,
SYN-00004-01259,1259,3723,3547.1,2,60,pass,away,A06,45.7,36.9,48.7,22,complete,A08,1,146,52.7,,15.2,right_foot,
SYN-00004-01260,1260,3726.1,3550.1,2,60,carry,away,A08,48.7,22,40.1,15.5,complete,,0,146,,22.2,10.8,,
SYN-00004-01261,1261,3727.9,3551.9,2,60,pass,away,A08,40.1,15.5,17,26.4,incomplete,A10,0,146,60.4,,27.2,head,
SYN-00004-01262,1262,3731,3555,2,60,possession_change,home,H06,17,26.4,,,recovery,,0,147,,,,,
SYN-00004-01263,1263,3731,3555,2,60,pass,home,H06,17,26.4,1,33.5,complete,H01,0,147,48.6,,17.6,right_foot,
SYN-00004-01264,1264,3734.8,3558.8,2,60,pass,home,H01,1,33.5,18.2,30.7,complete,H06,0,147,46.2,,17.4,right_foot,
SYN-00004-01265,1265,3739,3563,2,60,pass,home,H06,18.2,30.7,7.3,23.7,complete,H03,0,147,47.8,,12.9,right_foot,
SYN-00004-01266,1266,3742.4,3566.4,2,60,pass,home,H03,7.3,23.7,2,32.3,complete,H01,0,147,40.9,,10.1,head,
SYN-00004-01267,1267,3745.8,3569.8,2,60,pass,home,H01,2,32.3,22.7,28.1,complete,H06,0,147,55.5,,21.1,left_foot,
SYN-00004-01268,1268,3748.5,3572.5,2,60,pass,home,H06,22.7,28.1,22.8,59.1,complete,H05,0,147,64.4,,31,right_foot,
SYN-00004-01269,1269,3753,3577,2,60,pass,home,H05,22.8,59.1,2.4,41,complete,H01,0,147,67.9,,27.3,right_foot,
SYN-00004-01270,1270,3755.8,3579.8,2,60,carry,home,H01,2.4,41,7.4,36.9,dispossessed,,0,147,,19.7,6.4,,
SYN-00004-01271,1271,3757,3581,2,60,foul,away,A10,7.4,36.9,,,free_kick,,0,147,,,,,
SYN-00004-01272,1272,3782.7,3606.7,2,61,pass,home,H01,7.4,36.9,11.2,60.9,complete,H05,0,148,60.1,,24.3,left_foot,
SYN-00004-01273,1273,3786.6,3610.6,2,61,pass,home,H05,11.2,60.9,41.7,52.4,complete,H08,0,148,70.9,,31.7,right_foot,
SYN-00004-01274,1274,3790.2,3614.2,2,61,pass,home,H08,41.7,52.4,51.5,26.9,complete,H07,0,148,63,,27.4,head,
SYN-00004-01275,1275,3793.5,3617.5,2,61,pressure,away,A10,51.5,26.9,,,,,0,148,,,,,
SYN-00004-01276,1276,3793.5,3617.5,2,61,pass,home,H07,51.5,26.9,23,39.2,complete,H13,1,148,68.8,,31.1,left_foot,
SYN-00004-01277,1277,3796.4,3620.4,2,61,pass,home,H13,23,39.2,1,34.6,complete,H01,0,148,44.8,,22.5,left_foot,
SYN-00004-01278,1278,3800.2,3624.2,2,61,carry,home,H01,1,34.6,9.2,37.3,complete,,0,148,,25,8.7,,
SYN-00004-01279,1279,3801.4,3625.4,2,61,pass,home,H01,9.2,37.3,27.9,22.1,complete,H07,0,148,60.9,,24.1,right_foot,
SYN-00004-01280,1280,3804.2,3628.2,2,61,sprint,home,H08,44.3,43,,,,,0,148,,31.4,45,,
SYN-00004-01281,1281,3804.2,3628.2,2,61,pass,home,H07,27.9,22.1,5.2,30.9,complete,H01,0,148,53.5,,24.3,right_foot,
SYN-00004-01282,1282,3808.4,3632.4,2,61,pass,home,H01,5.2,30.9,14.3,60,complete,H05,0,148,76.4,,30.5,right_foot,
SYN-00004-01283,1283,3811.7,3635.7,2,61,pass,home,H05,14.3,60,3.7,47.6,complete,H13,0,148,46.8,,16.2,left_foot,
SYN-00004-01284,1284,3814.4,3638.4,2,61,carry,home,H13,3.7,47.6,18.9,47.2,complete,,0,148,,20.1,15.2,,
SYN-00004-01285,1285,3817.1,3641.1,2,61,pass,home,H13,18.9,47.2,69.1,59.3,complete,H11,0,148,90.6,,51.7,right_foot,
SYN-00004-01286,1286,3820.8,3644.8,2,61,carry,home,H11,69.1,59.3,74.6,58.6,complete,,0,148,,24.3,5.5,,
SYN-00004-01287,1287,3821.6,3645.6,2,61,pressure,away,A07,74.6,58.6,,,,,0,148,,,,,
SYN-00004-01288,1288,3821.6,3645.6,2,61,pass,home,H11,74.6,58.6,61.9,54.6,complete,H08,1,148,45.8,,13.2,right_foot,
SYN-00004-01289,1289,3824.1,3648.1,2,61,pressure,away,A07,61.9,54.6,,,,,0,148,,,,,
SYN-00004-01290,1290,3824.1,3648.1,2,61,pass,home,H08,61.9,54.6,85.5,65.8,complete,H11,1,148,59.8,,26.1,right_foot,
SYN-00004-01291,1291,3828.4,3652.4,2,61,pass,home,H11,85.5,65.8,102.2,43.7,complete,H10,0,148,59.6,,27.7,right_foot,
SYN-00004-01292,1292,3832.9,3657,2,61,pass,home,H10,102.2,43.7,78.6,44,complete,H08,0,148,60.4,,23.6,right_foot,
SYN-00004-01293,1293,3837,3661.1,2,62,carry,home,H08,78.6,44,83,41.7,dispossessed,,0,148,,17.8,5,,
SYN-00004-01294,1294,3838.1,3662.1,2,62,foul,away,A06,83,41.7,,,free_kick,,0,148,,,,,
SYN-00004-01295,1295,3859.7,3683.7,2,62,carry,home,H08,83,41.7,95.9,35.3,complete,,0,149,,20.1,14.3,,
SYN-00004-01296,1296,3862.3,3686.3,2,62,shot,home,H08,95.9,35.3,105,36.4,saved,,0,149,89.7,,9.2,foot,0.321
SYN-00004-01297,1297,3863.1,3687.2,2,62,possession_change,away,A01,99,34,,,goalkeeper_save,,0,150,,,,,
SYN-00004-01298,1298,3867.6,3691.6,2,62,pressure,home,H10,99,34,,,,,0,150,,,,,
SYN-00004-01299,1299,3867.6,3691.6,2,62,pass,away,A01,99,34,82.4,35.4,complete,A06,1,150,56.3,,16.7,right_foot,
SYN-00004-01300,1300,3871.6,3695.6,2,62,pressure,home,H10,82.4,35.4,,,,,0,150,,,,,
SYN-00004-01301,1301,3871.6,3695.6,2,62,pass,away,A06,82.4,35.4,56.6,26.8,complete,A08,1,150,66.6,,27.1,right_foot,
SYN-00004-01302,1302,3874.9,3698.9,2,62,pass,away,A08,56.6,26.8,79.5,43.2,complete,A03,0,150,63.6,,28.1,right_foot,
SYN-00004-01303,1303,3878,3702,2,62,pass,away,A03,79.5,43.2,82.1,35.3,complete,A06,0,150,43.7,,8.3,right_foot,
SYN-00004-01304,1304,3880.9,3704.9,2,62,pass,away,A06,82.1,35.3,94.9,36.6,complete,A03,0,150,50.7,,12.9,right_foot,
SYN-00004-01305,1305,3883.5,3707.5,2,62,pass,away,A03,94.9,36.6,81.9,30.7,intercepted,A08,0,150,62.4,,27.3,left_foot,
SYN-00004-01306,1306,3884.3,3708.3,2,62,interception,home,H10,81.9,30.7,,,won,,0,150,,,,,
SYN-00004-01307,1307,3884.3,3708.3,2,62,possession_change,home,H10,81.9,30.7,,,interception,,0,151,,,,,
SYN-00004-01308,1308,3885.3,3709.3,2,62,pass,home,H10,81.9,30.7,64.7,22.6,complete,H07,0,151,47.5,,19,left_foot,
SYN-00004-01309,1309,3888.2,3712.2,2,62,carry,home,H07,64.7,22.6,79.4,23.4,complete,,0,151,,21.1,14.8,,
SYN-00004-01310,1310,3890.7,3714.7,2,62,pass,home,H07,79.4,23.4,95.7,7.3,complete,H09,0,151,53.8,,22.8,right_foot,
SYN-00004-01311,1311,3895,3719.1,2,62,pass,home,H09,95.7,7.3,71.9,43,complete,H08,0,151,76,,42.9,right_foot,
SYN-00004-01312,1312,3898.6,3722.6,2,63,pass,home,H08,71.9,43,99.5,36.6,incomplete,H10,0,151,65.6,,25.4,right_foot,
SYN-00004-01313,1313,3902.3,3726.3,2,63,possession_change,away,A01,99.5,36.6,,,recovery,,0,152,,,,,
SYN-00004-01314,1314,3902.3,3726.3,2,63,carry,away,A01,99.5,36.6,91.7,38.4,complete,,0,152,,14.8,8,,
SYN-00004-01315,1315,3904.3,3728.3,2,63,pass,away,A01,91.7,38.4,97.1,32.2,complete,A04,0,152,41.2,,8.3,right_foot,
SYN-00004-01316,1316,3907.8,3731.8,2,63,pass,away,A04,97.1,32.2,72.9,42.5,complete,A07,0,152,50,,26.3,left_foot,
SYN-00004-01317,1317,3911.1,3735.1,2,63,pressure,home,H10,72.9,42.5,,,,,0,152,,,,,
SYN-00004-01318,1318,3911.1,3735.1,2,63,pass,away,A07,72.9,42.5,93.5,47.2,complete,A03,1,152,51.5,,21.1,right_foot,
SYN-00004-01319,1319,3913.7,3737.8,2,63,pass,away,A03,93.5,47.2,69.5,29,complete,A08,0,152,73.4,,30.1,right_foot,
SYN-00004-01320,1320,3916.6,3740.6,2,63,carry,away,A08,69.5,29,62.3,28.7,dispossessed,,0,152,,24.1,7.3,,
SYN-00004-01321,1321,3917.6,3741.7,2,63,tackle,home,H10,62.3,28.7,,,won,,0,152,,,,,
SYN-00004-01322,1322,3917.6,3741.7,2,63,possession_change,home,H10,62.3,28.7,,,tackle,,0,153,,,,,
SYN-00004-01323,1323,3918.5,3742.5,2,63,pass,home,H10,62.3,28.7,60.1,21.3,complete,H07,0,153,32,,7.7,right_foot,
SYN-00004-01324,1324,3921.3,3745.3,2,63,pass,home,H07,60.1,21.3,92.3,27.9,complete,H10,0,153,74.3,,32.9,right_foot,
SYN-00004-01325,1325,3924.8,3748.8,2,63,pass,home,H10,92.3,27.9,74.5,0,out,H07,0,153,55.8,,18.5,left_foot,
SYN-00004-01326,1326,3926,3750,2,63,possession_change,away,A11,74.5,1,,,out_of_play,,0,154,,,,,
SYN-00004-01327,1327,3942.1,3766.1,2,63,pressure,home,H09,74.5,1,,,,,0,154,,,,,
SYN-00004-01328,1328,3942.1,3766.1,2,63,pass,away,A11,74.5,1,79.1,1,complete,A05,1,154,34.6,,4.6,right_foot,
SYN-00004-01329,1329,3944.8,3768.8,2,63,pass,away,A05,79.1,1,78.2,22,complete,A06,0,154,54.5,,21,right_foot,
SYN-00004-01330,1330,3948.8,3772.8,2,63,pressure,home,H10,78.2,22,,,,,0,154,,,,,
SYN-00004-01331,1331,3948.8,3772.8,2,63,pass,away,A06,78.2,22,102.3,34.3,complete,A01,1,154,60.8,,27.1,right_foot,
SYN-00004-01332,1332,3952.8,3776.8,2,63,pass,away,A01,102.3,34.3,97.5,10.8,complete,A05,0,154,57.7,,24,left_foot,
SYN-00004-01333,1333,3957.1,3781.1,2,64,carry,away,A05,97.5,10.8,88.8,10.7,complete,,0,154,,15.5,8.7,,
SYN-00004-01334,1334,3959.1,3783.1,2,64,pressure,home,H10,88.8,10.7,,,,,0,154,,,,,
SYN-00004-01335,1335,3959.1,3783.1,2,64,pass,away,A05,88.8,10.7,94.6,33.2,complete,A03,1,154,60.6,,23.3,right_foot,
SYN-00004-01336,1336,3961.8,3785.8,2,64,pass,away,A03,94.6,33.2,85.5,37.1,complete,A06,0,154,34.7,,9.9,right_foot,
SYN-00004-01337,1337,3965.4,3789.5,2,64,pass,away,A06,85.5,37.1,69.5,0,out,A08,0,154,64.9,,26.3,right_foot,
SYN-00004-01338,1338,3966.9,3790.9,2,64,possession_change,home,H09,69.5,1,,,out_of_play,,0,155,,,,,
SYN-00004-01339,1339,3977.9,3801.9,2,64,pass,home,H09,69.5,1,53.8,20.5,complete,H06,0,155,61.3,,25,right_foot,
SYN-00004-01340,1340,3980.5,3804.5,2,64,pass,home,H06,53.8,20.5,33.1,9.5,complete,H02,0,155,49.8,,23.4,right_foot,
SYN-00004-01341,1341,3985,3809,2,64,carry,home,H02,33.1,9.5,37.2,9,dispossessed,,0,155,,18.9,4.1,,
SYN-00004-01342,1342,3985.8,3809.8,2,64,tackle,away,A11,37.2,9,,,won,,0,155,,,,,
SYN-00004-01343,1343,3985.8,3809.8,2,64,possession_change,away,A11,37.2,9,,,tackle,,0,156,,,,,
SYN-00004-01344,1344,3986.8,3810.8,2,64,pass,away,A11,37.2,9,40.1,11.5,complete,A08,0,156,26.7,,3.8,right_foot,
SYN-00004-01345,1345,3989.2,3813.2,2,64,sprint,home,H06,24.8,25,,,,,0,156,,29.4,32.2,,
SYN-00004-01346,1346,3989.2,3813.2,2,64,pass,away,A08,40.1,11.5,16.1,5.2,complete,A11,0,156,62.1,,24.8,right_foot,
SYN-00004-01347,1347,3992,3816.1,2,64,pass,away,A11,16.1,5.2,34.3,15.7,complete,A08,0,156,59.8,,21,right_foot,
SYN-00004-01348,1348,3995.9,3820,2,64,pass,away,A08,34.3,15.7,14.5,5.9,complete,A11,0,156,58.1,,22.1,right_foot,
SYN-00004-01349,1349,3999.8,3823.8,2,64,pass,away,A11,14.5,5.9,6,0,out,A10,0,156,62.9,,29.5,right_foot,
SYN-00004-01350,1350,4001.5,3825.5,2,64,possession_change,home,H02,6,1,,,out_of_play,,0,157,,,,,
SYN-00004-01351,1351,4019.8,3843.8,2,65,carry,home,H02,6,1,17.4,1,complete,,0,157,,14.9,12,,
SYN-00004-01352,1352,4022.7,3846.7,2,65,carry,home,H02,17.4,1,20.8,4.3,complete,,0,157,,24.3,4.7,,
SYN-00004-01353,1353,4023.4,3847.4,2,65,pass,home,H02,20.8,4.3,25.9,24.9,complete,H06,0,157,48.2,,21.2,head,
SYN-00004-01354,1354,4027.2,3851.2,2,65,carry,home,H06,25.9,24.9,40.9,25.6,complete,,0,157,,18.4,15,,
SYN-00004-01355,1355,4030.2,3854.2,2,65,carry,home,H06,40.9,25.6,46.6,16.8,complete,,0,157,,17.2,10.4,,
SYN-00004-01356,1356,4032.3,3856.3,2,65,carry,home,H06,46.6,16.8,60.5,23.2,complete,,0,157,,19.8,15.3,,
SYN-00004-01357,1357,4035.1,3859.1,2,65,pass,home,H06,60.5,23.2,95.7,30.4,complete,H10,0,157,73.9,,35.9,right_foot,
SYN-00004-01358,1358,4038.1,3862.1,2,65,pass,home,H10,95.7,30.4,101.2,0,out,H09,0,157,59.6,,29.4,right_foot,
SYN-00004-01359,1359,4039.9,3863.9,2,65,possession_change,away,A05,101.2,1,,,out_of_play,,0,158,,,,,
SYN-00004-01360,1360,4055,3879.1,2,65,pass,away,A05,101.2,1,104,15.6,complete,A04,0,158,52,,14.9,right_foot,
SYN-00004-01361,1361,4057.7,3881.8,2,65,pressure,home,H10,104,15.6,,,,,0,158,,,,,
SYN-00004-01362,1362,4057.7,3881.8,2,65,pass,away,A04,104,15.6,81.7,29.7,complete,A06,1,158,61.6,,26.4,right_foot,
SYN-00004-01363,1363,4061.8,3885.9,2,65,pressure,home,H10,81.7,29.7,,,,,0,158,,,,,
SYN-00004-01364,1364,4061.8,3885.9,2,65,pass,away,A06,81.7,29.7,103.9,32.1,complete,A01,1,158,51.9,,22.4,right_foot,
SYN-00004-01365,1365,4066,3890,2,65,pass,away,A01,103.9,32.1,92.3,6.1,complete,A05,0,158,68.3,,28.4,right_foot,
SYN-00004-01366,1366,4068.5,3892.5,2,65,pass,away,A05,92.3,6.1,65.3,42.1,incomplete,A07,0,158,82.4,,43.4,right_foot,
SYN-00004-01367,1367,4072.1,3896.1,2,65,possession_change,home,H11,65.3,42.1,,,recovery,,0,159,,,,,
SYN-00004-01368,1368,4072.1,3896.1,2,65,pass,home,H11,65.3,42.1,58.4,44.8,complete,H08,0,159,38,,7.4,right_foot,
SYN-00004-01369,1369,4074,3898,2,65,pass,home,H08,58.4,44.8,47.5,0,out,H06,0,159,43.2,,17,right_foot,
SYN-00004-01370,1370,4075.4,3899.4,2,65,possession_change,away,A11,47.5,1,,,out_of_play,,0,160,,,,,
SYN-00004-01371,1371,4083.9,3907.9,2,66,pass,away,A11,47.5,1,46.6,15.3,complete,A08,0,160,54.5,,14.3,left_foot,
SYN-00004-01372,1372,4087.5,3911.5,2,66,pass,away,A08,46.6,15.3,56,31.1,complete,A06,0,160,47.3,,18.4,left_foot,
SYN-00004-01373,1373,4089.9,3913.9,2,66,pass,away,A06,56,31.1,49.3,21.4,complete,A08,0,160,47.2,,11.8,right_foot,
SYN-00004-01374,1374,4093.5,3917.5,2,66,pass,away,A08,49.3,21.4,23.9,1,incomplete,A11,0,160,71.9,,32.4,right_foot,
SYN-00004-01375,1375,4097.2,3921.2,2,66,possession_change,home,H02,23.9,1,,,recovery,,0,161,,,,,
SYN-00004-01376,1376,4097.2,3921.2,2,66,pass,home,H02,23.9,1,38.7,15.2,complete,H07,0,161,51.8,,20.5,right_foot,
SYN-00004-01377,1377,4101.5,3925.5,2,66,pass,home,H07,38.7,15.2,68.8,6.7,complete,H09,0,161,64.6,,31.3,right_foot,
SYN-00004-01378,1378,4105.8,3929.8,2,66,pressure,away,A08,68.8,6.7,,,,,0,161,,,,,
SYN-00004-01379,1379,4105.8,3929.8,2,66,pass,home,H09,68.8,6.7,64,0,out,H07,1,161,42.6,,11.5,right_foot,
SYN-00004-01380,1380,4106.8,3930.8,2,66,possession_change,away,A11,64,1,,,out_of_play,,0,162,,,,,
SYN-00004-01381,1381,4120.4,3944.4,2,66,carry,away,A11,64,1,50.3,5.5,complete,,0,162,,20,14.4,,
SYN-00004-01382,1382,4123,3947,2,66,pass,away,A11,50.3,5.5,43.8,41.6,complete,A07,0,162,67.9,,36.6,left_foot,
SYN-00004-01383,1383,4127.7,3951.7,2,66,pressure,home,H10,43.8,41.6,,,,,0,162,,,,,
SYN-00004-01384,1384,4127.7,3951.7,2,66,carry,away,A07,43.8,41.6,38.2,36.5,complete,,1,162,,14.7,7.6,,
SYN-00004-01385,1385,4129.6,3953.6,2,66,pass,away,A07,38.2,36.5,11.1,30,complete,A10,0,162,63.1,,27.8,right_foot,
SYN-00004-01386,1386,4132.3,3956.3,2,66,pressure,home,H06,11.1,30,,,,,0,162,,,,,
SYN-00004-01387,1387,4132.3,3956.3,2,66,shot,away,A10,11.1,30,9.1,30,blocked,,1,162,62.6,,11.8,foot,0.156
SYN-00004-01388,1388,4133.5,3957.5,2,66,possession_change,home,H06,11.1,30,,,blocked_shot,,0,163,,,,,
SYN-00004-01389,1389,4134.5,3958.5,2,66,pass,home,H06,11.1,30,36.6,42,complete,H08,0,163,56.5,,28.2,right_foot,
SYN-00004-01390,1390,4139.2,3963.3,2,67,pass,home,H08,36.6,42,13.3,48.6,complete,H13,0,163,56.7,,24.2,right_foot,
SYN-00004-01391,1391,4141.9,3965.9,2,67,pressure,away,A10,13.3,48.6,,,,,0,163,,,,,
SYN-00004-01392,1392,4141.9,3965.9,2,67,carry,home,H13,13.3,48.6,15.2,47.9,dispossessed,,1,163,,15.5,2,,
SYN-00004-01393,1393,4142.4,3966.4,2,67,foul,away,A10,15.2,47.9,,,free_kick,,0,163,,,,,
SYN-00004-01394,1394,4173.8,3997.8,2,67,carry,home,H13,15.2,47.9,22.7,48.5,complete,,0,164,,21.6,7.5,,
SYN-00004-01395,1395,4175.1,3999.1,2,67,carry,home,H13,22.7,48.5,32.4,51.9,complete,,0,164,,16.6,10.3,,
SYN-00004-01396,1396,4177.3,4001.3,2,67,pass,home,H13,32.4,51.9,33.9,35.6,complete,H06,0,164,48.7,,16.4,right_foot,
SYN-00004-01397,1397,4179.6,4003.6,2,67,pass,home,H06,33.9,35.6,42.7,45.4,complete,H08,0,164,42.9,,13.2,right_foot,
SYN-00004-01398,1398,4183.3,4007.3,2,67,pass,home,H08,42.7,45.4,73.5,61.5,complete,H11,0,164,67.7,,34.8,right_foot,
SYN-00004-01399,1399,4188.1,4012.1,2,67,sprint,away,A10,54.2,45,,,,,0,164,,31.5,17.7,,
SYN-00004-01400,1400,4188.1,4012.1,2,67,pass,home,H11,73.5,61.5,69.5,56.8,complete,H08,0,164,39.2,,6.1,right_foot,
SYN-00004-01401,1401,4191.4,4015.4,2,67,carry,home,H08,69.5,56.8,75.4,56.1,dispossessed,,0,164,,24.1,5.9,,
SYN-00004-01402,1402,4192.3,4016.3,2,67,tackle,away,A07,75.4,56.1,,,won,,0,164,,,,,
SYN-00004-01403,1403,4192.3,4016.3,2,67,possession_change,away,A07,75.4,56.1,,,tackle,,0,165,,,,,
SYN-00004-01404,1404,4193.6,4017.6,2,67,pass,away,A07,75.4,56.1,68.1,41.9,incomplete,A06,0,165,54,,16.4,right_foot,
SYN-00004-01405,1405,4196.8,4020.8,2,68,possession_change,home,H10,68.1,41.9,,,recovery,,0,166,,,,,
SYN-00004-01406,1406,4196.8,4020.8,2,68,pass,home,H10,68.1,41.9,84.4,6.2,complete,H09,0,166,74.2,,39.3,right_foot,
SYN-00004-01407,1407,4200.5,4024.5,2,68,pass,home,H09,84.4,6.2,68,12.5,incomplete,H07,0,166,57.1,,22.8,left_foot,
SYN-00004-01408,1408,4203.3,4027.3,2,68,possession_change,away,A08,68,12.5,,,recovery,,0,167,,,,,
SYN-00004-01409,1409,4203.3,4027.3,2,68,pressure,home,H10,68,12.5,,,,,0,167,,,,,
SYN-00004-01410,1410,4203.3,4027.3,2,68,pass,away,A08,68,12.5,91.3,21.9,complete,A04,1,167,57.2,,25.1,head,
SYN-00004-01411,1411,4206.6,4030.6,2,68,pass,away,A04,91.3,21.9,79.7,37.8,complete,A06,0,167,47.3,,19.7,right_foot,
SYN-00004-01412,1412,4210.5,4034.5,2,68,carry,away,A06,79.7,37.8,73,36.3,complete,,0,167,,23.6,6.8,,
SYN-00004-01413,1413,4211.5,4035.5,2,68,pass,away,A06,73,36.3,58,20.6,complete,A08,0,167,56.4,,21.8,left_foot,
SYN-00004-01414,1414,4215.9,4039.9,2,68,pass,away,A08,58,20.6,49.6,47.6,complete,A07,0,167,64.7,,28.3,right_foot,
SYN-00004-01415,1415,4219.2,4043.2,2,68,pass,away,A07,49.6,47.6,14.5,31.1,incomplete,A10,0,167,84.7,,39.7,right_foot,
SYN-00004-01416,1416,4222.1,4046.1,2,68,possession_change,home,H03,14.5,31.1,,,recovery,,0,168,,,,,
SYN-00004-01417,1417,4222.1,4046.1,2,68,pressure,away,A10,14.5,31.1,,,,,0,168,,,,,
SYN-00004-01418,1418,4222.1,4046.1,2,68,pass,home,H03,14.5,31.1,25.4,30.1,complete,H06,1,168,51.1,,11,right_foot,
SYN-00004-01419,1419,4225.2,4049.2,2,68,pressure,away,A10,25.4,30.1,,,,,0,168,,,,,
SYN-00004-01420,1420,4225.2,4049.2,2,68,pass,home,H06,25.4,30.1,18.7,8.1,complete,H02,1,168,60.1,,22.9,right_foot,
SYN-00004-01421,1421,4229.4,4053.4,2,68,carry,home,H02,18.7,8.1,26.4,17.8,complete,,0,168,,25.9,12.3,,
SYN-00004-01422,1422,4231.1,4055.1,2,68,pass,home,H02,26.4,17.8,37.5,38.3,incomplete,H08,0,168,68.3,,27.3,right_foot,
SYN-00004-01423,1423,4234.4,4058.4,2,68,possession_change,away,A10,37.5,38.3,,,recovery,,0,169,,,,,
SYN-00004-01424,1424,4234.4,4058.4,2,68,pass,away,A10,37.5,38.3,45.4,19.7,complete,A08,0,169,51,,20.3,right_foot,
SYN-00004-01425,1425,4237.2,4061.3,2,68,pass,away,A08,45.4,19.7,26.2,2.2,complete,A11,0,169,67.4,,25.9,right_foot,
SYN-00004-01426,1426,4239.9,4063.9,2,68,pressure,home,H07,26.2,2.2,,,,,0,169,,,,,
SYN-00004-01427,1427,4239.9,4063.9,2,68,pass,away,A11,26.2,2.2,1,27.5,complete,A10,1,169,74.9,,35.7,right_foot,
SYN-00004-01428,1428,4244.1,4068.1,2,68,pressure,home,H01,1,27.5,,,,,0,169,,,,,
SYN-00004-01429,1429,4244.1,4068.1,2,68,pass,away,A10,1,27.5,4.8,8.7,complete,A11,1,169,55.9,,19.2,right_foot,
SYN-00004-01430,1430,4247.9,4071.9,2,68,pass,away,A11,4.8,8.7,32,18.1,complete,A08,0,169,65.1,,28.8,left_foot,
SYN-00004-01431,1431,4251,4075,2,68,carry,away,A08,32,18.1,26.3,18.1,complete,,0,169,,24.5,5.7,,
SYN-00004-01432,1432,4251.8,4075.9,2,68,carry,away,A08,26.3,18.1,20.7,27.7,complete,,0,169,,16.2,11.1,,
SYN-00004-01433,1433,4254.3,4078.3,2,68,shot,away,A08,20.7,27.7,0,33,saved,,0,169,91.6,,21.6,foot,0.055
SYN-00004-01434,1434,4255.7,4079.7,2,68,possession_change,home,H01,6,34,,,goalkeeper_save,,0,170,,,,,
SYN-00004-01435,1435,4260.5,4084.5,2,69,pass,home,H01,6,34,27.5,32.6,incomplete,H06,0,170,59.5,,16,right_foot,
SYN-00004-01436,1436,4262.7,4086.7,2,69,possession_change,away,A10,27.5,32.6,,,recovery,,0,171,,,,,
SYN-00004-01437,1437,4262.7,4086.7,2,69,pass,away,A10,27.5,32.6,38.8,20,complete,A08,0,171,47.8,,16.9,right_foot,
SYN-00004-01438,1438,4265.7,4089.7,2,69,pass,away,A08,38.8,20,13.5,2.6,incomplete,A11,0,171,62.3,,25.9,left_foot,
SYN-00004-01439,1439,4268.5,4092.5,2,69,possession_change,home,H02,13.5,2.6,,,recovery,,0,172,,,,,
SYN-00004-01440,1440,4268.5,4092.5,2,69,pressure,away,A11,13.5,2.6,,,,,0,172,,,,,
SYN-00004-01441,1441,4268.5,4092.5,2,69,carry,home,H02,13.5,2.6,15.8,6.6,dispossessed,,1,172,,23.3,4.7,,
SYN-00004-01442,1442,4269.2,4093.2,2,69,foul,away,A10,15.8,6.6,,,free_kick,,0,172,,,,,
SYN-00004-01443,1443,4287.8,4111.8,2,69,pass,home,H02,15.8,6.6,1,24,complete,H01,0,173,54.5,,22.9,right_foot,
SYN-00004-01444,1444,4291.5,4115.6,2,69,sprint,home,H05,10.2,55.5,,,,,0,173,,32.6,28.1,,
SYN-00004-01445,1445,4291.5,4115.6,2,69,pass,home,H01,1,24,14.7,36.8,complete,H06,0,173,46.9,,18.8,right_foot,
SYN-00004-01446,1446,4295.9,4119.9,2,69,carry,home,H06,14.7,36.8,20.2,46.7,complete,,0,173,,17.4,11.2,,
SYN-00004-01447,1447,4298.2,4122.2,2,69,pass,home,H06,20.2,46.7,11.2,24.3,complete,H03,0,173,63.9,,24.1,left_foot,
SYN-00004-01448,1448,4300.7,4124.7,2,69,pass,home,H03,11.2,24.3,16.1,13.3,complete,H02,0,173,48.9,,12.1,right_foot,
SYN-00004-01449,1449,4303.5,4127.5,2,69,pressure,away,A10,16.1,13.3,,,,,0,173,,,,,
SYN-00004-01450,1450,4303.5,4127.5,2,69,pass,home,H02,16.1,13.3,43.3,19.4,incomplete,H07,1,173,62.8,,23.9,left_foot,
SYN-00004-01451,1451,4306.4,4130.4,2,69,possession_change,away,A10,43.3,19.4,,,recovery,,0,174,,,,,
SYN-00004-01452,1452,4306.4,4130.4,2,69,pass,away,A10,43.3,19.4,57.3,33.5,complete,A06,0,174,63.4,,19.9,left_foot,
SYN-00004-01453,1453,4309.9,4133.9,2,69,pass,away,A06,57.3,33.5,15.8,34.2,complete,A10,0,174,79.7,,41.5,right_foot,
SYN-00004-01454,1454,4314.5,4138.5,2,69,carry,away,A10,15.8,34.2,5.1,29,complete,,0,174,,21.1,11.8,,
SYN-00004-01455,1455,4316.5,4140.5,2,70,carry,away,A10,5.1,29,1,30.6,complete,,0,174,,22.3,11.9,,
SYN-00004-01456,1456,4318.4,4142.4,2,70,carry,away,A10,1,30.6,1,34.8,complete,,0,174,,22.9,10.2,,
SYN-00004-01457,1457,4320,4144,2,70,pressure,home,H01,1,34.8,,,,,0,174,,,,,
SYN-00004-01458,1458,4320,4144,2,70,shot,away,A10,1,34.8,0,27.1,off_target,,1,174,64.1,,1.3,head,0.752
SYN-00004-01459,1459,4320.6,4144.6,2,70,possession_change,home,H01,6,34,,,goal_kick,,0,175,,,,,
SYN-00004-01460,1460,4340.3,4164.3,2,70,pass,home,H01,6,34,11.5,6.1,complete,H02,0,175,59,,28.4,right_foot,
SYN-00004-01461,1461,4344.6,4168.6,2,70,pressure,away,A10,11.5,6.1,,,,,0,175,,,,,
SYN-00004-01462,1462,4344.6,4168.6,2,70,pass,home,H02,11.5,6.1,4.2,0,out,H01,1,175,56.2,,23.9,right_foot,
SYN-00004-01463,1463,4346.1,4170.2,2,70,possession_change,away,A11,4.2,1,,,out_of_play,,0,176,,,,,
SYN-00004-01464,1464,4356.1,4180.2,2,70,pass,away,A11,4.2,1,35.6,17.2,complete,A08,0,176,73.9,,35.4,right_foot,
SYN-00004-01465,1465,4359.9,4183.9,2,70,pass,away,A08,35.6,17.2,22.6,6.3,intercepted,A11,0,176,64.4,,19.7,left_foot,
SYN-00004-01466,1466,4360.8,4184.8,2,70,interception,home,H02,22.6,6.3,,,won,,0,176,,,,,
SYN-00004-01467,1467,4360.8,4184.8,2,70,possession_change,home,H02,22.6,6.3,,,interception,,0,177,,,,,
SYN-00004-01468,1468,4361.4,4185.4,2,70,pressure,away,A11,22.6,6.3,,,,,0,177,,,,,
SYN-00004-01469,1469,4361.4,4185.4,2,70,pass,home,H02,22.6,6.3,10.3,14.6,complete,H03,1,177,48.9,,14.8,right_foot,
SYN-00004-01470,1470,4364.7,4188.7,2,70,pass,home,H03,10.3,14.6,13.5,6.7,complete,H02,0,177,44.7,,8.6,right_foot,
SYN-00004-01471,1471,4367.8,4191.8,2,70,pressure,away,A10,13.5,6.7,,,,,0,177,,,,,
SYN-00004-01472,1472,4367.8,4191.8,2,70,pass,home,H02,13.5,6.7,38,11.4,complete,H07,1,177,61.1,,25,right_foot,
SYN-00004-01473,1473,4370.5,4194.5,2,70,pass,home,H07,38,11.4,37.9,23.9,complete,H06,0,177,48,,12.5,right_foot,
SYN-00004-01474,1474,4373.1,4197.1,2,70,pass,home,H06,37.9,23.9,20.8,37.7,intercepted,H13,0,177,58.6,,24.8,right_foot,
SYN-00004-01475,1475,4374.5,4198.5,2,70,interception,away,A10,20.8,37.7,,,won,,0,177,,,,,
SYN-00004-01476,1476,4374.5,4198.5,2,70,possession_change,away,A10,20.8,37.7,,,interception,,0,178,,,,,
SYN-00004-01477,1477,4375.5,4199.5,2,70,pressure,home,H06,20.8,37.7,,,,,0,178,,,,,
SYN-00004-01478,1478,4375.5,4199.5,2,70,pass,away,A10,20.8,37.7,7.4,13,complete,A11,1,178,68.6,,28.1,right_foot,
SYN-00004-01479,1479,4379.3,4203.4,2,71,pass,away,A11,7.4,13,27.5,35.4,incomplete,A07,0,178,63,,31.6,right_foot,
SYN-00004-01480,1480,4383,4207.1,2,71,possession_change,home,H08,27.5,35.4,,,recovery,,0,179,,,,,
SYN-00004-01481,1481,4383,4207.1,2,71,pass,home,H08,27.5,35.4,23,58.5,complete,H05,0,179,60.7,,23.6,head,
SYN-00004-01482,1482,4387.4,4211.4,2,71,pass,home,H05,23,58.5,27.5,38.4,complete,H06,0,179,53.6,,20.7,right_foot,
SYN-00004-01483,1483,4391.8,4215.8,2,71,substitution,home,H14,,,,,substitution,,0,179,,,,,
SYN-00004-01484,1484,4391.8,4215.8,2,71,pressure,away,A10,27.5,38.4,,,,,0,179,,,,,
SYN-00004-01485,1485,4391.8,4215.8,2,71,pass,home,H06,27.5,38.4,24.9,54.4,intercepted,H14,1,179,50.3,,21.3,right_foot,
SYN-00004-01486,1486,4392.9,4216.9,2,71,interception,away,A09,24.9,54.4,,,won,,0,179,,,,,
SYN-00004-01487,1487,4392.9,4216.9,2,71,possession_change,away,A09,24.9,54.4,,,interception,,0,180,,,,,
SYN-00004-01488,1488,4394,4218,2,71,pass,away,A09,24.9,54.4,8,40.7,incomplete,A10,0,180,65.5,,25.1,right_foot,
SYN-00004-01489,1489,4397.6,4221.6,2,71,possession_change,home,H01,8,40.7,,,recovery,,0,181,,,,,
SYN-00004-01490,1490,4397.6,4221.6,2,71,pressure,away,A10,8,40.7,,,,,0,181,,,,,
SYN-00004-01491,1491,4397.6,4221.6,2,71,pass,home,H01,8,40.7,4.2,20.4,complete,H03,1,181,57.8,,20.6,right_foot,
SYN-00004-01492,1492,4401.2,4225.2,2,71,pass,home,H03,4.2,20.4,11.9,2.9,complete,H02,0,181,55.6,,19.1,right_foot,
SYN-00004-01493,1493,4404.4,4228.4,2,71,pass,home,H02,11.9,2.9,28.3,0,out,H06,0,181,63.3,,28.3,left_foot,
SYN-00004-01494,1494,4406,4230,2,71,possession_change,away,A11,28.3,1,,,out_of_play,,0,182,,,,,
SYN-00004-01495,1495,4420.1,4244.1,2,71,pass,away,A11,28.3,1,43.5,14.9,complete,A08,0,182,48.9,,20.6,left_foot,
SYN-00004-01496,1496,4424.2,4248.2,2,71,pass,away,A08,43.5,14.9,62.2,22.7,complete,A06,0,182,57.8,,20.2,right_foot,
SYN-00004-01497,1497,4428.2,4252.2,2,71,pass,away,A06,62.2,22.7,50,39.3,complete,A07,0,182,50.2,,20.6,right_foot,
SYN-00004-01498,1498,4431,4255,2,71,pressure,home,H10,50,39.3,,,,,0,182,,,,,
SYN-00004-01499,1499,4431,4255,2,71,pass,away,A07,50,39.3,59.3,37.5,complete,A06,1,182,42.8,,9.5,right_foot,
SYN-00004-01500,1500,4434,4258,2,71,pressure,home,H10,59.3,37.5,,,,,0,182,,,,,
SYN-00004-01501,1501,4434,4258,2,71,pass,away,A06,59.3,37.5,81.8,21.3,complete,A04,1,182,66.5,,27.7,left_foot,
SYN-00004-01502,1502,4437.2,4261.2,2,72,carry,away,A04,81.8,21.3,72.3,21,complete,,0,182,,23.3,9.5,,
SYN-00004-01503,1503,4438.7,4262.7,2,72,pass,away,A04,72.3,21,92.1,36.8,complete,A03,0,182,58.5,,25.3,right_foot,
SYN-00004-01504,1504,4443.2,4267.2,2,72,pass,away,A03,92.1,36.8,65.6,45.9,complete,A07,0,182,69.3,,28,right_foot,
SYN-00004-01505,1505,4447.3,4271.3,2,72,pass,away,A07,65.6,45.9,74.7,30.9,intercepted,A04,0,182,55.9,,24.7,right_foot,
SYN-00004-01506,1506,4448.4,4272.4,2,72,interception,home,H10,74.7,30.9,,,won,,0,182,,,,,
SYN-00004-01507,1507,4448.4,4272.4,2,72,possession_change,home,H10,74.7,30.9,,,interception,,0,183,,,,,
SYN-00004-01508,1508,4449.9,4273.9,2,72,pass,home,H10,74.7,30.9,54.8,30.6,complete,H06,0,183,54.4,,19.9,right_foot,
SYN-00004-01509,1509,4453.2,4277.2,2,72,pressure,away,A10,54.8,30.6,,,,,0,183,,,,,
SYN-00004-01510,1510,4453.2,4277.2,2,72,carry,home,H06,54.8,30.6,67.7,31.3,complete,,1,183,,23.8,12.9,,
SYN-00004-01511,1511,4455.1,4279.2,2,72,pass,home,H06,67.7,31.3,80.4,55.4,complete,H11,0,183,60.1,,27.2,left_foot,
SYN-00004-01512,1512,4458.3,4282.3,2,72,substitution,away,A13,,,,,substitution,,0,183,,,,,
SYN-00004-01513,1513,4458.3,4282.3,2,72,pass,home,H11,80.4,55.4,53.8,37.1,complete,H06,0,183,66.8,,32.3,right_foot,
SYN-00004-01514,1514,4461.5,4285.5,2,72,pass,home,H06,53.8,37.1,55.4,41.8,complete,H08,0,183,37.6,,4.9,left_foot,
SYN-00004-01515,1515,4463.8,4287.9,2,72,pass,home,H08,55.4,41.8,53.9,34.1,complete,H06,0,183,25.5,,7.8,right_foot,
SYN-00004-01516,1516,4466.3,4290.3,2,72,pass,home,H06,53.9,34.1,37.4,11.9,complete,H02,0,183,62.4,,27.6,right_foot,
SYN-00004-01517,1517,4470.1,4294.1,2,72,pass,home,H02,37.4,11.9,16.1,19.1,complete,H03,0,183,52.2,,22.5,right_foot,
SYN-00004-01518,1518,4473.7,4297.7,2,72,pressure,away,A13,16.1,19.1,,,,,0,183,,,,,
SYN-00004-01519,1519,4473.7,4297.7,2,72,carry,home,H03,16.1,19.1,20.4,20,complete,,1,183,,21.4,4.4,,
SYN-00004-01520,1520,4474.4,4298.4,2,72,pressure,away,A13,20.4,20,,,,,0,183,,,,,
SYN-00004-01521,1521,4474.4,4298.4,2,72,carry,home,H03,20.4,20,30.9,8.4,complete,,1,183,,20.7,15.7,,
SYN-00004-01522,1522,4477.1,4301.2,2,72,pass,home,H03,30.9,8.4,53.4,17.3,complete,H07,0,183,66.6,,24.2,right_foot,
SYN-00004-01523,1523,4479.9,4303.9,2,72,sprint,away,A13,48.2,27.3,,,,,0,183,,34.5,37.5,,
SYN-00004-01524,1524,4479.9,4303.9,2,72,carry,home,H07,53.4,17.3,58.8,16.8,complete,,0,183,,23,5.4,,
SYN-00004-01525,1525,4480.7,4304.8,2,72,carry,home,H07,58.8,16.8,70.1,16.7,complete,,0,183,,24.4,11.4,,
SYN-00004-01526,1526,4482.4,4306.4,2,72,pass,home,H07,70.1,16.7,93.7,29.6,complete,H10,0,183,62.8,,26.9,left_foot,
SYN-00004-01527,1527,4486.4,4310.4,2,72,shot,home,H10,93.7,29.6,105,32.6,goal,,0,183,81.6,,12.1,foot,0.208
SYN-00004-01528,1528,4537.7,4361.7,2,73,kickoff,away,A13,52.5,34,,,,,0,184,,,,,
SYN-00004-01529,1529,4538.7,4362.7,2,73,substitution,away,A14,,,,,substitution,,0,184,,,,,
SYN-00004-01530,1530,4538.7,4362.7,2,73,pass,away,A13,52.5,34,51.5,41.2,complete,A07,0,184,33.1,,7.3,right_foot,
SYN-00004-01531,1531,4542.3,4366.3,2,73,pressure,home,H10,51.5,41.2,,,,,0,184,,,,,
SYN-00004-01532,1532,4542.3,4366.3,2,73,pass,away,A07,51.5,41.2,20.8,34.9,complete,A13,1,184,66,,31.3,left_foot,
SYN-00004-01533,1533,4546.6,4370.6,2,73,shot,away,A13,20.8,34.9,0,32.7,saved,,0,184,88.3,,20.8,foot,0.063
SYN-00004-01534,1534,4547.9,4371.9,2,73,possession_change,home,H01,6,34,,,goalkeeper_save,,0,185,,,,,
SYN-00004-01535,1535,4555.8,4379.8,2,73,pass,home,H01,6,34,15.3,9.7,complete,H02,0,185,65.1,,26,right_foot,
SYN-00004-01536,1536,4560,4384,2,74,pass,home,H02,15.3,9.7,6.2,36,complete,H13,0,185,74,,27.9,left_foot,
SYN-00004-01537,1537,4563.3,4387.3,2,74,pass,home,H13,6.2,36,17.9,29.1,incomplete,H06,0,185,49.4,,11.7,right_foot,
SYN-00004-01538,1538,4566,4390,2,74,possession_change,away,A13,17.9,29.1,,,recovery,,0,186,,,,,
SYN-00004-01539,1539,4566,4390,2,74,pass,away,A13,17.9,29.1,32,23.1,complete,A08,0,186,44.1,,15.3,left_foot,
SYN-00004-01540,1540,4569.2,4393.2,2,74,pass,away,A08,32,23.1,14.5,4.6,complete,A11,0,186,54.9,,25.5,left_foot,
SYN-00004-01541,1541,4572.9,4396.9,2,74,pass,away,A11,14.5,4.6,31.2,12.3,complete,A08,0,186,52.3,,18.4,left_foot,
SYN-00004-01542,1542,4576.2,4400.2,2,74,shot,away,A08,31.2,12.3,0,33.8,saved,,0,186,96.1,,38,foot,0.006
SYN-00004-01543,1543,4578.1,4402.1,2,74,possession_change,home,H01,6,34,,,goalkeeper_save,,0,187,,,,,
SYN-00004-01544,1544,4585.1,4409.1,2,74,pressure,away,A13,6,34,,,,,0,187,,,,,
SYN-00004-01545,1545,4585.1,4409.1,2,74,pass,home,H01,6,34,36.4,26.2,complete,H07,1,187,78.2,,31.4,left_foot,
SYN-00004-01546,1546,4587.7,4411.8,2,74,pressure,away,A13,36.4,26.2,,,,,0,187,,,,,
SYN-00004-01547,1547,4587.7,4411.8,2,74,pass,home,H07,36.4,26.2,45.1,45.9,complete,H08,1,187,54.1,,21.5,right_foot,
SYN-00004-01548,1548,4591.1,4415.1,2,74,pass,home,H08,45.1,45.9,41.1,40,complete,H06,0,187,35.7,,7.1,left_foot,
SYN-00004-01549,1549,4594.5,4418.6,2,74,pass,home,H06,41.1,40,50.8,25.6,complete,H07,0,187,50.9,,17.4,right_foot,
SYN-00004-01550,1550,4598.1,4422.1,2,74,sprint,home,H07,54.6,19.9,,,,,0,187,,30.8,24.4,,
SYN-00004-01551,1551,4598.1,4422.1,2,74,pass,home,H07,50.8,25.6,19.5,0,out,H03,0,187,66.6,,30.6,left_foot,
SYN-00004-01552,1552,4599.7,4423.7,2,74,possession_change,away,A11,19.5,1,,,out_of_play,,0,188,,,,,
SYN-00004-01553,1553,4613.2,4437.2,2,74,pass,away,A11,19.5,1,39.1,17.6,complete,A08,0,188,50.8,,25.6,right_foot,
SYN-00004-01554,1554,4617.8,4441.8,2,75,pass,away,A08,39.1,17.6,64.2,8.3,complete,A14,0,188,56.9,,26.8,left_foot,
SYN-00004-01555,1555,4622.4,4446.5,2,75,pass,away,A14,64.2,8.3,51.1,14.9,complete,A08,0,188,45.8,,14.7,right_foot,
SYN-00004-01556,1556,4625.9,4449.9,2,75,pass,away,A08,51.1,14.9,14.4,29.4,complete,A13,0,188,86.5,,39.5,right_foot,
SYN-00004-01557,1557,4630.2,4454.2,2,75,pass,away,A13,14.4,29.4,2.9,11.2,incomplete,A11,0,188,52.4,,17.2,right_foot,
SYN-00004-01558,1558,4632.5,4456.5,2,75,possession_change,home,H02,2.9,11.2,,,recovery,,0,189,,,,,
SYN-00004-01559,1559,4632.5,4456.5,2,75,pressure,away,A13,2.9,11.2,,,,,0,189,,,,,
SYN-00004-01560,1560,4632.5,4456.5,2,75,pass,home,H02,2.9,11.2,7.8,17.3,complete,H03,1,189,35.4,,7.9,left_foot,
SYN-00004-01561,1561,4635.5,4459.5,2,75,pass,home,H03,7.8,17.3,6.4,31,complete,H01,0,189,42.9,,13.8,left_foot,
SYN-00004-01562,1562,4639.1,4463.2,2,75,pressure,away,A13,6.4,31,,,,,0,189,,,,,
SYN-00004-01563,1563,4639.1,4463.2,2,75,carry,home,H01,6.4,31,9.2,30,dispossessed,,1,189,,19,3.1,,
SYN-00004-01564,1564,4639.7,4463.7,2,75,tackle,away,A13,9.2,30,,,won,,0,189,,,,,
SYN-00004-01565,1565,4639.7,4463.7,2,75,possession_change,away,A13,9.2,30,,,tackle,,0,190,,,,,
SYN-00004-01566,1566,4640.3,4464.3,2,75,pressure,home,H01,9.2,30,,,,,0,190,,,,,
SYN-00004-01567,1567,4640.3,4464.3,2,75,shot,away,A13,9.2,30,0,35,saved,,1,190,67.4,,10.1,head,0.103
SYN-00004-01568,1568,4641.3,4465.3,2,75,possession_change,home,H01,6,34,,,goalkeeper_save,,0,191,,,,,
SYN-00004-01569,1569,4648.1,4472.1,2,75,pass,home,H01,6,34,13.7,8.8,complete,H02,0,191,63,,26.3,right_foot,
SYN-00004-01570,1570,4651.9,4476,2,75,pressure,away,A13,13.7,8.8,,,,,0,191,,,,,
SYN-00004-01571,1571,4651.9,4476,2,75,pass,home,H02,13.7,8.8,29.4,28.4,complete,H06,1,191,51.3,,25.1,right_foot,
SYN-00004-01572,1572,4656.6,4480.7,2,75,pressure,away,A13,29.4,28.4,,,,,0,191,,,,,
SYN-00004-01573,1573,4656.6,4480.7,2,75,pass,home,H06,29.4,28.4,2.5,30.8,complete,H01,1,191,60,,27,right_foot,
SYN-00004-01574,1574,4659.5,4483.5,2,75,pressure,away,A13,2.5,30.8,,,,,0,191,,,,,
SYN-00004-01575,1575,4659.5,4483.5,2,75,carry,home,H01,2.5,30.8,6.5,31.7,dispossessed,,1,191,,16.6,4.1,,
SYN-00004-01576,1576,4660.4,4484.4,2,75,tackle,away,A13,6.5,31.7,,,won,,0,191,,,,,
SYN-00004-01577,1577,4660.4,4484.4,2,75,possession_change,away,A13,6.5,31.7,,,tackle,,0,192,,,,,
SYN-00004-01578,1578,4661.4,4485.4,2,75,shot,away,A13,6.5,31.7,4.5,31.7,blocked,,0,192,85,,6.9,foot,0.443
SYN-00004-01579,1579,4663.2,4487.2,2,75,shot,away,A13,15.3,31.7,0,36.8,goal,,0,192,69.7,,15.5,foot,0.132
SYN-00004-01580,1580,4730.4,4554.4,2,76,kickoff,home,H10,52.5,34,,,,,0,193,,,,,
SYN-00004-01581,1581,4731.4,4555.4,2,76,pass,home,H10,52.5,34,56.9,46.8,complete,H08,0,193,43.4,,13.6,right_foot,
SYN-00004-01582,1582,4734.2,4558.3,2,76,pass,home,H08,56.9,46.8,87.1,62.2,incomplete,H11,0,193,85.5,,34.2,head,
SYN-00004-01583,1583,4737.2,4561.3,2,77,possession_change,away,A02,87.1,62.2,,,recovery,,0,194,,,,,
SYN-00004-01584,1584,4737.2,4561.3,2,77,pass,away,A02,87.1,62.2,96.3,49.6,complete,A03,0,194,42.8,,15.6,left_foot,
SYN-00004-01585,1585,4740.5,4564.5,2,77,pass,away,A03,96.3,49.6,76,68,out,A07,0,194,61.6,,28.2,right_foot,
SYN-00004-01586,1586,4742.1,4566.2,2,77,possession_change,home,H11,76,67,,,out_of_play,,0,195,,,,,
SYN-00004-01587,1587,4751.2,4575.2,2,77,pass,home,H11,76,67,64.4,50.8,complete,H08,0,195,48.5,,19.9,right_foot,
SYN-00004-01588,1588,4754.6,4578.6,2,77,pass,home,H08,64.4,50.8,98.9,36.2,complete,H10,0,195,74.2,,37.5,left_foot,
SYN-00004-01589,1589,4759.3,4583.3,2,77,pressure,away,A01,98.9,36.2,,,,,0,195,,,,,
SYN-00004-01590,1590,4759.3,4583.3,2,77,pass,home,H10,98.9,36.2,76.5,47.1,intercepted,H08,1,195,63.6,,28.7,left_foot,
SYN-00004-01591,1591,4760.7,4584.7,2,77,interception,away,A07,76.5,47.1,,,won,,0,195,,,,,
SYN-00004-01592,1592,4760.7,4584.7,2,77,possession_change,away,A07,76.5,47.1,,,interception,,0,196,,,,,
SYN-00004-01593,1593,4761.7,4585.7,2,77,pressure,home,H10,76.5,47.1,,,,,0,196,,,,,
SYN-00004-01594,1594,4761.7,4585.7,2,77,pass,away,A07,76.5,47.1,87.3,49.5,complete,A03,1,196,37.3,,11.1,left_foot,
SYN-00004-01595,1595,4765.5,4589.5,2,77,sprint,home,H07,46.4,28.2,,,,,0,196,,26.1,22.3,,
SYN-00004-01596,1596,4765.5,4589.5,2,77,pass,away,A03,87.3,49.5,61.5,50.7,complete,A07,0,196,71.2,,25.8,right_foot,
SYN-00004-01597,1597,4768.7,4592.7,2,77,pass,away,A07,61.5,50.7,30.1,67,complete,A09,0,196,71,,35.4,right_foot,
SYN-00004-01598,1598,4773.4,4597.4,2,77,pressure,home,H08,30.1,67,,,,,0,196,,,,,
SYN-00004-01599,1599,4773.4,4597.4,2,77,pass,away,A09,30.1,67,5.3,42.5,complete,A13,1,196,71.5,,34.8,right_foot,
SYN-00004-01600,1600,4777.3,4601.3,2,77,carry,away,A13,5.3,42.5,1,40.9,complete,,0,196,,22.9,7.2,,
SYN-00004-01601,1601,4778.5,4602.5,2,77,pass,away,A13,1,40.9,5.9,53.2,incomplete,A09,0,196,54.9,,15.7,left_foot,
SYN-00004-01602,1602,4781.2,4605.3,2,77,possession_change,home,H14,5.9,53.2,,,recovery,,0,197,,,,,
SYN-00004-01603,1603,4781.2,4605.3,2,77,pass,home,H14,5.9,53.2,6.3,30.3,complete,H03,0,197,51.3,,22.9,right_foot,
SYN-00004-01604,1604,4784.8,4608.8,2,77,carry,home,H03,6.3,30.3,18,33.5,complete,,0,197,,16.9,12.1,,
SYN-00004-01605,1605,4787.4,4611.4,2,77,pressure,away,A13,18,33.5,,,,,0,197,,,,,
SYN-00004-01606,1606,4787.4,4611.4,2,77,pass,home,H03,18,33.5,28.9,31.4,complete,H06,1,197,37.1,,11.1,right_foot,
SYN-00004-01607,1607,4791.2,4615.2,2,77,pressure,away,A13,28.9,31.4,,,,,0,197,,,,,
SYN-00004-01608,1608,4791.2,4615.2,2,77,pass,home,H06,28.9,31.4,14.3,48.9,complete,H13,1,197,57.7,,22.8,left_foot,
SYN-00004-01609,1609,4794,4618,2,77,pressure,away,A13,14.3,48.9,,,,,0,197,,,,,
SYN-00004-01610,1610,4794,4618,2,77,pass,home,H13,14.3,48.9,37.7,48.3,complete,H08,1,197,56.2,,23.4,right_foot,
SYN-00004-01611,1611,4798.2,4622.2,2,78,pass,home,H08,37.7,48.3,27,60.7,complete,H14,0,197,55,,16.4,left_foot,
SYN-00004-01612,1612,4800.5,4624.5,2,78,pass,home,H14,27,60.7,49.3,54.2,complete,H08,0,197,58.6,,23.2,right_foot,
SYN-00004-01613,1613,4803.4,4627.5,2,78,pass,home,H08,49.3,54.2,68.3,67,incomplete,H11,0,197,76.5,,29.8,left_foot,
SYN-00004-01614,1614,4807.1,4631.1,2,78,possession_change,away,A07,68.3,67,,,recovery,,0,198,,,,,
SYN-00004-01615,1615,4807.1,4631.1,2,78,pass,away,A07,68.3,67,27.2,67,complete,A09,0,198,84.6,,41.2,right_foot,
SYN-00004-01616,1616,4811.5,4635.5,2,78,pass,away,A09,27.2,67,37.9,49.1,complete,A07,0,198,54.5,,20.9,right_foot,
SYN-00004-01617,1617,4814.2,4638.2,2,78,pass,away,A07,37.9,49.1,39.2,20.1,complete,A08,0,198,65.1,,29,left_foot,
SYN-00004-01618,1618,4818.2,4642.2,2,78,pass,away,A08,39.2,20.1,22.6,4,complete,A11,0,198,56.2,,23.1,right_foot,
SYN-00004-01619,1619,4821.9,4646,2,78,pass,away,A11,22.6,4,1,24.6,complete,A13,0,198,60.6,,29.8,right_foot,
SYN-00004-01620,1620,4826.5,4650.5,2,78,pass,away,A13,1,24.6,3.4,51,complete,A09,0,198,59.9,,26.5,left_foot,
SYN-00004-01621,1621,4829.8,4653.8,2,78,pressure,home,H13,3.4,51,,,,,0,198,,,,,
SYN-00004-01622,1622,4829.8,4653.8,2,78,shot,away,A09,3.4,51,0,29,off_target,,1,198,43.1,,17.3,head,0.023
SYN-00004-01623,1623,4831.8,4655.8,2,78,possession_change,home,H01,6,34,,,goal_kick,,0,199,,,,,
SYN-00004-01624,1624,4854.6,4678.6,2,78,pass,home,H01,6,34,33.8,48.2,complete,H08,0,199,68.1,,31.3,right_foot,
SYN-00004-01625,1625,4858.4,4682.4,2,79,carry,home,H08,33.8,48.2,42,49.3,complete,,0,199,,19.3,8.3,,
SYN-00004-01626,1626,4860,4684,2,79,pressure,away,A13,42,49.3,,,,,0,199,,,,,
SYN-00004-01627,1627,4860,4684,2,79,pass,home,H08,42,49.3,54.5,27.3,complete,H07,1,199,67.8,,25.3,right_foot,
SYN-00004-01628,1628,4863.5,4687.6,2,79,pass,home,H07,54.5,27.3,55.6,48.8,complete,H08,0,199,55.2,,21.5,left_foot,
SYN-00004-01629,1629,4866.1,4690.1,2,79,sprint,away,A13,48.8,39.9,,,,,0,199,,28.2,39.8,,
SYN-00004-01630,1630,4866.1,4690.1,2,79,pressure,away,A13,55.6,48.8,,,,,0,199,,,,,
SYN-00004-01631,1631,4866.1,4690.1,2,79,pass,home,H08,55.6,48.8,47.1,39.5,intercepted,H06,1,199,54.2,,18.2,right_foot,
SYN-00004-01632,1632,4866.9,4690.9,2,79,interception,away,A13,47.1,39.5,,,won,,0,199,,,,,
SYN-00004-01633,1633,4866.9,4690.9,2,79,possession_change,away,A13,47.1,39.5,,,interception,,0,200,,,,,
SYN-00004-01634,1634,4868.1,4692.2,2,79,pass,away,A13,47.1,39.5,72.1,47.6,incomplete,A03,0,200,65.2,,31,left_foot,
SYN-00004-01635,1635,4871.3,4695.3,2,79,possession_change,home,H10,72.1,47.6,,,recovery,,0,201,,,,,
SYN-00004-01636,1636,4871.3,4695.3,2,79,pressure,away,A07,72.1,47.6,,,,,0,201,,,,,
SYN-00004-01637,1637,4871.3,4695.3,2,79,pass,home,H10,72.1,47.6,45.6,60.6,complete,H14,1,201,64.3,,29.5,right_foot,
SYN-00004-01638,1638,4875.1,4699.2,2,79,pass,home,H14,45.6,60.6,83.8,37.8,complete,H10,0,201,89.3,,44.5,right_foot,
SYN-00004-01639,1639,4879.9,4703.9,2,79,carry,home,H10,83.8,37.8,96.1,37.2,complete,,0,201,,17.9,12.3,,
SYN-00004-01640,1640,4882.4,4706.4,2,79,pass,home,H10,96.1,37.2,102.6,68,out,H11,0,201,46,,15.9,right_foot,
SYN-00004-01641,1641,4883.7,4707.7,2,79,possession_change,away,A02,102.6,67,,,out_of_play,,0,202,,,,,
SYN-00004-01642,1642,4903.3,4727.3,2,79,pressure,home,H11,102.6,67,,,,,0,202,,,,,
SYN-00004-01643,1643,4903.3,4727.3,2,79,carry,away,A02,102.6,67,100.2,67,dispossessed,,1,202,,14.7,3.1,,
SYN-00004-01644,1644,4904.1,4728.1,2,79,foul,home,H11,100.2,67,,,free_kick,,0,202,,,,,
SYN-00004-01645,1645,4928.4,4752.5,2,80,pass,away,A02,100.2,67,95.7,52.5,incomplete,A06,0,203,51.2,,22.3,right_foot,
SYN-00004-01646,1646,4931.8,4755.8,2,80,possession_change,home,H10,95.7,52.5,,,recovery,,0,204,,,,,
SYN-00004-01647,1647,4931.8,4755.8,2,80,pressure,away,A03,95.7,52.5,,,,,0,204,,,,,
SYN-00004-01648,1648,4931.8,4755.8,2,80,pass,home,H10,95.7,52.5,98.6,56.7,complete,H11,1,204,33.8,,5.1,right_foot,
SYN-00004-01649,1649,4933.8,4757.8,2,80,pressure,away,A03,98.6,56.7,,,,,0,204,,,,,
SYN-00004-01650,1650,4933.8,4757.8,2,80,pass,home,H11,98.6,56.7,100.9,42.3,complete,H10,1,204,57.1,,14.6,left_foot,
SYN-00004-01651,1651,4937.5,4761.5,2,80,pressure,away,A03,100.9,42.3,,,,,0,204,,,,,
SYN-00004-01652,1652,4937.5,4761.5,2,80,shot,home,H10,100.9,42.3,102.9,42.3,blocked,,1,204,75.6,,9.3,foot,0.174
SYN-00004-01653,1653,4938.4,4762.4,2,80,possession_change,away,A03,100.9,42.3,,,blocked_shot,,0,205,,,,,
SYN-00004-01654,1654,4939.4,4763.4,2,80,pressure,home,H10,100.9,42.3,,,,,0,205,,,,,
SYN-00004-01655,1655,4939.4,4763.4,2,80,pass,away,A03,100.9,42.3,90.5,58.7,incomplete,A02,1,205,41.9,,16.2,right_foot,
SYN-00004-01656,1656,4942.7,4766.7,2,80,possession_change,home,H11,90.5,58.7,,,recovery,,0,206,,,,,
SYN-00004-01657,1657,4942.7,4766.7,2,80,pass,home,H11,90.5,58.7,74.4,49.2,complete,H08,0,206,45.1,,18.7,right_foot,
SYN-00004-01658,1658,4946.4,4770.4,2,80,pass,home,H08,74.4,49.2,57.2,36.2,complete,H06,0,206,62.4,,21.6,right_foot,
SYN-00004-01659,1659,4948.8,4772.8,2,80,pass,home,H06,57.2,36.2,80.1,58.3,incomplete,H11,0,206,75,,31.7,right_foot,
SYN-00004-01660,1660,4951.6,4775.6,2,80,possession_change,away,A02,80.1,58.3,,,recovery,,0,207,,,,,
SYN-00004-01661,1661,4951.6,4775.6,2,80,pass,away,A02,80.1,58.3,91.9,51.3,complete,A03,0,207,42.1,,13.7,right_foot,
SYN-00004-01662,1662,4953.8,4777.8,2,80,pass,away,A03,91.9,51.3,70.4,48.9,complete,A07,0,207,56,,21.6,left_foot,
SYN-00004-01663,1663,4957,4781,2,80,pass,away,A07,70.4,48.9,87.2,26.8,complete,A04,0,207,73.7,,27.8,left_foot,
SYN-00004-01664,1664,4961.1,4785.1,2,80,pass,away,A04,87.2,26.8,66,50.2,complete,A07,0,207,70.9,,31.6,right_foot,
SYN-00004-01665,1665,4964.4,4788.4,2,80,carry,away,A07,66,50.2,56.6,55.3,complete,,0,207,,18.7,10.7,,
SYN-00004-01666,1666,4966.5,4790.5,2,80,pressure,home,H11,56.6,55.3,,,,,0,207,,,,,
SYN-00004-01667,1667,4966.5,4790.5,2,80,pass,away,A07,56.6,55.3,69.7,36.5,complete,A06,1,207,55.2,,22.9,left_foot,
SYN-00004-01668,1668,4969.2,4793.2,2,80,pass,away,A06,69.7,36.5,57.1,24.8,complete,A08,0,207,54,,17.2,right_foot,
SYN-00004-01669,1669,4972.4,4796.4,2,80,pass,away,A08,57.1,24.8,59.2,30.3,complete,A06,0,207,37.3,,5.9,right_foot,
SYN-00004-01670,1670,4975.9,4799.9,2,80,pass,away,A06,59.2,30.3,29.8,8.1,complete,A11,0,207,70.1,,36.9,right_foot,
SYN-00004-01671,1671,4980.5,4804.5,2,81,pass,away,A11,29.8,8.1,39.7,34.2,complete,A07,0,207,62.5,,27.9,right_foot,
SYN-00004-01672,1672,4983.4,4807.4,2,81,pass,away,A07,39.7,34.2,54.6,36.5,complete,A06,0,207,39.1,,15.1,left_foot,
SYN-00004-01673,1673,4987.5,4811.5,2,81,pressure,home,H10,54.6,36.5,,,,,0,207,,,,,
SYN-00004-01674,1674,4987.5,4811.5,2,81,pass,away,A06,54.6,36.5,80.5,46.2,incomplete,A03,1,207,76.4,,30.4,left_foot,
SYN-00004-01675,1675,4991.4,4815.4,2,81,possession_change,home,H10,80.5,46.2,,,recovery,,0,208,,,,,
SYN-00004-01676,1676,4991.4,4815.4,2,81,pressure,away,A07,80.5,46.2,,,,,0,208,,,,,
SYN-00004-01677,1677,4991.4,4815.4,2,81,pass,home,H10,80.5,46.2,69.4,22.5,complete,H07,1,208,62.4,,26.2,left_foot,
SYN-00004-01678,1678,4994.9,4818.9,2,81,pass,home,H07,69.4,22.5,90.4,0,out,H10,0,208,62.3,,30.4,left_foot,
SYN-00004-01679,1679,4996.6,4820.6,2,81,possession_change,away,A14,90.4,1,,,out_of_play,,0,209,,,,,
SYN-00004-01680,1680,5008.1,4832.1,2,81,pass,away,A14,90.4,1,103.2,0,out,A01,0,209,66.2,,28.4,right_foot,
SYN-00004-01681,1681,5009.6,4833.6,2,81,possession_change,home,H10,103.2,1,,,out_of_play,,0,210,,,,,
SYN-00004-01682,1682,5025,4849,2,81,pass,home,H10,103.2,1,104,1.2,complete,H09,0,210,31.2,,0.8,right_foot,
SYN-00004-01683,1683,5027.7,4851.7,2,81,substitution,away,A15,,,,,substitution,,0,210,,,,,
SYN-00004-01684,1684,5027.7,4851.7,2,81,pass,home,H09,104,1.2,104,19.8,intercepted,H10,0,210,57.5,,25.8,left_foot,
SYN-00004-01685,1685,5028.9,4852.9,2,81,interception,away,A01,104,19.8,,,won,,0,210,,,,,
SYN-00004-01686,1686,5028.9,4852.9,2,81,possession_change,away,A01,104,19.8,,,interception,,0,211,,,,,
SYN-00004-01687,1687,5029.6,4853.6,2,81,pass,away,A01,104,19.8,93.7,2.9,complete,A14,0,211,49.9,,19.8,right_foot,
SYN-00004-01688,1688,5032.7,4856.7,2,81,sprint,away,A08,68.2,14.2,,,,,0,211,,35.5,42.2,,
SYN-00004-01689,1689,5032.7,4856.7,2,81,pass,away,A14,93.7,2.9,102.1,23.4,complete,A01,0,211,51.8,,22.2,right_foot,
SYN-00004-01690,1690,5035.2,4859.3,2,81,pressure,home,H10,102.1,23.4,,,,,0,211,,,,,
SYN-00004-01691,1691,5035.2,4859.3,2,81,pass,away,A01,102.1,23.4,95.5,2.5,incomplete,A14,1,211,44.8,,17.2,left_foot,
SYN-00004-01692,1692,5038.9,4862.9,2,82,possession_change,home,H09,95.5,2.5,,,recovery,,0,212,,,,,
SYN-00004-01693,1693,5038.9,4862.9,2,82,pass,home,H09,95.5,2.5,103.9,19,complete,H10,0,212,56.6,,18.5,right_foot,
SYN-00004-01694,1694,5041.2,4865.3,2,82,pressure,away,A04,103.9,19,,,,,0,212,,,,,
SYN-00004-01695,1695,5041.2,4865.3,2,82,shot,home,H10,103.9,19,105,42.1,off_target,,1,212,87.3,,15.1,foot,0.063
SYN-00004-01696,1696,5042.4,4866.4,2,82,possession_change,away,A01,99,34,,,goal_kick,,0,213,,,,,
SYN-00004-01697,1697,5066.5,4890.5,2,82,pressure,home,H10,99,34,,,,,0,213,,,,,
SYN-00004-01698,1698,5066.5,4890.5,2,82,pass,away,A01,99,34,87.9,60,incomplete,A02,1,213,68.3,,27.6,right_foot,
SYN-00004-01699,1699,5070.4,4894.4,2,82,possession_change,home,H11,87.9,60,,,recovery,,0,214,,,,,
SYN-00004-01700,1700,5070.4,4894.4,2,82,pass,home,H11,87.9,60,83.6,68,out,H10,0,214,61.6,,26.9,left_foot,
SYN-00004-01701,1701,5072,4896,2,82,possession_change,away,A02,83.6,67,,,out_of_play,,0,215,,,,,
SYN-00004-01702,1702,5085.9,4909.9,2,82,pass,away,A02,83.6,67,99,33.2,incomplete,A04,0,215,79.2,,36.7,right_foot,
SYN-00004-01703,1703,5088.6,4912.7,2,82,possession_change,home,H10,99,33.2,,,recovery,,0,216,,,,,
SYN-00004-01704,1704,5088.6,4912.7,2,82,pressure,away,A01,99,33.2,,,,,0,216,,,,,
SYN-00004-01705,1705,5088.6,4912.7,2,82,shot,home,H10,99,33.2,105,40.6,off_target,,1,216,75.4,,6,foot,0.41
SYN-00004-01706,1706,5089.4,4913.4,2,82,possession_change,away,A01,99,34,,,goal_kick,,0,217,,,,,
SYN-00004-01707,1707,5117,4941,2,83,pass,away,A01,99,34,93,14.9,complete,A14,0,217,56,,20,right_foot,
SYN-00004-01708,1708,5120.3,4944.3,2,83,pass,away,A14,93,14.9,95.4,22.9,complete,A04,0,217,36.8,,8.3,left_foot,
SYN-00004-01709,1709,5124.1,4948.1,2,83,pass,away,A04,95.4,22.9,101.4,38.1,complete,A15,0,217,51.3,,16.4,left_foot,
SYN-00004-01710,1710,5127.1,4951.1,2,83,pressure,home,H10,101.4,38.1,,,,,0,217,,,,,
SYN-00004-01711,1711,5127.1,4951.1,2,83,pass,away,A15,101.4,38.1,69.3,44.1,complete,A07,1,217,64.7,,32.6,right_foot,
SYN-00004-01712,1712,5130.3,4954.3,2,83,pass,away,A07,69.3,44.1,59,21.6,complete,A08,0,217,64.9,,24.7,head,
SYN-00004-01713,1713,5133.6,4957.6,2,83,pressure,home,H10,59,21.6,,,,,0,217,,,,,
SYN-00004-01714,1714,5133.6,4957.6,2,83,pass,away,A08,59,21.6,62.9,32.9,complete,A06,1,217,43.2,,12,right_foot,
SYN-00004-01715,1715,5137.2,4961.3,2,83,pass,away,A06,62.9,32.9,57.4,19.1,complete,A08,0,217,54.8,,14.9,left_foot,
SYN-00004-01716,1716,5139.4,4963.5,2,83,pass,away,A08,57.4,19.1,47.9,40.7,complete,A07,0,217,55.3,,23.6,right_foot,
SYN-00004-01717,1717,5142.7,4966.7,2,83,sprint,away,A07,47.5,47.7,,,,,0,217,,28,20.9,,
SYN-00004-01718,1718,5142.7,4966.7,2,83,pass,away,A07,47.9,40.7,9.2,26.7,incomplete,A13,0,217,83.8,,39.8,right_foot,
SYN-00004-01719,1719,5146.1,4970.1,2,83,possession_change,home,H03,9.2,26.7,,,recovery,,0,218,,,,,
SYN-00004-01720,1720,5146.1,4970.1,2,83,pass,home,H03,9.2,26.7,34.9,39.6,incomplete,H08,0,218,66.1,,31.8,right_foot,
SYN-00004-01721,1721,5149.8,4973.8,2,83,possession_change,away,A13,34.9,39.6,,,recovery,,0,219,,,,,
SYN-00004-01722,1722,5149.8,4973.8,2,83,pass,away,A13,34.9,39.6,18.1,11.6,complete,A11,0,219,65.7,,32.6,right_foot,
SYN-00004-01723,1723,5153.7,4977.7,2,83,pass,away,A11,18.1,11.6,10.7,0,out,A13,0,219,62.3,,23.9,left_foot,
SYN-00004-01724,1724,5155.1,4979.1,2,83,possession_change,home,H02,10.7,1,,,out_of_play,,0,220,,,,,
SYN-00004-01725,1725,5173.4,4997.4,2,84,pressure,away,A11,10.7,1,,,,,0,220,,,,,
SYN-00004-01726,1726,5173.4,4997.4,2,84,carry,home,H02,10.7,1,17.6,4.4,complete,,1,220,,21.1,7.7,,
SYN-00004-01727,1727,5174.7,4998.7,2,84,pressure,away,A11,17.6,4.4,,,,,0,220,,,,,
SYN-00004-01728,1728,5174.7,4998.7,2,84,pass,home,H02,17.6,4.4,26,27.8,complete,H06,1,220,56.2,,24.8,right_foot,
SYN-00004-01729,1729,5178.6,5002.6,2,84,pass,home,H06,26,27.8,6,23,complete,H03,0,220,50.9,,20.5,left_foot,
SYN-00004-01730,1730,5181.1,5005.2,2,84,pass,home,H03,6,23,35.1,0,out,H07,0,220,69.6,,28.7,right_foot,
SYN-00004-01731,1731,5182.6,5006.6,2,84,possession_change,away,A11,35.1,1,,,out_of_play,,0,221,,,,,
SYN-00004-01732,1732,5195.1,5019.2,2,84,pressure,home,H07,35.1,1,,,,,0,221,,,,,
SYN-00004-01733,1733,5195.1,5019.2,2,84,pass,away,A11,35.1,1,41.8,13.2,complete,A08,1,221,46.3,,13.9,left_foot,
SYN-00004-01734,1734,5197.8,5021.8,2,84,pass,away,A08,41.8,13.2,20.4,8.1,complete,A11,0,221,43.8,,22,right_foot,
SYN-00004-01735,1735,5201.2,5025.3,2,84,pass,away,A11,20.4,8.1,3.1,29.4,complete,A13,0,221,73.1,,27.4,head,
SYN-00004-01736,1736,5205.4,5029.4,2,84,pass,away,A13,3.1,29.4,37.8,0,out,A08,0,221,54.2,,27.5,left_foot,
SYN-00004-01737,1737,5207.2,5031.2,2,84,possession_change,home,H09,37.8,1,,,out_of_play,,0,222,,,,,
SYN-00004-01738,1738,5224,5048.1,2,85,pass,home,H09,37.8,1,19.6,17.7,complete,H03,0,222,64.7,,24.7,left_foot,
SYN-00004-01739,1739,5227,5051,2,85,pressure,away,A13,19.6,17.7,,,,,0,222,,,,,
SYN-00004-01740,1740,5227,5051,2,85,pass,home,H03,19.6,17.7,21.1,54.7,complete,H14,1,222,81,,37,left_foot,
SYN-00004-01741,1741,5230.1,5054.1,2,85,pass,home,H14,21.1,54.7,45.4,53.6,complete,H08,0,222,60.4,,24.3,right_foot,
SYN-00004-01742,1742,5233.9,5057.9,2,85,carry,home,H08,45.4,53.6,50.1,51.7,complete,,0,222,,24.9,5.1,,
SYN-00004-01743,1743,5234.6,5058.7,2,85,carry,home,H08,50.1,51.7,60.5,47.7,complete,,0,222,,15.7,11.1,,
SYN-00004-01744,1744,5237.2,5061.2,2,85,pressure,away,A07,60.5,47.7,,,,,0,222,,,,,
SYN-00004-01745,1745,5237.2,5061.2,2,85,pass,home,H08,60.5,47.7,93.5,44,incomplete,H10,1,222,65.8,,29.7,right_foot,
SYN-00004-01746,1746,5241.3,5065.3,2,85,possession_change,away,A15,93.5,44,,,recovery,,0,223,,,,,
SYN-00004-01747,1747,5241.3,5065.3,2,85,pressure,home,H10,93.5,44,,,,,0,223,,,,,
SYN-00004-01748,1748,5241.3,5065.3,2,85,carry,away,A15,93.5,44,82.7,38.6,complete,,1,223,,17.3,12.2,,
SYN-00004-01749,1749,5243.8,5067.8,2,85,pass,away,A15,82.7,38.6,65.5,47.9,complete,A07,0,223,50.9,,19.5,left_foot,
SYN-00004-01750,1750,5247.7,5071.7,2,85,pressure,home,H10,65.5,47.9,,,,,0,223,,,,,
SYN-00004-01751,1751,5247.7,5071.7,2,85,carry,away,A07,65.5,47.9,51.2,44.4,complete,,1,223,,21.2,14.7,,
SYN-00004-01752,1752,5250.2,5074.2,2,85,pass,away,A07,51.2,44.4,50,26.7,complete,A08,0,223,52,,17.7,right_foot,
SYN-00004-01753,1753,5252.5,5076.5,2,85,pass,away,A08,50,26.7,58.6,37.2,complete,A06,0,223,46,,13.5,left_foot,
SYN-00004-01754,1754,5255.9,5079.9,2,85,pass,away,A06,58.6,37.2,75,12,complete,A14,0,223,62.1,,30.1,left_foot,
SYN-00004-01755,1755,5260.5,5084.5,2,85,pressure,home,H10,75,12,,,,,0,223,,,,,
SYN-00004-01756,1756,5260.5,5084.5,2,85,pass,away,A14,75,12,68.3,23.9,complete,A06,1,223,47.9,,13.7,right_foot,
SYN-00004-01757,1757,5263.8,5087.8,2,85,carry,away,A06,68.3,23.9,56.4,24.9,complete,,0,223,,24.9,11.9,,
SYN-00004-01758,1758,5265.5,5089.5,2,85,pass,away,A06,56.4,24.9,75.9,8.3,complete,A14,0,223,62.9,,25.6,right_foot,
SYN-00004-01759,1759,5269.1,5093.1,2,85,pass,away,A14,75.9,8.3,90.4,18.4,complete,A04,0,223,50.2,,17.6,left_foot,
SYN-00004-01760,1760,5272.2,5096.2,2,85,pass,away,A04,90.4,18.4,68.6,15.4,complete,A08,0,223,58.7,,22,right_foot,
SYN-00004-01761,1761,5275.8,5099.9,2,85,pass,away,A08,68.6,15.4,29.3,7.7,complete,A11,0,223,82,,40,head,
SYN-00004-01762,1762,5280.5,5104.5,2,86,carry,away,A11,29.3,7.7,23.4,4.3,dispossessed,,0,223,,25,7,,
SYN-00004-01763,1763,5281.5,5105.5,2,86,foul,home,H02,23.4,4.3,,,free_kick,,0,223,,,,,
SYN-00004-01764,1764,5310.9,5134.9,2,86,substitution,home,H15,,,,,substitution,,0,224,,,,,
SYN-00004-01765,1765,5310.9,5134.9,2,86,pass,away,A11,23.4,4.3,34.6,14.8,complete,A08,0,224,49.8,,15.3,right_foot,
SYN-00004-01766,1766,5314.3,5138.3,2,86,pressure,home,H07,34.6,14.8,,,,,0,224,,,,,
SYN-00004-01767,1767,5314.3,5138.3,2,86,pass,away,A08,34.6,14.8,20.7,11.5,complete,A11,1,224,40.7,,14.2,right_foot,
SYN-00004-01768,1768,5317.2,5141.2,2,86,pass,away,A11,20.7,11.5,1,32.6,complete,A13,0,224,66.2,,28.9,right_foot,
SYN-00004-01769,1769,5321,5145,2,86,pressure,home,H01,1,32.6,,,,,0,224,,,,,
SYN-00004-01770,1770,5321,5145,2,86,pass,away,A13,1,32.6,1,54.6,intercepted,A09,1,224,70.7,,28.5,right_foot,
SYN-00004-01771,1771,5322.1,5146.1,2,86,interception,home,H14,1,54.6,,,won,,0,224,,,,,
SYN-00004-01772,1772,5322.1,5146.1,2,86,possession_change,home,H14,1,54.6,,,interception,,0,225,,,,,
SYN-00004-01773,1773,5323.2,5147.2,2,86,pass,home,H14,1,54.6,22.1,38.2,complete,H06,0,225,73.4,,26.7,left_foot,
SYN-00004-01774,1774,5325.8,5149.8,2,86,pressure,away,A13,22.1,38.2,,,,,0,225,,,,,
SYN-00004-01775,1775,5325.8,5149.8,2,86,carry,home,H06,22.1,38.2,26.5,35.6,complete,,1,225,,17.7,5.1,,
SYN-00004-01776,1776,5326.8,5150.9,2,86,carry,home,H06,26.5,35.6,40.1,41.5,complete,,0,225,,22.4,14.8,,
SYN-00004-01777,1777,5329.2,5153.2,2,86,pass,home,H06,40.1,41.5,50,18,complete,H07,0,225,55.2,,25.5,right_foot,
SYN-00004-01778,1778,5332.9,5156.9,2,86,pass,home,H07,50,18,52.3,41,complete,H08,0,225,55.6,,23.1,left_foot,
SYN-00004-01779,1779,5337.2,5161.2,2,87,carry,home,H08,52.3,41,64.7,42.3,complete,,0,225,,21.8,12.5,,
SYN-00004-01780,1780,5339.3,5163.3,2,87,pass,home,H08,64.7,42.3,50.1,37.6,complete,H06,0,225,47.8,,15.3,right_foot,
SYN-00004-01781,1781,5342.1,5166.1,2,87,pass,home,H06,50.1,37.6,52.8,44.9,complete,H08,0,225,38.5,,7.8,left_foot,
SYN-00004-01782,1782,5344.9,5168.9,2,87,pass,home,H08,52.8,44.9,55.1,28.6,complete,H07,0,225,44.8,,16.5,right_foot,
SYN-00004-01783,1783,5348.3,5172.3,2,87,carry,home,H07,55.1,28.6,68.2,23.2,complete,,0,225,,23.5,14.2,,
SYN-00004-01784,1784,5350.5,5174.5,2,87,pass,home,H07,68.2,23.2,93.9,30.7,incomplete,H10,0,225,57.7,,24,right_foot,
SYN-00004-01785,1785,5353.5,5177.5,2,87,possession_change,away,A01,93.9,30.7,,,recovery,,0,226,,,,,
SYN-00004-01786,1786,5353.5,5177.5,2,87,pass,away,A01,93.9,30.7,102.6,19.3,complete,A04,0,226,44.7,,14.4,right_foot,
SYN-00004-01787,1787,5356.7,5180.7,2,87,carry,away,A04,102.6,19.3,90.3,9.2,complete,,0,226,,21.8,16,,
SYN-00004-01788,1788,5359.3,5183.3,2,87,pass,away,A04,90.3,9.2,104,26,complete,A01,0,226,63.1,,21.7,left_foot,
SYN-00004-01789,1789,5362.8,5186.8,2,87,pass,away,A01,104,26,80.3,31.5,complete,A06,0,226,63.3,,24.3,right_foot,
SYN-00004-01790,1790,5365.2,5189.2,2,87,pass,away,A06,80.3,31.5,80.7,9,complete,A14,0,226,55.6,,22.6,right_foot,
SYN-00004-01791,1791,5368.9,5192.9,2,87,pass,away,A14,80.7,9,66.3,14.3,complete,A08,0,226,51.4,,15.4,right_foot,
SYN-00004-01792,1792,5371.5,5195.5,2,87,pass,away,A08,66.3,14.3,70.3,28.2,complete,A06,0,226,53,,14.4,left_foot,
SYN-00004-01793,1793,5374.9,5198.9,2,87,pass,away,A06,70.3,28.2,61.2,19,complete,A08,0,226,49.6,,12.9,right_foot,
SYN-00004-01794,1794,5378,5202,2,87,carry,away,A08,61.2,19,53.9,17.4,complete,,0,226,,20.1,7.5,,
SYN-00004-01795,1795,5379.4,5203.4,2,87,pass,away,A08,53.9,17.4,64.2,0,out,A14,0,226,55.4,,22.2,right_foot,
SYN-00004-01796,1796,5380.8,5204.8,2,87,possession_change,home,H09,64.2,1,,,out_of_play,,0,227,,,,,
SYN-00004-01797,1797,5391.4,5215.5,2,87,carry,home,H09,64.2,1,70.9,1,complete,,0,227,,23.1,6.8,,
SYN-00004-01798,1798,5392.5,5216.5,2,87,sprint,home,H15,31.6,16.8,,,,,0,227,,29.3,45.7,,
SYN-00004-01799,1799,5392.5,5216.5,2,87,pass,home,H09,70.9,1,48.9,30.9,complete,H06,0,227,78.2,,37.1,right_foot,
SYN-00004-01800,1800,5396.9,5220.9,2,88,pass,home,H06,48.9,30.9,53.3,46.3,complete,H08,0,227,56.1,,16,right_foot,
SYN-00004-01801,1801,5400,5224,2,88,pass,home,H08,53.3,46.3,81.3,61.4,complete,H11,0,227,66.4,,31.7,right_foot,
SYN-00004-01802,1802,5403,5227.1,2,88,sprint,home,H07,68.3,28.8,,,,,0,227,,29.5,26.3,,
SYN-00004-01803,1803,5403,5227.1,2,88,pass,home,H11,81.3,61.4,66.6,54.9,complete,H08,0,227,41.9,,16,right_foot,
SYN-00004-01804,1804,5407.1,5231.1,2,88,pass,home,H08,66.6,54.9,73.4,58.2,intercepted,H11,0,227,45.5,,16.1,head,
SYN-00004-01805,1805,5407.7,5231.7,2,88,interception,away,A07,73.4,58.2,,,won,,0,227,,,,,
SYN-00004-01806,1806,5407.7,5231.7,2,88,possession_change,away,A07,73.4,58.2,,,interception,,0,228,,,,,
SYN-00004-01807,1807,5408.7,5232.7,2,88,pass,away,A07,73.4,58.2,70.2,42.7,complete,A06,0,228,53.6,,15.8,head,
SYN-00004-01808,1808,5411.5,5235.5,2,88,carry,away,A06,70.2,42.7,64.6,45.6,complete,,0,228,,24.1,6.3,,
SYN-00004-01809,1809,5412.4,5236.5,2,88,pass,away,A06,64.6,45.6,87.3,44.2,complete,A15,0,228,51.2,,22.7,left_foot,
SYN-00004-01810,1810,5416,5240,2,88,pressure,home,H10,87.3,44.2,,,,,0,228,,,,,
SYN-00004-01811,1811,5416,5240,2,88,carry,away,A15,87.3,44.2,83.2,45.2,dispossessed,,1,228,,17.6,4.2,,
SYN-00004-01812,1812,5416.9,5240.9,2,88,tackle,home,H10,83.2,45.2,,,won,,0,228,,,,,
SYN-00004-01813,1813,5416.9,5240.9,2,88,possession_change,home,H10,83.2,45.2,,,tackle,,0,229,,,,,
SYN-00004-01814,1814,5417.8,5241.9,2,88,pass,home,H10,83.2,45.2,69.6,24.6,complete,H07,0,229,53.1,,24.7,left_foot,
SYN-00004-01815,1815,5420.9,5244.9,2,88,pass,home,H07,69.6,24.6,84.8,8.8,complete,H09,0,229,57.1,,21.9,right_foot,
SYN-00004-01816,1816,5424.9,5249,2,88,pass,home,H09,84.8,8.8,42.4,2.1,complete,H02,0,229,90.1,,43,right_foot,
SYN-00004-01817,1817,5428.3,5252.3,2,88,pressure,away,A11,42.4,2.1,,,,,0,229,,,,,
SYN-00004-01818,1818,5428.3,5252.3,2,88,carry,home,H02,42.4,2.1,50.5,1,complete,,1,229,,23.1,13.6,,
SYN-00004-01819,1819,5430.4,5254.4,2,88,carry,home,H02,50.5,1,58.6,1,complete,,0,229,,17.9,10.9,,
SYN-00004-01820,1820,5432.6,5256.6,2,88,pass,home,H02,58.6,1,77.3,1,complete,H09,0,229,53.9,,18.7,right_foot,
SYN-00004-01821,1821,5436.2,5260.2,2,88,pass,home,H09,77.3,1,47.8,1,complete,H02,0,229,63.8,,29.5,right_foot,
SYN-00004-01822,1822,5439.7,5263.7,2,88,carry,home,H02,47.8,1,55.2,3.6,complete,,0,229,,21.9,7.9,,
SYN-00004-01823,1823,5441,5265,2,88,pass,home,H02,55.2,3.6,76.2,5.9,complete,H09,0,229,51.1,,21.1,right_foot,
SYN-00004-01824,1824,5443.6,5267.6,2,88,pass,home,H09,76.2,5.9,88.3,49.7,complete,H11,0,229,82.3,,45.5,left_foot,
SYN-00004-01825,1825,5447.2,5271.3,2,88,pass,home,H11,88.3,49.7,71,52.6,complete,H08,0,229,49.7,,17.6,right_foot,
SYN-00004-01826,1826,5450.6,5274.6,2,88,pass,home,H08,71,52.6,43,64.9,complete,H14,0,229,65.1,,30.6,right_foot,
SYN-00004-01827,1827,5453.3,5277.3,2,88,pass,home,H14,43,64.9,35.5,36.2,complete,H06,0,229,66.1,,29.7,right_foot,
SYN-00004-01828,1828,5457.4,5281.4,2,89,sprint,away,A07,63.9,46.9,,,,,0,229,,29.2,15.7,,
SYN-00004-01829,1829,5457.4,5281.4,2,89,pass,home,H06,35.5,36.2,45,25.7,complete,H07,0,229,50,,14.1,left_foot,
SYN-00004-01830,1830,5460.5,5284.5,2,89,pass,home,H07,45,25.7,18.9,43.6,complete,H13,0,229,66.2,,31.7,left_foot,
SYN-00004-01831,1831,5464.5,5288.5,2,89,pass,home,H13,18.9,43.6,6.9,24.3,complete,H15,0,229,55.8,,22.8,right_foot,
SYN-00004-01832,1832,5467.2,5291.2,2,89,pressure,away,A13,6.9,24.3,,,,,0,229,,,,,
SYN-00004-01833,1833,5467.2,5291.2,2,89,pass,home,H15,6.9,24.3,21.3,31.3,complete,H06,1,229,50.9,,16,right_foot,
SYN-00004-01834,1834,5469.7,5293.7,2,89,pass,home,H06,21.3,31.3,1.9,68,out,H13,0,229,47.3,,17.3,right_foot,
SYN-00004-01835,1835,5471,5295.1,2,89,possession_change,away,A09,1.9,67,,,out_of_play,,0,230,,,,,
SYN-00004-01836,1836,5482.3,5306.3,2,89,pass,away,A09,1.9,67,10.3,68,out,A13,0,230,62.5,,27.1,left_foot,
SYN-00004-01837,1837,5483.9,5307.9,2,89,possession_change,home,H14,10.3,67,,,out_of_play,,0,231,,,,,
SYN-00004-01838,1838,5503.1,5327.1,2,89,pass,home,H14,10.3,67,23.3,40.7,complete,H06,0,231,63.9,,29.4,right_foot,
SYN-00004-01839,1839,5506.8,5330.8,2,89,carry,home,H06,23.3,40.7,31.8,50.9,complete,,0,231,,21.8,13.3,,
SYN-00004-01840,1840,5508.9,5333,2,89,pass,home,H06,31.8,50.9,13.6,50.4,complete,H13,0,231,49.2,,18.2,right_foot,
SYN-00004-01841,1841,5511.9,5335.9,2,89,pressure,away,A13,13.6,50.4,,,,,0,231,,,,,
SYN-00004-01842,1842,5511.9,5335.9,2,89,pass,home,H13,13.6,50.4,3.9,33.6,complete,H01,1,231,54.9,,19.4,head,
SYN-00004-01843,1843,5515.6,5339.6,2,89,pass,home,H01,3.9,33.6,1,30.7,complete,H15,0,231,34.2,,4.1,right_foot,
SYN-00004-01844,1844,5518.3,5342.3,2,90,pass,home,H15,1,30.7,4.8,33.2,complete,H01,0,231,24.7,,4.5,left_foot,
SYN-00004-01845,1845,5521.2,5345.2,2,90,pass,home,H01,4.8,33.2,1.8,26.8,complete,H15,0,231,39.7,,7.1,left_foot,
SYN-00004-01846,1846,5524.5,5348.5,2,90,pass,home,H15,1.8,26.8,6.7,41.1,complete,H13,0,231,53.5,,15.1,left_foot,
SYN-00004-01847,1847,5528.3,5352.3,2,90,pressure,away,A13,6.7,41.1,,,,,0,231,,,,,
SYN-00004-01848,1848,5528.3,5352.3,2,90,pass,home,H13,6.7,41.1,37.8,0,out,H07,1,231,66.6,,30.5,left_foot,
SYN-00004-01849,1849,5529.9,5354,2,90,possession_change,away,A11,37.8,1,,,out_of_play,,0,232,,,,,
SYN-00004-01850,1850,5545.1,5369.1,2,90,pass,away,A11,37.8,1,38.2,13.7,complete,A08,0,232,42.5,,12.7,left_foot,
SYN-00004-01851,1851,5547.6,5371.7,2,90,pass,away,A08,38.2,13.7,15.8,34.3,complete,A13,0,232,78.2,,30.4,right_foot,
SYN-00004-01852,1852,5550.5,5374.5,2,90,pressure,home,H06,15.8,34.3,,,,,0,232,,,,,
SYN-00004-01853,1853,5550.5,5374.5,2,90,pass,away,A13,15.8,34.3,41.1,27,incomplete,A08,1,232,57.7,,19.3,right_foot,
SYN-00004-01854,1854,5553.2,5377.2,2,90,possession_change,home,H10,41.1,27,,,recovery,,0,233,,,,,
SYN-00004-01855,1855,5553.2,5377.2,2,90,pass,home,H10,41.1,27,27.2,10.9,complete,H02,0,233,50.2,,21.3,left_foot,
SYN-00004-01856,1856,5557.7,5381.7,2,90,pass,home,H02,27.2,10.9,37.1,15.7,complete,H07,0,233,48.4,,11,left_foot,
SYN-00004-01857,1857,5559.9,5383.9,2,90,pressure,away,A13,37.1,15.7,,,,,0,233,,,,,
SYN-00004-01858,1858,5559.9,5383.9,2,90,pass,home,H07,37.1,15.7,53,41.8,complete,H08,1,233,64,,30.5,right_foot,
SYN-00004-01859,1859,5564.5,5388.5,2,90,pass,home,H08,53,41.8,80.2,62.5,complete,H11,0,233,68.2,,34.2,left_foot,
SYN-00004-01860,1860,5567.8,5391.8,2,90,pass,home,H11,80.2,62.5,72.6,51.6,complete,H08,0,233,42.4,,13.3,right_foot,
SYN-00004-01861,1861,5570.3,5394.3,2,90,pass,home,H08,72.6,51.6,83.4,58.8,complete,H11,0,233,43.7,,12.9,right_foot,
SYN-00004-01862,1862,5572.8,5396.8,2,90,sprint,away,A07,78.3,55.9,,,,,0,233,,28.8,34.4,,
SYN-00004-01863,1863,5572.8,5396.8,2,90,pressure,away,A07,83.4,58.8,,,,,0,233,,,,,
SYN-00004-01864,1864,5572.8,5396.8,2,90,pass,home,H11,83.4,58.8,69.9,51.2,complete,H08,1,233,53.7,,15.4,left_foot,
SYN-00004-01865,1865,5576.4,5400.4,2,91,pass,home,H08,69.9,51.2,87.6,64.9,complete,H11,0,233,57.9,,22.4,left_foot,
SYN-00004-01866,1866,5579.5,5403.6,2,91,pass,home,H11,87.6,64.9,99.9,36.6,complete,H10,0,233,68.7,,30.9,left_foot,
SYN-00004-01867,1867,5582.8,5406.8,2,91,pass,home,H10,99.9,36.6,76.4,27.4,complete,H07,0,233,71.4,,25.3,right_foot,
SYN-00004-01868,1868,5586.7,5410.7,2,91,pass,home,H07,76.4,27.4,41.5,54,complete,H14,0,233,79,,43.9,right_foot,
SYN-00004-01869,1869,5591.1,5415.2,2,91,pressure,away,A13,41.5,54,,,,,0,233,,,,,
SYN-00004-01870,1870,5591.1,5415.2,2,91,pass,home,H14,41.5,54,34.4,38.2,complete,H06,1,233,40.5,,17.3,right_foot,
SYN-00004-01871,1871,5595.1,5419.1,2,91,pressure,away,A13,34.4,38.2,,,,,0,233,,,,,
SYN-00004-01872,1872,5595.1,5419.1,2,91,pass,home,H06,34.4,38.2,13.3,28.7,complete,H15,1,233,55.5,,23.2,right_foot,
SYN-00004-01873,1873,5597.8,5421.8,2,91,pressure,away,A13,13.3,28.7,,,,,0,233,,,,,
SYN-00004-01874,1874,5597.8,5421.8,2,91,carry,home,H15,13.3,28.7,26.1,32.3,complete,,1,233,,19.8,13.3,,
SYN-00004-01875,1875,5600.2,5424.2,2,91,pass,home,H15,26.1,32.3,39.4,41.4,complete,H08,0,233,42.2,,16.1,right_foot,
SYN-00004-01876,1876,5603.6,5427.6,2,91,pass,home,H08,39.4,41.4,70.5,16.6,complete,H09,0,233,82,,39.8,left_foot,
SYN-00004-01877,1877,5606.7,5430.7,2,91,carry,home,H09,70.5,16.6,83.1,25.1,complete,,0,233,,19.8,15.2,,
SYN-00004-01878,1878,5609.5,5433.5,2,91,pass,home,H09,83.1,25.1,103,32.1,complete,H10,0,233,49.5,,21.2,right_foot,
SYN-00004-01879,1879,5612.7,5436.7,2,91,pressure,away,A01,103,32.1,,,,,0,233,,,,,
SYN-00004-01880,1880,5612.7,5436.7,2,91,pass,home,H10,103,32.1,80.9,46.8,complete,H08,1,233,49.4,,26.5,right_foot,
SYN-00004-01881,1881,5616.9,5440.9,2,91,pressure,away,A07,80.9,46.8,,,,,0,233,,,,,
SYN-00004-01882,1882,5616.9,5440.9,2,91,pass,home,H08,80.9,46.8,96.4,68,out,H10,1,233,58.4,,20.3,right_foot,
SYN-00004-01883,1883,5618.1,5442.2,2,91,possession_change,away,A02,96.4,67,,,out_of_play,,0,234,,,,,
SYN-00004-01884,1884,5629.7,5453.7,2,91,pass,away,A02,96.4,67,80.9,43.4,complete,A06,0,234,56.7,,28.2,right_foot,
SYN-00004-01885,1885,5633.4,5457.4,2,91,carry,away,A06,80.9,43.4,66.7,38.6,complete,,0,234,,16.3,15,,
SYN-00004-01886,1886,5636.7,5460.7,2,92,pass,away,A06,66.7,38.6,53.1,27.7,complete,A08,0,234,48.9,,17.4,left_foot,
SYN-00004-01887,1887,5640.3,5464.3,2,92,pass,away,A08,53.1,27.7,23.4,52.4,incomplete,A09,0,234,85.3,,38.4,head,
SYN-00004-01888,1888,5643,5467.1,2,92,possession_change,home,H14,23.4,52.4,,,recovery,,0,235,,,,,
SYN-00004-01889,1889,5643,5467.1,2,92,pass,home,H14,23.4,52.4,38.5,51.2,complete,H08,0,235,48.5,,15.1,right_foot,
SYN-00004-01890,1890,5646,5470,2,92,pass,home,H08,38.5,51.2,39.1,38.7,complete,H06,0,235,46.9,,12.5,right_foot,
SYN-00004-01891,1891,5648.2,5472.2,2,92,pressure,away,A13,39.1,38.7,,,,,0,235,,,,,
SYN-00004-01892,1892,5648.2,5472.2,2,92,pass,home,H06,39.1,38.7,86,68,out,H11,1,235,91.5,,44.2,left_foot,
SYN-00004-01893,1893,5650,5474,2,92,possession_change,away,A02,86,67,,,out_of_play,,0,236,,,,,
SYN-00004-01894,1894,5669.7,5493.7,2,92,pressure,home,H11,86,67,,,,,0,236,,,,,
SYN-00004-01895,1895,5669.7,5493.7,2,92,pass,away,A02,86,67,81.4,49.1,complete,A06,1,236,52.5,,18.5,right_foot,
SYN-00004-01896,1896,5672.2,5496.2,2,92,pass,away,A06,81.4,49.1,62.1,55,complete,A07,0,236,53.2,,20.2,left_foot,
SYN-00004-01897,1897,5675.9,5499.9,2,92,pass,away,A07,62.1,55,62.7,30.7,complete,A06,0,236,65.4,,24.3,left_foot,
SYN-00004-01898,1898,5678.7,5502.7,2,92,pass,away,A06,62.7,30.7,84,11.4,incomplete,A14,0,236,48.6,,23.8,right_foot,
SYN-00004-01899,1899,5682.2,5506.2,2,92,possession_change,home,H09,84,11.4,,,recovery,,0,237,,,,,
SYN-00004-01900,1900,5682.2,5506.2,2,92,pass,home,H09,84,11.4,73.5,18.1,complete,H07,0,237,50,,12.5,right_foot,
SYN-00004-01901,1901,5684.5,5508.5,2,92,pass,home,H07,73.5,18.1,85.7,5.9,complete,H09,0,237,41.5,,17.3,left_foot,
SYN-00004-01902,1902,5687.5,5511.5,2,92,pass,home,H09,85.7,5.9,65.2,24.4,complete,H07,0,237,59.1,,27.6,right_foot,
SYN-00004-01903,1903,5691.7,5515.7,2,92,carry,home,H07,65.2,24.4,69.2,24.2,complete,,0,237,,14.1,4,,
SYN-00004-01904,1904,5692.7,5516.7,2,92,pass,home,H07,69.2,24.2,88.8,1,complete,H09,0,237,71.7,,30.4,right_foot,
SYN-00004-01905,1905,5696.6,5520.6,2,93,pass,home,H09,88.8,1,99.7,25.3,complete,H10,0,237,72.4,,26.6,right_foot,
SYN-00004-01906,1906,5700.8,5524.8,2,93,pressure,away,A04,99.7,25.3,,,,,0,237,,,,,
SYN-00004-01907,1907,5700.8,5524.8,2,93,shot,home,H10,99.7,25.3,105,37.1,goal,,1,237,81.4,,10.2,foot,0.16
SYN-00004-01908,1908,5764,5588.1,2,94,kickoff,away,A13,52.5,34,,,,,0,238,,,,,
SYN-00004-01909,1909,5765,5589.1,2,94,period_end,home,,,,,,end_of_period_2,,0,238,,,,,
